1,1,0.00,8.85,351.22,1061.89,0.9275,-1,-1,-1
1,2,874.76,152.61,238.81,626.87,0.8143,-1,-1,-1
1,3,546.17,271.41,94.46,315.82,0.8119,-1,-1,-1
1,4,403.99,277.97,107.41,319.40,0.8106,-1,-1,-1
2,1,-2.73,6.48,351.85,1064.20,0.9307,-1,-1,-1
2,2,868.27,149.12,239.46,628.86,0.8053,-1,-1,-1
2,3,542.48,266.97,96.20,321.70,0.8085,-1,-1,-1
2,4,399.62,274.72,108.06,321.16,0.8139,-1,-1,-1
3,1,-5.05,5.26,351.04,1062.83,0.9292,-1,-1,-1
3,2,860.37,151.70,238.62,627.64,0.8283,-1,-1,-1
3,3,537.24,265.87,97.63,326.52,0.8042,-1,-1,-1
3,4,392.05,274.38,108.49,322.45,0.8446,-1,-1,-1
4,1,-10.65,3.65,349.69,1061.70,0.9252,-1,-1,-1
4,2,859.12,152.96,238.20,628.70,0.8344,-1,-1,-1
4,3,531.56,264.82,98.28,329.00,0.8075,-1,-1,-1
4,4,383.49,271.35,110.11,327.04,0.8421,-1,-1,-1
5,1,-17.38,3.21,348.08,1062.46,0.9159,-1,-1,-1
5,2,860.96,152.08,239.28,635.95,0.8186,-1,-1,-1
5,3,525.72,262.54,99.67,334.02,0.8087,-1,-1,-1
5,4,376.80,265.64,111.59,331.53,0.8346,-1,-1,-1
6,1,-24.39,16.17,342.95,1055.84,0.8776,-1,-1,-1
6,2,865.28,151.20,234.49,628.52,0.8032,-1,-1,-1
6,3,520.89,262.00,100.33,335.85,0.7972,-1,-1,-1
6,4,371.51,262.15,112.55,334.66,0.8305,-1,-1,-1
7,1,-24.71,61.43,324.83,1009.52,0.9035,-1,-1,-1
7,2,870.38,152.71,229.62,622.08,0.8162,-1,-1,-1
7,3,515.23,259.53,102.56,343.59,0.7800,-1,-1,-1
7,4,364.09,260.36,113.75,338.14,0.8224,-1,-1,-1
8,1,-26.68,84.20,313.76,986.74,0.8960,-1,-1,-1
8,2,870.83,152.62,228.60,626.39,0.7931,-1,-1,-1
8,3,510.55,261.64,103.15,345.94,0.8154,-1,-1,-1
8,4,355.70,259.39,115.33,341.99,0.8266,-1,-1,-1
8,5,1039.09,299.28,85.00,345.97,0.6753,-1,-1,-1
9,1,-37.13,99.02,303.30,973.04,0.8638,-1,-1,-1
9,2,869.42,153.90,225.69,625.97,0.7894,-1,-1,-1
9,3,506.64,261.91,102.91,344.88,0.8364,-1,-1,-1
9,4,349.80,259.79,116.25,343.84,0.8186,-1,-1,-1
9,5,1036.76,302.84,85.40,347.73,0.6621,-1,-1,-1
10,1,-42.20,107.20,292.70,961.57,0.7268,-1,-1,-1
10,2,865.93,156.52,222.42,623.77,0.8161,-1,-1,-1
10,3,501.51,263.70,103.94,347.40,0.8259,-1,-1,-1
10,4,345.09,258.89,117.24,346.96,0.8078,-1,-1,-1
10,5,1035.00,300.96,86.43,352.53,0.7003,-1,-1,-1
11,1,-50.32,111.90,281.75,955.12,0.7332,-1,-1,-1
11,2,863.07,156.60,221.46,628.93,0.8167,-1,-1,-1
11,3,495.20,262.32,105.88,352.83,0.8231,-1,-1,-1
11,4,338.87,260.73,118.26,349.14,0.7889,-1,-1,-1
11,5,1032.56,297.02,87.55,359.40,0.6633,-1,-1,-1
12,1,-29.81,117.72,221.42,762.52,0.7881,-1,-1,-1
12,2,856.66,158.11,219.93,631.91,0.8356,-1,-1,-1
12,3,491.14,259.16,107.64,358.00,0.7974,-1,-1,-1
12,4,330.25,263.40,119.98,351.78,0.8274,-1,-1,-1
12,5,1029.76,296.52,87.51,362.35,0.6770,-1,-1,-1
13,1,-19.10,138.36,179.16,626.93,0.8200,-1,-1,-1
13,2,851.41,156.41,219.97,637.68,0.8253,-1,-1,-1
13,3,485.33,256.24,109.26,361.87,0.8271,-1,-1,-1
13,4,323.68,264.13,122.44,355.78,0.8302,-1,-1,-1
13,5,1029.56,299.00,85.33,355.76,0.6952,-1,-1,-1
14,1,-21.49,174.23,161.55,579.92,0.8183,-1,-1,-1
14,2,845.59,154.24,220.23,642.99,0.7862,-1,-1,-1
14,3,480.95,255.02,110.53,364.64,0.8364,-1,-1,-1
14,4,318.39,265.70,124.56,358.92,0.8351,-1,-1,-1
14,5,1028.03,293.33,85.28,358.40,0.6842,-1,-1,-1
15,2,838.25,153.62,218.48,639.66,0.7979,-1,-1,-1
15,3,478.36,256.15,111.03,363.25,0.8390,-1,-1,-1
15,4,316.61,268.32,125.57,360.32,0.8286,-1,-1,-1
15,5,1025.23,285.24,86.99,367.99,0.6672,-1,-1,-1
16,2,834.48,153.49,218.44,640.46,0.8020,-1,-1,-1
16,3,476.36,256.07,112.92,366.25,0.8447,-1,-1,-1
16,4,312.53,269.21,127.93,365.32,0.8396,-1,-1,-1
16,5,1023.24,277.40,88.69,377.06,0.6328,-1,-1,-1
17,2,833.14,154.53,219.12,642.82,0.8270,-1,-1,-1
17,3,474.76,257.74,114.31,367.88,0.8425,-1,-1,-1
17,4,309.74,273.29,129.18,367.86,0.8504,-1,-1,-1
17,5,1022.20,275.04,89.13,378.81,0.6611,-1,-1,-1
18,2,832.58,157.18,221.26,651.71,0.8572,-1,-1,-1
18,3,472.66,258.60,116.90,373.17,0.8380,-1,-1,-1
18,4,309.49,276.98,130.04,369.87,0.8304,-1,-1,-1
18,5,1019.58,260.23,92.01,392.28,0.6970,-1,-1,-1
19,2,833.00,159.03,220.86,657.08,0.8586,-1,-1,-1
19,3,471.33,262.56,119.61,378.33,0.8214,-1,-1,-1
19,4,302.03,279.96,133.86,377.07,0.8303,-1,-1,-1
19,5,1015.88,255.41,93.61,398.20,0.7187,-1,-1,-1
20,2,834.40,165.26,218.20,656.20,0.8635,-1,-1,-1
20,3,471.49,269.50,120.99,379.92,0.8268,-1,-1,-1
20,4,300.76,285.22,135.72,379.41,0.8284,-1,-1,-1
20,5,1012.73,250.14,96.18,408.08,0.7665,-1,-1,-1
21,2,842.94,168.81,215.39,657.30,0.8511,-1,-1,-1
21,3,473.91,272.58,124.19,387.01,0.8124,-1,-1,-1
21,4,304.04,287.13,137.97,383.84,0.8442,-1,-1,-1
21,5,1017.46,248.40,98.54,414.49,0.8079,-1,-1,-1
22,2,859.87,169.04,213.57,659.91,0.8537,-1,-1,-1
22,3,488.34,275.50,125.54,390.63,0.8248,-1,-1,-1
22,4,317.30,288.45,139.38,386.60,0.8275,-1,-1,-1
22,5,1028.97,249.13,100.28,418.74,0.7957,-1,-1,-1
23,2,868.28,170.74,212.46,663.48,0.8619,-1,-1,-1
23,3,501.68,280.13,126.63,393.37,0.8267,-1,-1,-1
23,4,328.05,291.00,140.24,387.52,0.8289,-1,-1,-1
23,5,1039.87,251.78,102.23,422.14,0.8010,-1,-1,-1
24,2,873.45,172.98,211.75,663.85,0.8683,-1,-1,-1
24,3,513.08,284.13,127.96,396.51,0.8445,-1,-1,-1
24,4,338.89,293.05,141.95,390.96,0.8330,-1,-1,-1
24,5,1050.56,255.15,103.33,419.03,0.8175,-1,-1,-1
25,2,874.67,173.69,210.89,660.85,0.8634,-1,-1,-1
25,3,521.75,285.19,130.53,403.33,0.8443,-1,-1,-1
25,4,350.90,294.77,141.92,389.90,0.8319,-1,-1,-1
25,5,1061.80,257.18,105.33,419.56,0.8358,-1,-1,-1
26,2,880.70,174.61,210.35,656.48,0.8694,-1,-1,-1
26,3,534.90,292.08,131.06,405.05,0.7980,-1,-1,-1
26,4,362.97,295.73,144.33,394.76,0.8537,-1,-1,-1
26,5,1073.77,260.20,108.71,422.49,0.8313,-1,-1,-1
27,2,885.92,176.78,212.12,656.91,0.8630,-1,-1,-1
27,3,548.78,293.71,132.90,410.92,0.8309,-1,-1,-1
27,4,376.43,299.09,145.09,397.21,0.8406,-1,-1,-1
27,5,1089.44,264.96,110.97,419.94,0.8297,-1,-1,-1
28,2,891.20,183.15,214.56,658.00,0.8748,-1,-1,-1
28,3,558.77,298.71,133.54,413.43,0.8469,-1,-1,-1
28,4,384.37,304.71,146.03,399.03,0.8611,-1,-1,-1
28,5,1098.13,271.63,113.23,418.24,0.8360,-1,-1,-1
29,2,889.78,189.87,215.86,659.36,0.8794,-1,-1,-1
29,3,564.13,300.29,134.67,417.17,0.8639,-1,-1,-1
29,4,389.32,308.91,147.24,404.15,0.8420,-1,-1,-1
29,5,1103.35,277.17,118.00,426.65,0.8128,-1,-1,-1
30,2,891.57,195.17,217.13,660.77,0.8922,-1,-1,-1
30,3,569.34,300.58,135.20,417.81,0.8519,-1,-1,-1
30,4,394.22,312.15,149.12,410.81,0.8394,-1,-1,-1
30,5,1110.59,280.61,122.30,431.66,0.8322,-1,-1,-1
31,2,892.75,200.67,219.06,664.06,0.8832,-1,-1,-1
31,3,573.71,302.06,135.99,420.04,0.8356,-1,-1,-1
31,4,397.82,317.26,150.75,417.08,0.8435,-1,-1,-1
31,5,1115.72,284.19,126.23,435.41,0.8545,-1,-1,-1
32,2,894.81,207.66,221.36,667.75,0.8843,-1,-1,-1
32,3,576.86,304.66,137.94,427.47,0.8523,-1,-1,-1
32,4,400.37,322.59,150.94,419.08,0.8573,-1,-1,-1
32,5,1118.35,288.94,128.53,433.37,0.8578,-1,-1,-1
33,2,898.23,212.61,223.01,669.62,0.8824,-1,-1,-1
33,3,581.03,307.24,139.13,431.09,0.8464,-1,-1,-1
33,4,403.57,328.18,150.95,419.52,0.8586,-1,-1,-1
33,5,1122.33,296.73,131.35,431.32,0.8557,-1,-1,-1
34,2,901.85,219.05,225.52,672.22,0.8748,-1,-1,-1
34,3,584.42,309.15,139.67,434.07,0.8412,-1,-1,-1
34,4,401.41,332.53,152.77,425.56,0.8418,-1,-1,-1
34,5,1124.74,301.63,132.99,425.84,0.8550,-1,-1,-1
35,2,905.36,226.29,227.53,675.94,0.8777,-1,-1,-1
35,3,587.49,313.06,140.69,439.03,0.8299,-1,-1,-1
35,4,398.57,336.36,155.12,433.32,0.8268,-1,-1,-1
35,5,1127.08,305.84,134.92,421.51,0.8461,-1,-1,-1
36,2,907.74,232.79,228.47,677.98,0.8840,-1,-1,-1
36,3,591.29,317.94,141.52,441.98,0.8214,-1,-1,-1
36,4,393.83,340.44,156.76,439.37,0.8543,-1,-1,-1
36,5,1128.08,310.57,137.01,419.73,0.8511,-1,-1,-1
37,2,908.48,240.96,228.72,677.59,0.8903,-1,-1,-1
37,3,591.69,322.19,142.08,446.35,0.8044,-1,-1,-1
37,4,388.03,343.32,158.07,445.90,0.8665,-1,-1,-1
37,5,1129.98,314.69,140.45,423.93,0.8438,-1,-1,-1
38,2,912.11,247.49,228.49,677.45,0.8889,-1,-1,-1
38,3,592.45,327.66,142.56,450.32,0.8259,-1,-1,-1
38,4,382.66,347.13,158.58,448.70,0.8690,-1,-1,-1
38,5,1130.86,320.22,142.07,422.05,0.8463,-1,-1,-1
39,2,917.62,254.05,228.07,679.06,0.8846,-1,-1,-1
39,3,590.81,332.34,144.69,459.18,0.8165,-1,-1,-1
39,4,377.67,350.60,159.86,453.07,0.8802,-1,-1,-1
39,5,1132.36,326.74,145.01,427.15,0.8541,-1,-1,-1
40,2,921.01,257.26,228.44,684.67,0.8765,-1,-1,-1
40,3,587.28,341.33,147.01,467.05,0.7965,-1,-1,-1
40,4,373.01,355.34,160.81,456.09,0.8740,-1,-1,-1
40,5,1133.97,333.81,147.34,431.16,0.8542,-1,-1,-1
41,2,921.62,259.89,226.60,683.75,0.8804,-1,-1,-1
41,3,583.27,343.47,148.76,473.80,0.8022,-1,-1,-1
41,4,363.81,356.60,162.52,458.84,0.8626,-1,-1,-1
41,5,1136.77,338.85,147.75,430.76,0.8500,-1,-1,-1
42,2,924.64,265.55,222.80,676.77,0.8822,-1,-1,-1
42,3,579.16,347.44,150.58,479.92,0.7102,-1,-1,-1
42,4,352.58,358.06,165.62,465.17,0.8716,-1,-1,-1
42,5,1137.51,346.46,147.41,429.05,0.8558,-1,-1,-1
43,2,926.50,272.30,217.56,665.72,0.8819,-1,-1,-1
43,3,572.76,352.02,150.56,482.47,0.8054,-1,-1,-1
43,4,340.58,362.78,168.34,470.04,0.8483,-1,-1,-1
43,5,1135.50,353.01,148.00,429.67,0.8571,-1,-1,-1
44,2,926.28,278.84,214.31,660.20,0.8857,-1,-1,-1
44,3,565.74,356.66,151.88,490.30,0.8117,-1,-1,-1
44,4,326.89,366.34,171.84,476.43,0.8581,-1,-1,-1
44,5,1133.36,361.31,147.31,425.94,0.8564,-1,-1,-1
45,2,924.67,284.41,212.74,660.07,0.8876,-1,-1,-1
45,3,558.22,361.35,153.24,499.77,0.8246,-1,-1,-1
45,4,313.30,371.14,176.72,486.63,0.8453,-1,-1,-1
45,5,1129.07,367.99,147.77,426.43,0.8408,-1,-1,-1
46,2,920.89,292.35,212.61,664.61,0.8866,-1,-1,-1
46,3,551.21,364.60,154.02,506.94,0.8213,-1,-1,-1
46,4,299.62,377.64,182.04,499.74,0.8413,-1,-1,-1
46,5,1124.64,375.69,149.54,431.62,0.8509,-1,-1,-1
47,2,916.02,301.45,211.93,668.29,0.8781,-1,-1,-1
47,3,544.10,369.55,154.93,513.35,0.8248,-1,-1,-1
47,4,281.72,382.78,189.28,516.45,0.8436,-1,-1,-1
47,5,1119.07,381.91,149.95,433.96,0.8357,-1,-1,-1
48,2,910.36,309.11,212.69,676.44,0.8774,-1,-1,-1
48,3,533.41,372.57,157.22,523.04,0.8578,-1,-1,-1
48,4,266.39,390.97,194.43,527.27,0.8569,-1,-1,-1
48,5,1112.19,389.25,149.30,435.41,0.8321,-1,-1,-1
49,2,903.13,318.32,212.60,682.44,0.8784,-1,-1,-1
49,3,524.76,376.55,159.12,531.19,0.8508,-1,-1,-1
49,4,250.45,398.10,198.51,534.47,0.8719,-1,-1,-1
49,5,1106.62,395.33,149.01,435.07,0.8530,-1,-1,-1
50,2,897.54,327.17,211.24,684.14,0.8773,-1,-1,-1
50,3,518.77,382.37,160.46,537.60,0.8387,-1,-1,-1
50,4,237.26,405.38,198.81,528.62,0.8353,-1,-1,-1
50,5,1099.48,400.13,149.50,438.73,0.8538,-1,-1,-1
51,2,891.54,335.12,209.67,685.67,0.8694,-1,-1,-1
51,3,510.12,385.96,162.01,544.54,0.8470,-1,-1,-1
51,4,222.65,412.21,199.49,523.10,0.8440,-1,-1,-1
51,5,1094.63,404.09,149.43,439.79,0.8680,-1,-1,-1
52,2,886.30,342.33,207.67,685.32,0.8759,-1,-1,-1
52,3,502.20,388.71,162.68,547.49,0.8376,-1,-1,-1
52,4,205.07,417.12,210.44,548.75,0.8293,-1,-1,-1
52,5,1090.96,406.05,149.90,442.35,0.8645,-1,-1,-1
53,2,881.90,348.49,205.44,683.05,0.8783,-1,-1,-1
53,3,494.99,394.98,163.57,550.67,0.8404,-1,-1,-1
53,4,190.10,420.57,216.24,563.15,0.8704,-1,-1,-1
53,5,1086.46,409.34,150.69,443.37,0.8652,-1,-1,-1
54,2,877.94,352.08,203.69,680.48,0.8833,-1,-1,-1
54,3,486.88,396.86,166.14,557.70,0.8509,-1,-1,-1
54,4,177.69,422.36,220.53,573.36,0.8822,-1,-1,-1
54,5,1081.98,410.94,152.27,445.62,0.8712,-1,-1,-1
55,2,871.57,352.23,203.07,680.09,0.8837,-1,-1,-1
55,3,480.39,398.11,169.33,565.06,0.8581,-1,-1,-1
55,4,166.69,421.63,224.07,582.82,0.8952,-1,-1,-1
55,5,1078.71,412.12,153.37,445.79,0.8756,-1,-1,-1
56,2,866.56,351.43,203.15,682.49,0.8792,-1,-1,-1
56,3,475.28,399.91,173.78,576.21,0.8728,-1,-1,-1
56,4,156.16,420.45,227.42,593.18,0.8826,-1,-1,-1
56,5,1079.23,413.54,153.15,442.14,0.8744,-1,-1,-1
57,2,860.72,350.70,203.84,686.09,0.8752,-1,-1,-1
57,3,469.39,402.87,179.01,589.45,0.8758,-1,-1,-1
57,4,144.79,420.42,229.97,600.95,0.8887,-1,-1,-1
57,5,1078.98,415.37,153.46,439.34,0.8674,-1,-1,-1
58,2,857.42,349.90,202.42,680.15,0.8683,-1,-1,-1
58,3,463.56,401.20,184.85,605.14,0.8814,-1,-1,-1
58,4,135.37,419.43,233.24,610.91,0.8760,-1,-1,-1
58,5,1075.97,414.16,156.12,443.55,0.8718,-1,-1,-1
59,2,849.64,347.24,201.00,671.83,0.8827,-1,-1,-1
59,3,456.11,396.94,189.82,620.60,0.8830,-1,-1,-1
59,4,125.69,418.58,235.73,617.70,0.8969,-1,-1,-1
59,5,1074.85,415.53,156.84,441.72,0.8702,-1,-1,-1
60,2,842.60,346.95,200.72,666.96,0.8873,-1,-1,-1
60,3,451.90,398.11,191.39,625.80,0.8773,-1,-1,-1
60,4,115.12,417.70,238.14,623.57,0.9068,-1,-1,-1
60,5,1073.01,416.19,158.72,442.53,0.8682,-1,-1,-1
61,2,833.51,347.31,202.93,667.44,0.8888,-1,-1,-1
61,3,445.38,399.74,194.46,636.28,0.8643,-1,-1,-1
61,4,105.09,417.01,241.50,632.24,0.9052,-1,-1,-1
61,5,1071.26,417.22,160.66,443.08,0.8656,-1,-1,-1
62,2,828.91,347.17,205.31,667.73,0.8800,-1,-1,-1
62,3,442.73,399.29,196.49,643.99,0.8512,-1,-1,-1
62,4,95.65,414.21,248.23,651.76,0.9003,-1,-1,-1
62,5,1072.06,416.84,162.39,442.84,0.8628,-1,-1,-1
63,2,825.57,344.37,208.40,672.37,0.8811,-1,-1,-1
63,3,440.70,395.85,198.79,651.57,0.8613,-1,-1,-1
63,4,88.50,409.42,252.54,667.99,0.8924,-1,-1,-1
63,5,1074.31,415.81,164.49,442.92,0.8705,-1,-1,-1
64,2,823.59,342.57,210.59,675.93,0.8784,-1,-1,-1
64,3,443.34,390.00,201.08,660.18,0.8709,-1,-1,-1
64,4,82.50,405.45,253.70,675.84,0.8872,-1,-1,-1
64,5,1076.18,415.48,166.61,443.09,0.8700,-1,-1,-1
64,9,1020.54,434.32,66.55,316.27,0.7914,-1,-1,-1
65,2,821.53,340.83,213.10,679.21,0.8890,-1,-1,-1
65,3,443.96,383.52,203.51,668.09,0.8722,-1,-1,-1
65,4,75.26,404.78,253.34,678.21,0.8834,-1,-1,-1
65,5,1078.78,413.47,168.89,444.30,0.8626,-1,-1,-1
65,9,1023.13,435.59,65.98,313.10,0.7868,-1,-1,-1
66,2,821.75,339.01,214.97,681.81,0.8875,-1,-1,-1
66,3,444.02,376.31,206.50,676.29,0.8764,-1,-1,-1
66,4,69.01,403.20,252.68,678.17,0.8885,-1,-1,-1
66,5,1085.19,408.37,172.61,450.18,0.8392,-1,-1,-1
66,9,1026.17,434.92,65.97,311.87,0.7797,-1,-1,-1
67,2,822.41,338.35,216.46,683.10,0.8931,-1,-1,-1
67,3,444.44,369.55,209.30,683.39,0.8733,-1,-1,-1
67,4,60.07,399.06,253.60,682.42,0.8880,-1,-1,-1
67,5,1089.93,404.41,176.12,455.52,0.8461,-1,-1,-1
67,9,1028.76,431.98,65.88,309.30,0.7461,-1,-1,-1
68,2,824.28,337.07,217.86,684.45,0.8934,-1,-1,-1
68,3,444.31,359.92,212.80,691.72,0.8708,-1,-1,-1
68,4,49.75,396.03,253.27,680.85,0.8889,-1,-1,-1
68,5,1093.02,401.17,176.42,455.11,0.8456,-1,-1,-1
68,9,1032.00,425.03,67.29,313.41,0.7259,-1,-1,-1
69,2,828.89,333.03,218.61,685.49,0.8878,-1,-1,-1
69,3,444.64,350.84,216.35,700.18,0.8775,-1,-1,-1
69,4,38.94,387.32,255.84,685.44,0.8998,-1,-1,-1
69,5,1095.93,397.10,177.32,456.32,0.8726,-1,-1,-1
69,9,1035.29,420.27,68.17,315.02,0.7208,-1,-1,-1
70,2,831.34,329.80,218.80,683.60,0.8967,-1,-1,-1
70,3,442.72,343.58,220.09,707.96,0.8913,-1,-1,-1
70,4,24.54,378.88,260.62,694.60,0.9135,-1,-1,-1
70,5,1098.80,392.78,178.00,456.86,0.8721,-1,-1,-1
70,9,1037.67,416.27,68.87,315.41,0.7091,-1,-1,-1
71,2,834.07,326.86,218.94,682.24,0.8904,-1,-1,-1
71,3,438.35,336.19,224.94,719.82,0.8901,-1,-1,-1
71,4,7.96,371.04,264.06,702.85,0.9096,-1,-1,-1
71,5,1101.40,388.21,177.59,455.10,0.8643,-1,-1,-1
71,9,1038.83,412.59,69.73,316.04,0.7217,-1,-1,-1
72,2,835.05,321.56,219.71,682.39,0.8906,-1,-1,-1
72,3,431.82,326.91,232.19,741.14,0.8916,-1,-1,-1
72,4,-3.76,363.20,266.18,711.05,0.9195,-1,-1,-1
72,5,1103.93,385.36,176.82,452.43,0.8592,-1,-1,-1
72,9,1039.61,410.45,70.20,315.30,0.7227,-1,-1,-1
73,2,836.21,315.58,219.52,680.03,0.8855,-1,-1,-1
73,3,424.98,317.24,238.02,758.28,0.8933,-1,-1,-1
73,4,-13.28,351.69,267.73,722.65,0.9111,-1,-1,-1
73,5,1105.99,382.18,175.10,447.19,0.8556,-1,-1,-1
73,9,1040.28,409.64,70.36,313.34,0.6758,-1,-1,-1
74,2,837.26,310.15,217.14,669.50,0.8805,-1,-1,-1
74,3,417.74,311.32,240.95,765.37,0.8907,-1,-1,-1
74,4,-21.54,344.47,266.73,732.19,0.9065,-1,-1,-1
74,5,1106.66,378.66,173.63,443.48,0.8565,-1,-1,-1
74,9,1040.42,409.18,70.70,311.60,0.6848,-1,-1,-1
75,2,838.53,305.58,215.82,664.09,0.8721,-1,-1,-1
75,3,408.14,304.00,244.01,772.91,0.8954,-1,-1,-1
75,4,-28.80,333.36,265.00,744.22,0.8958,-1,-1,-1
75,5,1106.69,375.79,172.88,441.32,0.8616,-1,-1,-1
75,9,1040.28,419.26,68.55,298.86,0.6642,-1,-1,-1
76,2,841.32,301.41,215.09,661.73,0.8691,-1,-1,-1
76,3,398.66,297.35,246.36,777.21,0.8894,-1,-1,-1
76,4,-34.17,324.68,260.17,750.71,0.8883,-1,-1,-1
76,5,1107.51,373.51,171.90,440.16,0.8559,-1,-1,-1
76,9,1041.59,431.32,65.99,283.07,0.7228,-1,-1,-1
77,2,843.01,298.53,214.71,663.13,0.8786,-1,-1,-1
77,3,389.66,293.63,247.57,777.16,0.8913,-1,-1,-1
77,4,-39.06,318.08,254.58,758.29,0.8802,-1,-1,-1
77,5,1107.55,371.76,171.98,441.81,0.8657,-1,-1,-1
77,9,1040.76,435.05,66.00,278.52,0.6324,-1,-1,-1
78,2,844.12,295.85,213.80,665.64,0.8637,-1,-1,-1
78,3,377.39,289.43,250.87,782.64,0.8972,-1,-1,-1
78,4,-43.89,312.03,246.61,762.24,0.8673,-1,-1,-1
78,5,1107.07,370.42,171.91,443.16,0.8640,-1,-1,-1
78,9,1035.84,423.23,69.81,292.00,0.7076,-1,-1,-1
79,2,844.90,292.48,213.58,670.43,0.8592,-1,-1,-1
79,3,361.95,284.73,254.00,788.01,0.9003,-1,-1,-1
79,4,-47.29,309.28,237.67,765.10,0.8291,-1,-1,-1
79,5,1106.31,367.99,171.81,444.64,0.8600,-1,-1,-1
79,9,1030.01,408.12,73.72,306.54,0.7189,-1,-1,-1
79,12,811.94,449.84,46.87,165.60,0.6450,-1,-1,-1
80,2,842.90,289.67,212.77,674.82,0.8566,-1,-1,-1
80,3,345.42,276.89,258.26,795.31,0.8965,-1,-1,-1
80,5,1103.18,364.63,171.76,447.26,0.8433,-1,-1,-1
80,9,1024.95,400.79,75.36,314.02,0.7097,-1,-1,-1
80,12,807.03,446.63,48.52,170.81,0.6151,-1,-1,-1
81,2,840.97,291.40,210.82,675.57,0.8514,-1,-1,-1
81,3,328.06,268.07,262.59,803.19,0.9018,-1,-1,-1
81,5,1099.69,363.68,170.04,446.37,0.8567,-1,-1,-1
81,9,1019.74,403.21,74.51,310.50,0.6937,-1,-1,-1
81,12,801.92,444.63,48.35,169.35,0.6196,-1,-1,-1
81,4,-28.75,407.34,153.65,511.47,0.6418,-1,-1,-1
82,2,837.62,292.73,208.34,675.10,0.8529,-1,-1,-1
82,3,309.40,255.64,269.91,817.05,0.8974,-1,-1,-1
82,5,1094.45,360.26,168.97,447.53,0.8627,-1,-1,-1
82,9,1015.71,394.30,75.37,314.59,0.6466,-1,-1,-1
82,12,797.60,441.44,48.63,169.31,0.6749,-1,-1,-1
82,4,-19.09,438.28,110.99,382.51,0.7815,-1,-1,-1
83,2,834.24,292.00,205.28,674.14,0.8514,-1,-1,-1
83,3,287.49,242.88,276.64,829.06,0.8896,-1,-1,-1
83,5,1089.67,358.29,168.49,451.01,0.8518,-1,-1,-1
83,9,1007.53,384.97,77.56,321.82,0.5449,-1,-1,-1
83,12,794.42,437.32,47.93,166.04,0.5785,-1,-1,-1
84,2,827.06,291.64,202.90,674.91,0.8476,-1,-1,-1
84,3,258.59,230.78,283.27,842.45,0.9033,-1,-1,-1
84,5,1082.65,354.96,168.69,455.54,0.8586,-1,-1,-1
84,9,999.69,377.90,77.92,321.96,0.7452,-1,-1,-1
84,12,787.19,434.91,48.12,166.00,0.5587,-1,-1,-1
85,2,817.97,290.29,199.93,672.51,0.8275,-1,-1,-1
85,3,232.28,218.50,292.06,855.99,0.9170,-1,-1,-1
85,5,1074.68,353.83,166.40,454.14,0.8485,-1,-1,-1
85,9,990.18,373.96,77.79,319.36,0.7616,-1,-1,-1
85,12,777.13,427.74,49.61,170.05,0.5998,-1,-1,-1
86,2,806.92,285.32,198.26,672.03,0.8417,-1,-1,-1
86,3,203.94,205.29,299.25,869.92,0.9056,-1,-1,-1
86,5,1067.44,349.79,165.06,454.40,0.8318,-1,-1,-1
86,9,979.87,369.60,79.17,320.16,0.8069,-1,-1,-1
86,12,769.20,421.21,50.75,175.12,0.5159,-1,-1,-1
87,2,795.98,279.69,198.34,675.20,0.8524,-1,-1,-1
87,3,172.87,190.77,306.99,884.96,0.9104,-1,-1,-1
87,5,1060.00,347.14,163.54,452.99,0.8509,-1,-1,-1
87,9,970.64,366.46,80.39,320.39,0.7796,-1,-1,-1
87,12,760.17,414.53,51.83,179.91,0.6884,-1,-1,-1
87,14,473.17,411.17,79.75,285.69,0.7296,-1,-1,-1
88,2,785.02,275.33,197.78,671.79,0.8571,-1,-1,-1
88,3,146.36,180.62,313.50,896.19,0.9155,-1,-1,-1
88,5,1050.38,341.35,162.86,454.20,0.8485,-1,-1,-1
88,9,959.04,359.75,82.66,323.93,0.7449,-1,-1,-1
88,12,749.72,410.11,51.22,177.82,0.4646,-1,-1,-1
88,14,457.62,408.82,80.27,286.51,0.7607,-1,-1,-1
89,2,772.06,269.47,197.83,669.72,0.8477,-1,-1,-1
89,3,120.39,169.03,320.68,906.96,0.9201,-1,-1,-1
89,5,1043.06,335.31,162.80,454.56,0.8534,-1,-1,-1
89,9,950.59,358.18,83.30,319.64,0.8162,-1,-1,-1
89,12,740.25,407.89,51.15,180.61,0.3303,-1,-1,-1
89,14,441.67,399.03,84.16,298.27,0.7739,-1,-1,-1
90,2,760.88,262.24,197.46,660.42,0.8689,-1,-1,-1
90,3,95.18,154.51,330.27,920.96,0.9241,-1,-1,-1
90,5,1035.87,329.49,163.78,458.73,0.8482,-1,-1,-1
90,9,944.20,354.77,83.84,316.69,0.7823,-1,-1,-1
90,14,430.55,390.37,86.31,303.35,0.7799,-1,-1,-1
91,2,750.24,257.63,197.75,651.48,0.8808,-1,-1,-1
91,3,72.96,142.61,338.70,931.02,0.9224,-1,-1,-1
91,5,1031.18,325.05,163.38,457.12,0.8681,-1,-1,-1
91,9,937.58,350.37,85.73,318.01,0.7997,-1,-1,-1
91,14,421.12,386.23,87.81,305.96,0.7615,-1,-1,-1
92,2,738.33,251.79,200.48,651.10,0.8787,-1,-1,-1
92,3,49.13,128.05,349.57,944.91,0.9221,-1,-1,-1
92,5,1026.68,318.83,163.20,455.13,0.8636,-1,-1,-1
92,9,929.81,348.53,86.57,317.22,0.7895,-1,-1,-1
92,14,412.13,383.79,89.40,308.08,0.8223,-1,-1,-1
93,2,729.85,245.73,204.56,653.98,0.8891,-1,-1,-1
93,3,27.29,116.74,359.39,956.22,0.9244,-1,-1,-1
93,5,1021.54,314.17,163.93,454.70,0.8705,-1,-1,-1
93,9,926.22,346.76,87.60,317.05,0.7763,-1,-1,-1
93,14,404.22,379.05,91.59,312.19,0.8071,-1,-1,-1
94,2,719.57,241.37,207.93,657.77,0.8729,-1,-1,-1
94,3,13.82,106.55,367.78,968.58,0.9323,-1,-1,-1
94,5,1017.56,311.98,164.89,454.15,0.8726,-1,-1,-1
94,9,922.75,345.38,89.14,318.61,0.8026,-1,-1,-1
94,14,397.45,377.33,92.49,310.74,0.8026,-1,-1,-1
95,2,711.00,239.11,211.71,663.72,0.8860,-1,-1,-1
95,3,6.96,96.40,374.70,979.24,0.9307,-1,-1,-1
95,5,1013.28,310.51,166.18,453.81,0.8644,-1,-1,-1
95,9,919.73,343.38,90.37,319.99,0.7805,-1,-1,-1
95,14,391.11,374.34,94.87,314.53,0.8174,-1,-1,-1
96,2,702.31,240.47,213.92,664.83,0.9045,-1,-1,-1
96,3,-2.98,85.29,379.03,990.36,0.9349,-1,-1,-1
96,5,1010.04,309.79,168.45,455.69,0.8598,-1,-1,-1
96,9,916.50,343.62,91.56,320.14,0.7540,-1,-1,-1
96,14,384.79,373.16,97.66,320.48,0.8098,-1,-1,-1
97,2,698.36,240.11,216.70,670.26,0.8996,-1,-1,-1
97,3,-10.30,75.06,381.54,1000.40,0.9338,-1,-1,-1
97,5,1008.39,309.69,170.46,456.35,0.8618,-1,-1,-1
97,9,911.38,342.11,93.07,319.65,0.7328,-1,-1,-1
97,14,381.05,370.01,100.33,326.06,0.8189,-1,-1,-1
98,2,695.31,241.61,218.84,674.65,0.8996,-1,-1,-1
98,3,-16.73,59.00,383.93,1013.81,0.9344,-1,-1,-1
98,5,1008.05,309.46,173.23,458.51,0.8591,-1,-1,-1
98,9,910.35,342.12,94.42,320.66,0.7306,-1,-1,-1
98,14,378.98,367.79,102.48,330.23,0.8255,-1,-1,-1
99,2,693.76,245.11,220.24,677.01,0.8985,-1,-1,-1
99,3,-21.84,47.03,384.43,1025.43,0.9272,-1,-1,-1
99,5,1009.78,309.94,176.17,460.44,0.8700,-1,-1,-1
99,9,910.66,342.29,95.45,321.00,0.7370,-1,-1,-1
99,14,377.24,365.80,104.48,334.04,0.8214,-1,-1,-1
99,16,631.35,416.26,58.72,165.51,0.6340,-1,-1,-1
100,2,693.50,248.39,220.24,676.14,0.8988,-1,-1,-1
100,3,-27.04,35.64,383.07,1035.63,0.9225,-1,-1,-1
100,5,1012.44,311.36,178.47,460.75,0.8763,-1,-1,-1
100,9,912.96,346.52,95.73,318.30,0.7435,-1,-1,-1
100,14,375.51,366.78,105.56,334.44,0.8323,-1,-1,-1
100,16,631.15,415.38,58.92,166.05,0.6493,-1,-1,-1
101,2,696.03,249.57,219.79,676.09,0.8890,-1,-1,-1
101,3,-34.62,19.14,383.01,1054.94,0.9144,-1,-1,-1
101,5,1014.41,311.28,181.38,462.95,0.8568,-1,-1,-1
101,9,915.20,347.26,96.43,317.63,0.7682,-1,-1,-1
101,14,375.59,365.21,107.29,337.69,0.8239,-1,-1,-1
101,16,633.32,414.22,58.62,165.16,0.7018,-1,-1,-1
102,2,700.44,250.47,218.52,671.30,0.8948,-1,-1,-1
102,3,-40.78,11.59,376.98,1061.70,0.9190,-1,-1,-1
102,5,1018.98,311.83,183.58,464.77,0.8308,-1,-1,-1
102,9,919.62,346.74,97.35,318.99,0.7923,-1,-1,-1
102,14,376.11,364.19,109.17,341.33,0.8319,-1,-1,-1
102,16,637.04,414.12,58.74,165.39,0.5224,-1,-1,-1
103,2,711.21,250.56,217.85,667.82,0.8881,-1,-1,-1
103,3,-45.25,6.58,368.99,1065.69,0.9092,-1,-1,-1
103,5,1026.54,314.14,185.68,465.76,0.8433,-1,-1,-1
103,9,927.56,342.36,98.37,321.77,0.7443,-1,-1,-1
103,14,382.90,365.15,108.96,338.99,0.8037,-1,-1,-1
103,16,642.77,410.12,59.09,166.10,0.5544,-1,-1,-1
104,2,721.54,247.71,218.42,668.37,0.8919,-1,-1,-1
104,3,-47.87,7.91,355.87,1056.19,0.8316,-1,-1,-1
104,5,1041.41,309.77,188.39,468.93,0.8582,-1,-1,-1
104,9,939.08,339.18,99.39,322.44,0.7345,-1,-1,-1
104,14,392.21,368.35,108.60,336.23,0.8112,-1,-1,-1
104,16,653.65,407.68,59.67,168.31,0.6639,-1,-1,-1
105,2,734.24,245.74,217.68,665.09,0.8861,-1,-1,-1
105,3,-30.75,165.16,299.80,902.09,0.7801,-1,-1,-1
105,5,1052.97,308.76,189.77,469.59,0.8547,-1,-1,-1
105,9,949.30,334.77,101.00,326.93,0.7371,-1,-1,-1
105,14,400.37,366.12,109.38,338.00,0.8087,-1,-1,-1
105,16,662.42,408.32,59.24,166.85,0.3739,-1,-1,-1
106,2,744.35,243.09,214.23,654.31,0.8781,-1,-1,-1
106,3,-37.22,225.37,233.74,730.45,0.6228,-1,-1,-1
106,5,1066.10,304.72,193.32,475.53,0.8421,-1,-1,-1
106,9,956.92,332.62,101.83,328.93,0.7895,-1,-1,-1
106,14,408.25,365.08,109.36,337.10,0.8015,-1,-1,-1
106,16,669.09,406.01,59.67,167.47,0.6820,-1,-1,-1
107,2,753.70,237.91,211.95,647.11,0.8783,-1,-1,-1
107,3,-60.69,245.05,232.49,770.09,0.7251,-1,-1,-1
107,5,1072.74,303.21,193.46,475.24,0.8424,-1,-1,-1
107,9,963.92,330.68,102.04,327.74,0.7449,-1,-1,-1
107,14,413.32,362.27,110.19,338.85,0.7888,-1,-1,-1
107,16,673.35,404.39,60.67,168.94,0.6755,-1,-1,-1
108,2,759.49,234.23,211.09,645.11,0.8828,-1,-1,-1
108,5,1074.66,301.61,190.86,473.09,0.8386,-1,-1,-1
108,9,968.73,328.50,102.82,329.04,0.7282,-1,-1,-1
108,14,415.95,360.57,111.92,344.03,0.7966,-1,-1,-1
108,16,676.70,403.44,61.51,169.91,0.7286,-1,-1,-1
109,2,766.01,232.29,210.09,644.88,0.8753,-1,-1,-1
109,5,1077.71,298.39,188.04,470.47,0.8704,-1,-1,-1
109,9,970.36,326.93,101.62,327.03,0.5493,-1,-1,-1
109,14,415.79,358.30,113.74,349.00,0.8082,-1,-1,-1
109,16,679.90,401.24,61.96,170.69,0.6812,-1,-1,-1
110,2,769.05,230.56,209.84,646.47,0.8753,-1,-1,-1
110,5,1082.58,295.24,185.26,466.95,0.8722,-1,-1,-1
110,9,976.01,324.33,101.91,327.40,0.6669,-1,-1,-1
110,14,413.60,354.47,116.05,355.57,0.7983,-1,-1,-1
110,16,682.78,398.30,62.50,171.06,0.6261,-1,-1,-1
111,2,771.58,229.46,209.50,649.21,0.8721,-1,-1,-1
111,5,1086.91,292.07,182.53,463.42,0.8667,-1,-1,-1
111,9,977.69,323.65,101.80,325.60,0.6149,-1,-1,-1
111,14,412.66,352.65,116.61,355.91,0.8059,-1,-1,-1
111,16,684.92,395.23,63.44,173.18,0.6588,-1,-1,-1
112,2,772.94,228.87,208.45,649.57,0.8674,-1,-1,-1
112,5,1092.47,289.11,180.48,461.05,0.8549,-1,-1,-1
112,9,978.72,323.28,102.77,326.23,0.6338,-1,-1,-1
112,14,412.79,349.58,117.59,359.11,0.7482,-1,-1,-1
112,16,687.53,394.69,64.11,174.18,0.6441,-1,-1,-1
113,2,774.43,228.43,207.32,650.23,0.8648,-1,-1,-1
113,5,1097.25,286.41,179.67,462.78,0.8511,-1,-1,-1
113,9,982.31,322.91,103.19,325.79,0.6026,-1,-1,-1
113,14,411.57,347.75,118.72,362.86,0.7392,-1,-1,-1
113,16,688.86,391.38,65.96,178.82,0.7009,-1,-1,-1
114,2,778.26,229.90,205.99,651.20,0.8545,-1,-1,-1
114,5,1101.82,284.80,179.11,465.88,0.8578,-1,-1,-1
114,9,987.07,321.15,102.06,321.90,0.5927,-1,-1,-1
114,14,411.50,345.16,119.45,365.91,0.7352,-1,-1,-1
114,16,692.03,392.47,65.37,176.70,0.6295,-1,-1,-1
115,2,784.01,231.51,204.69,651.51,0.8444,-1,-1,-1
115,5,1105.62,285.28,177.73,466.15,0.8679,-1,-1,-1
115,9,994.02,320.53,102.00,322.63,0.7349,-1,-1,-1
115,14,411.08,343.77,120.30,368.38,0.7379,-1,-1,-1
115,16,695.12,390.87,66.09,178.83,0.5955,-1,-1,-1
116,2,787.07,232.46,203.67,652.04,0.8509,-1,-1,-1
116,5,1109.10,285.33,176.11,464.86,0.8630,-1,-1,-1
116,9,996.83,321.72,102.11,320.53,0.7067,-1,-1,-1
116,14,408.06,342.33,121.57,370.36,0.7733,-1,-1,-1
116,16,696.04,391.93,66.57,179.40,0.5573,-1,-1,-1
117,2,786.82,233.15,202.43,652.30,0.8521,-1,-1,-1
117,5,1112.08,284.51,175.67,466.72,0.8591,-1,-1,-1
117,9,997.29,320.92,102.79,321.06,0.6699,-1,-1,-1
117,14,405.94,342.58,122.28,370.06,0.7213,-1,-1,-1
117,16,695.22,389.75,67.47,179.70,0.6245,-1,-1,-1
118,2,782.52,234.65,200.64,649.96,0.8566,-1,-1,-1
118,5,1114.47,284.87,175.73,469.64,0.8564,-1,-1,-1
118,9,992.92,321.71,104.57,321.58,0.7296,-1,-1,-1
118,14,400.99,339.40,124.55,374.67,0.7031,-1,-1,-1
118,16,693.81,391.00,68.18,179.61,0.6155,-1,-1,-1
119,2,779.45,234.65,199.48,649.64,0.8667,-1,-1,-1
119,5,1117.00,286.35,175.31,472.33,0.8511,-1,-1,-1
119,9,989.51,323.27,106.59,322.05,0.7557,-1,-1,-1
119,14,395.98,337.98,126.02,376.95,0.8252,-1,-1,-1
119,16,694.16,392.10,68.56,179.45,0.5529,-1,-1,-1
120,2,775.60,232.94,198.91,649.32,0.8782,-1,-1,-1
120,5,1117.64,287.32,174.63,474.07,0.8532,-1,-1,-1
120,9,984.81,324.10,108.81,323.08,0.7074,-1,-1,-1
120,14,390.50,334.41,128.37,382.82,0.8358,-1,-1,-1
120,16,692.16,391.95,69.22,179.01,0.5289,-1,-1,-1
121,2,771.32,229.33,197.80,645.77,0.8741,-1,-1,-1
121,5,1116.68,289.17,174.03,475.46,0.8470,-1,-1,-1
121,9,980.86,325.32,110.69,322.49,0.6075,-1,-1,-1
121,14,384.49,333.23,129.94,386.15,0.8384,-1,-1,-1
121,16,689.91,393.28,71.32,182.02,0.4325,-1,-1,-1
122,2,764.99,227.91,195.61,637.89,0.8656,-1,-1,-1
122,5,1114.70,290.47,173.54,477.08,0.8405,-1,-1,-1
122,9,978.91,325.25,112.65,322.63,0.6372,-1,-1,-1
122,14,375.58,332.65,132.87,393.06,0.8261,-1,-1,-1
123,2,756.23,226.40,195.79,635.92,0.8671,-1,-1,-1
123,5,1112.09,290.48,172.74,478.14,0.8582,-1,-1,-1
123,9,971.80,325.83,115.43,323.73,0.6224,-1,-1,-1
123,14,367.11,331.70,135.52,400.67,0.8542,-1,-1,-1
124,2,747.61,226.53,196.98,636.54,0.8720,-1,-1,-1
124,5,1107.43,289.45,172.92,482.85,0.8491,-1,-1,-1
124,9,963.38,326.93,116.43,324.91,0.6116,-1,-1,-1
124,14,359.10,331.73,137.16,404.64,0.8591,-1,-1,-1
125,2,739.43,227.33,199.03,639.61,0.8767,-1,-1,-1
125,5,1104.15,289.38,171.35,481.42,0.8453,-1,-1,-1
125,9,957.50,325.05,118.68,329.34,0.6953,-1,-1,-1
125,14,350.87,336.26,137.53,404.35,0.8451,-1,-1,-1
126,2,726.87,228.16,202.68,643.94,0.8684,-1,-1,-1
126,5,1099.59,289.89,169.40,478.14,0.8445,-1,-1,-1
126,9,955.48,321.92,120.47,332.78,0.5801,-1,-1,-1
126,14,339.22,336.34,139.21,407.87,0.8397,-1,-1,-1
127,2,719.71,230.33,205.34,645.99,0.8698,-1,-1,-1
127,5,1094.44,290.47,169.93,480.77,0.8566,-1,-1,-1
127,9,951.08,320.63,123.16,335.81,0.7700,-1,-1,-1
127,14,330.48,340.73,139.92,409.11,0.8475,-1,-1,-1
128,2,714.92,230.98,208.32,649.93,0.8799,-1,-1,-1
128,5,1089.74,289.37,170.44,482.17,0.8706,-1,-1,-1
128,9,944.40,322.38,125.07,335.20,0.6102,-1,-1,-1
128,14,321.92,341.00,141.26,411.86,0.8530,-1,-1,-1
129,2,713.85,234.19,209.05,648.84,0.8803,-1,-1,-1
129,5,1086.05,287.29,171.28,483.22,0.8741,-1,-1,-1
129,9,932.77,321.85,123.41,335.34,0.6498,-1,-1,-1
129,14,315.03,338.24,144.47,420.78,0.8338,-1,-1,-1
130,2,712.25,236.16,210.32,649.11,0.8819,-1,-1,-1
130,5,1083.61,286.80,171.62,483.18,0.8673,-1,-1,-1
130,9,927.75,320.66,121.66,335.26,0.7349,-1,-1,-1
130,14,310.36,334.69,147.53,429.66,0.8405,-1,-1,-1
131,2,712.17,238.13,211.57,649.35,0.8799,-1,-1,-1
131,5,1082.32,284.74,172.06,482.97,0.8665,-1,-1,-1
131,9,923.92,319.28,120.25,333.94,0.7373,-1,-1,-1
131,14,306.65,332.15,149.06,435.25,0.8388,-1,-1,-1
132,2,712.58,238.67,212.53,649.58,0.8754,-1,-1,-1
132,5,1081.42,283.03,172.10,482.17,0.8634,-1,-1,-1
132,9,921.09,317.83,119.43,333.94,0.7335,-1,-1,-1
132,14,304.80,332.14,149.00,437.13,0.8290,-1,-1,-1
133,2,715.16,239.06,212.83,647.86,0.8755,-1,-1,-1
133,5,1079.86,282.32,172.83,482.18,0.8685,-1,-1,-1
133,9,919.70,316.50,118.88,335.81,0.7468,-1,-1,-1
133,14,297.61,330.33,150.99,441.32,0.8195,-1,-1,-1
134,2,715.57,238.78,213.48,649.14,0.8765,-1,-1,-1
134,5,1078.65,283.29,174.74,484.94,0.8678,-1,-1,-1
134,9,919.31,317.59,117.66,337.37,0.7328,-1,-1,-1
134,14,290.21,326.15,154.66,451.93,0.8404,-1,-1,-1
135,2,716.76,239.68,213.34,648.51,0.8799,-1,-1,-1
135,5,1076.98,284.32,176.58,487.91,0.8648,-1,-1,-1
135,9,917.73,317.73,116.84,340.54,0.7097,-1,-1,-1
135,14,286.10,328.44,155.29,454.15,0.8316,-1,-1,-1
135,19,1012.17,369.82,72.65,219.74,0.6537,-1,-1,-1
136,2,720.43,240.17,211.78,643.94,0.8737,-1,-1,-1
136,5,1076.13,286.59,178.26,489.71,0.8665,-1,-1,-1
136,9,917.61,319.46,115.08,340.02,0.7318,-1,-1,-1
136,14,281.71,327.43,157.12,459.26,0.8387,-1,-1,-1
136,19,1011.50,365.35,75.64,228.75,0.7067,-1,-1,-1
137,2,724.33,240.65,208.08,630.78,0.8833,-1,-1,-1
137,5,1076.04,289.51,180.41,491.85,0.8635,-1,-1,-1
137,9,918.33,319.41,113.78,341.37,0.7313,-1,-1,-1
137,14,280.22,324.60,158.62,465.10,0.8409,-1,-1,-1
137,19,1014.27,368.41,75.11,226.92,0.7447,-1,-1,-1
137,20,645.63,395.06,82.92,200.83,0.6352,-1,-1,-1
138,2,726.57,241.98,207.21,624.47,0.8864,-1,-1,-1
138,5,1080.45,293.32,181.45,491.48,0.8618,-1,-1,-1
138,9,919.25,320.66,112.42,342.16,0.7456,-1,-1,-1
138,14,277.34,323.15,159.85,469.37,0.8038,-1,-1,-1
138,19,1017.33,368.21,75.87,229.28,0.7447,-1,-1,-1
138,20,645.94,396.72,82.58,200.54,0.5942,-1,-1,-1
139,2,730.34,242.46,207.08,622.39,0.8851,-1,-1,-1
139,5,1085.01,295.11,182.58,491.45,0.8479,-1,-1,-1
139,9,921.37,320.83,111.37,343.53,0.7266,-1,-1,-1
139,14,271.47,320.79,161.97,474.91,0.8146,-1,-1,-1
139,19,1020.33,365.29,76.34,230.79,0.7169,-1,-1,-1
139,20,645.58,395.92,83.57,203.88,0.5823,-1,-1,-1
140,2,736.87,241.90,207.46,626.14,0.8780,-1,-1,-1
140,5,1090.10,296.51,182.78,490.21,0.8453,-1,-1,-1
140,9,926.28,320.30,110.03,345.13,0.7149,-1,-1,-1
140,14,268.03,318.89,165.18,484.27,0.8302,-1,-1,-1
140,19,1023.21,367.66,75.61,228.34,0.7775,-1,-1,-1
140,20,645.05,396.73,83.73,204.99,0.6319,-1,-1,-1
141,2,741.57,244.83,207.10,628.99,0.8735,-1,-1,-1
141,5,1093.72,296.28,184.78,494.69,0.8582,-1,-1,-1
141,9,927.93,321.64,108.74,344.74,0.7389,-1,-1,-1
141,14,267.61,319.12,168.29,494.94,0.8246,-1,-1,-1
141,19,1026.18,367.04,75.94,228.47,0.6852,-1,-1,-1
141,20,644.93,395.68,84.22,206.67,0.7632,-1,-1,-1
142,2,746.62,249.86,205.54,628.51,0.8694,-1,-1,-1
142,5,1098.79,296.74,186.14,498.46,0.8516,-1,-1,-1
142,9,929.67,324.36,106.96,342.09,0.7639,-1,-1,-1
142,14,267.79,321.40,169.93,500.56,0.8492,-1,-1,-1
142,19,1030.53,370.82,75.69,226.98,0.7247,-1,-1,-1
142,20,648.52,398.97,83.24,203.74,0.6909,-1,-1,-1
143,2,755.76,252.93,204.66,632.09,0.8787,-1,-1,-1
143,5,1105.06,296.98,187.27,501.75,0.8675,-1,-1,-1
143,9,939.21,325.42,104.76,341.32,0.7232,-1,-1,-1
143,14,267.58,324.35,171.11,503.83,0.8474,-1,-1,-1
143,19,1035.81,372.01,75.31,226.38,0.7463,-1,-1,-1
143,20,653.09,400.15,83.45,204.27,0.6631,-1,-1,-1
144,2,761.92,255.50,203.17,632.98,0.8729,-1,-1,-1
144,5,1110.53,297.05,187.25,501.77,0.8615,-1,-1,-1
144,9,947.24,329.66,101.12,335.40,0.8004,-1,-1,-1
144,14,266.54,324.94,173.54,510.51,0.8580,-1,-1,-1
144,19,1040.60,372.54,75.79,227.22,0.7546,-1,-1,-1
144,20,657.28,398.17,83.96,207.01,0.7032,-1,-1,-1
145,2,768.98,257.94,201.75,634.09,0.8604,-1,-1,-1
145,5,1118.81,296.95,187.12,501.37,0.8608,-1,-1,-1
145,9,952.07,329.53,99.92,337.19,0.7497,-1,-1,-1
145,14,265.53,324.67,175.21,514.20,0.8532,-1,-1,-1
145,19,1044.07,375.09,75.16,224.15,0.7400,-1,-1,-1
145,20,661.03,397.11,84.67,209.61,0.7018,-1,-1,-1
146,2,773.90,261.65,200.98,635.66,0.8638,-1,-1,-1
146,5,1126.62,300.09,184.91,495.51,0.8740,-1,-1,-1
146,9,960.06,331.50,98.68,337.30,0.6867,-1,-1,-1
146,14,266.09,324.52,178.08,522.86,0.8772,-1,-1,-1
146,19,1049.43,377.64,74.36,220.72,0.6476,-1,-1,-1
146,20,666.25,397.57,84.56,210.16,0.6982,-1,-1,-1
147,2,776.94,264.80,200.32,636.94,0.8650,-1,-1,-1
147,5,1134.08,299.13,184.14,492.26,0.8670,-1,-1,-1
147,9,961.38,331.31,98.71,339.91,0.7115,-1,-1,-1
147,14,263.39,325.44,180.31,528.71,0.8601,-1,-1,-1
147,19,1052.72,380.99,74.80,220.52,0.6330,-1,-1,-1
147,20,667.63,396.56,85.86,214.64,0.7260,-1,-1,-1
148,2,782.45,266.07,198.62,636.05,0.8554,-1,-1,-1
148,5,1139.27,298.19,183.67,491.45,0.8671,-1,-1,-1
148,9,964.86,331.45,98.23,340.80,0.7303,-1,-1,-1
148,14,259.28,325.57,184.09,539.39,0.8684,-1,-1,-1
148,19,1054.67,378.46,76.54,225.66,0.6768,-1,-1,-1
148,20,668.85,395.56,86.19,217.87,0.7258,-1,-1,-1
149,2,786.69,266.77,197.59,637.46,0.8616,-1,-1,-1
149,5,1145.50,298.55,182.40,489.05,0.8619,-1,-1,-1
149,9,968.17,335.07,96.68,338.91,0.7344,-1,-1,-1
149,14,251.87,323.77,186.71,548.54,0.8649,-1,-1,-1
149,19,1056.45,378.71,77.37,228.22,0.6365,-1,-1,-1
149,20,671.09,399.48,85.40,217.89,0.6009,-1,-1,-1
150,2,788.58,267.21,196.41,637.42,0.8498,-1,-1,-1
150,5,1149.56,299.68,182.32,489.94,0.8644,-1,-1,-1
150,9,971.78,338.71,96.00,338.97,0.7367,-1,-1,-1
150,14,244.28,319.94,188.83,557.84,0.8501,-1,-1,-1
150,19,1056.24,372.44,79.59,236.02,0.6722,-1,-1,-1
150,20,671.94,404.07,84.53,216.75,0.6131,-1,-1,-1
151,2,790.50,267.27,194.94,634.50,0.8409,-1,-1,-1
151,5,1150.98,299.64,184.62,497.78,0.8714,-1,-1,-1
151,9,975.12,340.49,95.43,341.16,0.7332,-1,-1,-1
151,14,233.83,318.11,191.40,567.45,0.8507,-1,-1,-1
151,19,1056.08,370.38,80.61,240.20,0.5983,-1,-1,-1
151,20,673.28,408.26,83.20,214.56,0.6688,-1,-1,-1
152,2,790.83,266.29,192.93,627.63,0.8417,-1,-1,-1
152,5,1152.85,300.23,184.74,499.04,0.8801,-1,-1,-1
152,9,975.36,341.58,94.66,341.33,0.7104,-1,-1,-1
152,14,225.04,314.91,193.94,576.85,0.8509,-1,-1,-1
152,19,1055.72,372.05,80.10,238.66,0.6059,-1,-1,-1
152,20,674.45,409.63,83.39,215.63,0.7133,-1,-1,-1
153,2,790.18,264.23,191.98,620.49,0.8418,-1,-1,-1
153,5,1156.19,302.02,184.18,498.82,0.8824,-1,-1,-1
153,9,977.67,341.86,94.28,344.57,0.7248,-1,-1,-1
153,14,215.55,312.07,196.08,583.15,0.8585,-1,-1,-1
153,19,1056.06,372.32,80.25,239.38,0.6199,-1,-1,-1
153,20,675.38,410.34,84.44,218.53,0.7124,-1,-1,-1
154,2,787.40,262.34,193.23,618.46,0.8594,-1,-1,-1
154,5,1157.94,302.88,183.18,497.26,0.8731,-1,-1,-1
154,9,977.32,341.82,93.39,344.71,0.7265,-1,-1,-1
154,14,205.79,309.62,198.59,589.07,0.8723,-1,-1,-1
154,19,1055.46,373.56,80.27,239.22,0.6567,-1,-1,-1
154,20,676.81,411.27,85.32,220.45,0.7176,-1,-1,-1
155,2,782.87,259.98,195.69,618.85,0.8684,-1,-1,-1
155,5,1158.93,302.90,183.27,499.29,0.8790,-1,-1,-1
155,9,978.84,341.00,91.84,343.29,0.7272,-1,-1,-1
155,14,196.41,307.08,200.88,593.43,0.8712,-1,-1,-1
155,19,1055.04,372.96,80.33,239.37,0.7016,-1,-1,-1
155,20,677.66,408.56,87.69,223.46,0.7297,-1,-1,-1
156,2,779.40,258.40,199.27,621.56,0.8702,-1,-1,-1
156,5,1158.34,305.54,184.71,504.67,0.8774,-1,-1,-1
156,9,978.68,340.36,91.21,343.96,0.7022,-1,-1,-1
156,14,185.37,303.21,203.32,599.38,0.8714,-1,-1,-1
156,19,1053.40,371.13,81.17,242.22,0.6923,-1,-1,-1
156,20,677.66,406.48,89.66,225.98,0.7665,-1,-1,-1
157,2,774.85,259.57,203.00,624.15,0.8774,-1,-1,-1
157,5,1154.98,307.52,184.95,507.40,0.8730,-1,-1,-1
157,9,974.73,341.13,91.94,346.06,0.6965,-1,-1,-1
157,14,175.20,301.00,205.84,604.95,0.8634,-1,-1,-1
157,19,1051.38,370.39,81.80,243.87,0.6787,-1,-1,-1
157,20,674.31,407.11,90.76,226.38,0.7038,-1,-1,-1
158,2,771.13,257.99,206.28,628.34,0.8731,-1,-1,-1
158,5,1150.04,306.00,184.38,507.86,0.8647,-1,-1,-1
158,9,969.78,341.62,91.62,345.10,0.7418,-1,-1,-1
158,14,162.03,297.84,208.66,611.40,0.8608,-1,-1,-1
158,19,1048.11,370.78,82.20,243.99,0.7391,-1,-1,-1
158,20,662.95,406.33,90.27,228.01,0.6732,-1,-1,-1
159,2,770.86,261.35,207.41,628.76,0.8666,-1,-1,-1
159,5,1145.89,306.83,182.73,505.39,0.8761,-1,-1,-1
159,9,966.26,342.00,90.29,341.44,0.6546,-1,-1,-1
159,14,145.25,295.06,212.45,620.92,0.8558,-1,-1,-1
159,19,1044.80,375.49,81.26,239.48,0.7010,-1,-1,-1
159,20,658.36,402.90,90.64,230.36,0.6600,-1,-1,-1
160,2,770.56,263.98,208.16,630.14,0.8642,-1,-1,-1
160,5,1140.54,306.47,182.28,506.67,0.8769,-1,-1,-1
160,9,963.55,340.13,90.19,340.52,0.7255,-1,-1,-1
160,14,130.98,291.63,218.22,637.19,0.8640,-1,-1,-1
160,19,1041.03,377.83,80.50,236.26,0.6979,-1,-1,-1
160,20,654.14,402.12,91.19,230.37,0.6724,-1,-1,-1
161,2,771.39,269.13,207.92,628.89,0.8709,-1,-1,-1
161,5,1136.26,306.49,181.31,506.55,0.8782,-1,-1,-1
161,9,957.63,339.27,90.18,341.18,0.6698,-1,-1,-1
161,14,115.77,290.22,224.06,654.35,0.8549,-1,-1,-1
161,19,1037.67,382.96,79.11,230.03,0.7512,-1,-1,-1
161,20,647.53,399.14,92.85,235.19,0.6919,-1,-1,-1
162,2,772.54,271.06,207.21,627.47,0.8824,-1,-1,-1
162,5,1130.37,301.66,181.98,511.70,0.8733,-1,-1,-1
162,9,949.50,337.10,90.53,346.31,0.6473,-1,-1,-1
162,14,99.94,285.08,226.85,661.27,0.8687,-1,-1,-1
162,19,1031.16,385.76,78.41,226.33,0.7441,-1,-1,-1
162,20,635.80,396.39,92.66,238.70,0.7041,-1,-1,-1
163,2,771.58,270.88,206.86,628.52,0.8929,-1,-1,-1
163,5,1123.05,300.34,181.71,512.49,0.8682,-1,-1,-1
163,9,945.15,333.28,91.03,350.57,0.6175,-1,-1,-1
163,14,81.80,284.00,230.74,675.69,0.8466,-1,-1,-1
163,19,1025.26,387.19,78.45,224.60,0.6823,-1,-1,-1
163,20,627.91,394.89,92.44,240.57,0.7249,-1,-1,-1
163,21,725.75,358.12,78.84,280.67,0.6666,-1,-1,-1
164,2,768.29,269.16,205.78,625.73,0.8909,-1,-1,-1
164,5,1116.52,298.33,181.58,511.31,0.8672,-1,-1,-1
164,9,940.79,333.27,90.24,350.56,0.6623,-1,-1,-1
164,14,63.45,282.31,237.46,693.08,0.8834,-1,-1,-1
164,19,1020.86,389.92,77.21,220.51,0.7023,-1,-1,-1
164,20,619.10,393.03,92.95,243.48,0.7237,-1,-1,-1
164,21,716.44,361.66,78.31,278.69,0.6744,-1,-1,-1
165,2,762.83,265.17,205.45,627.15,0.8865,-1,-1,-1
165,5,1109.99,298.80,180.53,507.73,0.8747,-1,-1,-1
165,9,938.68,332.89,88.98,348.45,0.6922,-1,-1,-1
165,14,43.49,280.27,244.19,711.44,0.8713,-1,-1,-1
165,19,1016.88,391.26,76.07,216.36,0.6871,-1,-1,-1
165,20,609.60,392.75,92.55,244.40,0.6888,-1,-1,-1
165,21,709.05,363.91,77.96,277.35,0.7069,-1,-1,-1
166,2,761.27,260.93,205.25,630.10,0.8856,-1,-1,-1
166,5,1104.96,297.64,179.70,503.16,0.8768,-1,-1,-1
166,9,932.72,328.06,89.35,351.67,0.6957,-1,-1,-1
166,14,26.94,278.42,250.06,724.99,0.8876,-1,-1,-1
166,19,1011.87,390.90,75.76,214.26,0.6685,-1,-1,-1
166,20,604.15,391.37,92.97,246.64,0.7174,-1,-1,-1
166,21,704.79,365.26,78.08,277.51,0.7309,-1,-1,-1
167,2,761.15,257.62,204.25,630.78,0.8746,-1,-1,-1
167,5,1099.92,293.73,181.42,504.90,0.8659,-1,-1,-1
167,9,931.29,325.79,88.59,350.51,0.6918,-1,-1,-1
167,14,8.98,274.61,254.28,736.89,0.8650,-1,-1,-1
167,19,1010.05,395.96,74.41,209.43,0.5622,-1,-1,-1
167,20,598.49,390.00,93.10,248.83,0.7259,-1,-1,-1
167,21,701.04,363.15,79.38,280.81,0.7083,-1,-1,-1
168,2,764.77,254.58,200.31,623.37,0.8656,-1,-1,-1
168,5,1095.79,292.06,182.22,504.38,0.8647,-1,-1,-1
168,9,929.29,328.01,88.19,349.56,0.6991,-1,-1,-1
168,14,-1.90,266.86,258.77,750.63,0.8876,-1,-1,-1
168,19,1006.11,382.24,79.60,225.39,0.6034,-1,-1,-1
168,20,594.24,389.38,92.88,249.47,0.6911,-1,-1,-1
168,21,692.00,358.89,81.56,285.46,0.7777,-1,-1,-1
169,2,769.57,250.49,196.51,615.26,0.8632,-1,-1,-1
169,5,1092.27,291.37,182.97,503.20,0.8698,-1,-1,-1
169,9,928.16,328.69,86.67,344.89,0.6958,-1,-1,-1
169,14,-11.27,259.35,261.03,763.20,0.9024,-1,-1,-1
169,19,1003.81,377.44,80.39,227.69,0.6366,-1,-1,-1
169,20,589.55,387.75,93.53,251.92,0.7353,-1,-1,-1
169,21,687.21,356.89,81.83,283.15,0.7693,-1,-1,-1
170,2,771.61,248.35,194.01,611.59,0.8545,-1,-1,-1
170,5,1087.96,290.76,185.02,505.06,0.8706,-1,-1,-1
170,9,926.00,329.15,85.84,343.35,0.6886,-1,-1,-1
170,14,-18.65,252.37,261.93,776.08,0.9022,-1,-1,-1
170,19,1002.79,373.04,81.46,231.08,0.6332,-1,-1,-1
170,20,584.04,386.79,92.44,252.16,0.6201,-1,-1,-1
170,21,682.06,353.51,84.24,286.80,0.7918,-1,-1,-1
171,2,771.44,246.32,193.03,612.88,0.8563,-1,-1,-1
171,5,1084.87,290.38,187.59,508.39,0.8685,-1,-1,-1
171,9,925.24,328.59,86.29,346.48,0.7115,-1,-1,-1
171,14,-24.46,246.79,261.67,789.07,0.9018,-1,-1,-1
171,19,1002.83,368.41,81.04,230.98,0.6707,-1,-1,-1
171,20,579.00,383.33,94.16,258.04,0.6402,-1,-1,-1
171,21,676.29,352.47,87.34,291.12,0.8041,-1,-1,-1
172,2,770.98,246.52,193.14,616.46,0.8505,-1,-1,-1
172,5,1082.27,290.01,189.44,509.15,0.8735,-1,-1,-1
172,9,925.80,335.22,83.78,337.31,0.6798,-1,-1,-1
172,14,-29.58,241.67,259.55,800.07,0.8958,-1,-1,-1
172,19,1001.11,367.07,80.64,230.39,0.6558,-1,-1,-1
172,20,574.83,383.81,95.52,260.69,0.6855,-1,-1,-1
172,21,671.69,350.92,90.56,294.81,0.8317,-1,-1,-1
173,2,770.98,245.34,192.76,619.68,0.8552,-1,-1,-1
173,5,1079.59,289.04,191.28,510.89,0.8676,-1,-1,-1
173,9,924.22,336.17,82.89,335.77,0.6678,-1,-1,-1
173,14,-33.98,236.50,257.63,814.83,0.8878,-1,-1,-1
173,19,1001.59,370.48,78.58,224.14,0.6627,-1,-1,-1
173,20,569.12,384.84,96.67,261.87,0.7057,-1,-1,-1
173,21,669.21,348.33,94.01,298.34,0.8321,-1,-1,-1
174,2,771.06,245.52,192.42,621.97,0.8592,-1,-1,-1
174,5,1080.00,288.64,193.73,514.59,0.8719,-1,-1,-1
174,9,924.61,335.72,82.49,336.27,0.6463,-1,-1,-1
174,14,-36.58,232.12,254.56,827.67,0.8844,-1,-1,-1
174,19,1000.89,368.11,79.24,226.92,0.6675,-1,-1,-1
174,20,561.78,381.48,98.51,268.13,0.6958,-1,-1,-1
174,21,667.52,345.95,97.29,300.97,0.8182,-1,-1,-1
175,2,772.44,246.51,192.17,626.10,0.8637,-1,-1,-1
175,5,1081.71,288.63,196.04,518.72,0.8729,-1,-1,-1
175,9,925.98,331.50,82.96,340.58,0.6395,-1,-1,-1
175,14,-38.18,227.04,250.24,837.94,0.8854,-1,-1,-1
175,19,1001.12,367.49,79.78,229.65,0.6663,-1,-1,-1
175,20,557.52,379.60,99.58,272.16,0.6820,-1,-1,-1
175,21,665.89,344.88,100.70,303.76,0.8186,-1,-1,-1
176,2,775.95,251.38,191.03,627.73,0.8478,-1,-1,-1
176,5,1084.46,289.16,197.17,520.10,0.8721,-1,-1,-1
176,9,927.12,327.25,83.11,345.25,0.6373,-1,-1,-1
176,14,-38.82,225.51,245.09,846.10,0.8836,-1,-1,-1
176,19,1003.68,365.97,79.78,231.27,0.6799,-1,-1,-1
176,20,554.23,378.51,100.92,275.91,0.7237,-1,-1,-1
176,21,663.93,344.75,104.47,309.08,0.8107,-1,-1,-1
177,2,779.16,256.05,189.54,627.25,0.8483,-1,-1,-1
177,5,1087.46,290.07,197.26,518.71,0.8748,-1,-1,-1
177,9,926.33,324.81,81.92,348.11,0.5903,-1,-1,-1
177,14,-40.03,223.92,239.07,853.06,0.8760,-1,-1,-1
177,19,1005.80,367.17,78.92,229.85,0.6887,-1,-1,-1
177,20,553.00,379.07,101.06,275.87,0.7126,-1,-1,-1
177,21,662.74,345.15,107.13,311.34,0.8152,-1,-1,-1
178,2,783.51,260.44,188.14,626.15,0.8574,-1,-1,-1
178,5,1091.24,290.02,199.42,522.77,0.8788,-1,-1,-1
178,9,928.29,326.94,80.24,351.23,0.4079,-1,-1,-1
178,14,-40.26,221.61,232.28,857.50,0.8740,-1,-1,-1
178,19,1010.05,369.47,78.24,228.98,0.6444,-1,-1,-1
178,20,552.13,379.17,101.59,277.69,0.7328,-1,-1,-1
178,21,662.93,347.16,110.30,314.20,0.8253,-1,-1,-1
179,2,786.60,262.74,186.79,624.95,0.8564,-1,-1,-1
179,5,1096.39,288.27,200.73,526.29,0.8803,-1,-1,-1
179,9,926.27,309.40,82.41,365.76,0.5756,-1,-1,-1
179,14,-40.59,224.16,223.51,855.69,0.8739,-1,-1,-1
179,19,1013.51,373.13,76.67,224.58,0.6751,-1,-1,-1
179,20,551.37,379.16,102.43,280.03,0.7101,-1,-1,-1
179,21,662.84,348.66,113.41,315.33,0.8254,-1,-1,-1
180,2,791.91,265.93,184.79,619.38,0.8630,-1,-1,-1
180,5,1102.40,289.69,200.35,524.70,0.8717,-1,-1,-1
180,9,931.50,316.33,78.59,358.09,0.3246,-1,-1,-1
180,14,-40.82,227.90,214.30,852.59,0.8652,-1,-1,-1
180,19,1017.38,380.77,74.52,218.08,0.6105,-1,-1,-1
180,20,551.34,378.62,103.73,283.41,0.7641,-1,-1,-1
180,21,662.19,350.29,115.69,316.25,0.7987,-1,-1,-1
181,2,795.18,266.15,184.47,618.50,0.8678,-1,-1,-1
181,5,1109.13,286.24,200.77,527.03,0.8748,-1,-1,-1
181,9,933.24,312.58,77.17,359.82,0.3641,-1,-1,-1
181,14,-38.05,249.16,201.40,831.33,0.8625,-1,-1,-1
181,19,1018.46,374.47,76.78,224.89,0.6325,-1,-1,-1
181,20,551.97,380.88,103.97,284.18,0.7259,-1,-1,-1
181,21,662.15,350.84,118.85,319.87,0.8163,-1,-1,-1
182,2,796.87,265.71,184.30,617.68,0.8722,-1,-1,-1
182,5,1116.28,285.95,200.41,527.05,0.8726,-1,-1,-1
182,9,936.66,312.84,76.07,360.80,0.4416,-1,-1,-1
182,14,-35.54,275.38,188.01,805.36,0.8565,-1,-1,-1
182,19,1022.61,377.04,76.17,221.56,0.7335,-1,-1,-1
182,20,553.70,382.35,105.06,286.59,0.7499,-1,-1,-1
182,21,661.43,351.16,121.63,323.16,0.8205,-1,-1,-1
183,2,801.89,264.33,183.72,612.58,0.8732,-1,-1,-1
183,5,1125.54,283.44,197.96,522.16,0.8705,-1,-1,-1
183,9,940.70,313.72,74.32,357.16,0.3319,-1,-1,-1
183,14,-34.21,301.85,174.52,777.89,0.8433,-1,-1,-1
183,19,1026.30,382.25,75.19,216.86,0.6706,-1,-1,-1
183,20,554.36,385.31,105.52,287.23,0.7397,-1,-1,-1
183,21,662.53,349.58,124.33,325.04,0.8300,-1,-1,-1
184,2,806.69,264.91,181.83,601.72,0.8759,-1,-1,-1
184,5,1131.16,282.60,196.05,517.69,0.8755,-1,-1,-1
184,9,945.02,307.84,75.26,366.06,0.4225,-1,-1,-1
184,14,-30.54,358.87,155.28,719.59,0.8429,-1,-1,-1
184,19,1031.20,381.80,76.74,220.34,0.6438,-1,-1,-1
184,20,556.29,388.23,105.51,285.46,0.7550,-1,-1,-1
184,21,666.17,348.05,127.02,327.53,0.8309,-1,-1,-1
185,2,808.26,263.17,182.26,598.89,0.8585,-1,-1,-1
185,5,1137.60,282.84,194.52,513.99,0.8707,-1,-1,-1
185,9,952.70,310.65,74.53,364.36,0.6058,-1,-1,-1
185,14,-29.22,384.26,143.58,693.20,0.8066,-1,-1,-1
185,19,1036.28,384.00,76.01,217.87,0.6756,-1,-1,-1
185,20,559.70,390.01,106.83,286.14,0.7165,-1,-1,-1
185,21,668.84,335.17,133.22,343.30,0.8513,-1,-1,-1
186,2,808.56,259.31,184.23,602.72,0.8642,-1,-1,-1
186,5,1144.28,283.86,193.73,514.26,0.8792,-1,-1,-1
186,9,957.83,315.77,73.18,360.78,0.5453,-1,-1,-1
186,14,-26.92,397.20,135.47,679.94,0.7608,-1,-1,-1
186,19,1039.52,384.04,76.71,218.11,0.6856,-1,-1,-1
186,20,561.62,390.71,108.60,287.91,0.7527,-1,-1,-1
186,21,669.39,327.64,137.18,353.53,0.8471,-1,-1,-1
187,2,810.50,255.47,185.51,603.71,0.8674,-1,-1,-1
187,5,1149.92,280.73,194.90,519.09,0.8826,-1,-1,-1
187,9,965.25,337.68,68.03,338.93,0.3711,-1,-1,-1
187,19,1042.98,380.14,77.53,219.92,0.7038,-1,-1,-1
187,20,562.55,387.43,111.77,293.00,0.7652,-1,-1,-1
187,21,671.02,327.49,137.32,353.40,0.8511,-1,-1,-1
188,2,809.51,253.26,187.76,605.84,0.8690,-1,-1,-1
188,5,1152.84,279.37,194.76,520.18,0.8860,-1,-1,-1
188,19,1041.80,377.88,79.02,222.41,0.7109,-1,-1,-1
188,20,562.55,385.99,113.61,294.44,0.7757,-1,-1,-1
188,21,670.23,325.58,137.75,353.95,0.8549,-1,-1,-1
189,2,807.33,252.74,190.13,609.02,0.8673,-1,-1,-1
189,5,1154.85,276.80,194.40,522.78,0.8822,-1,-1,-1
189,19,1041.26,376.01,80.01,223.66,0.7259,-1,-1,-1
189,20,561.31,383.01,116.47,297.93,0.7088,-1,-1,-1
189,21,668.91,324.53,138.96,356.23,0.8495,-1,-1,-1
190,2,807.66,251.67,191.84,612.09,0.8584,-1,-1,-1
190,5,1156.41,275.47,194.61,526.00,0.8806,-1,-1,-1
190,19,1039.01,376.11,80.65,222.17,0.7129,-1,-1,-1
190,20,558.93,380.77,119.97,301.22,0.7273,-1,-1,-1
190,21,669.72,322.88,140.02,359.97,0.8446,-1,-1,-1
191,2,807.80,252.41,193.58,616.46,0.8553,-1,-1,-1
191,5,1157.86,277.06,194.55,528.44,0.8796,-1,-1,-1
191,19,1038.45,374.58,82.30,224.73,0.6989,-1,-1,-1
191,20,554.45,378.82,122.89,305.03,0.6629,-1,-1,-1
191,21,669.48,323.46,140.34,361.98,0.8073,-1,-1,-1
192,2,810.03,257.72,193.73,617.74,0.8579,-1,-1,-1
192,5,1157.57,282.52,193.53,528.42,0.8861,-1,-1,-1
192,19,1036.90,377.21,82.59,223.38,0.7029,-1,-1,-1
192,20,539.13,377.78,121.64,307.32,0.7031,-1,-1,-1
192,21,667.45,324.34,140.68,362.83,0.8327,-1,-1,-1
193,2,810.80,262.43,193.79,617.67,0.8681,-1,-1,-1
193,5,1155.96,284.25,192.87,530.55,0.8836,-1,-1,-1
193,19,1034.43,376.43,84.05,226.08,0.6982,-1,-1,-1
193,20,538.47,377.11,123.15,309.00,0.6637,-1,-1,-1
193,21,663.15,328.14,141.21,361.92,0.7862,-1,-1,-1
194,2,810.08,266.68,193.59,615.19,0.8654,-1,-1,-1
194,5,1153.79,286.83,192.44,533.78,0.8792,-1,-1,-1
194,19,1035.03,377.67,84.40,226.95,0.7260,-1,-1,-1
194,20,534.79,377.20,125.35,312.65,0.7530,-1,-1,-1
194,21,659.32,330.58,142.75,365.05,0.8255,-1,-1,-1
195,2,809.13,272.25,193.75,611.53,0.8796,-1,-1,-1
195,5,1150.43,289.98,191.11,534.52,0.8688,-1,-1,-1
195,19,1031.56,380.01,84.67,225.92,0.7374,-1,-1,-1
195,20,521.30,379.30,125.35,316.02,0.7483,-1,-1,-1
195,21,652.49,335.04,144.60,367.48,0.8444,-1,-1,-1
196,2,805.62,271.66,195.70,614.17,0.8865,-1,-1,-1
196,5,1145.18,293.27,190.35,536.54,0.8562,-1,-1,-1
196,19,1027.48,382.83,84.92,224.10,0.7186,-1,-1,-1
196,20,512.12,379.47,126.43,321.87,0.7627,-1,-1,-1
196,21,648.40,340.19,145.16,367.11,0.8285,-1,-1,-1
197,2,803.25,271.87,197.16,614.90,0.8946,-1,-1,-1
197,5,1140.08,294.72,188.90,536.84,0.8556,-1,-1,-1
197,19,1024.18,386.79,85.19,222.48,0.7606,-1,-1,-1
197,20,503.66,381.97,126.14,324.09,0.7714,-1,-1,-1
197,21,640.56,341.81,146.93,369.74,0.8226,-1,-1,-1
198,2,802.58,273.04,198.32,615.56,0.8890,-1,-1,-1
198,5,1136.41,296.74,185.90,530.30,0.8549,-1,-1,-1
198,19,1020.25,390.01,85.40,221.25,0.7204,-1,-1,-1
198,20,493.72,384.50,127.34,329.57,0.7919,-1,-1,-1
198,21,628.48,343.16,149.77,374.50,0.8376,-1,-1,-1
199,2,806.55,275.68,194.03,600.96,0.8820,-1,-1,-1
199,5,1130.99,297.89,188.24,539.81,0.8627,-1,-1,-1
199,19,1015.59,395.75,84.44,216.65,0.7434,-1,-1,-1
199,20,486.71,387.40,127.89,332.51,0.8202,-1,-1,-1
199,21,614.67,346.91,153.54,381.20,0.8336,-1,-1,-1
200,2,806.73,279.88,191.56,589.54,0.8845,-1,-1,-1
200,5,1125.12,299.43,188.35,541.50,0.8619,-1,-1,-1
200,19,1013.00,403.82,82.83,211.00,0.6664,-1,-1,-1
200,20,480.34,391.73,129.48,335.86,0.7002,-1,-1,-1
200,21,608.57,348.91,154.26,383.85,0.8438,-1,-1,-1
201,2,804.35,281.26,191.46,588.12,0.8868,-1,-1,-1
201,5,1119.74,303.05,186.20,534.22,0.8699,-1,-1,-1
201,19,1008.12,397.64,85.40,219.14,0.7350,-1,-1,-1
201,20,466.26,394.98,128.06,335.50,0.7716,-1,-1,-1
201,21,592.69,348.23,155.79,384.78,0.7975,-1,-1,-1
202,2,799.34,281.77,192.49,591.00,0.8919,-1,-1,-1
202,5,1114.43,304.29,186.14,532.62,0.8721,-1,-1,-1
202,19,1005.00,403.43,83.69,215.65,0.6839,-1,-1,-1
202,20,458.96,398.66,128.34,335.65,0.8075,-1,-1,-1
202,21,584.22,347.12,157.06,389.06,0.8090,-1,-1,-1
203,2,797.68,282.38,192.63,593.59,0.8817,-1,-1,-1
203,5,1110.37,304.90,186.70,532.20,0.8731,-1,-1,-1
203,19,1001.36,407.83,83.34,215.09,0.7236,-1,-1,-1
203,20,439.85,397.60,128.85,342.95,0.6158,-1,-1,-1
203,21,577.25,345.35,159.27,395.60,0.8280,-1,-1,-1
204,2,799.10,284.57,191.47,595.26,0.8649,-1,-1,-1
204,5,1106.89,304.38,186.86,531.25,0.8712,-1,-1,-1
204,19,1000.61,412.08,83.15,216.31,0.7367,-1,-1,-1
204,20,437.10,398.86,131.35,346.35,0.7255,-1,-1,-1
204,21,571.26,344.95,159.85,397.86,0.8171,-1,-1,-1
205,2,799.67,286.24,190.33,597.00,0.8644,-1,-1,-1
205,5,1105.27,304.29,187.08,530.08,0.8741,-1,-1,-1
205,19,999.51,414.15,82.02,214.89,0.7010,-1,-1,-1
205,20,430.63,399.38,133.66,348.96,0.7800,-1,-1,-1
205,21,562.44,344.11,160.07,400.37,0.8010,-1,-1,-1
205,22,758.26,397.70,69.43,244.27,0.6578,-1,-1,-1
206,2,799.85,287.86,189.09,598.73,0.8670,-1,-1,-1
206,5,1104.05,306.56,188.59,531.13,0.8667,-1,-1,-1
206,19,998.62,415.92,80.82,212.11,0.6888,-1,-1,-1
206,20,424.56,397.99,136.49,352.50,0.7962,-1,-1,-1
206,21,556.14,343.15,161.12,404.51,0.8320,-1,-1,-1
206,22,755.98,396.72,70.51,248.18,0.6906,-1,-1,-1
207,2,800.26,289.34,187.30,598.46,0.8645,-1,-1,-1
207,5,1102.18,307.79,190.68,533.00,0.8681,-1,-1,-1
207,19,997.92,415.41,81.03,213.56,0.6986,-1,-1,-1
207,20,416.96,396.31,138.86,356.13,0.8315,-1,-1,-1
207,21,550.76,343.93,162.12,406.99,0.8532,-1,-1,-1
207,22,754.35,396.06,70.72,248.81,0.6905,-1,-1,-1
208,2,800.86,290.30,185.46,598.06,0.8560,-1,-1,-1
208,5,1100.27,305.69,193.83,537.90,0.8680,-1,-1,-1
208,19,999.37,411.90,80.01,212.20,0.7247,-1,-1,-1
208,20,407.37,395.49,140.15,358.52,0.8411,-1,-1,-1
208,21,544.53,338.36,164.23,413.16,0.8587,-1,-1,-1
208,22,753.68,394.19,71.20,250.46,0.6877,-1,-1,-1
209,2,800.75,291.58,183.99,598.09,0.8554,-1,-1,-1
209,5,1100.13,305.61,196.24,540.91,0.8675,-1,-1,-1
209,19,999.11,406.29,80.70,215.49,0.7160,-1,-1,-1
209,20,401.35,392.73,142.14,362.21,0.8272,-1,-1,-1
209,21,539.23,336.30,167.33,419.26,0.8638,-1,-1,-1
209,22,752.61,393.97,71.41,251.86,0.6307,-1,-1,-1
210,2,800.04,294.25,182.80,597.50,0.8648,-1,-1,-1
210,5,1101.26,308.02,197.53,540.52,0.8719,-1,-1,-1
210,19,999.55,404.98,80.66,216.16,0.5573,-1,-1,-1
210,20,393.89,390.47,143.84,365.75,0.8246,-1,-1,-1
210,21,534.90,338.51,169.53,422.61,0.8501,-1,-1,-1
210,22,748.95,392.98,72.12,254.44,0.6420,-1,-1,-1
211,2,799.48,294.51,182.67,599.88,0.8701,-1,-1,-1
211,5,1101.06,309.75,199.83,543.94,0.8726,-1,-1,-1
211,19,1001.84,414.97,76.75,206.03,0.5491,-1,-1,-1
211,20,386.31,389.70,144.94,367.70,0.8250,-1,-1,-1
211,21,525.48,331.80,176.23,437.21,0.8324,-1,-1,-1
211,22,745.68,393.60,72.90,257.42,0.6483,-1,-1,-1
212,2,797.98,293.28,182.92,600.27,0.8608,-1,-1,-1
212,5,1101.26,313.57,200.59,542.09,0.8651,-1,-1,-1
212,19,998.97,408.10,79.79,214.82,0.6687,-1,-1,-1
212,20,376.23,389.47,147.16,374.54,0.8260,-1,-1,-1
212,21,514.36,331.03,181.82,446.42,0.8214,-1,-1,-1
212,22,743.32,394.65,73.46,259.00,0.6523,-1,-1,-1
213,2,794.83,293.77,182.95,600.25,0.8643,-1,-1,-1
213,5,1100.02,312.20,202.81,545.47,0.8610,-1,-1,-1
213,19,996.28,404.42,81.65,219.95,0.7168,-1,-1,-1
213,20,368.04,390.31,150.78,384.07,0.8420,-1,-1,-1
213,21,510.89,337.30,182.77,446.06,0.8368,-1,-1,-1
213,22,739.08,396.02,74.16,262.61,0.6698,-1,-1,-1
214,2,793.41,297.75,181.24,592.99,0.8605,-1,-1,-1
214,5,1100.22,317.26,203.81,545.56,0.8704,-1,-1,-1
214,19,995.75,409.15,81.70,219.47,0.7440,-1,-1,-1
214,20,362.30,395.03,152.88,390.14,0.8434,-1,-1,-1
214,21,507.58,341.86,184.69,448.97,0.8454,-1,-1,-1
214,22,737.01,400.94,73.46,261.25,0.6716,-1,-1,-1
215,2,792.63,295.25,180.02,585.58,0.8647,-1,-1,-1
215,5,1101.20,314.79,206.59,552.68,0.8721,-1,-1,-1
215,19,995.46,407.49,82.89,221.84,0.7162,-1,-1,-1
215,20,356.96,396.31,154.66,396.00,0.8482,-1,-1,-1
215,21,504.53,341.64,187.79,455.11,0.8642,-1,-1,-1
215,22,735.77,401.34,72.98,260.88,0.6939,-1,-1,-1
216,2,791.40,292.98,181.59,586.98,0.8661,-1,-1,-1
216,5,1105.69,312.16,207.69,558.04,0.8832,-1,-1,-1
216,19,1000.54,412.04,81.28,217.83,0.7528,-1,-1,-1
216,20,353.00,396.97,156.22,401.84,0.8468,-1,-1,-1
216,21,500.26,338.60,191.70,464.78,0.8712,-1,-1,-1
216,22,737.17,400.95,72.30,259.97,0.6173,-1,-1,-1
217,2,791.06,291.39,183.18,588.27,0.8724,-1,-1,-1
217,5,1110.95,310.10,207.67,559.73,0.8829,-1,-1,-1
217,19,1005.33,416.13,80.36,215.04,0.7733,-1,-1,-1
217,20,350.90,397.71,156.19,403.43,0.8455,-1,-1,-1
217,21,497.85,335.05,194.71,473.07,0.8698,-1,-1,-1
217,22,738.61,399.27,73.30,265.58,0.6353,-1,-1,-1
218,2,793.40,290.53,184.83,590.63,0.8777,-1,-1,-1
218,5,1118.14,312.13,205.02,554.77,0.8742,-1,-1,-1
218,19,1010.04,422.04,78.55,209.52,0.7528,-1,-1,-1
218,20,350.54,397.53,158.29,408.99,0.8515,-1,-1,-1
218,21,496.57,328.75,197.73,483.13,0.8720,-1,-1,-1
218,22,741.61,397.97,73.61,269.63,0.6781,-1,-1,-1
219,2,797.16,290.81,186.10,591.82,0.8762,-1,-1,-1
219,5,1125.82,313.28,202.54,549.49,0.8746,-1,-1,-1
219,19,1014.54,420.82,80.47,214.62,0.7159,-1,-1,-1
219,20,351.82,397.17,160.85,414.26,0.8510,-1,-1,-1
219,21,498.79,325.13,198.88,488.60,0.8773,-1,-1,-1
219,22,744.87,398.01,73.77,272.61,0.6841,-1,-1,-1
220,2,798.54,294.44,187.47,592.63,0.8704,-1,-1,-1
220,5,1132.33,314.21,201.20,546.93,0.8721,-1,-1,-1
220,19,1018.75,420.22,81.00,216.05,0.7220,-1,-1,-1
220,20,352.83,395.89,162.71,417.53,0.8581,-1,-1,-1
220,21,501.53,323.16,199.25,492.33,0.8668,-1,-1,-1
220,22,747.88,398.51,73.86,273.31,0.6722,-1,-1,-1
221,2,804.04,297.23,189.16,594.78,0.8588,-1,-1,-1
221,5,1141.60,314.78,200.79,546.15,0.8733,-1,-1,-1
221,19,1024.17,422.57,80.62,214.94,0.7112,-1,-1,-1
221,20,352.53,391.79,165.49,423.15,0.8507,-1,-1,-1
221,21,502.64,319.45,200.06,497.35,0.8653,-1,-1,-1
221,22,751.92,397.19,74.76,276.41,0.7016,-1,-1,-1
222,2,808.47,299.48,190.46,597.27,0.8566,-1,-1,-1
222,5,1149.72,317.44,199.95,545.90,0.8892,-1,-1,-1
222,19,1026.02,423.65,81.75,216.22,0.7122,-1,-1,-1
222,20,351.52,388.22,167.91,428.09,0.8545,-1,-1,-1
222,21,503.45,316.24,201.05,502.96,0.8747,-1,-1,-1
222,22,756.25,397.12,75.48,278.06,0.7172,-1,-1,-1
223,2,815.43,302.11,190.40,596.62,0.8708,-1,-1,-1
223,5,1156.91,317.72,199.49,547.39,0.8806,-1,-1,-1
223,19,1031.22,421.93,82.12,218.52,0.7051,-1,-1,-1
223,20,349.76,386.32,169.72,431.03,0.8504,-1,-1,-1
223,21,505.17,313.30,200.70,504.09,0.8739,-1,-1,-1
223,22,759.86,396.18,76.25,279.61,0.7202,-1,-1,-1
224,2,822.45,304.61,190.15,594.50,0.8797,-1,-1,-1
224,5,1162.45,313.73,200.37,553.35,0.8861,-1,-1,-1
224,19,1036.31,419.98,82.18,219.07,0.7568,-1,-1,-1
224,20,348.08,385.20,170.65,432.49,0.8485,-1,-1,-1
224,21,504.52,307.09,203.18,512.23,0.8765,-1,-1,-1
224,22,762.18,393.83,78.06,284.49,0.8185,-1,-1,-1
225,2,829.08,304.57,190.96,593.90,0.8805,-1,-1,-1
225,5,1169.33,313.90,199.75,554.79,0.8826,-1,-1,-1
225,19,1039.15,420.93,81.45,216.83,0.7665,-1,-1,-1
225,20,345.68,384.40,171.41,435.38,0.8530,-1,-1,-1
225,21,503.14,301.78,206.83,523.12,0.8707,-1,-1,-1
225,22,764.32,393.37,79.60,286.58,0.8125,-1,-1,-1
226,2,837.44,303.08,190.08,589.21,0.8722,-1,-1,-1
226,5,1173.49,313.73,199.35,557.30,0.8712,-1,-1,-1
226,19,1040.31,422.45,80.74,214.19,0.7551,-1,-1,-1
226,20,340.60,382.46,172.47,438.55,0.8617,-1,-1,-1
226,21,498.81,300.16,210.06,531.86,0.8716,-1,-1,-1
226,22,766.07,393.57,81.42,288.04,0.7940,-1,-1,-1
227,2,841.97,302.19,188.79,582.01,0.8734,-1,-1,-1
227,5,1177.69,314.48,198.67,558.34,0.8638,-1,-1,-1
227,19,1043.84,425.73,79.82,209.80,0.7622,-1,-1,-1
227,20,333.50,379.66,175.24,446.95,0.8501,-1,-1,-1
227,21,492.77,296.75,214.51,543.88,0.8763,-1,-1,-1
227,22,764.72,393.46,83.89,290.25,0.7859,-1,-1,-1
227,23,671.92,403.59,72.85,217.51,0.6699,-1,-1,-1
228,2,843.09,299.94,192.19,592.11,0.8665,-1,-1,-1
228,5,1179.71,315.22,198.87,562.51,0.8641,-1,-1,-1
228,19,1045.46,422.10,81.26,212.59,0.7658,-1,-1,-1
228,20,324.68,373.90,178.35,459.64,0.8496,-1,-1,-1
228,21,482.09,292.56,219.36,552.94,0.8746,-1,-1,-1
228,22,764.17,393.21,86.56,292.93,0.7976,-1,-1,-1
228,23,669.26,401.34,75.30,224.62,0.6484,-1,-1,-1
229,2,846.99,297.71,192.00,592.56,0.8580,-1,-1,-1
229,5,1180.30,316.29,198.52,564.93,0.8665,-1,-1,-1
229,19,1047.52,421.26,81.48,212.85,0.7604,-1,-1,-1
229,20,314.69,370.00,180.73,471.10,0.8458,-1,-1,-1
229,21,475.93,290.60,221.50,556.67,0.8691,-1,-1,-1
229,22,762.71,393.48,88.88,295.84,0.8026,-1,-1,-1
229,23,666.08,400.90,76.20,226.87,0.6377,-1,-1,-1
230,2,853.06,297.49,189.55,585.61,0.8512,-1,-1,-1
230,5,1181.42,316.75,197.56,565.42,0.8679,-1,-1,-1
230,19,1048.29,419.90,82.09,215.06,0.7609,-1,-1,-1
230,20,305.80,370.45,183.44,480.58,0.8696,-1,-1,-1
230,21,463.52,289.98,226.96,566.09,0.8506,-1,-1,-1
230,22,761.70,395.15,90.59,297.57,0.8083,-1,-1,-1
230,23,662.69,398.46,78.02,231.38,0.6842,-1,-1,-1
231,2,859.00,298.30,186.59,578.01,0.8567,-1,-1,-1
231,5,1181.40,316.27,197.14,567.27,0.8617,-1,-1,-1
231,19,1047.82,417.82,82.86,217.83,0.7491,-1,-1,-1
231,20,294.35,374.06,183.73,482.76,0.8452,-1,-1,-1
231,21,453.60,288.33,233.54,578.90,0.8316,-1,-1,-1
231,22,760.69,395.52,92.37,300.15,0.8188,-1,-1,-1
231,23,658.04,397.63,82.18,242.59,0.6946,-1,-1,-1
232,2,861.40,298.57,185.06,574.96,0.8496,-1,-1,-1
232,5,1179.97,316.45,197.03,570.13,0.8625,-1,-1,-1
232,19,1046.09,420.69,81.90,215.83,0.7542,-1,-1,-1
232,20,276.96,372.94,186.49,492.53,0.8270,-1,-1,-1
232,21,443.39,287.03,237.92,588.43,0.8571,-1,-1,-1
232,22,756.69,398.87,93.56,300.85,0.8368,-1,-1,-1
232,23,649.96,398.00,88.69,261.42,0.7757,-1,-1,-1
233,2,857.89,300.76,186.39,580.26,0.8623,-1,-1,-1
233,5,1177.33,317.78,198.00,575.48,0.8611,-1,-1,-1
233,19,1043.04,421.68,82.65,218.71,0.7542,-1,-1,-1
233,20,258.83,370.90,191.93,506.74,0.8721,-1,-1,-1
233,21,430.34,284.68,243.82,602.84,0.8819,-1,-1,-1
233,22,746.91,396.34,96.70,305.83,0.8272,-1,-1,-1
233,23,640.06,403.11,93.70,276.06,0.7755,-1,-1,-1
234,2,856.91,302.48,187.03,583.32,0.8706,-1,-1,-1
234,5,1174.11,320.71,197.74,575.71,0.8715,-1,-1,-1
234,19,1038.69,425.11,82.42,218.36,0.7213,-1,-1,-1
234,20,246.38,368.48,195.97,519.50,0.8781,-1,-1,-1
234,21,413.62,281.11,248.06,614.87,0.8917,-1,-1,-1
234,22,741.38,392.89,99.22,311.22,0.8215,-1,-1,-1
234,23,632.15,403.50,97.22,286.55,0.7805,-1,-1,-1
235,2,855.76,303.86,187.81,586.84,0.8744,-1,-1,-1
235,5,1167.41,321.10,198.43,577.40,0.8778,-1,-1,-1
235,19,1037.02,426.37,81.86,217.67,0.7092,-1,-1,-1
235,20,230.84,364.94,199.50,531.68,0.8850,-1,-1,-1
235,21,397.63,274.70,251.94,625.55,0.8765,-1,-1,-1
235,22,731.53,391.83,101.24,314.22,0.8083,-1,-1,-1
235,23,624.27,404.37,98.79,291.95,0.7867,-1,-1,-1
236,2,855.12,306.41,187.74,588.88,0.8761,-1,-1,-1
236,5,1162.25,322.85,199.03,577.38,0.8717,-1,-1,-1
236,19,1034.45,428.31,81.04,215.02,0.6683,-1,-1,-1
236,20,217.48,363.07,201.01,537.42,0.8437,-1,-1,-1
236,21,383.44,270.25,254.49,635.25,0.8691,-1,-1,-1
236,22,726.13,392.01,103.16,318.43,0.7960,-1,-1,-1
236,23,614.37,405.42,102.09,302.05,0.8305,-1,-1,-1
237,2,855.02,310.45,186.77,588.99,0.8785,-1,-1,-1
237,5,1159.62,324.58,198.69,573.07,0.8788,-1,-1,-1
237,19,1033.26,428.18,81.65,218.18,0.6896,-1,-1,-1
237,20,203.80,361.09,202.92,543.66,0.8654,-1,-1,-1
237,21,371.08,266.31,256.19,643.10,0.8657,-1,-1,-1
237,22,718.03,392.84,105.65,321.90,0.7992,-1,-1,-1
237,23,606.32,406.19,103.40,306.93,0.7909,-1,-1,-1
238,2,853.50,312.47,186.28,591.61,0.8762,-1,-1,-1
238,5,1157.03,328.06,198.23,566.69,0.8780,-1,-1,-1
238,19,1033.00,427.67,81.87,221.01,0.5363,-1,-1,-1
238,20,188.52,354.07,206.33,555.40,0.8589,-1,-1,-1
238,21,354.56,261.20,259.21,655.98,0.8688,-1,-1,-1
238,22,715.70,389.73,107.59,326.36,0.8140,-1,-1,-1
238,23,599.24,406.39,104.21,309.38,0.7959,-1,-1,-1
239,2,852.14,316.98,184.94,591.14,0.8674,-1,-1,-1
239,5,1153.78,328.25,199.07,564.97,0.8812,-1,-1,-1
239,19,1028.73,427.36,81.94,224.31,0.5558,-1,-1,-1
239,20,171.89,350.58,208.15,564.76,0.8871,-1,-1,-1
239,21,338.30,257.79,261.46,662.96,0.8638,-1,-1,-1
239,22,708.50,388.19,109.90,330.57,0.8319,-1,-1,-1
239,23,591.82,405.57,105.45,314.10,0.7616,-1,-1,-1
240,2,847.16,321.44,183.23,590.14,0.8587,-1,-1,-1
240,5,1146.87,327.97,201.59,567.13,0.8883,-1,-1,-1
240,19,1026.96,431.76,82.10,227.21,0.5879,-1,-1,-1
240,20,153.06,346.60,211.06,574.40,0.8435,-1,-1,-1
240,21,319.71,253.30,266.42,671.07,0.8766,-1,-1,-1
240,22,702.42,387.91,111.89,334.31,0.8188,-1,-1,-1
240,23,586.23,406.72,105.82,316.30,0.7664,-1,-1,-1
241,2,840.94,323.35,181.69,589.69,0.8660,-1,-1,-1
241,5,1140.73,327.20,203.95,570.06,0.8764,-1,-1,-1
241,19,1021.11,428.85,81.88,226.81,0.4998,-1,-1,-1
241,20,137.07,346.47,211.36,576.05,0.8463,-1,-1,-1
241,21,305.26,250.28,268.75,678.05,0.8830,-1,-1,-1
241,22,696.94,389.03,113.18,335.60,0.8160,-1,-1,-1
241,23,577.28,407.06,107.61,323.15,0.8254,-1,-1,-1
242,2,832.67,324.50,180.35,588.92,0.8503,-1,-1,-1
242,5,1136.30,328.29,205.15,570.37,0.8684,-1,-1,-1
242,19,1013.27,425.84,83.02,231.51,0.5242,-1,-1,-1
242,20,111.95,341.50,217.33,588.34,0.8461,-1,-1,-1
242,21,287.43,246.08,275.02,692.84,0.8867,-1,-1,-1
242,22,688.62,389.41,114.84,338.29,0.8128,-1,-1,-1
242,23,568.09,405.09,108.97,328.85,0.8342,-1,-1,-1
243,2,825.01,321.24,180.35,591.03,0.8415,-1,-1,-1
243,5,1130.15,329.34,206.32,571.49,0.8706,-1,-1,-1
243,19,1006.46,426.21,84.99,239.29,0.5489,-1,-1,-1
243,20,90.65,338.69,221.65,597.14,0.8168,-1,-1,-1
243,21,262.61,241.74,285.30,713.97,0.8871,-1,-1,-1
243,22,682.11,389.43,116.19,342.59,0.8159,-1,-1,-1
243,23,557.35,403.58,110.45,332.30,0.8132,-1,-1,-1
244,2,817.25,318.98,180.40,591.72,0.8400,-1,-1,-1
244,5,1123.81,331.75,207.20,571.42,0.8609,-1,-1,-1
244,19,1003.52,426.18,83.65,236.76,0.6817,-1,-1,-1
244,20,67.98,336.15,230.33,620.97,0.8239,-1,-1,-1
244,21,233.35,237.27,301.20,748.26,0.8653,-1,-1,-1
244,22,675.69,391.57,116.18,343.31,0.8387,-1,-1,-1
244,23,546.26,401.36,112.67,338.56,0.7690,-1,-1,-1
245,2,808.11,317.82,179.88,587.97,0.8471,-1,-1,-1
245,5,1118.94,332.93,207.98,571.51,0.8653,-1,-1,-1
245,19,999.95,416.89,84.23,241.01,0.5797,-1,-1,-1
245,20,38.59,335.21,237.05,633.81,0.8574,-1,-1,-1
245,21,215.94,235.65,305.37,752.05,0.8578,-1,-1,-1
245,22,668.14,392.86,117.15,345.80,0.8310,-1,-1,-1
245,23,534.13,399.58,114.91,345.35,0.7877,-1,-1,-1
246,2,801.54,317.22,179.24,580.70,0.8483,-1,-1,-1
246,5,1114.41,333.54,209.39,573.02,0.8730,-1,-1,-1
246,19,996.56,417.89,81.62,235.18,0.6104,-1,-1,-1
246,20,17.75,333.83,240.95,643.44,0.8508,-1,-1,-1
246,21,193.38,232.79,321.63,788.82,0.8850,-1,-1,-1
246,22,657.53,392.42,119.54,351.90,0.8207,-1,-1,-1
246,23,523.89,398.01,117.23,350.87,0.8030,-1,-1,-1
247,2,796.94,317.08,179.90,577.42,0.8436,-1,-1,-1
247,5,1110.39,335.22,210.63,573.55,0.8730,-1,-1,-1
247,19,994.05,427.06,78.10,225.62,0.5127,-1,-1,-1
247,20,0.11,334.67,245.55,655.92,0.8650,-1,-1,-1
247,21,166.21,230.01,333.38,810.36,0.8750,-1,-1,-1
247,22,650.18,393.07,121.32,355.43,0.8231,-1,-1,-1
247,23,513.86,398.20,119.56,358.63,0.7666,-1,-1,-1
248,2,793.46,319.31,181.99,576.91,0.8275,-1,-1,-1
248,5,1104.67,335.92,213.90,580.62,0.8771,-1,-1,-1
248,19,988.92,425.81,80.38,235.07,0.4317,-1,-1,-1
248,20,-11.83,334.72,250.59,674.76,0.8501,-1,-1,-1
248,21,138.84,228.89,340.67,815.67,0.8776,-1,-1,-1
248,22,642.63,396.03,122.60,358.37,0.7830,-1,-1,-1
248,23,503.72,399.26,121.46,366.25,0.8087,-1,-1,-1
249,2,786.23,321.98,183.40,577.88,0.8299,-1,-1,-1
249,5,1102.26,338.08,215.79,585.21,0.8771,-1,-1,-1
249,19,984.29,435.13,81.50,241.49,0.3219,-1,-1,-1
249,20,-24.42,347.13,249.76,685.90,0.8293,-1,-1,-1
249,21,113.61,225.68,351.79,834.84,0.8827,-1,-1,-1
249,22,635.06,395.80,125.69,365.86,0.7800,-1,-1,-1
249,23,495.82,401.91,124.38,375.74,0.7966,-1,-1,-1
250,2,780.82,322.03,185.65,581.73,0.8366,-1,-1,-1
250,5,1101.14,339.37,217.00,588.34,0.8789,-1,-1,-1
250,20,-36.07,344.17,252.79,714.55,0.8306,-1,-1,-1
250,21,93.11,221.46,360.11,849.04,0.8587,-1,-1,-1
250,22,629.88,396.12,128.07,371.86,0.8157,-1,-1,-1
250,23,489.83,405.14,125.56,380.87,0.7876,-1,-1,-1
251,2,777.71,325.56,187.37,584.76,0.8484,-1,-1,-1
251,5,1101.11,339.18,218.03,591.64,0.8795,-1,-1,-1
251,20,-41.72,340.45,250.08,729.60,0.8394,-1,-1,-1
251,21,76.78,217.25,365.35,859.26,0.8853,-1,-1,-1
251,22,626.28,397.80,129.87,375.92,0.8166,-1,-1,-1
251,23,485.25,410.22,126.47,383.17,0.8384,-1,-1,-1
252,2,774.39,328.41,188.94,589.50,0.8512,-1,-1,-1
252,5,1101.79,341.06,218.12,592.30,0.8808,-1,-1,-1
252,20,-46.03,338.75,243.27,736.12,0.8276,-1,-1,-1
252,21,64.58,211.94,368.27,866.75,0.8886,-1,-1,-1
252,22,618.29,399.31,132.68,379.92,0.8205,-1,-1,-1
252,23,479.63,413.27,127.64,384.94,0.8333,-1,-1,-1
253,2,772.64,330.02,190.67,595.05,0.8523,-1,-1,-1
253,5,1104.78,341.21,218.65,595.07,0.8716,-1,-1,-1
253,20,-50.28,336.29,235.16,742.21,0.8348,-1,-1,-1
253,21,57.22,204.16,368.18,870.64,0.9057,-1,-1,-1
253,22,611.62,398.16,134.82,380.28,0.8347,-1,-1,-1
253,23,474.59,413.27,130.05,390.26,0.8361,-1,-1,-1
254,2,773.94,333.39,191.24,595.82,0.8485,-1,-1,-1
254,5,1107.54,340.48,217.51,593.60,0.8703,-1,-1,-1
254,20,-52.21,336.21,224.58,742.01,0.8302,-1,-1,-1
254,21,42.64,198.15,368.85,875.84,0.9119,-1,-1,-1
254,22,609.28,398.86,137.00,381.53,0.8475,-1,-1,-1
254,23,470.05,415.76,132.12,395.86,0.8382,-1,-1,-1
254,19,940.31,395.87,120.29,361.61,0.6339,-1,-1,-1
255,2,778.02,337.91,191.69,594.31,0.8591,-1,-1,-1
255,5,1112.08,339.11,216.57,591.65,0.8780,-1,-1,-1
255,20,-55.21,333.91,214.06,744.78,0.7595,-1,-1,-1
255,21,27.66,190.11,372.11,885.38,0.9113,-1,-1,-1
255,22,607.24,399.45,139.77,384.39,0.8397,-1,-1,-1
255,23,467.25,416.49,133.78,400.77,0.8348,-1,-1,-1
255,19,940.55,395.61,122.91,370.55,0.6908,-1,-1,-1
256,2,783.43,344.56,190.70,590.50,0.8654,-1,-1,-1
256,5,1118.55,340.95,214.89,586.42,0.8771,-1,-1,-1
256,20,-56.31,333.71,202.15,743.02,0.7023,-1,-1,-1
256,21,12.80,180.75,376.77,896.83,0.9073,-1,-1,-1
256,22,604.86,401.34,143.22,388.14,0.8377,-1,-1,-1
256,23,465.53,416.26,136.24,407.05,0.8295,-1,-1,-1
256,19,944.83,395.37,125.03,375.62,0.6646,-1,-1,-1
257,2,789.80,350.49,189.47,584.90,0.8738,-1,-1,-1
257,5,1125.43,341.80,213.19,581.48,0.8827,-1,-1,-1
257,21,3.54,178.67,375.92,894.83,0.9080,-1,-1,-1
257,22,601.72,401.19,147.39,395.45,0.8299,-1,-1,-1
257,23,463.61,416.18,138.20,412.17,0.8237,-1,-1,-1
257,19,952.41,412.16,121.84,361.98,0.5346,-1,-1,-1
258,2,795.05,351.03,189.46,584.64,0.8659,-1,-1,-1
258,5,1131.25,341.16,212.88,581.10,0.8779,-1,-1,-1
258,21,-3.65,174.04,376.87,897.55,0.9188,-1,-1,-1
258,22,598.41,401.10,151.63,403.57,0.8384,-1,-1,-1
258,23,461.43,414.22,139.16,415.54,0.8268,-1,-1,-1
258,19,960.77,430.95,117.25,343.24,0.5035,-1,-1,-1
259,2,798.82,351.45,190.08,586.31,0.8702,-1,-1,-1
259,5,1135.73,340.93,212.51,581.18,0.8936,-1,-1,-1
259,21,-8.01,168.81,378.19,902.07,0.9223,-1,-1,-1
259,22,594.81,403.86,153.57,403.65,0.8511,-1,-1,-1
259,23,457.25,411.40,139.28,416.32,0.8326,-1,-1,-1
259,19,963.45,428.03,119.31,346.90,0.5845,-1,-1,-1
260,2,803.33,349.53,190.71,587.87,0.8502,-1,-1,-1
260,5,1140.08,340.41,213.32,585.93,0.8958,-1,-1,-1
260,21,-11.77,160.83,380.39,910.79,0.9303,-1,-1,-1
260,22,592.10,408.01,155.49,403.24,0.8414,-1,-1,-1
260,23,452.59,408.76,141.14,421.39,0.8239,-1,-1,-1
260,19,972.75,430.58,117.56,342.46,0.5952,-1,-1,-1
261,2,812.21,345.99,187.44,578.73,0.8507,-1,-1,-1
261,5,1143.19,340.45,213.26,588.47,0.9040,-1,-1,-1
261,21,-15.70,152.20,382.21,921.08,0.9334,-1,-1,-1
261,22,590.35,410.35,157.76,405.99,0.8246,-1,-1,-1
261,23,449.18,405.49,142.63,425.39,0.8192,-1,-1,-1
261,19,975.34,430.88,118.26,343.77,0.6731,-1,-1,-1
262,2,818.75,343.28,184.71,571.18,0.8614,-1,-1,-1
262,5,1146.42,339.92,213.01,590.57,0.9056,-1,-1,-1
262,21,-19.98,143.98,382.50,930.33,0.9328,-1,-1,-1
262,22,590.15,411.21,158.82,409.17,0.7842,-1,-1,-1
262,23,444.41,404.12,144.77,432.22,0.8476,-1,-1,-1
262,19,977.51,429.54,119.44,345.75,0.6616,-1,-1,-1
263,2,822.85,342.02,182.48,566.44,0.8498,-1,-1,-1
263,5,1150.19,338.01,212.93,593.50,0.9056,-1,-1,-1
263,21,-25.06,132.21,382.33,941.78,0.9311,-1,-1,-1
263,22,585.84,409.14,161.11,417.40,0.7176,-1,-1,-1
263,23,438.43,401.51,146.89,439.56,0.8473,-1,-1,-1
263,19,982.41,427.44,120.32,347.78,0.6632,-1,-1,-1
264,2,824.14,340.71,181.30,564.30,0.8389,-1,-1,-1
264,5,1153.23,336.48,212.62,595.49,0.8981,-1,-1,-1
264,21,-29.49,123.79,379.11,948.43,0.9193,-1,-1,-1
264,22,581.13,405.55,162.64,424.29,0.7754,-1,-1,-1
264,23,429.57,396.66,151.79,452.54,0.8482,-1,-1,-1
264,19,985.91,422.79,123.08,353.01,0.6286,-1,-1,-1
265,2,824.89,333.00,180.97,567.23,0.8412,-1,-1,-1
265,5,1155.14,334.68,212.49,597.82,0.8976,-1,-1,-1
265,21,-35.05,115.17,374.29,954.83,0.8963,-1,-1,-1
265,22,576.97,399.39,161.41,425.06,0.7812,-1,-1,-1
265,23,420.44,395.15,154.26,456.49,0.8464,-1,-1,-1
265,19,993.69,416.37,124.66,357.34,0.7844,-1,-1,-1
265,25,786.69,445.51,61.49,226.91,0.6921,-1,-1,-1
266,2,826.13,326.63,181.66,574.06,0.8497,-1,-1,-1
266,5,1156.41,332.40,212.55,600.84,0.8978,-1,-1,-1
266,21,-40.03,116.00,363.24,948.37,0.8295,-1,-1,-1
266,22,570.92,392.53,161.61,428.23,0.7627,-1,-1,-1
266,23,410.29,396.33,155.11,457.38,0.8254,-1,-1,-1
266,19,1000.36,410.64,127.12,360.40,0.7645,-1,-1,-1
266,25,787.25,444.17,62.09,228.89,0.7491,-1,-1,-1
267,2,828.78,324.09,180.94,577.29,0.8438,-1,-1,-1
267,5,1158.31,330.87,212.36,603.06,0.8954,-1,-1,-1
267,21,-33.95,196.04,324.18,862.49,0.8200,-1,-1,-1
267,22,555.46,383.24,167.58,441.34,0.8280,-1,-1,-1
267,23,402.74,391.67,157.11,464.73,0.8342,-1,-1,-1
267,19,1007.31,406.78,127.86,361.21,0.7736,-1,-1,-1
267,25,788.15,442.86,63.52,233.72,0.7602,-1,-1,-1
268,2,831.87,323.76,179.09,579.27,0.8447,-1,-1,-1
268,5,1159.39,328.53,212.02,604.67,0.8972,-1,-1,-1
268,21,-34.59,226.44,287.80,785.10,0.8357,-1,-1,-1
268,22,550.57,376.47,170.72,450.56,0.8387,-1,-1,-1
268,23,398.53,389.99,158.25,469.65,0.8424,-1,-1,-1
268,19,1011.14,404.12,128.88,363.64,0.8020,-1,-1,-1
268,25,788.80,441.48,64.45,236.10,0.7922,-1,-1,-1
269,2,834.77,324.24,176.48,579.51,0.8459,-1,-1,-1
269,5,1159.10,325.51,213.05,610.41,0.8879,-1,-1,-1
269,21,-48.54,225.77,284.75,807.07,0.8226,-1,-1,-1
269,22,544.83,366.37,173.96,461.32,0.8324,-1,-1,-1
269,23,391.54,382.51,161.22,480.27,0.8692,-1,-1,-1
269,19,1009.51,401.22,132.32,370.32,0.7270,-1,-1,-1
269,25,788.23,439.02,64.70,235.88,0.7774,-1,-1,-1
270,2,830.27,320.81,176.32,581.85,0.8153,-1,-1,-1
270,5,1157.82,319.82,213.40,614.49,0.8820,-1,-1,-1
270,22,539.98,354.95,177.16,471.54,0.8409,-1,-1,-1
270,23,384.69,373.40,164.01,488.61,0.8760,-1,-1,-1
270,19,1009.59,397.45,134.85,373.70,0.6428,-1,-1,-1
270,25,786.96,435.28,64.47,233.62,0.7537,-1,-1,-1
271,2,828.96,320.33,174.70,579.91,0.7983,-1,-1,-1
271,5,1157.52,316.81,211.92,612.84,0.8906,-1,-1,-1
271,22,534.95,349.00,178.42,475.56,0.8422,-1,-1,-1
271,23,377.07,366.48,166.60,494.97,0.8749,-1,-1,-1
271,19,1011.69,396.00,135.69,375.24,0.7599,-1,-1,-1
271,25,785.06,431.18,64.62,232.51,0.7619,-1,-1,-1
272,2,829.11,318.58,171.54,577.50,0.8418,-1,-1,-1
272,5,1155.92,311.22,210.48,611.62,0.8949,-1,-1,-1
272,22,528.87,344.78,179.18,478.69,0.8574,-1,-1,-1
272,23,361.13,355.30,170.24,505.71,0.8721,-1,-1,-1
272,19,1012.06,393.87,135.77,374.58,0.7888,-1,-1,-1
272,25,781.51,426.51,64.28,229.33,0.7917,-1,-1,-1
273,2,825.87,317.36,168.77,573.03,0.8372,-1,-1,-1
273,5,1152.93,306.26,209.25,610.41,0.8988,-1,-1,-1
273,22,522.06,340.24,179.13,480.41,0.8676,-1,-1,-1
273,23,344.88,346.04,172.29,512.62,0.8806,-1,-1,-1
273,19,1010.36,391.69,136.45,375.81,0.7886,-1,-1,-1
273,25,775.36,420.48,64.71,228.25,0.7439,-1,-1,-1
274,2,821.46,309.64,168.22,576.00,0.8516,-1,-1,-1
274,5,1150.14,302.27,207.67,606.63,0.8962,-1,-1,-1
274,22,517.56,335.24,182.02,488.39,0.8622,-1,-1,-1
274,23,330.82,336.30,173.45,518.28,0.8700,-1,-1,-1
274,19,1005.35,388.07,138.30,378.51,0.7956,-1,-1,-1
274,25,769.13,414.31,67.59,237.73,0.7058,-1,-1,-1
275,2,815.34,303.25,168.17,575.51,0.8568,-1,-1,-1
275,5,1144.70,295.87,206.80,602.00,0.8891,-1,-1,-1
275,22,509.29,327.68,185.01,495.88,0.8633,-1,-1,-1
275,23,318.74,324.94,175.83,524.84,0.8608,-1,-1,-1
275,19,998.03,382.25,141.00,382.01,0.8150,-1,-1,-1
275,25,761.26,405.74,70.24,247.08,0.6670,-1,-1,-1
276,2,806.29,292.36,169.08,580.25,0.8376,-1,-1,-1
276,5,1141.12,290.07,206.01,597.01,0.8892,-1,-1,-1
276,22,499.77,319.78,188.42,505.39,0.8690,-1,-1,-1
276,23,304.26,317.68,178.54,531.53,0.8738,-1,-1,-1
276,19,990.77,375.15,143.92,386.92,0.8268,-1,-1,-1
276,25,753.65,399.57,71.29,251.56,0.6718,-1,-1,-1
277,2,799.42,284.56,166.51,571.50,0.8437,-1,-1,-1
277,5,1136.61,282.61,206.59,595.72,0.8845,-1,-1,-1
277,22,490.10,308.19,189.84,509.57,0.8566,-1,-1,-1
277,23,288.52,305.88,182.35,545.09,0.8822,-1,-1,-1
277,19,990.34,368.29,145.57,393.26,0.7620,-1,-1,-1
277,25,745.45,393.19,70.64,249.87,0.6602,-1,-1,-1
278,2,791.06,278.88,164.93,564.37,0.8565,-1,-1,-1
278,5,1130.66,276.19,207.50,596.12,0.8731,-1,-1,-1
278,22,478.20,299.76,193.63,523.17,0.8625,-1,-1,-1
278,23,272.80,300.73,184.37,553.70,0.8597,-1,-1,-1
278,19,983.29,357.95,148.21,398.94,0.7672,-1,-1,-1
278,25,739.93,388.20,68.25,242.58,0.6231,-1,-1,-1
279,2,783.08,270.76,165.81,563.45,0.8402,-1,-1,-1
279,5,1126.88,268.26,208.67,596.88,0.8720,-1,-1,-1
279,22,468.92,294.39,195.19,530.68,0.8795,-1,-1,-1
279,23,258.69,294.05,188.49,566.48,0.8748,-1,-1,-1
279,19,979.49,348.20,150.01,402.77,0.7963,-1,-1,-1
279,25,733.42,378.74,68.14,242.73,0.6374,-1,-1,-1
280,2,777.74,262.02,166.16,562.23,0.8442,-1,-1,-1
280,5,1122.89,259.03,210.79,600.31,0.8696,-1,-1,-1
280,22,462.00,283.87,197.95,542.65,0.8746,-1,-1,-1
280,23,245.09,281.45,192.25,579.31,0.8669,-1,-1,-1
280,19,979.24,337.46,151.36,407.30,0.7760,-1,-1,-1
280,25,728.76,371.63,68.72,245.84,0.6923,-1,-1,-1
281,2,778.21,252.76,165.58,557.42,0.8473,-1,-1,-1
281,5,1122.55,251.64,211.57,600.66,0.8828,-1,-1,-1
281,22,456.75,273.54,200.30,552.82,0.8881,-1,-1,-1
281,23,235.11,272.12,196.02,589.52,0.8721,-1,-1,-1
281,19,978.99,323.80,154.21,417.03,0.7970,-1,-1,-1
281,25,726.27,366.46,66.36,238.86,0.6351,-1,-1,-1
282,2,771.59,240.29,169.80,565.96,0.8555,-1,-1,-1
282,5,1120.04,241.96,213.54,604.56,0.8779,-1,-1,-1
282,22,451.67,252.70,204.67,568.63,0.8818,-1,-1,-1
282,23,226.67,255.56,199.94,599.53,0.8828,-1,-1,-1
282,19,979.89,310.50,154.98,422.17,0.7747,-1,-1,-1
282,25,723.95,356.79,67.46,244.76,0.6158,-1,-1,-1
283,2,769.10,231.78,172.07,567.98,0.8245,-1,-1,-1
283,5,1120.61,231.04,215.16,607.30,0.8831,-1,-1,-1
283,22,447.42,234.32,206.79,576.73,0.8750,-1,-1,-1
283,23,216.20,241.31,204.44,609.88,0.8723,-1,-1,-1
283,19,979.77,300.15,156.42,428.60,0.7853,-1,-1,-1
283,25,721.92,347.38,68.31,250.18,0.6340,-1,-1,-1
284,2,769.42,223.75,173.82,568.65,0.8240,-1,-1,-1
284,5,1121.58,221.91,217.76,613.40,0.8842,-1,-1,-1
284,22,443.10,222.32,207.50,577.37,0.8763,-1,-1,-1
284,23,206.26,228.18,210.44,626.18,0.8726,-1,-1,-1
284,19,978.19,290.12,159.03,434.98,0.7919,-1,-1,-1
284,25,721.77,341.66,67.16,246.73,0.6227,-1,-1,-1
285,2,770.12,215.89,175.75,572.09,0.8502,-1,-1,-1
285,5,1123.10,213.64,219.96,618.16,0.8894,-1,-1,-1
285,22,437.60,209.35,212.24,588.91,0.8819,-1,-1,-1
285,23,197.13,215.06,214.51,635.65,0.8813,-1,-1,-1
285,19,979.83,282.56,160.87,439.67,0.7200,-1,-1,-1
285,25,722.37,333.69,67.85,250.23,0.6385,-1,-1,-1
286,2,772.60,210.03,176.66,573.25,0.8569,-1,-1,-1
286,5,1124.90,206.53,221.81,622.50,0.8912,-1,-1,-1
286,22,434.78,194.14,215.50,596.82,0.8973,-1,-1,-1
286,23,184.95,202.09,218.63,645.50,0.8713,-1,-1,-1
286,19,978.16,273.76,166.78,452.69,0.7824,-1,-1,-1
286,25,722.90,324.71,68.70,253.19,0.6690,-1,-1,-1
287,2,776.12,203.52,176.70,573.87,0.8645,-1,-1,-1
287,5,1128.39,201.13,222.51,621.04,0.8860,-1,-1,-1
287,22,431.94,180.19,219.20,606.39,0.9020,-1,-1,-1
287,23,175.11,188.57,222.23,654.31,0.8782,-1,-1,-1
287,19,979.61,263.04,170.52,458.55,0.7522,-1,-1,-1
287,25,724.69,314.63,70.40,258.70,0.7310,-1,-1,-1
288,2,778.86,199.20,176.36,571.09,0.8553,-1,-1,-1
288,5,1137.39,192.79,223.81,623.96,0.8755,-1,-1,-1
288,22,428.96,167.59,223.26,617.88,0.8978,-1,-1,-1
288,23,167.44,177.93,224.89,661.52,0.8819,-1,-1,-1
288,19,986.74,257.30,173.04,463.04,0.6565,-1,-1,-1
288,25,727.83,305.49,70.88,260.72,0.7738,-1,-1,-1
289,2,784.05,190.76,177.00,569.66,0.8407,-1,-1,-1
289,5,1145.78,185.03,225.30,626.89,0.8709,-1,-1,-1
289,22,422.92,160.04,229.21,632.46,0.9002,-1,-1,-1
289,23,155.91,163.77,229.37,673.46,0.8979,-1,-1,-1
289,19,997.28,253.34,173.82,467.57,0.6330,-1,-1,-1
289,25,730.13,298.15,72.61,266.81,0.7492,-1,-1,-1
290,2,791.49,187.50,178.43,569.99,0.8398,-1,-1,-1
290,5,1155.61,181.49,224.51,625.14,0.8728,-1,-1,-1
290,22,417.36,152.75,236.10,649.94,0.9080,-1,-1,-1
290,23,146.88,150.31,233.33,685.79,0.9037,-1,-1,-1
290,19,1009.44,246.02,175.58,478.37,0.7886,-1,-1,-1
290,25,733.27,294.15,72.84,267.07,0.7407,-1,-1,-1
291,2,797.97,183.66,177.98,566.85,0.8223,-1,-1,-1
291,5,1166.81,177.96,222.92,623.04,0.8647,-1,-1,-1
291,22,413.06,148.57,240.70,659.47,0.9072,-1,-1,-1
291,23,137.16,140.32,237.05,696.01,0.9061,-1,-1,-1
291,19,1017.86,238.89,177.49,488.60,0.7919,-1,-1,-1
291,25,737.50,287.98,73.61,268.67,0.7280,-1,-1,-1
292,2,802.15,179.93,177.63,561.67,0.8275,-1,-1,-1
292,5,1177.57,172.15,221.06,618.96,0.8790,-1,-1,-1
292,22,409.10,146.74,246.08,671.06,0.9081,-1,-1,-1
292,23,126.37,133.36,240.86,709.49,0.9045,-1,-1,-1
292,19,1025.54,232.33,177.71,492.11,0.8051,-1,-1,-1
292,25,740.97,282.19,75.12,271.88,0.7387,-1,-1,-1
293,2,810.30,174.91,176.33,555.34,0.8413,-1,-1,-1
293,5,1187.52,169.02,218.25,612.12,0.8885,-1,-1,-1
293,22,402.82,143.58,252.42,686.72,0.9056,-1,-1,-1
293,23,110.93,130.67,247.75,730.34,0.8796,-1,-1,-1
293,19,1034.13,228.46,179.40,496.63,0.8317,-1,-1,-1
293,25,745.85,277.41,76.49,274.00,0.7462,-1,-1,-1
294,2,818.19,171.55,175.86,553.33,0.8254,-1,-1,-1
294,5,1200.64,168.03,216.93,611.26,0.8750,-1,-1,-1
294,22,398.06,141.78,257.60,700.33,0.9051,-1,-1,-1
294,23,89.89,129.69,256.72,751.71,0.8919,-1,-1,-1
294,19,1042.89,224.79,180.79,500.54,0.8480,-1,-1,-1
294,25,752.50,276.33,77.70,274.35,0.7554,-1,-1,-1
294,28,964.97,200.63,95.46,428.30,0.7163,-1,-1,-1
295,2,827.28,177.21,175.39,550.55,0.8325,-1,-1,-1
295,5,1213.32,168.63,215.87,613.37,0.8756,-1,-1,-1
295,22,391.92,139.30,266.28,725.15,0.9053,-1,-1,-1
295,23,70.00,127.54,265.04,767.87,0.8917,-1,-1,-1
295,19,1050.56,219.63,184.33,510.61,0.8542,-1,-1,-1
295,25,759.17,276.00,79.41,276.78,0.7888,-1,-1,-1
295,28,966.78,201.56,95.85,430.83,0.6422,-1,-1,-1
296,2,834.81,175.06,175.88,553.59,0.8425,-1,-1,-1
296,5,1224.50,170.05,214.82,616.23,0.8677,-1,-1,-1
296,22,386.93,134.89,273.30,744.72,0.9053,-1,-1,-1
296,23,50.95,127.48,272.75,780.61,0.8953,-1,-1,-1
296,19,1056.45,210.81,190.22,529.57,0.8659,-1,-1,-1
296,25,763.95,274.92,81.26,279.01,0.7958,-1,-1,-1
296,28,972.66,200.78,95.60,429.48,0.6068,-1,-1,-1
297,2,842.86,175.69,174.89,555.28,0.8252,-1,-1,-1
297,5,1236.61,170.14,214.86,623.57,0.8732,-1,-1,-1
297,22,380.07,129.15,278.51,759.15,0.9120,-1,-1,-1
297,23,38.15,124.87,281.34,799.09,0.8992,-1,-1,-1
297,19,1067.29,206.13,193.58,538.88,0.8557,-1,-1,-1
297,25,769.96,274.23,82.04,279.16,0.7940,-1,-1,-1
297,28,986.59,206.33,93.43,415.76,0.6991,-1,-1,-1
298,2,850.52,177.50,173.98,555.84,0.8207,-1,-1,-1
298,5,1247.32,170.02,214.01,629.20,0.8681,-1,-1,-1
298,22,373.17,119.29,284.30,776.01,0.9057,-1,-1,-1
298,23,29.71,122.05,288.11,815.79,0.9006,-1,-1,-1
298,19,1075.54,202.68,196.40,546.84,0.8600,-1,-1,-1
298,25,775.58,275.71,81.93,275.92,0.8058,-1,-1,-1
298,28,990.83,213.53,94.01,416.60,0.6981,-1,-1,-1
299,2,857.68,179.16,172.16,555.50,0.8375,-1,-1,-1
299,5,1253.14,168.07,213.50,634.82,0.8652,-1,-1,-1
299,22,364.64,107.58,290.18,793.91,0.9076,-1,-1,-1
299,23,20.00,113.42,297.35,841.50,0.8969,-1,-1,-1
299,19,1081.32,201.67,199.63,553.23,0.8726,-1,-1,-1
299,25,780.81,275.71,83.54,278.70,0.7901,-1,-1,-1
299,28,993.56,206.31,95.92,424.84,0.6974,-1,-1,-1
300,2,861.12,182.00,171.28,557.85,0.8303,-1,-1,-1
300,5,1254.77,167.41,214.07,639.51,0.8556,-1,-1,-1
300,22,354.58,96.77,296.40,810.42,0.9086,-1,-1,-1
300,23,8.60,105.97,307.16,869.39,0.8934,-1,-1,-1
300,19,1087.91,199.72,205.53,567.35,0.8651,-1,-1,-1
300,25,785.47,275.40,84.85,279.64,0.7573,-1,-1,-1
300,28,998.50,203.32,96.09,425.62,0.7376,-1,-1,-1
301,2,864.96,181.54,169.89,558.65,0.8478,-1,-1,-1
301,5,1254.84,165.69,216.45,646.84,0.8449,-1,-1,-1
301,22,343.25,83.41,303.68,829.62,0.9150,-1,-1,-1
301,23,-3.03,96.96,313.83,890.29,0.9062,-1,-1,-1
301,19,1092.23,198.67,211.34,582.09,0.8557,-1,-1,-1
301,25,788.35,275.54,85.83,279.40,0.7729,-1,-1,-1
301,28,1007.26,202.42,96.48,424.74,0.7580,-1,-1,-1
302,2,868.57,182.82,168.28,558.74,0.8387,-1,-1,-1
302,5,1258.97,167.70,216.54,649.32,0.8352,-1,-1,-1
302,22,330.88,73.81,309.59,842.96,0.8990,-1,-1,-1
302,23,-14.19,84.07,319.05,913.76,0.8999,-1,-1,-1
302,19,1097.79,197.15,212.62,584.95,0.8601,-1,-1,-1
302,25,788.73,275.66,87.44,280.73,0.7839,-1,-1,-1
302,28,1010.60,201.62,96.90,425.70,0.7562,-1,-1,-1
303,2,871.50,183.30,166.21,558.15,0.8491,-1,-1,-1
303,5,1261.85,169.67,215.84,650.57,0.8203,-1,-1,-1
303,22,318.25,59.65,317.22,861.05,0.9052,-1,-1,-1
303,23,-24.36,66.06,323.04,940.00,0.9199,-1,-1,-1
303,19,1102.64,197.31,212.37,586.08,0.8450,-1,-1,-1
303,25,788.74,275.95,88.80,281.22,0.7874,-1,-1,-1
303,28,1011.22,202.30,96.77,425.99,0.7691,-1,-1,-1
304,2,869.84,182.95,165.34,560.51,0.8530,-1,-1,-1
304,5,1265.82,169.82,214.78,653.01,0.8169,-1,-1,-1
304,22,306.56,53.83,323.34,873.83,0.9151,-1,-1,-1
304,23,-37.08,49.75,321.99,961.24,0.9053,-1,-1,-1
304,19,1101.19,195.74,218.32,607.17,0.8094,-1,-1,-1
304,25,789.14,276.76,89.39,280.99,0.7857,-1,-1,-1
304,28,1012.46,205.86,96.15,423.12,0.7774,-1,-1,-1
305,2,865.66,185.22,165.28,563.65,0.8584,-1,-1,-1
305,5,1269.98,169.38,213.05,655.51,0.8156,-1,-1,-1
305,22,293.30,46.08,336.29,909.22,0.9232,-1,-1,-1
305,23,-49.11,35.40,317.72,981.36,0.8994,-1,-1,-1
305,19,1100.89,195.76,221.13,619.19,0.8279,-1,-1,-1
305,25,788.26,277.76,90.08,281.42,0.7691,-1,-1,-1
305,28,1012.50,209.67,95.56,420.23,0.7821,-1,-1,-1
306,2,861.13,184.92,164.92,563.61,0.8555,-1,-1,-1
306,5,1272.90,169.08,209.97,653.62,0.8278,-1,-1,-1
306,22,276.32,42.30,348.85,943.38,0.9223,-1,-1,-1
306,23,-57.20,29.99,311.61,1000.14,0.9007,-1,-1,-1
306,19,1098.49,195.13,226.51,639.82,0.8549,-1,-1,-1
306,25,787.18,277.82,91.70,285.28,0.7620,-1,-1,-1
306,28,1011.41,209.55,96.05,422.12,0.7791,-1,-1,-1
307,2,858.92,184.17,162.35,555.55,0.8396,-1,-1,-1
307,5,1278.68,168.53,207.40,656.52,0.8342,-1,-1,-1
307,22,257.95,37.64,360.64,973.67,0.9121,-1,-1,-1
307,23,-65.18,29.35,305.96,1026.78,0.8718,-1,-1,-1
307,19,1098.63,193.99,229.64,653.02,0.8695,-1,-1,-1
307,25,784.32,275.99,93.21,290.17,0.7257,-1,-1,-1
307,28,1009.16,212.36,96.17,420.22,0.7993,-1,-1,-1
308,2,856.82,181.65,161.37,552.36,0.8265,-1,-1,-1
308,5,1279.75,166.24,204.56,658.10,0.8201,-1,-1,-1
308,22,240.35,32.60,370.68,1002.42,0.9127,-1,-1,-1
308,23,-62.09,96.28,274.80,964.84,0.7838,-1,-1,-1
308,19,1098.41,190.08,233.71,668.20,0.8624,-1,-1,-1
308,25,781.61,275.26,93.03,289.79,0.7534,-1,-1,-1
308,28,1006.02,212.41,97.28,423.17,0.7789,-1,-1,-1
309,2,853.31,182.03,161.60,551.76,0.8232,-1,-1,-1
309,5,1279.71,167.62,200.12,654.89,0.8161,-1,-1,-1
309,22,221.47,32.49,377.78,1022.16,0.9073,-1,-1,-1
309,23,-58.76,149.87,245.69,904.70,0.8346,-1,-1,-1
309,19,1095.38,188.09,236.57,678.94,0.8720,-1,-1,-1
309,25,777.87,278.01,90.57,283.12,0.7653,-1,-1,-1
309,28,1003.69,212.50,98.26,425.26,0.7737,-1,-1,-1
310,2,851.54,182.15,161.33,547.65,0.8141,-1,-1,-1
310,5,1280.74,166.87,198.06,660.03,0.8175,-1,-1,-1
310,22,203.99,27.95,382.21,1032.21,0.9192,-1,-1,-1
310,23,-30.31,175.63,169.75,637.70,0.7405,-1,-1,-1
310,19,1093.67,180.23,241.35,695.31,0.8821,-1,-1,-1
310,25,775.09,277.42,90.83,286.34,0.7566,-1,-1,-1
310,28,1002.88,212.58,99.03,425.64,0.7730,-1,-1,-1
311,2,844.21,183.79,163.78,547.76,0.8268,-1,-1,-1
311,5,1284.82,166.06,193.74,656.96,0.8227,-1,-1,-1
311,22,185.12,17.60,391.39,1057.41,0.9179,-1,-1,-1
311,23,-22.02,196.40,136.01,526.29,0.7663,-1,-1,-1
311,19,1094.16,175.17,244.35,705.07,0.8850,-1,-1,-1
311,25,773.35,274.25,90.99,290.01,0.7436,-1,-1,-1
311,28,1001.14,210.48,99.66,427.91,0.7597,-1,-1,-1
312,2,838.79,183.86,167.18,550.88,0.8292,-1,-1,-1
312,5,1291.96,164.99,188.59,650.86,0.8074,-1,-1,-1
312,22,168.12,8.02,397.26,1072.16,0.9187,-1,-1,-1
312,19,1097.82,164.38,248.51,719.80,0.8852,-1,-1,-1
312,25,771.05,272.38,90.85,292.83,0.7624,-1,-1,-1
312,28,1000.74,207.46,100.74,432.24,0.7451,-1,-1,-1
313,2,833.20,183.82,170.80,553.86,0.8410,-1,-1,-1
313,5,1293.91,163.76,185.28,649.86,0.8349,-1,-1,-1
313,22,151.28,3.46,400.18,1074.27,0.9193,-1,-1,-1
313,19,1099.74,150.38,254.33,739.89,0.9039,-1,-1,-1
313,25,767.91,270.70,90.96,296.22,0.7449,-1,-1,-1
313,28,1001.06,207.83,101.49,435.37,0.7381,-1,-1,-1
314,2,828.62,184.24,173.17,553.80,0.8282,-1,-1,-1
314,5,1294.96,160.96,183.66,653.37,0.8444,-1,-1,-1
314,22,134.78,1.12,404.34,1076.69,0.9262,-1,-1,-1
314,19,1099.56,141.48,259.11,756.42,0.9016,-1,-1,-1
314,25,765.47,270.92,90.08,294.72,0.7468,-1,-1,-1
314,28,998.16,210.31,101.04,434.58,0.7384,-1,-1,-1
315,2,827.54,183.08,174.18,552.31,0.8238,-1,-1,-1
315,5,1299.91,157.80,179.17,647.06,0.8539,-1,-1,-1
315,22,112.90,-0.57,409.98,1077.98,0.9281,-1,-1,-1
315,19,1099.33,133.53,265.69,781.14,0.8933,-1,-1,-1
315,25,763.19,269.64,90.03,296.44,0.7852,-1,-1,-1
315,28,998.18,215.49,99.64,425.60,0.7509,-1,-1,-1
316,2,825.69,183.21,175.78,552.69,0.8327,-1,-1,-1
316,5,1301.50,154.75,177.20,648.48,0.8472,-1,-1,-1
316,22,86.89,-1.76,416.87,1078.34,0.9244,-1,-1,-1
316,19,1101.04,126.85,272.17,806.92,0.8758,-1,-1,-1
316,25,760.27,266.58,90.11,298.28,0.8011,-1,-1,-1
316,28,996.34,215.20,100.19,429.40,0.7438,-1,-1,-1
317,2,823.73,181.72,177.52,553.70,0.8487,-1,-1,-1
317,5,1304.17,150.56,175.90,655.67,0.8296,-1,-1,-1
317,22,61.03,-0.60,425.24,1079.61,0.9127,-1,-1,-1
317,19,1102.94,117.29,278.65,832.05,0.8756,-1,-1,-1
317,25,759.13,264.11,89.97,299.55,0.8027,-1,-1,-1
317,28,994.02,216.03,99.94,428.71,0.7490,-1,-1,-1
318,2,823.35,181.43,177.70,550.79,0.8554,-1,-1,-1
318,5,1306.14,148.25,173.68,660.10,0.8408,-1,-1,-1
318,22,38.30,-0.09,431.45,1076.84,0.9352,-1,-1,-1
318,19,1107.17,110.64,282.80,848.84,0.8675,-1,-1,-1
318,25,756.69,262.03,89.66,298.84,0.8060,-1,-1,-1
318,28,992.28,214.03,100.00,427.21,0.7453,-1,-1,-1
319,2,820.84,177.43,179.59,553.38,0.8724,-1,-1,-1
319,5,1309.15,144.80,170.56,661.49,0.7974,-1,-1,-1
319,22,23.90,1.79,435.50,1073.03,0.9363,-1,-1,-1
319,19,1110.30,100.09,290.24,876.08,0.8563,-1,-1,-1
319,25,749.99,260.49,91.27,300.96,0.7687,-1,-1,-1
319,28,989.79,211.09,100.68,428.06,0.7701,-1,-1,-1
320,2,818.20,172.51,180.63,552.46,0.8588,-1,-1,-1
320,5,1315.33,139.88,167.31,664.97,0.7603,-1,-1,-1
320,22,11.86,2.56,437.69,1070.81,0.9442,-1,-1,-1
320,19,1113.39,95.01,295.93,898.09,0.8739,-1,-1,-1
320,25,746.09,258.07,92.99,304.56,0.7760,-1,-1,-1
320,28,987.50,206.81,101.46,428.49,0.7800,-1,-1,-1
321,2,814.02,167.29,183.16,556.34,0.8603,-1,-1,-1
321,5,1321.67,134.83,163.53,665.37,0.6844,-1,-1,-1
321,22,-0.12,1.62,438.26,1071.35,0.9350,-1,-1,-1
321,19,1119.22,88.85,303.93,929.23,0.8599,-1,-1,-1
321,25,742.53,255.74,94.21,306.76,0.7511,-1,-1,-1
321,28,985.35,203.51,102.23,428.02,0.7954,-1,-1,-1
322,2,818.32,165.45,182.62,554.89,0.8672,-1,-1,-1
322,22,-10.09,3.53,435.37,1068.81,0.9326,-1,-1,-1
322,19,1134.80,81.14,314.16,958.55,0.8698,-1,-1,-1
322,25,738.84,252.72,95.47,309.26,0.7627,-1,-1,-1
322,28,982.89,199.34,102.94,427.41,0.8071,-1,-1,-1
323,2,819.92,162.89,180.94,549.95,0.8679,-1,-1,-1
323,22,-20.10,4.08,429.47,1064.59,0.9174,-1,-1,-1
323,19,1143.50,71.53,322.75,981.34,0.8946,-1,-1,-1
323,25,734.62,250.36,97.28,312.93,0.7614,-1,-1,-1
323,28,980.71,196.90,103.21,423.83,0.7988,-1,-1,-1
324,2,820.36,165.74,177.58,539.58,0.8714,-1,-1,-1
324,22,-32.25,4.40,422.44,1064.78,0.9323,-1,-1,-1
324,19,1149.82,61.89,330.00,1005.23,0.9057,-1,-1,-1
324,25,730.20,250.27,98.69,316.28,0.7620,-1,-1,-1
324,28,978.99,195.43,103.90,422.42,0.7912,-1,-1,-1
325,2,823.19,165.32,176.48,538.94,0.8731,-1,-1,-1
325,22,-44.28,5.51,411.99,1063.02,0.9180,-1,-1,-1
325,19,1154.67,51.16,335.06,1024.75,0.9014,-1,-1,-1
325,25,724.79,251.16,99.93,317.99,0.7679,-1,-1,-1
325,28,977.82,194.63,105.14,424.04,0.7898,-1,-1,-1
326,2,824.57,164.49,176.05,540.45,0.8596,-1,-1,-1
326,22,-45.89,6.33,403.15,1063.05,0.8383,-1,-1,-1
326,19,1160.41,35.10,339.61,1041.93,0.9037,-1,-1,-1
326,25,718.86,250.18,102.04,320.74,0.8044,-1,-1,-1
326,28,976.98,193.47,106.63,427.36,0.7917,-1,-1,-1
327,2,825.50,165.93,175.62,542.15,0.8588,-1,-1,-1
327,22,-66.62,6.95,387.32,1063.11,0.7914,-1,-1,-1
327,19,1170.73,23.50,343.29,1054.34,0.8797,-1,-1,-1
327,25,715.53,251.21,103.36,321.65,0.8103,-1,-1,-1
327,28,976.41,194.33,107.47,428.95,0.8010,-1,-1,-1
328,2,826.36,166.90,174.99,543.33,0.8505,-1,-1,-1
328,19,1182.58,11.82,348.83,1067.19,0.8862,-1,-1,-1
328,25,714.65,250.96,103.52,320.44,0.8148,-1,-1,-1
328,28,976.32,194.92,107.99,429.83,0.7968,-1,-1,-1
329,2,830.68,165.23,175.56,550.08,0.8470,-1,-1,-1
329,19,1196.63,3.57,352.56,1072.92,0.8879,-1,-1,-1
329,25,712.42,249.68,105.33,323.39,0.8112,-1,-1,-1
329,28,976.72,196.28,108.54,430.88,0.7773,-1,-1,-1
329,22,-46.83,48.56,239.45,684.04,0.6082,-1,-1,-1
330,2,833.63,163.44,176.24,558.24,0.8480,-1,-1,-1
330,19,1213.10,-0.20,355.69,1077.98,0.9027,-1,-1,-1
330,25,711.23,249.77,107.26,327.41,0.8103,-1,-1,-1
330,28,981.20,198.72,108.83,429.89,0.7864,-1,-1,-1
331,2,837.13,169.57,174.67,558.70,0.8283,-1,-1,-1
331,19,1235.21,-2.40,358.22,1075.30,0.9053,-1,-1,-1
331,25,710.98,250.57,108.66,330.80,0.7927,-1,-1,-1
331,28,985.25,201.38,109.49,430.91,0.7895,-1,-1,-1
332,2,841.87,176.64,173.10,559.68,0.8326,-1,-1,-1
332,19,1254.16,-2.67,361.66,1073.69,0.9074,-1,-1,-1
332,25,710.89,252.55,109.17,330.71,0.8177,-1,-1,-1
332,28,987.65,203.85,110.39,433.27,0.7767,-1,-1,-1
333,2,843.37,181.86,171.75,560.78,0.8342,-1,-1,-1
333,19,1275.69,-2.33,367.03,1077.33,0.8986,-1,-1,-1
333,25,709.66,254.65,110.07,331.30,0.8162,-1,-1,-1
333,28,988.96,207.91,110.43,432.12,0.7654,-1,-1,-1
334,2,843.55,187.89,170.65,561.28,0.8281,-1,-1,-1
334,19,1294.26,0.02,371.88,1071.99,0.8802,-1,-1,-1
334,25,707.26,255.56,112.19,335.56,0.8239,-1,-1,-1
334,28,990.77,214.02,110.82,431.20,0.7868,-1,-1,-1
335,2,843.66,192.96,168.46,558.31,0.8273,-1,-1,-1
335,19,1310.60,-0.14,380.84,1070.29,0.8816,-1,-1,-1
335,25,705.04,256.83,113.84,338.68,0.8354,-1,-1,-1
335,28,992.89,219.01,111.23,431.11,0.7874,-1,-1,-1
336,2,841.44,195.24,167.77,559.96,0.8166,-1,-1,-1
336,19,1343.76,0.46,390.03,1071.42,0.8630,-1,-1,-1
336,25,702.53,259.27,114.65,339.39,0.8277,-1,-1,-1
336,28,992.20,221.75,112.57,433.45,0.7733,-1,-1,-1
336,5,1263.66,163.04,164.20,651.62,0.7562,-1,-1,-1
337,2,839.75,197.37,166.64,558.70,0.8060,-1,-1,-1
337,19,1375.72,0.76,403.59,1075.08,0.8613,-1,-1,-1
337,25,696.73,259.41,117.18,345.84,0.8258,-1,-1,-1
337,28,988.06,224.01,113.26,434.08,0.7440,-1,-1,-1
337,5,1256.79,165.97,167.29,642.89,0.8166,-1,-1,-1
338,2,834.91,198.68,166.53,558.17,0.8051,-1,-1,-1
338,19,1385.82,1.19,422.75,1074.21,0.8667,-1,-1,-1
338,25,692.12,263.74,117.82,346.12,0.8236,-1,-1,-1
338,28,985.90,227.17,115.08,437.09,0.7653,-1,-1,-1
338,5,1248.51,166.48,175.75,657.60,0.7975,-1,-1,-1
339,2,830.91,193.60,166.29,555.42,0.8117,-1,-1,-1
339,19,1388.37,2.16,438.88,1069.58,0.8687,-1,-1,-1
339,25,687.50,266.63,119.64,350.57,0.8342,-1,-1,-1
339,28,983.49,229.96,116.06,437.72,0.7799,-1,-1,-1
339,5,1242.02,165.07,184.45,682.31,0.7663,-1,-1,-1
340,2,828.02,190.94,166.04,551.07,0.8297,-1,-1,-1
340,19,1389.92,2.65,455.13,1067.93,0.9069,-1,-1,-1
340,25,683.80,268.10,120.41,352.59,0.8165,-1,-1,-1
340,28,982.47,230.14,116.95,438.22,0.7768,-1,-1,-1
340,5,1236.62,168.05,184.45,684.58,0.7245,-1,-1,-1
341,2,827.40,190.26,166.11,547.95,0.8322,-1,-1,-1
341,19,1388.29,0.92,469.89,1068.87,0.7943,-1,-1,-1
341,25,680.09,267.79,121.72,356.48,0.8112,-1,-1,-1
341,28,984.39,228.12,117.98,439.74,0.7800,-1,-1,-1
341,5,1240.95,162.87,191.15,698.02,0.8385,-1,-1,-1
342,2,824.25,189.08,167.85,548.24,0.8410,-1,-1,-1
342,19,1386.83,-0.49,482.41,1071.06,0.7249,-1,-1,-1
342,25,675.25,263.77,124.15,362.93,0.8047,-1,-1,-1
342,28,985.22,226.62,118.33,439.76,0.7763,-1,-1,-1
342,5,1241.56,162.30,193.33,696.48,0.8682,-1,-1,-1
343,2,820.75,190.22,169.48,547.59,0.8416,-1,-1,-1
343,19,1388.23,-0.84,490.49,1067.43,0.8409,-1,-1,-1
343,25,670.12,259.34,125.61,367.09,0.8083,-1,-1,-1
343,28,984.01,225.72,119.10,439.21,0.7748,-1,-1,-1
343,5,1239.94,161.23,195.41,695.15,0.8766,-1,-1,-1
344,2,818.06,188.07,172.23,551.90,0.8395,-1,-1,-1
344,19,1397.47,-0.98,495.85,1067.48,0.6158,-1,-1,-1
344,25,665.09,258.10,125.63,367.01,0.8233,-1,-1,-1
344,28,982.95,224.43,119.64,439.01,0.7764,-1,-1,-1
344,5,1235.34,159.72,198.33,699.11,0.8709,-1,-1,-1
345,2,813.55,187.00,175.00,555.46,0.8207,-1,-1,-1
345,25,659.92,255.54,126.86,371.58,0.8165,-1,-1,-1
345,28,983.93,223.11,119.00,434.70,0.7704,-1,-1,-1
345,5,1231.94,150.13,203.34,708.40,0.8771,-1,-1,-1
346,2,806.81,187.28,177.04,556.52,0.8373,-1,-1,-1
346,25,654.86,251.62,127.10,373.10,0.8278,-1,-1,-1
346,28,979.15,218.21,120.08,433.21,0.7825,-1,-1,-1
346,5,1228.14,146.52,208.75,713.24,0.8884,-1,-1,-1
347,2,802.98,188.35,177.70,555.95,0.8246,-1,-1,-1
347,25,647.21,249.10,127.39,374.32,0.8122,-1,-1,-1
347,28,974.47,216.70,120.55,431.23,0.7904,-1,-1,-1
347,5,1220.07,146.21,212.74,711.07,0.8844,-1,-1,-1
347,19,1488.70,7.14,440.02,951.90,0.7919,-1,-1,-1
348,2,802.35,189.73,177.88,554.69,0.8372,-1,-1,-1
348,25,639.30,245.80,128.56,377.95,0.8083,-1,-1,-1
348,28,970.93,215.74,120.99,429.42,0.7690,-1,-1,-1
348,5,1214.10,143.54,216.70,709.43,0.8905,-1,-1,-1
348,19,1529.80,17.73,421.56,931.72,0.8337,-1,-1,-1
349,2,801.75,190.20,178.47,554.88,0.8326,-1,-1,-1
349,25,630.86,238.99,131.74,387.48,0.8216,-1,-1,-1
349,28,967.32,214.82,122.18,429.66,0.7864,-1,-1,-1
349,5,1207.20,142.08,218.72,700.82,0.8941,-1,-1,-1
349,19,1589.08,43.81,372.30,845.86,0.6176,-1,-1,-1
349,29,758.77,226.38,91.45,403.01,0.6880,-1,-1,-1
350,2,800.81,191.49,178.02,551.41,0.8526,-1,-1,-1
350,25,623.98,236.05,132.80,390.52,0.8169,-1,-1,-1
350,28,965.12,215.86,122.65,429.84,0.7827,-1,-1,-1
350,5,1200.06,141.96,221.46,695.15,0.9023,-1,-1,-1
350,29,755.94,224.63,92.51,407.68,0.7421,-1,-1,-1
351,2,799.82,191.63,177.88,547.90,0.8546,-1,-1,-1
351,25,618.47,236.58,133.94,394.11,0.8098,-1,-1,-1
351,28,964.61,216.33,122.48,430.81,0.7628,-1,-1,-1
351,5,1191.90,142.67,225.55,693.99,0.9032,-1,-1,-1
351,29,751.37,221.51,93.77,413.40,0.7205,-1,-1,-1
352,2,800.85,190.85,178.19,548.10,0.8531,-1,-1,-1
352,25,612.20,235.51,135.10,397.85,0.8205,-1,-1,-1
352,28,961.31,216.64,123.05,433.56,0.7865,-1,-1,-1
352,5,1184.43,142.82,230.97,697.24,0.9019,-1,-1,-1
352,29,745.37,218.75,95.31,419.72,0.7637,-1,-1,-1
353,2,802.15,189.48,178.80,549.22,0.8543,-1,-1,-1
353,25,605.61,230.87,136.03,402.53,0.8318,-1,-1,-1
353,28,958.57,216.36,122.54,432.98,0.7815,-1,-1,-1
353,5,1176.38,142.51,235.83,701.23,0.9062,-1,-1,-1
353,29,738.99,213.42,97.15,426.97,0.7589,-1,-1,-1
354,2,800.38,190.73,176.97,542.23,0.8786,-1,-1,-1
354,25,596.94,228.75,136.51,403.87,0.8403,-1,-1,-1
354,28,956.35,217.41,121.33,431.55,0.8014,-1,-1,-1
354,5,1167.42,142.95,240.59,706.38,0.9091,-1,-1,-1
354,29,733.02,211.62,98.65,431.13,0.7819,-1,-1,-1
355,2,798.64,190.06,175.13,536.09,0.8716,-1,-1,-1
355,25,588.04,228.61,136.80,406.14,0.8504,-1,-1,-1
355,28,950.58,218.85,120.11,429.95,0.8028,-1,-1,-1
355,5,1160.78,143.29,244.75,710.02,0.9114,-1,-1,-1
355,29,725.71,208.12,101.17,438.20,0.7994,-1,-1,-1
356,2,796.81,187.89,173.82,531.69,0.8466,-1,-1,-1
356,25,576.36,225.44,138.99,411.71,0.7325,-1,-1,-1
356,28,944.19,219.81,119.35,429.67,0.7970,-1,-1,-1
356,5,1153.66,142.41,248.81,712.88,0.9122,-1,-1,-1
356,29,718.53,206.52,102.65,442.13,0.7955,-1,-1,-1
357,2,794.86,188.34,172.31,527.16,0.8535,-1,-1,-1
357,25,567.54,223.85,140.16,416.69,0.8210,-1,-1,-1
357,28,937.88,216.89,118.91,431.27,0.7734,-1,-1,-1
357,5,1147.63,141.12,252.06,716.26,0.9101,-1,-1,-1
357,29,707.91,203.85,105.01,447.60,0.8155,-1,-1,-1
358,2,787.20,185.25,174.13,534.16,0.8456,-1,-1,-1
358,25,556.38,221.10,140.08,416.92,0.8382,-1,-1,-1
358,28,933.01,215.97,118.58,434.50,0.7533,-1,-1,-1
358,5,1140.35,141.26,255.11,718.90,0.9096,-1,-1,-1
358,29,696.23,199.48,107.86,453.46,0.8257,-1,-1,-1
359,2,783.26,182.29,174.07,538.13,0.8553,-1,-1,-1
359,25,542.44,221.28,141.33,420.46,0.8263,-1,-1,-1
359,28,923.52,216.44,118.64,437.76,0.7785,-1,-1,-1
359,5,1133.34,140.77,257.84,720.57,0.9081,-1,-1,-1
359,29,686.69,195.42,110.29,453.93,0.7879,-1,-1,-1
360,2,777.09,179.70,174.54,543.44,0.8693,-1,-1,-1
360,25,529.05,220.11,143.72,427.01,0.8213,-1,-1,-1
360,28,914.91,214.75,118.64,441.89,0.8035,-1,-1,-1
360,5,1125.86,140.36,260.64,723.78,0.9103,-1,-1,-1
360,29,673.91,193.17,113.84,458.68,0.8506,-1,-1,-1
361,2,770.45,179.09,174.01,545.28,0.8703,-1,-1,-1
361,25,514.80,218.67,145.30,431.06,0.8109,-1,-1,-1
361,28,908.11,214.60,117.78,444.09,0.8197,-1,-1,-1
361,5,1119.07,140.58,262.79,726.36,0.9074,-1,-1,-1
361,29,663.83,190.50,117.75,466.51,0.8320,-1,-1,-1
362,2,764.05,179.92,174.10,550.05,0.8696,-1,-1,-1
362,25,498.75,221.31,146.31,431.97,0.8175,-1,-1,-1
362,28,901.25,215.69,115.79,441.26,0.7835,-1,-1,-1
362,5,1113.13,140.76,263.63,726.11,0.9081,-1,-1,-1
362,29,651.03,190.61,120.99,467.23,0.8563,-1,-1,-1
362,32,991.72,318.25,72.30,187.01,0.6265,-1,-1,-1
363,2,758.66,183.30,172.41,549.28,0.8489,-1,-1,-1
363,25,484.42,221.64,149.86,441.94,0.7931,-1,-1,-1
363,28,894.12,213.19,114.35,441.82,0.7349,-1,-1,-1
363,5,1106.72,140.10,266.59,732.67,0.9080,-1,-1,-1
363,29,637.15,190.99,125.13,470.27,0.8522,-1,-1,-1
363,32,985.23,319.81,73.52,190.12,0.5420,-1,-1,-1
364,2,755.13,188.43,170.74,549.83,0.8128,-1,-1,-1
364,25,468.73,219.28,154.53,454.13,0.7916,-1,-1,-1
364,28,889.69,211.06,112.69,441.45,0.7013,-1,-1,-1
364,5,1103.33,137.72,268.15,736.30,0.9066,-1,-1,-1
364,29,624.98,189.29,131.01,478.84,0.8518,-1,-1,-1
364,32,975.86,313.68,76.20,196.79,0.5648,-1,-1,-1
365,2,755.11,192.14,169.18,548.78,0.8135,-1,-1,-1
365,25,450.87,220.44,159.04,458.74,0.8290,-1,-1,-1
365,28,885.80,209.49,111.65,445.44,0.6420,-1,-1,-1
365,5,1101.47,136.61,268.78,737.93,0.8993,-1,-1,-1
365,29,612.91,190.42,136.89,483.71,0.8248,-1,-1,-1
365,32,970.77,315.48,76.35,196.58,0.5230,-1,-1,-1
366,2,753.43,198.03,166.69,544.88,0.8147,-1,-1,-1
366,25,444.11,221.36,161.17,462.17,0.8047,-1,-1,-1
366,28,883.55,211.41,108.70,441.77,0.6736,-1,-1,-1
366,5,1099.80,137.53,267.13,732.93,0.9022,-1,-1,-1
366,29,605.77,194.64,140.98,483.91,0.8613,-1,-1,-1
366,32,967.41,320.78,75.87,194.33,0.4406,-1,-1,-1
367,2,752.56,198.70,165.14,544.05,0.8245,-1,-1,-1
367,25,436.68,221.76,162.98,466.50,0.7961,-1,-1,-1
367,28,882.63,208.72,106.52,441.14,0.6700,-1,-1,-1
367,5,1099.96,135.94,265.57,727.53,0.9027,-1,-1,-1
367,29,602.92,193.20,145.63,489.71,0.8712,-1,-1,-1
367,32,964.96,314.23,77.84,198.92,0.4089,-1,-1,-1
368,2,752.69,198.41,164.52,545.42,0.8273,-1,-1,-1
368,25,433.50,220.79,165.65,471.77,0.8180,-1,-1,-1
368,28,882.73,206.85,103.76,437.81,0.6240,-1,-1,-1
368,5,1100.11,133.98,264.34,722.88,0.9023,-1,-1,-1
368,29,600.48,192.49,150.05,498.30,0.8601,-1,-1,-1
368,32,961.08,310.40,78.47,199.77,0.4082,-1,-1,-1
369,2,754.45,196.08,164.61,546.81,0.8538,-1,-1,-1
369,25,427.79,220.42,167.15,474.34,0.8271,-1,-1,-1
369,28,883.68,204.43,101.86,437.79,0.5820,-1,-1,-1
369,5,1102.09,133.46,262.65,717.28,0.9053,-1,-1,-1
369,29,596.37,190.86,153.44,505.23,0.8629,-1,-1,-1
369,32,961.31,313.81,78.27,197.87,0.4774,-1,-1,-1
370,2,756.92,194.38,163.51,542.16,0.8226,-1,-1,-1
370,25,423.16,221.04,168.44,476.37,0.8256,-1,-1,-1
370,28,885.17,205.09,100.26,437.89,0.6350,-1,-1,-1
370,5,1102.96,132.84,262.57,716.66,0.9057,-1,-1,-1
370,29,591.13,192.15,155.82,509.62,0.8553,-1,-1,-1
371,2,757.67,195.30,162.97,538.97,0.8487,-1,-1,-1
371,25,419.84,222.74,170.24,479.25,0.8530,-1,-1,-1
371,28,887.50,206.76,99.17,439.92,0.6904,-1,-1,-1
371,5,1103.09,132.95,263.45,720.25,0.9058,-1,-1,-1
371,29,586.64,193.91,158.71,516.53,0.8636,-1,-1,-1
372,2,759.72,195.19,163.09,539.19,0.8480,-1,-1,-1
372,25,417.00,223.38,171.70,481.47,0.8712,-1,-1,-1
372,28,890.52,208.11,97.90,442.05,0.6808,-1,-1,-1
372,5,1104.63,132.64,264.50,726.10,0.9057,-1,-1,-1
372,29,582.22,193.22,161.79,523.96,0.8649,-1,-1,-1
373,2,761.30,197.53,163.45,539.00,0.8569,-1,-1,-1
373,25,413.55,224.81,172.81,483.38,0.8658,-1,-1,-1
373,28,892.49,209.22,95.92,439.80,0.6623,-1,-1,-1
373,5,1106.03,135.74,264.60,729.61,0.8972,-1,-1,-1
373,29,577.57,192.72,164.49,528.91,0.8677,-1,-1,-1
374,2,762.99,197.54,164.26,540.27,0.8473,-1,-1,-1
374,25,408.44,225.20,174.34,487.36,0.8637,-1,-1,-1
374,28,895.47,209.77,95.62,443.25,0.6742,-1,-1,-1
374,5,1106.77,138.25,264.98,735.07,0.8924,-1,-1,-1
374,29,572.73,191.19,167.12,532.99,0.8709,-1,-1,-1
375,2,764.73,199.98,165.19,543.05,0.8542,-1,-1,-1
375,25,402.32,228.38,174.84,488.84,0.8468,-1,-1,-1
375,28,898.28,210.28,94.86,446.17,0.6609,-1,-1,-1
375,5,1107.80,140.01,264.96,740.81,0.8947,-1,-1,-1
375,29,567.21,190.79,171.46,541.14,0.8769,-1,-1,-1
376,2,766.99,202.66,165.96,546.39,0.8528,-1,-1,-1
376,25,393.07,228.89,177.80,499.16,0.8513,-1,-1,-1
376,28,901.04,216.75,93.81,447.13,0.6486,-1,-1,-1
376,5,1108.33,142.14,264.35,746.75,0.8952,-1,-1,-1
376,29,563.21,190.65,175.34,548.87,0.8625,-1,-1,-1
377,2,769.87,205.59,166.25,549.04,0.8859,-1,-1,-1
377,25,387.59,226.01,181.37,512.58,0.8409,-1,-1,-1
377,28,904.38,221.73,92.16,447.11,0.7020,-1,-1,-1
377,5,1109.34,149.45,262.32,747.75,0.8950,-1,-1,-1
377,29,557.51,188.24,178.73,553.66,0.8650,-1,-1,-1
378,2,775.29,210.34,165.09,548.03,0.8389,-1,-1,-1
378,25,381.38,221.90,184.21,524.46,0.8226,-1,-1,-1
378,28,908.16,229.14,89.79,441.46,0.7253,-1,-1,-1
378,5,1111.17,155.10,260.43,748.77,0.8988,-1,-1,-1
378,29,552.73,187.25,181.65,555.84,0.8593,-1,-1,-1
379,2,776.70,213.80,165.64,551.53,0.8407,-1,-1,-1
379,25,376.22,221.01,185.38,533.60,0.8023,-1,-1,-1
379,28,911.10,234.53,87.75,437.16,0.6468,-1,-1,-1
379,5,1111.91,156.73,259.80,754.05,0.8962,-1,-1,-1
379,29,546.88,188.91,185.46,560.50,0.8640,-1,-1,-1
380,2,780.10,216.83,164.60,549.87,0.8447,-1,-1,-1
380,25,369.36,216.90,188.24,546.01,0.8125,-1,-1,-1
380,28,912.63,238.58,86.82,434.68,0.7157,-1,-1,-1
380,5,1112.35,158.90,258.39,756.83,0.8913,-1,-1,-1
380,29,541.78,188.03,189.83,567.95,0.8709,-1,-1,-1
381,2,782.22,220.12,163.91,548.58,0.8392,-1,-1,-1
381,25,365.71,213.44,190.23,556.70,0.8109,-1,-1,-1
381,28,913.78,242.41,86.04,433.14,0.7359,-1,-1,-1
381,5,1111.27,158.61,256.15,756.40,0.8836,-1,-1,-1
381,29,533.11,185.15,194.93,577.41,0.8745,-1,-1,-1
382,2,783.26,220.41,162.88,546.15,0.8466,-1,-1,-1
382,25,363.05,211.01,192.18,566.63,0.8097,-1,-1,-1
382,28,916.60,244.07,86.03,434.49,0.7014,-1,-1,-1
382,5,1108.70,157.23,255.09,760.07,0.8809,-1,-1,-1
382,29,528.19,183.09,199.97,588.39,0.8719,-1,-1,-1
382,33,733.81,316.58,60.00,212.34,0.6499,-1,-1,-1
383,2,784.65,219.31,161.82,543.07,0.8410,-1,-1,-1
383,25,357.58,208.67,192.17,571.08,0.8214,-1,-1,-1
383,28,918.81,242.79,86.32,437.16,0.6831,-1,-1,-1
383,5,1104.75,155.54,253.76,762.06,0.8807,-1,-1,-1
383,29,521.21,180.77,205.32,599.40,0.8766,-1,-1,-1
383,33,732.91,317.98,59.05,208.87,0.6420,-1,-1,-1
384,2,786.30,218.53,161.38,541.23,0.8468,-1,-1,-1
384,25,351.55,207.37,192.12,573.81,0.8233,-1,-1,-1
384,28,924.08,244.92,87.39,435.95,0.5743,-1,-1,-1
384,5,1101.71,153.47,253.30,766.17,0.8834,-1,-1,-1
384,29,514.03,178.60,209.46,607.34,0.8648,-1,-1,-1
384,33,729.93,320.08,59.34,209.60,0.6527,-1,-1,-1
385,2,786.54,217.92,162.20,543.21,0.8421,-1,-1,-1
385,25,346.34,209.12,192.41,574.87,0.8393,-1,-1,-1
385,28,925.38,245.97,88.77,435.55,0.6018,-1,-1,-1
385,5,1101.14,155.49,251.43,763.23,0.8836,-1,-1,-1
385,29,509.94,176.58,213.32,616.20,0.8602,-1,-1,-1
385,33,728.68,321.71,60.04,211.47,0.6964,-1,-1,-1
386,2,785.77,216.16,161.18,536.20,0.8175,-1,-1,-1
386,25,338.86,208.80,191.48,573.67,0.8332,-1,-1,-1
386,28,923.13,245.06,87.61,429.72,0.5449,-1,-1,-1
386,5,1098.25,156.37,250.67,758.92,0.8874,-1,-1,-1
386,29,502.26,174.65,217.11,622.03,0.8638,-1,-1,-1
386,33,728.13,320.98,59.70,210.07,0.6590,-1,-1,-1
387,2,783.40,214.75,161.11,532.45,0.8362,-1,-1,-1
387,25,329.62,203.60,194.13,583.72,0.8386,-1,-1,-1
387,28,918.47,245.58,87.01,430.23,0.6180,-1,-1,-1
387,5,1093.89,156.92,250.47,752.81,0.8935,-1,-1,-1
387,29,493.57,170.70,221.86,631.12,0.8618,-1,-1,-1
387,33,724.90,318.94,60.38,211.47,0.6777,-1,-1,-1
388,2,782.75,212.84,161.92,531.90,0.8344,-1,-1,-1
388,25,319.44,195.82,197.22,595.13,0.8473,-1,-1,-1
388,28,917.43,242.10,87.37,433.08,0.5092,-1,-1,-1
388,5,1092.15,158.54,250.56,747.00,0.8875,-1,-1,-1
388,29,484.58,167.80,227.89,646.00,0.8643,-1,-1,-1
388,33,722.65,317.95,60.65,210.69,0.7096,-1,-1,-1
389,2,780.57,210.36,163.34,536.45,0.8425,-1,-1,-1
389,25,311.38,187.97,199.34,604.55,0.8410,-1,-1,-1
389,28,915.46,242.77,87.10,433.76,0.5924,-1,-1,-1
389,5,1090.40,158.00,252.55,747.90,0.8912,-1,-1,-1
389,29,479.34,163.09,232.04,657.40,0.8636,-1,-1,-1
389,33,721.01,317.14,61.47,211.91,0.6895,-1,-1,-1
390,2,778.13,210.35,164.10,539.49,0.8473,-1,-1,-1
390,25,304.43,184.37,200.71,609.51,0.8351,-1,-1,-1
390,28,913.30,242.49,86.44,433.40,0.6596,-1,-1,-1
390,5,1087.87,157.39,255.44,750.30,0.8852,-1,-1,-1
390,29,476.21,157.36,235.74,668.67,0.8716,-1,-1,-1
390,33,719.82,316.93,62.37,212.69,0.7297,-1,-1,-1
391,2,773.91,210.09,164.94,542.50,0.8497,-1,-1,-1
391,25,295.13,181.41,202.37,614.42,0.8369,-1,-1,-1
391,28,910.53,238.73,86.78,436.32,0.6521,-1,-1,-1
391,5,1081.67,157.74,259.72,754.74,0.8882,-1,-1,-1
391,29,473.86,150.74,238.90,678.50,0.8719,-1,-1,-1
391,33,717.19,316.56,63.43,213.21,0.7366,-1,-1,-1
392,2,770.69,211.30,165.65,545.80,0.8335,-1,-1,-1
392,25,285.89,176.24,205.40,624.73,0.8498,-1,-1,-1
392,28,907.30,236.35,86.84,439.21,0.6606,-1,-1,-1
392,5,1075.10,157.32,265.27,763.41,0.8942,-1,-1,-1
392,29,471.39,144.70,241.71,689.03,0.8750,-1,-1,-1
392,33,714.35,315.05,64.92,214.64,0.7612,-1,-1,-1
393,2,770.26,217.08,164.29,540.23,0.8213,-1,-1,-1
393,25,274.33,172.17,208.47,633.37,0.8570,-1,-1,-1
393,28,905.52,238.34,86.31,437.18,0.6173,-1,-1,-1
393,5,1070.65,157.33,269.62,768.82,0.8968,-1,-1,-1
393,29,467.72,140.06,243.16,696.47,0.8784,-1,-1,-1
393,33,712.19,314.17,66.43,216.50,0.7595,-1,-1,-1
394,2,767.13,219.14,163.63,538.90,0.8076,-1,-1,-1
394,25,263.40,165.61,212.25,642.74,0.8638,-1,-1,-1
394,28,903.45,235.55,85.61,436.08,0.6198,-1,-1,-1
394,5,1067.32,157.01,272.96,772.11,0.9046,-1,-1,-1
394,29,461.47,134.17,245.03,704.73,0.8821,-1,-1,-1
394,33,709.09,313.72,67.29,216.00,0.7511,-1,-1,-1
395,2,762.36,220.33,163.74,539.02,0.8036,-1,-1,-1
395,25,242.11,160.53,217.56,648.79,0.8654,-1,-1,-1
395,28,900.14,233.10,85.36,436.96,0.6269,-1,-1,-1
395,5,1063.42,156.55,276.62,776.62,0.9004,-1,-1,-1
395,29,455.51,127.73,246.93,714.49,0.8771,-1,-1,-1
395,33,706.03,311.92,68.51,217.26,0.7430,-1,-1,-1
395,35,971.04,341.00,73.32,207.62,0.6174,-1,-1,-1
396,2,759.36,222.37,162.63,535.55,0.8090,-1,-1,-1
396,25,229.86,157.17,222.01,660.05,0.8677,-1,-1,-1
396,28,898.46,235.95,84.49,434.03,0.6875,-1,-1,-1
396,5,1061.48,156.41,279.33,778.26,0.8991,-1,-1,-1
396,29,448.80,118.73,249.55,726.06,0.8803,-1,-1,-1
396,33,702.17,309.79,69.58,218.32,0.7346,-1,-1,-1
396,35,969.12,339.08,73.86,209.19,0.6421,-1,-1,-1
397,2,756.31,222.24,161.39,532.11,0.8138,-1,-1,-1
397,25,210.62,155.65,227.57,667.23,0.8703,-1,-1,-1
397,28,896.22,237.92,83.59,430.15,0.6887,-1,-1,-1
397,5,1059.65,156.25,281.69,779.99,0.8980,-1,-1,-1
397,29,440.62,110.91,252.20,736.53,0.8861,-1,-1,-1
397,33,698.31,309.20,70.28,219.71,0.7447,-1,-1,-1
397,35,968.46,337.29,74.16,209.88,0.6278,-1,-1,-1
398,2,751.12,219.32,162.18,535.97,0.8314,-1,-1,-1
398,25,190.43,149.04,237.20,684.40,0.8857,-1,-1,-1
398,28,893.87,238.72,83.53,430.07,0.6814,-1,-1,-1
398,5,1057.36,156.29,283.46,781.42,0.8983,-1,-1,-1
398,29,432.48,102.81,255.37,747.16,0.8952,-1,-1,-1
398,33,694.18,307.43,70.76,221.29,0.7578,-1,-1,-1
398,35,968.85,338.52,73.65,208.17,0.6037,-1,-1,-1
399,2,745.82,216.63,162.20,537.42,0.8551,-1,-1,-1
399,25,163.41,144.31,246.77,697.66,0.8967,-1,-1,-1
399,28,890.14,238.48,84.15,430.49,0.7181,-1,-1,-1
399,5,1055.53,155.72,285.30,784.59,0.8964,-1,-1,-1
399,29,425.09,94.83,258.29,756.72,0.8931,-1,-1,-1
399,33,690.39,304.83,71.25,223.98,0.7866,-1,-1,-1
399,35,967.90,336.23,74.57,210.65,0.6219,-1,-1,-1
400,2,740.37,216.27,160.47,531.72,0.8431,-1,-1,-1
400,25,146.59,141.19,253.77,705.73,0.8944,-1,-1,-1
400,28,885.32,238.75,85.12,431.31,0.7512,-1,-1,-1
400,5,1053.90,155.10,287.00,787.93,0.8989,-1,-1,-1
400,29,419.75,90.08,261.36,764.35,0.8946,-1,-1,-1
400,33,688.42,304.84,70.61,223.46,0.7739,-1,-1,-1
400,35,967.30,330.40,77.26,217.42,0.5422,-1,-1,-1
401,2,734.43,216.15,158.38,521.75,0.8636,-1,-1,-1
401,25,131.65,139.38,261.05,717.63,0.8956,-1,-1,-1
401,28,881.05,235.78,86.96,437.26,0.7815,-1,-1,-1
401,5,1053.56,154.68,286.17,784.86,0.8997,-1,-1,-1
401,29,414.80,84.91,265.58,774.77,0.8992,-1,-1,-1
401,33,685.27,303.94,70.19,223.62,0.7248,-1,-1,-1
401,35,967.63,329.50,77.91,218.10,0.6045,-1,-1,-1
402,2,730.73,213.66,158.70,520.35,0.8794,-1,-1,-1
402,25,121.38,136.25,266.43,727.64,0.8979,-1,-1,-1
402,28,878.48,235.40,88.21,438.56,0.8049,-1,-1,-1
402,5,1052.86,150.26,287.63,790.60,0.8973,-1,-1,-1
402,29,408.57,80.30,271.66,790.65,0.8986,-1,-1,-1
402,33,683.31,302.64,69.96,225.26,0.5678,-1,-1,-1
402,35,967.16,329.74,77.68,217.05,0.6070,-1,-1,-1
403,2,727.76,212.45,159.58,521.30,0.8769,-1,-1,-1
403,25,107.89,134.54,273.46,746.05,0.8964,-1,-1,-1
403,28,876.75,236.18,89.13,438.64,0.8047,-1,-1,-1
403,5,1053.64,149.64,288.47,795.89,0.8966,-1,-1,-1
403,29,400.85,75.48,279.74,812.60,0.9080,-1,-1,-1
403,33,682.37,302.72,69.91,227.66,0.5820,-1,-1,-1
403,35,969.59,338.64,74.62,207.95,0.5807,-1,-1,-1
404,2,725.13,212.14,160.82,523.59,0.8641,-1,-1,-1
404,25,93.25,131.39,280.82,767.15,0.9013,-1,-1,-1
404,28,875.97,236.74,90.81,442.95,0.8012,-1,-1,-1
404,5,1058.81,148.96,287.92,796.04,0.8900,-1,-1,-1
404,29,391.41,73.09,287.80,834.87,0.9093,-1,-1,-1
404,33,681.89,303.48,69.48,228.49,0.5454,-1,-1,-1
404,35,970.75,338.46,75.60,210.17,0.6391,-1,-1,-1
405,2,725.25,213.74,161.25,524.61,0.8625,-1,-1,-1
405,25,78.72,129.20,286.32,781.75,0.8915,-1,-1,-1
405,28,875.89,238.07,91.38,441.95,0.8015,-1,-1,-1
405,5,1061.86,150.23,286.88,792.93,0.8890,-1,-1,-1
405,29,382.92,72.96,291.65,841.74,0.9082,-1,-1,-1
405,33,682.44,303.51,68.98,229.59,0.5205,-1,-1,-1
405,35,972.85,338.41,76.29,211.22,0.6548,-1,-1,-1
406,2,724.54,215.53,162.11,525.84,0.8496,-1,-1,-1
406,25,63.07,128.46,291.09,790.76,0.8919,-1,-1,-1
406,28,876.76,239.14,91.92,439.52,0.7962,-1,-1,-1
406,5,1065.41,150.25,284.70,785.57,0.8773,-1,-1,-1
406,29,374.48,71.76,297.27,852.18,0.9054,-1,-1,-1
406,33,684.12,304.48,68.80,231.24,0.4906,-1,-1,-1
406,35,977.34,342.06,77.02,211.44,0.6669,-1,-1,-1
407,2,726.11,217.04,162.70,527.36,0.8585,-1,-1,-1
407,25,57.40,122.47,296.24,804.18,0.8889,-1,-1,-1
407,28,877.01,238.92,93.21,441.25,0.7979,-1,-1,-1
407,5,1070.20,149.57,282.96,780.50,0.8776,-1,-1,-1
407,29,367.68,72.46,303.03,860.66,0.9049,-1,-1,-1
407,33,685.67,305.03,69.29,234.71,0.5944,-1,-1,-1
407,35,980.85,345.55,76.89,209.12,0.6534,-1,-1,-1
408,2,726.38,219.25,163.38,528.18,0.8642,-1,-1,-1
408,25,46.01,117.88,301.14,813.70,0.9036,-1,-1,-1
408,28,876.81,239.52,94.33,441.14,0.7924,-1,-1,-1
408,5,1074.18,149.08,282.03,778.81,0.8891,-1,-1,-1
408,29,360.72,70.09,310.14,874.66,0.9037,-1,-1,-1
408,33,687.92,304.85,69.06,237.25,0.4709,-1,-1,-1
408,35,982.13,337.78,80.45,218.07,0.6136,-1,-1,-1
409,2,728.07,220.40,164.72,532.25,0.8603,-1,-1,-1
409,25,44.02,114.14,305.48,825.17,0.9047,-1,-1,-1
409,28,877.91,241.22,94.98,437.94,0.8036,-1,-1,-1
409,5,1078.53,149.65,282.27,782.15,0.8948,-1,-1,-1
409,29,356.10,67.60,317.47,893.42,0.9088,-1,-1,-1
409,33,691.11,306.17,68.28,240.16,0.4864,-1,-1,-1
409,35,985.59,342.02,78.40,212.77,0.6596,-1,-1,-1
410,2,730.34,223.10,165.12,533.63,0.8374,-1,-1,-1
410,25,39.40,110.91,309.86,836.05,0.9032,-1,-1,-1
410,28,881.63,240.11,97.00,437.99,0.7898,-1,-1,-1
410,5,1083.78,150.89,282.15,785.37,0.8921,-1,-1,-1
410,29,353.08,65.06,322.76,911.22,0.9161,-1,-1,-1
410,33,696.69,308.29,67.74,241.93,0.6059,-1,-1,-1
410,35,991.50,345.37,77.18,210.01,0.6307,-1,-1,-1
411,2,733.38,224.63,165.96,534.91,0.8013,-1,-1,-1
411,25,29.19,105.96,313.44,846.39,0.9078,-1,-1,-1
411,28,886.11,239.83,98.46,437.96,0.7869,-1,-1,-1
411,5,1089.25,149.92,282.91,792.89,0.8893,-1,-1,-1
411,29,350.75,61.76,326.01,924.07,0.9157,-1,-1,-1
411,33,702.11,308.88,66.50,241.92,0.5888,-1,-1,-1
411,35,999.33,349.75,76.89,207.74,0.6637,-1,-1,-1
412,2,737.24,226.22,165.91,532.37,0.8134,-1,-1,-1
412,25,17.63,97.96,317.30,858.17,0.9169,-1,-1,-1
412,28,891.17,236.85,100.17,441.97,0.7514,-1,-1,-1
412,5,1094.41,152.73,283.17,797.24,0.8925,-1,-1,-1
412,29,343.72,57.01,334.05,952.44,0.9129,-1,-1,-1
412,33,708.82,308.75,65.16,240.46,0.5468,-1,-1,-1
412,35,1004.14,347.35,78.59,211.17,0.7007,-1,-1,-1
413,2,742.44,226.45,165.73,529.26,0.8178,-1,-1,-1
413,25,4.03,91.04,321.23,868.38,0.9265,-1,-1,-1
413,28,895.20,231.92,102.07,444.71,0.7521,-1,-1,-1
413,5,1098.63,153.61,284.07,802.07,0.8973,-1,-1,-1
413,29,336.73,50.00,340.33,975.25,0.9110,-1,-1,-1
413,33,716.18,307.05,64.17,240.79,0.4619,-1,-1,-1
413,35,1009.13,344.79,79.29,213.27,0.5990,-1,-1,-1
413,36,654.45,346.05,54.35,187.39,0.6632,-1,-1,-1
414,2,749.75,227.18,165.01,526.24,0.8209,-1,-1,-1
414,25,-3.94,84.01,324.68,879.08,0.9297,-1,-1,-1
414,28,900.33,233.29,104.04,445.04,0.7817,-1,-1,-1
414,5,1103.28,154.01,284.43,806.08,0.8896,-1,-1,-1
414,29,328.07,40.43,345.12,994.83,0.9023,-1,-1,-1
414,33,722.29,304.25,63.73,241.59,0.4851,-1,-1,-1
414,35,1014.67,341.94,80.14,216.26,0.6409,-1,-1,-1
414,36,657.00,342.55,56.89,195.67,0.6429,-1,-1,-1
415,2,753.58,224.84,165.74,527.64,0.8248,-1,-1,-1
415,25,-7.78,78.39,326.31,885.94,0.9252,-1,-1,-1
415,28,905.58,237.46,104.62,441.54,0.8091,-1,-1,-1
415,5,1108.56,153.72,284.35,809.41,0.8864,-1,-1,-1
415,29,320.46,28.76,350.90,1015.48,0.9130,-1,-1,-1
415,33,727.49,302.98,62.31,237.93,0.4361,-1,-1,-1
415,35,1021.00,347.34,79.35,212.67,0.6746,-1,-1,-1
415,36,660.47,341.80,55.65,190.12,0.6434,-1,-1,-1
416,2,754.55,221.74,165.94,524.41,0.8437,-1,-1,-1
416,25,-12.88,68.29,331.30,905.62,0.9217,-1,-1,-1
416,28,910.25,237.28,106.69,444.63,0.7921,-1,-1,-1
416,5,1112.94,152.38,284.49,813.65,0.8904,-1,-1,-1
416,29,311.98,15.98,356.65,1035.50,0.9137,-1,-1,-1
416,35,1025.18,348.95,79.51,211.33,0.5940,-1,-1,-1
416,36,662.40,340.84,55.42,187.72,0.6558,-1,-1,-1
417,2,754.57,221.54,166.72,521.91,0.8357,-1,-1,-1
417,25,-19.07,58.46,340.05,939.84,0.9180,-1,-1,-1
417,28,912.57,237.41,107.98,444.66,0.7984,-1,-1,-1
417,5,1115.65,151.55,285.37,821.59,0.8916,-1,-1,-1
417,29,298.21,6.27,362.66,1051.97,0.9090,-1,-1,-1
417,35,1029.43,345.85,80.31,213.08,0.6626,-1,-1,-1
417,36,663.18,340.83,56.27,188.68,0.6611,-1,-1,-1
418,2,754.59,220.00,168.00,521.08,0.8436,-1,-1,-1
418,25,-32.02,50.20,344.97,974.11,0.9162,-1,-1,-1
418,28,916.36,234.96,109.38,444.78,0.7835,-1,-1,-1
418,5,1118.70,149.11,285.03,826.05,0.8920,-1,-1,-1
418,29,285.10,1.32,367.25,1061.30,0.9150,-1,-1,-1
418,35,1032.03,338.52,82.26,218.26,0.6659,-1,-1,-1
418,36,662.49,339.73,57.52,190.92,0.6717,-1,-1,-1
419,2,752.11,212.90,171.35,528.37,0.8542,-1,-1,-1
419,25,-39.82,42.28,342.21,990.63,0.9105,-1,-1,-1
419,28,917.02,234.25,110.14,443.75,0.7779,-1,-1,-1
419,5,1120.47,147.38,283.43,825.64,0.8904,-1,-1,-1
419,29,270.32,-0.15,372.02,1067.81,0.9215,-1,-1,-1
419,35,1034.27,337.29,82.77,219.14,0.6328,-1,-1,-1
419,36,658.79,337.54,60.31,198.77,0.6737,-1,-1,-1
420,2,749.17,209.18,173.63,532.30,0.8564,-1,-1,-1
420,25,-45.33,37.78,337.31,1004.43,0.9036,-1,-1,-1
420,28,916.77,234.87,111.78,445.53,0.7857,-1,-1,-1
420,5,1121.13,144.25,282.62,827.19,0.8896,-1,-1,-1
420,29,256.27,-0.30,377.16,1074.32,0.9256,-1,-1,-1
420,35,1035.05,333.73,85.39,224.69,0.6361,-1,-1,-1
420,36,654.76,336.70,62.38,204.67,0.6764,-1,-1,-1
421,2,748.66,210.17,174.38,530.94,0.8576,-1,-1,-1
421,25,-46.34,27.94,323.96,993.08,0.9001,-1,-1,-1
421,28,915.39,234.99,112.47,444.38,0.7927,-1,-1,-1
421,5,1120.62,140.13,282.97,830.24,0.8914,-1,-1,-1
421,29,241.64,0.49,381.71,1075.84,0.9258,-1,-1,-1
421,35,1035.62,334.44,85.79,224.21,0.6428,-1,-1,-1
421,36,653.18,336.35,63.14,205.70,0.6758,-1,-1,-1
422,2,745.30,211.01,177.12,537.81,0.8470,-1,-1,-1
422,25,-49.32,18.01,313.05,991.75,0.8890,-1,-1,-1
422,28,913.57,235.75,113.47,445.02,0.7922,-1,-1,-1
422,5,1118.65,133.00,284.27,835.18,0.8867,-1,-1,-1
422,29,224.29,-0.01,387.06,1079.03,0.9196,-1,-1,-1
422,35,1035.50,338.11,84.86,220.41,0.5482,-1,-1,-1
422,36,648.68,334.28,64.63,209.43,0.6860,-1,-1,-1
423,2,741.11,211.17,177.08,537.73,0.8480,-1,-1,-1
423,25,-53.70,13.20,302.77,995.95,0.8901,-1,-1,-1
423,28,912.29,237.55,114.12,444.75,0.7742,-1,-1,-1
423,5,1114.41,128.08,285.98,838.79,0.8932,-1,-1,-1
423,29,207.84,-0.68,391.88,1081.21,0.9225,-1,-1,-1
423,35,1035.04,340.31,84.85,218.87,0.5632,-1,-1,-1
423,36,645.21,332.42,66.36,213.08,0.7178,-1,-1,-1
424,2,738.36,213.20,175.45,533.45,0.8379,-1,-1,-1
424,25,-58.54,9.46,292.70,1004.61,0.8764,-1,-1,-1
424,28,910.61,240.01,114.93,442.39,0.7510,-1,-1,-1
424,5,1112.26,126.55,287.03,838.55,0.9005,-1,-1,-1
424,29,188.50,0.01,396.67,1081.47,0.9273,-1,-1,-1
424,35,1032.07,340.60,84.97,218.70,0.6042,-1,-1,-1
424,36,642.62,331.64,67.41,213.71,0.7002,-1,-1,-1
425,2,734.19,213.70,176.17,535.51,0.8378,-1,-1,-1
425,25,-64.37,7.25,280.42,1010.94,0.8435,-1,-1,-1
425,28,907.29,239.75,115.78,440.67,0.7743,-1,-1,-1
425,5,1109.94,125.83,286.70,832.15,0.9028,-1,-1,-1
425,29,167.74,0.04,402.14,1079.20,0.9243,-1,-1,-1
425,35,1030.69,339.25,85.18,219.32,0.6202,-1,-1,-1
425,36,637.57,328.01,69.54,218.88,0.7005,-1,-1,-1
426,2,732.47,213.54,175.75,535.50,0.8401,-1,-1,-1
426,28,904.23,237.62,117.91,442.16,0.7950,-1,-1,-1
426,5,1107.09,126.11,285.88,820.74,0.9032,-1,-1,-1
426,29,144.20,-0.06,408.32,1077.27,0.9262,-1,-1,-1
426,35,1028.38,335.55,85.38,220.03,0.6319,-1,-1,-1
426,36,634.11,326.63,69.63,217.97,0.6846,-1,-1,-1
427,2,729.94,214.27,176.43,536.99,0.8310,-1,-1,-1
427,28,903.80,236.34,119.32,442.60,0.7799,-1,-1,-1
427,5,1103.27,127.62,286.75,813.35,0.9002,-1,-1,-1
427,29,115.74,0.35,415.53,1073.60,0.9224,-1,-1,-1
427,35,1025.95,332.88,86.17,222.62,0.5847,-1,-1,-1
427,36,628.95,326.23,70.79,220.98,0.7198,-1,-1,-1
427,25,-35.03,117.28,170.41,637.82,0.7120,-1,-1,-1
428,2,724.46,217.92,175.79,532.20,0.8337,-1,-1,-1
428,28,901.13,235.63,121.02,442.71,0.7978,-1,-1,-1
428,5,1098.61,128.65,290.37,814.19,0.9039,-1,-1,-1
428,29,90.98,1.44,424.58,1071.39,0.9213,-1,-1,-1
428,35,1024.05,332.34,85.88,223.49,0.4998,-1,-1,-1
428,36,623.40,326.28,71.23,221.44,0.7151,-1,-1,-1
429,2,716.26,215.99,178.96,539.33,0.8318,-1,-1,-1
429,28,900.04,234.48,121.72,441.91,0.7767,-1,-1,-1
429,5,1092.34,130.35,294.04,816.51,0.9048,-1,-1,-1
429,29,60.88,1.52,435.74,1071.49,0.9302,-1,-1,-1
429,35,1024.26,330.60,86.12,227.00,0.4855,-1,-1,-1
429,36,617.00,327.50,71.39,222.43,0.7547,-1,-1,-1
430,2,705.15,214.81,180.18,544.78,0.8380,-1,-1,-1
430,28,899.43,234.16,121.25,437.87,0.7791,-1,-1,-1
430,5,1086.82,132.90,298.57,820.38,0.9091,-1,-1,-1
430,29,43.94,2.09,445.52,1071.78,0.9266,-1,-1,-1
430,35,1027.38,329.89,84.19,224.69,0.4598,-1,-1,-1
430,36,612.87,325.33,72.02,224.76,0.7132,-1,-1,-1
431,2,693.56,212.43,181.61,552.38,0.8260,-1,-1,-1
431,28,897.92,233.20,121.18,435.26,0.7825,-1,-1,-1
431,5,1082.54,133.55,302.67,824.54,0.9050,-1,-1,-1
431,29,32.06,2.12,453.12,1071.87,0.9298,-1,-1,-1
431,35,1029.74,329.09,83.24,225.42,0.3722,-1,-1,-1
431,36,608.39,325.66,73.38,228.14,0.6759,-1,-1,-1
432,2,682.14,209.40,185.15,566.80,0.8332,-1,-1,-1
432,28,897.25,231.50,121.24,433.52,0.7886,-1,-1,-1
432,5,1079.09,133.81,306.67,828.96,0.9038,-1,-1,-1
432,29,24.20,3.48,459.16,1071.55,0.9352,-1,-1,-1
432,35,1031.24,328.13,82.06,225.17,0.3758,-1,-1,-1
432,36,604.08,326.18,73.62,229.10,0.6594,-1,-1,-1
433,2,677.37,206.45,183.63,563.20,0.8283,-1,-1,-1
433,28,896.27,231.31,121.22,431.84,0.7958,-1,-1,-1
433,5,1077.70,133.20,310.03,832.94,0.9033,-1,-1,-1
433,29,17.36,4.85,461.82,1066.99,0.9355,-1,-1,-1
433,36,600.90,325.09,73.68,228.99,0.6440,-1,-1,-1
434,2,671.44,203.00,185.73,573.28,0.8403,-1,-1,-1
434,28,895.11,228.85,121.77,432.17,0.7960,-1,-1,-1
434,5,1078.10,131.58,312.09,834.53,0.9013,-1,-1,-1
434,29,11.26,3.98,464.62,1066.16,0.9387,-1,-1,-1
434,36,596.47,322.02,74.29,231.82,0.6849,-1,-1,-1
435,2,669.69,199.65,182.48,565.86,0.8254,-1,-1,-1
435,28,893.98,226.34,122.33,431.81,0.7788,-1,-1,-1
435,5,1077.97,129.04,314.34,837.12,0.9037,-1,-1,-1
435,29,6.03,2.91,466.43,1065.95,0.9396,-1,-1,-1
435,36,594.28,319.91,74.66,233.22,0.6859,-1,-1,-1
436,2,669.06,196.78,179.67,558.20,0.7974,-1,-1,-1
436,28,896.63,224.78,122.22,432.01,0.7698,-1,-1,-1
436,5,1078.40,126.19,316.93,841.79,0.9070,-1,-1,-1
436,29,1.34,2.44,467.65,1067.02,0.9397,-1,-1,-1
436,36,593.62,318.24,74.45,233.02,0.7085,-1,-1,-1
436,37,514.77,307.80,54.10,200.01,0.6141,-1,-1,-1
437,2,668.56,194.27,173.98,539.58,0.8136,-1,-1,-1
437,28,898.60,223.73,121.94,432.18,0.7558,-1,-1,-1
437,5,1080.38,121.78,318.70,845.33,0.9055,-1,-1,-1
437,29,-5.33,2.09,468.58,1071.63,0.9357,-1,-1,-1
437,36,591.32,314.25,74.50,232.65,0.7235,-1,-1,-1
437,37,518.19,339.02,45.13,166.18,0.5871,-1,-1,-1
437,33,827.02,300.22,65.49,230.77,0.6743,-1,-1,-1
438,2,665.28,194.06,171.92,531.15,0.8385,-1,-1,-1
438,28,900.50,223.19,121.70,433.75,0.7556,-1,-1,-1
438,5,1082.50,118.40,317.44,839.91,0.9003,-1,-1,-1
438,29,-13.38,2.92,464.83,1070.30,0.9349,-1,-1,-1
438,36,588.75,312.59,74.89,233.79,0.7308,-1,-1,-1
438,37,515.49,337.93,45.89,168.54,0.4228,-1,-1,-1
438,33,825.41,300.65,69.28,231.22,0.6723,-1,-1,-1
439,2,662.89,194.43,171.28,528.08,0.8540,-1,-1,-1
439,28,901.46,223.12,121.35,435.61,0.7576,-1,-1,-1
439,5,1085.10,115.14,317.92,840.89,0.9012,-1,-1,-1
439,29,-22.44,3.23,459.79,1070.67,0.9277,-1,-1,-1
439,36,585.51,312.08,75.21,234.44,0.7219,-1,-1,-1
439,37,512.94,331.92,47.15,172.70,0.4342,-1,-1,-1
439,33,821.49,299.70,73.06,235.62,0.7252,-1,-1,-1
439,35,992.00,302.43,84.12,235.99,0.6397,-1,-1,-1
440,2,659.15,193.93,171.52,527.37,0.8672,-1,-1,-1
440,28,900.73,221.76,120.97,437.43,0.7694,-1,-1,-1
440,5,1088.57,111.69,318.11,840.69,0.8844,-1,-1,-1
440,29,-30.66,3.26,451.28,1066.87,0.9269,-1,-1,-1
440,36,582.44,308.79,77.36,241.29,0.7687,-1,-1,-1
440,37,509.46,326.63,48.59,177.32,0.4088,-1,-1,-1
440,33,816.65,297.91,75.43,238.39,0.7015,-1,-1,-1
440,35,989.96,300.73,82.96,236.22,0.7044,-1,-1,-1
441,2,657.71,195.28,172.41,528.67,0.8638,-1,-1,-1
441,28,901.70,222.18,120.20,437.81,0.7791,-1,-1,-1
441,5,1092.68,107.26,318.81,841.90,0.8998,-1,-1,-1
441,29,-40.17,3.02,441.84,1065.76,0.9199,-1,-1,-1
441,36,581.05,305.95,78.58,246.03,0.7663,-1,-1,-1
441,37,507.15,315.44,51.84,189.05,0.4088,-1,-1,-1
441,33,814.21,296.77,77.08,240.58,0.6950,-1,-1,-1
441,35,989.86,297.91,82.80,238.66,0.7103,-1,-1,-1
442,2,658.00,197.61,172.97,529.48,0.8552,-1,-1,-1
442,28,904.96,223.87,118.53,435.19,0.7336,-1,-1,-1
442,5,1099.48,106.48,316.18,832.66,0.8975,-1,-1,-1
442,29,-50.02,3.18,430.36,1065.06,0.9136,-1,-1,-1
442,36,580.90,305.45,79.16,249.00,0.7717,-1,-1,-1
442,37,510.58,326.49,48.92,177.53,0.4275,-1,-1,-1
442,33,817.15,297.30,77.79,237.73,0.7282,-1,-1,-1
442,35,990.43,297.08,83.05,242.34,0.6780,-1,-1,-1
442,38,1056.01,314.80,69.72,237.09,0.6572,-1,-1,-1
443,2,660.94,198.63,172.33,527.66,0.8509,-1,-1,-1
443,28,905.83,224.54,117.76,435.26,0.7464,-1,-1,-1
443,5,1107.23,109.77,313.27,821.44,0.8967,-1,-1,-1
443,29,-58.88,3.74,416.78,1063.59,0.8933,-1,-1,-1
443,36,582.07,307.94,79.24,249.15,0.7729,-1,-1,-1
443,37,513.96,334.54,47.58,171.90,0.4495,-1,-1,-1
443,33,819.66,299.40,77.55,232.47,0.7587,-1,-1,-1
443,35,994.13,295.24,83.21,243.66,0.6434,-1,-1,-1
443,38,1059.68,314.37,70.13,238.49,0.5983,-1,-1,-1
444,2,665.48,200.83,170.14,521.59,0.8448,-1,-1,-1
444,28,909.10,226.14,116.12,432.68,0.7102,-1,-1,-1
444,5,1114.60,112.94,311.28,814.28,0.9003,-1,-1,-1
444,29,-66.54,4.31,401.59,1061.93,0.8392,-1,-1,-1
444,36,584.12,307.55,79.84,250.88,0.7617,-1,-1,-1
444,37,517.86,342.22,45.80,164.01,0.4906,-1,-1,-1
444,33,821.11,300.03,78.57,233.44,0.7713,-1,-1,-1
444,35,997.04,297.29,83.21,243.46,0.6361,-1,-1,-1
444,38,1061.56,303.23,72.52,246.70,0.5810,-1,-1,-1
445,2,671.97,202.96,167.52,512.55,0.8420,-1,-1,-1
445,28,909.09,223.12,117.52,438.41,0.7751,-1,-1,-1
445,5,1119.93,118.41,312.70,817.62,0.8973,-1,-1,-1
445,29,-74.58,4.78,385.38,1062.18,0.3825,-1,-1,-1
445,36,585.15,307.54,80.30,251.30,0.7620,-1,-1,-1
445,37,521.03,334.39,48.25,172.49,0.4917,-1,-1,-1
445,33,823.91,298.79,80.08,235.15,0.7827,-1,-1,-1
445,35,1003.31,292.25,84.10,246.66,0.7156,-1,-1,-1
445,38,1069.75,302.59,71.79,244.04,0.5707,-1,-1,-1
446,2,679.59,202.36,164.50,502.71,0.8352,-1,-1,-1
446,28,908.47,221.13,119.55,445.45,0.8087,-1,-1,-1
446,5,1127.43,124.13,313.14,818.49,0.9060,-1,-1,-1
446,29,-53.81,4.95,377.32,1062.87,0.7279,-1,-1,-1
446,36,587.16,308.88,80.97,250.63,0.7384,-1,-1,-1
446,37,526.28,342.77,46.74,164.38,0.5358,-1,-1,-1
446,33,827.80,296.37,81.45,237.64,0.7905,-1,-1,-1
446,35,1008.07,294.31,84.16,248.41,0.7712,-1,-1,-1
446,38,1076.46,301.08,72.20,245.81,0.6522,-1,-1,-1
447,2,684.68,201.17,166.66,508.05,0.8357,-1,-1,-1
447,28,914.39,220.34,120.90,449.71,0.7667,-1,-1,-1
447,5,1135.20,126.32,314.30,823.38,0.9061,-1,-1,-1
447,36,590.48,310.19,81.36,249.27,0.6900,-1,-1,-1
447,37,532.63,352.50,44.38,153.43,0.5005,-1,-1,-1
447,33,834.68,295.85,82.47,238.82,0.7572,-1,-1,-1
447,35,1014.22,292.51,84.76,250.28,0.7646,-1,-1,-1
447,38,1083.19,299.84,72.87,249.09,0.6897,-1,-1,-1
448,2,689.73,200.98,170.59,518.05,0.8418,-1,-1,-1
448,28,921.06,219.15,122.11,453.45,0.7439,-1,-1,-1
448,5,1144.19,135.23,314.45,823.91,0.9052,-1,-1,-1
448,36,592.36,311.63,82.12,248.87,0.6963,-1,-1,-1
448,37,535.14,334.87,50.55,175.02,0.4990,-1,-1,-1
448,33,840.84,296.31,82.84,239.37,0.7968,-1,-1,-1
448,35,1021.87,295.06,84.54,250.85,0.7390,-1,-1,-1
448,38,1091.94,302.47,72.50,248.30,0.6793,-1,-1,-1
449,2,697.48,202.34,170.82,518.43,0.8162,-1,-1,-1
449,28,927.53,217.26,121.78,454.35,0.7734,-1,-1,-1
449,5,1151.58,141.04,314.69,824.23,0.9073,-1,-1,-1
449,36,599.42,314.16,82.98,250.91,0.7450,-1,-1,-1
449,37,539.54,322.60,54.82,189.85,0.5240,-1,-1,-1
449,33,846.57,297.19,83.12,239.18,0.7501,-1,-1,-1
449,35,1031.39,296.23,83.53,250.13,0.7118,-1,-1,-1
449,38,1101.06,312.37,70.27,240.28,0.6746,-1,-1,-1
450,2,705.39,202.10,169.85,514.43,0.8152,-1,-1,-1
450,28,928.38,218.22,121.51,453.65,0.7803,-1,-1,-1
450,5,1157.65,146.59,315.12,827.29,0.9099,-1,-1,-1
450,36,604.66,314.92,83.07,251.02,0.7175,-1,-1,-1
450,37,545.23,325.92,53.58,185.04,0.4894,-1,-1,-1
450,33,851.62,298.21,82.17,236.16,0.7162,-1,-1,-1
450,35,1036.44,298.33,82.63,248.01,0.7050,-1,-1,-1
450,38,1107.33,314.16,70.38,240.29,0.7049,-1,-1,-1
451,2,710.12,201.62,169.79,513.09,0.8243,-1,-1,-1
451,28,936.30,219.92,119.69,447.74,0.7805,-1,-1,-1
451,5,1164.40,150.80,315.48,830.94,0.9031,-1,-1,-1
451,36,605.71,314.80,84.41,253.75,0.7410,-1,-1,-1
451,37,550.35,319.25,55.16,190.90,0.4580,-1,-1,-1
451,33,857.62,295.02,84.37,240.36,0.7236,-1,-1,-1
451,35,1044.20,291.11,83.13,253.31,0.6919,-1,-1,-1
451,38,1116.23,318.62,69.43,236.44,0.6990,-1,-1,-1
452,2,716.44,200.63,168.94,511.53,0.8417,-1,-1,-1
452,28,945.66,220.02,118.41,440.87,0.7663,-1,-1,-1
452,5,1171.59,153.74,316.05,834.79,0.9044,-1,-1,-1
452,36,608.14,314.98,84.97,253.64,0.7351,-1,-1,-1
452,37,556.37,319.14,53.87,186.61,0.4504,-1,-1,-1
452,33,861.19,297.55,84.40,237.77,0.7779,-1,-1,-1
452,35,1053.08,293.17,82.37,251.40,0.7422,-1,-1,-1
452,38,1123.62,316.54,70.72,240.85,0.6752,-1,-1,-1
453,2,722.42,202.56,168.74,512.65,0.8454,-1,-1,-1
453,28,952.05,217.60,119.13,441.57,0.7951,-1,-1,-1
453,5,1177.85,157.09,316.42,839.03,0.9097,-1,-1,-1
453,36,612.89,314.78,85.40,256.18,0.7706,-1,-1,-1
453,37,563.10,313.79,55.30,191.73,0.5484,-1,-1,-1
453,33,869.05,297.33,85.01,240.84,0.7866,-1,-1,-1
453,35,1060.85,296.99,82.16,252.50,0.7400,-1,-1,-1
453,38,1130.68,317.29,70.70,241.23,0.7209,-1,-1,-1
454,2,729.85,202.53,168.62,513.18,0.8184,-1,-1,-1
454,28,957.27,218.76,120.54,441.78,0.7835,-1,-1,-1
454,5,1184.93,159.45,316.43,842.24,0.9113,-1,-1,-1
454,36,617.28,310.82,86.07,258.28,0.7544,-1,-1,-1
454,37,570.24,319.82,53.84,186.90,0.3954,-1,-1,-1
454,33,876.72,298.45,85.29,242.14,0.7316,-1,-1,-1
454,35,1070.34,298.94,81.56,251.84,0.7128,-1,-1,-1
454,38,1138.59,313.54,71.90,245.79,0.6241,-1,-1,-1
455,2,735.65,199.73,170.59,519.51,0.8353,-1,-1,-1
455,28,964.08,220.57,120.19,437.56,0.7786,-1,-1,-1
455,5,1190.82,159.11,316.45,844.43,0.9117,-1,-1,-1
455,36,621.74,305.04,87.84,265.42,0.7662,-1,-1,-1
455,37,578.00,316.29,54.77,190.25,0.5628,-1,-1,-1
455,33,885.15,303.18,83.14,235.12,0.6951,-1,-1,-1
455,35,1078.13,300.37,80.91,251.74,0.7150,-1,-1,-1
455,38,1148.83,313.66,71.45,246.08,0.6143,-1,-1,-1
456,2,745.69,199.35,170.02,520.40,0.8264,-1,-1,-1
456,28,967.95,214.49,122.10,442.69,0.7564,-1,-1,-1
456,5,1198.21,158.67,314.29,838.88,0.9041,-1,-1,-1
456,36,627.10,301.87,88.59,268.96,0.7503,-1,-1,-1
456,37,582.64,317.39,55.29,191.34,0.5161,-1,-1,-1
456,33,892.46,301.02,83.72,238.40,0.6622,-1,-1,-1
456,35,1085.95,299.78,79.41,248.60,0.7141,-1,-1,-1
456,38,1155.06,313.91,70.94,245.74,0.5428,-1,-1,-1
457,2,755.71,201.12,169.18,519.90,0.8140,-1,-1,-1
457,28,974.38,213.31,121.99,442.29,0.7678,-1,-1,-1
457,5,1205.06,157.19,313.88,836.88,0.9002,-1,-1,-1
457,36,631.34,300.22,88.79,268.59,0.7407,-1,-1,-1
457,37,587.57,309.42,57.79,200.70,0.5269,-1,-1,-1
457,33,899.22,299.21,83.91,239.65,0.6763,-1,-1,-1
457,35,1092.08,297.92,79.72,250.43,0.6778,-1,-1,-1
457,38,1158.66,310.49,71.66,249.22,0.3950,-1,-1,-1
457,40,725.04,251.68,74.93,320.57,0.6755,-1,-1,-1
458,2,764.51,200.21,168.09,519.02,0.8163,-1,-1,-1
458,28,987.73,211.71,121.39,441.33,0.7767,-1,-1,-1
458,5,1209.42,155.50,313.99,835.50,0.8971,-1,-1,-1
458,36,634.40,297.52,89.82,271.21,0.7159,-1,-1,-1
458,37,594.58,307.60,57.14,199.34,0.4871,-1,-1,-1
458,33,907.95,298.36,84.51,240.06,0.7447,-1,-1,-1
458,35,1098.24,293.64,80.43,255.49,0.7095,-1,-1,-1
458,40,727.66,250.31,74.44,318.38,0.7532,-1,-1,-1
459,2,771.78,203.57,166.79,517.27,0.8479,-1,-1,-1
459,28,995.90,207.14,122.16,444.34,0.8079,-1,-1,-1
459,5,1211.98,150.63,317.48,840.19,0.9081,-1,-1,-1
459,36,638.81,296.66,90.45,272.85,0.7247,-1,-1,-1
459,37,597.84,303.06,57.93,202.80,0.4792,-1,-1,-1
459,33,912.58,297.50,83.88,238.69,0.7835,-1,-1,-1
459,35,1104.85,293.30,81.02,257.14,0.7439,-1,-1,-1
459,40,729.84,250.38,75.17,321.34,0.7664,-1,-1,-1
460,2,778.93,203.44,164.63,513.56,0.8533,-1,-1,-1
460,28,1000.35,207.69,123.34,444.85,0.7900,-1,-1,-1
460,5,1215.41,144.10,319.16,837.15,0.9100,-1,-1,-1
460,36,640.98,295.93,90.69,272.91,0.7372,-1,-1,-1
460,33,919.18,296.55,83.38,238.48,0.7890,-1,-1,-1
460,35,1109.14,294.83,80.67,255.98,0.7269,-1,-1,-1
460,40,733.19,247.48,76.72,327.57,0.7712,-1,-1,-1
461,2,784.22,203.47,162.99,509.79,0.8304,-1,-1,-1
461,28,1004.99,209.84,123.53,445.16,0.7850,-1,-1,-1
461,5,1217.25,138.53,321.03,833.86,0.9076,-1,-1,-1
461,36,642.67,294.29,91.73,275.99,0.7432,-1,-1,-1
461,33,926.21,296.46,82.59,237.41,0.7531,-1,-1,-1
461,35,1113.05,294.01,80.75,254.14,0.7288,-1,-1,-1
461,40,736.44,243.39,77.68,331.02,0.7554,-1,-1,-1
462,2,787.07,201.72,162.09,508.05,0.8075,-1,-1,-1
462,28,1005.57,208.80,125.25,450.42,0.7936,-1,-1,-1
462,5,1218.77,133.20,322.90,830.01,0.9069,-1,-1,-1
462,36,643.84,292.51,92.32,278.24,0.7776,-1,-1,-1
462,33,931.89,295.38,81.81,235.59,0.7295,-1,-1,-1
462,35,1116.06,294.19,81.06,254.13,0.6668,-1,-1,-1
462,40,739.43,241.80,77.60,329.61,0.7587,-1,-1,-1
463,2,787.35,198.96,163.00,511.62,0.8201,-1,-1,-1
463,28,1006.41,207.87,126.19,451.59,0.8010,-1,-1,-1
463,5,1219.99,131.96,323.37,822.69,0.9067,-1,-1,-1
463,36,643.53,292.41,92.48,279.09,0.7689,-1,-1,-1
463,33,935.71,291.09,81.75,236.17,0.7368,-1,-1,-1
463,35,1119.97,292.77,80.70,252.40,0.6623,-1,-1,-1
463,40,738.92,239.48,78.58,333.25,0.7515,-1,-1,-1
464,2,785.98,192.57,163.07,511.06,0.8135,-1,-1,-1
464,28,1007.35,206.86,127.18,452.13,0.8048,-1,-1,-1
464,5,1221.83,129.27,325.80,823.54,0.9036,-1,-1,-1
464,36,640.91,290.55,91.88,277.61,0.7707,-1,-1,-1
464,33,936.18,286.28,81.79,236.61,0.7360,-1,-1,-1
464,35,1120.18,288.80,81.26,253.96,0.6681,-1,-1,-1
464,40,737.75,239.08,78.75,333.04,0.7737,-1,-1,-1
465,2,783.65,187.03,163.80,512.08,0.8149,-1,-1,-1
465,28,1008.28,206.91,127.64,450.85,0.7876,-1,-1,-1
465,5,1220.90,124.49,329.26,828.92,0.9071,-1,-1,-1
465,36,637.38,285.65,93.27,282.74,0.7539,-1,-1,-1
465,33,935.47,281.31,82.35,238.98,0.7204,-1,-1,-1
465,35,1124.04,288.16,80.10,252.11,0.6095,-1,-1,-1
465,40,733.80,234.06,79.91,336.30,0.7613,-1,-1,-1
466,2,780.07,181.82,164.75,512.55,0.8059,-1,-1,-1
466,28,1009.04,205.43,127.62,447.47,0.7771,-1,-1,-1
466,5,1218.03,120.58,333.65,836.80,0.9075,-1,-1,-1
466,36,633.73,283.23,93.49,284.64,0.7077,-1,-1,-1
466,33,934.82,276.87,82.93,241.30,0.7318,-1,-1,-1
466,35,1125.35,286.42,78.97,251.62,0.5959,-1,-1,-1
466,40,729.94,229.10,80.97,339.49,0.7355,-1,-1,-1
467,2,778.49,180.72,165.29,508.94,0.8208,-1,-1,-1
467,28,1007.81,204.65,128.54,449.10,0.7822,-1,-1,-1
467,5,1214.14,119.00,337.53,842.83,0.9090,-1,-1,-1
467,36,626.59,277.99,95.78,291.89,0.7178,-1,-1,-1
467,33,933.84,275.12,83.27,242.21,0.7589,-1,-1,-1
467,35,1124.81,283.60,78.87,253.56,0.6249,-1,-1,-1
467,40,724.24,224.74,82.49,343.56,0.7119,-1,-1,-1
468,2,775.26,179.38,166.40,509.17,0.8275,-1,-1,-1
468,28,1004.46,203.74,129.14,450.00,0.7759,-1,-1,-1
468,5,1207.69,117.68,342.53,851.61,0.9128,-1,-1,-1
468,36,620.40,275.22,96.85,295.88,0.7475,-1,-1,-1
468,33,932.20,274.52,83.29,242.42,0.7661,-1,-1,-1
468,35,1121.96,280.66,78.86,253.97,0.5713,-1,-1,-1
468,40,718.04,220.10,84.60,351.43,0.7289,-1,-1,-1
469,2,771.42,179.42,166.66,507.56,0.8289,-1,-1,-1
469,28,1002.35,203.33,128.05,445.70,0.7852,-1,-1,-1
469,5,1202.54,117.33,347.21,860.52,0.9112,-1,-1,-1
469,36,613.06,269.98,97.94,301.61,0.8041,-1,-1,-1
469,33,928.97,272.80,83.78,243.47,0.7714,-1,-1,-1
469,35,1117.86,279.73,79.67,254.56,0.5768,-1,-1,-1
469,40,710.59,217.87,85.38,354.53,0.7503,-1,-1,-1
470,2,768.61,176.54,169.19,513.01,0.8398,-1,-1,-1
470,28,999.88,199.93,128.91,447.54,0.8002,-1,-1,-1
470,5,1197.50,117.98,350.00,865.58,0.9142,-1,-1,-1
470,36,604.88,267.38,98.68,303.44,0.7812,-1,-1,-1
470,33,924.94,272.36,83.53,243.30,0.7862,-1,-1,-1
470,35,1114.64,277.75,80.62,257.14,0.6244,-1,-1,-1
470,40,706.14,215.33,86.37,357.48,0.7713,-1,-1,-1
471,2,765.56,174.78,169.76,513.25,0.8405,-1,-1,-1
471,28,997.18,196.51,129.64,449.97,0.7971,-1,-1,-1
471,5,1190.67,117.72,354.68,874.64,0.9087,-1,-1,-1
471,36,597.20,264.64,99.68,307.24,0.7758,-1,-1,-1
471,33,921.06,272.23,83.75,243.57,0.8015,-1,-1,-1
471,35,1109.10,273.56,81.42,260.08,0.5644,-1,-1,-1
471,40,698.29,212.56,87.42,359.61,0.7392,-1,-1,-1
472,2,760.48,173.78,170.33,512.82,0.8625,-1,-1,-1
472,28,994.17,196.45,129.78,449.90,0.7829,-1,-1,-1
472,5,1188.06,118.20,355.57,876.32,0.9108,-1,-1,-1
472,36,591.95,263.99,99.89,308.31,0.8215,-1,-1,-1
472,33,918.65,271.47,83.57,243.39,0.8048,-1,-1,-1
472,35,1105.82,271.31,82.61,264.28,0.6575,-1,-1,-1
472,40,691.99,209.20,88.85,362.11,0.7863,-1,-1,-1
473,2,759.45,173.66,171.05,513.80,0.8754,-1,-1,-1
473,28,990.02,196.00,129.76,450.56,0.7749,-1,-1,-1
473,5,1186.49,117.53,354.95,874.50,0.9105,-1,-1,-1
473,36,586.20,262.00,100.38,310.62,0.8205,-1,-1,-1
473,33,917.23,271.89,83.20,242.93,0.7932,-1,-1,-1
473,35,1105.33,270.62,83.41,265.92,0.6941,-1,-1,-1
473,40,686.60,206.01,90.54,364.92,0.8141,-1,-1,-1
474,2,759.94,174.71,171.19,513.72,0.8764,-1,-1,-1
474,28,987.19,195.23,129.42,450.35,0.7775,-1,-1,-1
474,5,1186.36,115.17,352.12,868.09,0.9124,-1,-1,-1
474,36,580.79,260.87,100.05,311.30,0.8550,-1,-1,-1
474,33,915.76,273.41,82.77,242.91,0.7573,-1,-1,-1
474,35,1101.80,269.06,83.76,267.91,0.7443,-1,-1,-1
474,40,681.77,204.77,92.60,368.73,0.8076,-1,-1,-1
475,2,760.59,175.15,171.63,514.10,0.8670,-1,-1,-1
475,28,985.33,195.73,125.90,441.37,0.7674,-1,-1,-1
475,5,1186.44,112.47,350.15,863.25,0.9117,-1,-1,-1
475,36,575.05,259.50,100.07,312.20,0.8384,-1,-1,-1
475,33,916.25,275.86,81.33,239.23,0.7596,-1,-1,-1
475,35,1097.32,267.08,83.53,268.31,0.7513,-1,-1,-1
475,40,675.50,203.13,94.58,371.39,0.8244,-1,-1,-1
476,2,762.11,175.60,171.71,512.84,0.8655,-1,-1,-1
476,28,982.29,194.45,123.68,436.32,0.7694,-1,-1,-1
476,5,1187.39,107.79,349.51,862.10,0.9087,-1,-1,-1
476,36,569.84,257.89,99.96,313.99,0.8238,-1,-1,-1
476,33,916.68,276.59,79.58,235.71,0.7492,-1,-1,-1
476,35,1095.59,264.16,83.41,270.60,0.7604,-1,-1,-1
476,40,670.25,202.01,96.76,374.45,0.8287,-1,-1,-1
477,2,764.91,176.91,171.51,511.49,0.8643,-1,-1,-1
477,28,980.64,194.11,122.36,434.24,0.7660,-1,-1,-1
477,5,1189.34,104.00,347.73,858.07,0.9085,-1,-1,-1
477,36,567.10,259.37,99.89,315.63,0.8306,-1,-1,-1
477,33,917.08,278.95,78.33,233.59,0.7562,-1,-1,-1
477,35,1095.13,263.24,83.05,272.07,0.7607,-1,-1,-1
477,40,665.72,202.31,99.33,378.42,0.8371,-1,-1,-1
478,2,768.81,178.36,171.19,509.99,0.8513,-1,-1,-1
478,28,979.18,194.89,121.80,433.97,0.7656,-1,-1,-1
478,5,1192.17,101.85,344.63,848.85,0.9091,-1,-1,-1
478,36,560.15,261.97,101.44,320.91,0.8093,-1,-1,-1
478,33,917.68,279.33,78.14,235.17,0.6693,-1,-1,-1
478,35,1094.17,264.45,82.68,272.53,0.7682,-1,-1,-1
478,40,661.75,204.03,102.21,383.66,0.8426,-1,-1,-1
479,2,773.74,178.81,170.66,507.81,0.8615,-1,-1,-1
479,28,978.96,195.54,121.67,433.19,0.7522,-1,-1,-1
479,5,1194.83,100.99,342.80,842.24,0.9118,-1,-1,-1
479,36,554.17,261.85,103.08,324.35,0.8061,-1,-1,-1
479,33,914.26,252.02,87.17,265.57,0.5586,-1,-1,-1
479,35,1093.98,264.91,82.35,273.48,0.7660,-1,-1,-1
479,40,659.38,204.74,104.79,387.10,0.8356,-1,-1,-1
480,2,778.16,180.00,170.10,504.58,0.8563,-1,-1,-1
480,28,977.72,194.76,123.47,440.73,0.7589,-1,-1,-1
480,5,1196.52,100.73,343.59,842.73,0.9095,-1,-1,-1
480,36,549.23,263.06,104.40,327.69,0.8075,-1,-1,-1
480,33,913.34,239.72,90.12,278.34,0.4914,-1,-1,-1
480,35,1094.10,265.49,82.54,275.88,0.7605,-1,-1,-1
480,40,657.24,205.28,107.69,389.94,0.8168,-1,-1,-1
481,2,781.95,181.71,169.28,501.26,0.8588,-1,-1,-1
481,28,977.68,195.39,124.95,446.59,0.7733,-1,-1,-1
481,5,1197.84,101.82,346.38,848.79,0.9125,-1,-1,-1
481,36,545.83,266.08,105.34,329.62,0.8047,-1,-1,-1
481,33,919.69,262.94,81.48,253.69,0.3701,-1,-1,-1
481,35,1095.40,269.92,81.65,273.25,0.7872,-1,-1,-1
481,40,656.57,206.71,110.88,393.51,0.8177,-1,-1,-1
482,2,786.87,185.06,170.14,501.81,0.8504,-1,-1,-1
482,28,978.38,198.54,124.47,444.06,0.7634,-1,-1,-1
482,5,1200.88,105.51,349.23,854.50,0.9113,-1,-1,-1
482,36,544.49,271.08,105.61,329.52,0.7955,-1,-1,-1
482,35,1096.69,274.12,81.18,271.65,0.7677,-1,-1,-1
482,40,657.43,209.84,113.42,395.47,0.8244,-1,-1,-1
483,2,790.42,184.02,171.93,505.59,0.8504,-1,-1,-1
483,28,982.10,200.21,125.56,446.20,0.7990,-1,-1,-1
483,5,1202.73,107.71,351.96,860.31,0.9092,-1,-1,-1
483,36,544.13,271.30,106.24,331.83,0.7802,-1,-1,-1
483,35,1100.39,274.60,82.24,274.19,0.7716,-1,-1,-1
483,40,658.28,210.05,116.27,397.95,0.8170,-1,-1,-1
484,2,796.31,183.54,172.54,508.16,0.8525,-1,-1,-1
484,28,985.44,202.63,126.05,448.08,0.8213,-1,-1,-1
484,5,1204.00,111.13,354.15,865.76,0.9080,-1,-1,-1
484,36,543.52,270.27,107.46,337.22,0.7710,-1,-1,-1
484,35,1103.51,275.45,82.90,274.52,0.7832,-1,-1,-1
484,40,656.73,209.18,119.04,403.20,0.8116,-1,-1,-1
485,2,804.14,188.43,170.96,502.86,0.8442,-1,-1,-1
485,28,990.05,206.09,126.04,449.38,0.8210,-1,-1,-1
485,5,1205.56,113.31,358.06,876.52,0.9015,-1,-1,-1
485,36,542.80,271.44,108.66,341.39,0.7962,-1,-1,-1
485,35,1105.16,275.15,84.11,277.96,0.7897,-1,-1,-1
485,40,655.70,208.33,121.80,410.20,0.8024,-1,-1,-1
486,2,810.03,191.04,171.66,504.98,0.8459,-1,-1,-1
486,28,994.81,209.93,125.42,448.71,0.8143,-1,-1,-1
486,5,1209.11,117.59,360.36,885.43,0.9044,-1,-1,-1
486,36,543.48,271.58,109.92,345.36,0.7992,-1,-1,-1
486,35,1109.10,278.28,85.26,277.25,0.7854,-1,-1,-1
486,40,658.68,207.97,123.93,412.90,0.8148,-1,-1,-1
487,2,816.62,194.02,173.08,509.92,0.8609,-1,-1,-1
487,28,1000.79,215.52,125.05,448.78,0.7954,-1,-1,-1
487,5,1214.72,126.44,361.13,890.61,0.9047,-1,-1,-1
487,36,542.37,270.19,111.69,350.75,0.8125,-1,-1,-1
487,35,1114.14,281.58,86.56,279.37,0.7876,-1,-1,-1
487,40,663.87,208.33,127.55,417.69,0.8055,-1,-1,-1
488,2,823.76,200.41,173.22,509.88,0.8573,-1,-1,-1
488,28,1004.59,220.35,125.24,449.03,0.8017,-1,-1,-1
488,5,1218.59,135.00,361.00,893.48,0.9044,-1,-1,-1
488,36,542.34,271.19,112.96,354.59,0.8075,-1,-1,-1
488,35,1119.64,284.60,87.01,278.67,0.7799,-1,-1,-1
488,40,666.60,210.13,129.98,419.72,0.8048,-1,-1,-1
489,2,833.16,205.34,173.82,510.20,0.8523,-1,-1,-1
489,28,1009.67,226.65,123.63,443.87,0.7789,-1,-1,-1
489,5,1221.73,140.20,359.94,893.70,0.9078,-1,-1,-1
489,36,542.28,270.49,114.89,359.58,0.7907,-1,-1,-1
489,35,1127.36,290.38,86.95,277.96,0.7963,-1,-1,-1
489,40,670.49,210.95,132.93,422.07,0.8042,-1,-1,-1
490,2,840.04,211.93,173.85,508.93,0.8672,-1,-1,-1
490,28,1013.45,229.05,124.32,446.67,0.7751,-1,-1,-1
490,5,1225.81,142.94,358.60,892.10,0.9106,-1,-1,-1
490,36,541.23,271.35,117.37,363.05,0.7834,-1,-1,-1
490,35,1133.50,295.22,86.56,275.15,0.8022,-1,-1,-1
490,40,672.02,212.37,136.07,426.29,0.7998,-1,-1,-1
491,2,845.82,217.23,174.18,508.52,0.8650,-1,-1,-1
491,28,1015.35,229.06,124.54,447.92,0.7798,-1,-1,-1
491,5,1226.90,143.52,359.23,894.41,0.9101,-1,-1,-1
491,36,538.10,272.39,119.72,365.75,0.7804,-1,-1,-1
491,35,1137.92,299.09,86.85,273.96,0.8188,-1,-1,-1
491,40,673.45,213.07,139.31,429.83,0.8141,-1,-1,-1
492,2,850.04,223.12,174.27,507.72,0.8460,-1,-1,-1
492,28,1015.35,231.52,125.38,450.72,0.7853,-1,-1,-1
492,5,1228.65,142.88,360.41,895.25,0.9084,-1,-1,-1
492,36,536.16,273.02,122.38,367.34,0.8083,-1,-1,-1
492,35,1140.54,303.37,87.95,274.70,0.8235,-1,-1,-1
492,40,673.90,213.42,141.85,432.57,0.8303,-1,-1,-1
493,2,852.19,229.49,173.62,505.96,0.8309,-1,-1,-1
493,28,1016.57,232.83,126.05,452.31,0.8115,-1,-1,-1
493,5,1224.66,139.09,362.74,901.61,0.8988,-1,-1,-1
493,36,532.92,274.04,125.07,369.48,0.7978,-1,-1,-1
493,35,1141.89,308.06,88.70,273.14,0.8216,-1,-1,-1
493,40,669.98,213.46,144.65,436.15,0.8135,-1,-1,-1
494,2,856.94,231.24,171.38,498.33,0.8308,-1,-1,-1
494,28,1016.50,233.79,125.60,449.75,0.8162,-1,-1,-1
494,5,1218.77,135.93,359.87,895.95,0.8984,-1,-1,-1
494,36,528.68,275.27,128.58,374.95,0.8202,-1,-1,-1
494,35,1141.80,310.90,89.78,272.20,0.7904,-1,-1,-1
494,40,666.43,213.40,147.77,442.57,0.8268,-1,-1,-1
495,2,860.05,231.46,170.83,496.53,0.8385,-1,-1,-1
495,28,1013.47,234.71,125.60,448.19,0.8094,-1,-1,-1
495,5,1214.89,133.11,357.11,889.23,0.9057,-1,-1,-1
495,36,523.95,277.25,131.56,379.40,0.7914,-1,-1,-1
495,35,1141.78,312.70,91.07,273.55,0.7831,-1,-1,-1
495,40,662.17,213.25,151.30,449.84,0.8195,-1,-1,-1
496,2,862.02,231.17,170.80,495.80,0.8126,-1,-1,-1
496,28,1012.96,235.36,125.41,446.12,0.8063,-1,-1,-1
496,5,1213.82,129.53,354.58,883.32,0.9091,-1,-1,-1
496,36,519.12,280.39,133.61,382.24,0.8007,-1,-1,-1
496,35,1143.82,313.60,91.97,274.89,0.7659,-1,-1,-1
496,40,655.97,213.70,154.88,454.62,0.8373,-1,-1,-1
497,2,866.11,230.76,165.66,476.96,0.8111,-1,-1,-1
497,28,1011.81,235.09,125.86,446.41,0.8103,-1,-1,-1
497,5,1211.63,124.29,355.26,885.92,0.9162,-1,-1,-1
497,36,514.53,282.66,135.34,384.61,0.8176,-1,-1,-1
497,35,1144.36,313.73,93.24,277.68,0.7445,-1,-1,-1
497,40,650.10,213.54,158.00,457.15,0.8461,-1,-1,-1
498,2,868.43,230.15,162.42,462.33,0.8131,-1,-1,-1
498,28,1010.63,235.71,126.38,446.99,0.8242,-1,-1,-1
498,5,1208.67,120.20,357.77,893.84,0.9115,-1,-1,-1
498,36,509.91,285.31,135.52,384.33,0.8260,-1,-1,-1
498,35,1144.32,313.62,94.02,279.11,0.7723,-1,-1,-1
498,40,644.46,213.11,160.95,460.61,0.8764,-1,-1,-1
499,2,865.20,228.80,169.37,480.52,0.8189,-1,-1,-1
499,28,1009.62,234.44,127.08,448.85,0.8059,-1,-1,-1
499,5,1206.86,116.90,360.54,903.55,0.9119,-1,-1,-1
499,36,503.56,287.20,137.23,387.18,0.8103,-1,-1,-1
499,35,1144.44,313.12,95.02,282.20,0.7388,-1,-1,-1
499,40,637.25,214.13,163.19,463.98,0.8769,-1,-1,-1
500,2,863.78,227.70,171.28,484.68,0.8309,-1,-1,-1
500,28,1008.38,233.59,127.72,452.05,0.8011,-1,-1,-1
500,5,1204.01,115.02,363.78,914.49,0.9101,-1,-1,-1
500,36,496.99,289.52,138.81,390.70,0.8254,-1,-1,-1
500,35,1143.37,313.25,96.02,284.77,0.7397,-1,-1,-1
500,40,629.70,214.22,166.12,471.03,0.8412,-1,-1,-1
501,2,862.04,227.49,173.45,489.26,0.8407,-1,-1,-1
501,28,1007.70,233.79,128.00,453.35,0.8121,-1,-1,-1
501,5,1202.24,114.28,365.99,923.49,0.9116,-1,-1,-1
501,36,489.34,285.92,141.47,397.85,0.8323,-1,-1,-1
501,35,1143.69,312.94,95.96,284.80,0.7571,-1,-1,-1
501,40,623.57,212.92,169.21,479.96,0.8423,-1,-1,-1
502,2,862.33,227.89,174.04,488.98,0.8465,-1,-1,-1
502,28,1005.64,235.16,128.08,453.34,0.8182,-1,-1,-1
502,5,1201.49,114.22,366.92,929.85,0.9147,-1,-1,-1
502,36,481.26,284.28,143.36,404.12,0.8263,-1,-1,-1
502,35,1143.34,312.37,95.88,284.15,0.7961,-1,-1,-1
502,40,618.64,213.13,171.23,484.63,0.8389,-1,-1,-1
503,2,859.13,226.70,176.15,494.18,0.8427,-1,-1,-1
503,28,1004.58,235.64,127.73,450.47,0.8122,-1,-1,-1
503,5,1201.04,115.27,366.83,933.65,0.9157,-1,-1,-1
503,36,471.82,279.97,145.12,410.11,0.8174,-1,-1,-1
503,35,1140.70,310.61,96.26,285.04,0.8153,-1,-1,-1
503,40,609.02,208.80,171.74,488.21,0.8485,-1,-1,-1
504,2,857.20,225.76,176.44,492.84,0.8407,-1,-1,-1
504,28,1003.25,234.61,127.44,448.93,0.8056,-1,-1,-1
504,5,1199.97,116.17,366.96,937.79,0.9172,-1,-1,-1
504,36,463.15,276.65,146.57,414.66,0.8151,-1,-1,-1
504,35,1138.81,307.51,97.34,287.88,0.8100,-1,-1,-1
504,40,600.57,200.34,174.50,498.17,0.8539,-1,-1,-1
505,2,857.79,225.47,177.81,495.09,0.8217,-1,-1,-1
505,28,1002.06,231.94,126.63,449.07,0.7633,-1,-1,-1
505,5,1200.39,115.88,367.15,942.16,0.9195,-1,-1,-1
505,36,452.51,271.63,148.51,421.43,0.8092,-1,-1,-1
505,35,1136.83,304.30,97.54,288.41,0.8120,-1,-1,-1
505,40,591.64,196.53,176.22,503.85,0.8639,-1,-1,-1
506,2,856.67,224.72,180.16,501.03,0.8192,-1,-1,-1
506,28,1000.96,232.47,124.36,442.70,0.7543,-1,-1,-1
506,5,1200.68,114.55,367.03,945.46,0.9161,-1,-1,-1
506,36,443.34,267.86,150.77,427.23,0.8197,-1,-1,-1
506,35,1133.64,300.93,98.74,290.03,0.8077,-1,-1,-1
506,40,581.07,190.52,176.83,508.09,0.8524,-1,-1,-1
507,2,856.37,224.98,181.18,504.33,0.8122,-1,-1,-1
507,28,999.21,232.94,123.39,441.05,0.7591,-1,-1,-1
507,5,1203.77,112.65,363.55,939.28,0.9159,-1,-1,-1
507,36,432.91,263.79,152.86,434.09,0.8505,-1,-1,-1
507,35,1131.78,298.42,99.39,290.96,0.8150,-1,-1,-1
507,40,571.87,187.23,176.63,509.43,0.8499,-1,-1,-1
508,2,854.49,228.20,179.54,500.55,0.8230,-1,-1,-1
508,28,997.09,229.34,122.84,445.13,0.7305,-1,-1,-1
508,5,1205.40,109.28,361.08,935.97,0.9172,-1,-1,-1
508,36,419.50,260.10,154.27,439.45,0.8384,-1,-1,-1
508,35,1131.85,296.78,99.08,290.73,0.7945,-1,-1,-1
508,40,560.76,181.83,178.54,517.92,0.8464,-1,-1,-1
509,2,853.77,228.86,177.35,495.28,0.8009,-1,-1,-1
509,28,992.62,227.75,121.07,448.19,0.7384,-1,-1,-1
509,5,1205.05,105.79,359.71,935.40,0.9159,-1,-1,-1
509,36,408.11,256.36,155.22,443.92,0.8459,-1,-1,-1
509,35,1128.12,295.70,98.67,290.19,0.7947,-1,-1,-1
509,40,549.19,176.11,180.42,525.77,0.8655,-1,-1,-1
510,2,851.46,228.61,175.58,491.06,0.7938,-1,-1,-1
510,28,989.32,227.62,118.91,448.40,0.7134,-1,-1,-1
510,5,1205.76,101.95,359.08,934.33,0.9113,-1,-1,-1
510,36,393.58,254.12,156.64,450.19,0.8395,-1,-1,-1
510,35,1123.35,293.93,98.82,290.82,0.8059,-1,-1,-1
510,40,536.81,171.11,182.87,534.19,0.8798,-1,-1,-1
511,2,853.52,226.84,172.65,486.33,0.7536,-1,-1,-1
511,28,985.25,222.03,118.97,456.25,0.6836,-1,-1,-1
511,5,1206.38,96.38,356.37,925.99,0.9118,-1,-1,-1
511,36,378.45,251.82,159.66,459.22,0.8520,-1,-1,-1
511,35,1119.38,290.66,99.54,293.93,0.8114,-1,-1,-1
511,40,523.71,169.83,183.62,538.02,0.8654,-1,-1,-1
512,2,852.48,221.89,170.49,483.10,0.7486,-1,-1,-1
512,28,982.45,217.97,118.77,462.49,0.6845,-1,-1,-1
512,5,1206.84,89.60,351.99,913.18,0.9077,-1,-1,-1
512,36,363.92,250.95,162.46,468.44,0.8265,-1,-1,-1
512,35,1114.84,286.50,100.18,296.66,0.7847,-1,-1,-1
512,40,511.94,167.96,186.06,545.99,0.8665,-1,-1,-1
513,2,849.35,216.86,169.58,482.92,0.8258,-1,-1,-1
513,28,976.94,220.41,113.96,455.89,0.6102,-1,-1,-1
513,5,1208.36,84.38,348.77,903.59,0.9028,-1,-1,-1
513,36,350.40,247.22,165.53,478.77,0.8543,-1,-1,-1
513,35,1111.49,284.38,100.01,296.83,0.7458,-1,-1,-1
513,40,501.27,162.89,189.83,557.56,0.8584,-1,-1,-1
514,2,846.75,208.87,169.64,486.40,0.7774,-1,-1,-1
514,28,976.34,214.93,111.08,453.30,0.6746,-1,-1,-1
514,5,1210.56,76.77,347.52,900.07,0.9054,-1,-1,-1
514,36,341.07,246.46,165.58,478.87,0.8290,-1,-1,-1
514,35,1108.90,279.65,100.25,297.54,0.7837,-1,-1,-1
514,40,490.21,158.48,194.04,569.30,0.8477,-1,-1,-1
515,2,845.68,205.34,168.49,486.22,0.7921,-1,-1,-1
515,28,977.09,211.62,109.04,453.07,0.6656,-1,-1,-1
515,5,1211.69,69.93,348.41,903.36,0.9066,-1,-1,-1
515,36,330.79,245.30,166.95,482.01,0.8546,-1,-1,-1
515,35,1105.91,275.69,100.78,298.77,0.8049,-1,-1,-1
515,40,480.89,155.30,197.28,578.99,0.8479,-1,-1,-1
516,2,844.59,202.50,167.65,486.48,0.8173,-1,-1,-1
516,28,977.81,206.87,106.47,450.04,0.6717,-1,-1,-1
516,5,1212.82,63.88,349.48,908.49,0.9067,-1,-1,-1
516,36,319.70,244.30,170.07,490.17,0.8639,-1,-1,-1
516,35,1104.51,273.35,100.92,299.26,0.8176,-1,-1,-1
516,40,472.48,151.75,200.30,586.11,0.8653,-1,-1,-1
517,2,844.65,199.29,167.16,488.84,0.8158,-1,-1,-1
517,28,978.52,204.18,102.74,441.79,0.6631,-1,-1,-1
517,5,1213.62,59.86,351.31,916.51,0.9086,-1,-1,-1
517,36,308.03,240.76,173.87,502.21,0.8546,-1,-1,-1
517,35,1104.62,271.00,101.37,300.75,0.8210,-1,-1,-1
517,40,466.29,150.27,203.85,595.06,0.8866,-1,-1,-1
518,2,844.92,197.36,166.69,491.79,0.7923,-1,-1,-1
518,28,978.64,201.55,100.07,438.28,0.6678,-1,-1,-1
518,5,1213.47,57.13,353.78,926.79,0.9090,-1,-1,-1
518,36,297.03,236.02,177.83,515.26,0.8636,-1,-1,-1
518,35,1103.78,268.77,102.71,304.12,0.8106,-1,-1,-1
518,40,460.40,147.25,207.67,604.63,0.8800,-1,-1,-1
519,2,845.19,196.13,166.10,493.58,0.7936,-1,-1,-1
519,28,978.91,199.40,98.05,436.81,0.6409,-1,-1,-1
519,5,1213.81,56.20,354.57,932.71,0.9035,-1,-1,-1
519,36,287.56,231.46,181.45,527.37,0.8635,-1,-1,-1
519,35,1102.14,265.05,104.15,307.43,0.8084,-1,-1,-1
519,40,453.98,143.75,211.70,614.48,0.8662,-1,-1,-1
520,2,846.33,194.00,165.40,495.40,0.7847,-1,-1,-1
520,28,979.17,196.80,96.79,438.25,0.6349,-1,-1,-1
520,5,1216.32,54.96,355.54,940.54,0.9025,-1,-1,-1
520,36,277.86,226.68,184.05,535.18,0.8732,-1,-1,-1
520,35,1103.08,264.20,104.14,306.10,0.8028,-1,-1,-1
520,40,449.48,139.82,215.54,623.46,0.8580,-1,-1,-1
521,2,849.04,195.81,164.22,496.04,0.7859,-1,-1,-1
521,28,981.37,196.24,95.60,439.35,0.6698,-1,-1,-1
521,5,1220.02,57.17,355.69,946.50,0.9022,-1,-1,-1
521,36,271.53,226.92,185.17,538.13,0.8842,-1,-1,-1
521,35,1107.38,263.85,104.84,306.94,0.7963,-1,-1,-1
521,40,447.16,135.97,218.89,631.06,0.8568,-1,-1,-1
522,2,851.78,197.33,162.30,493.65,0.8086,-1,-1,-1
522,28,982.38,195.32,94.60,440.93,0.6511,-1,-1,-1
522,5,1220.80,56.81,355.87,954.42,0.9047,-1,-1,-1
522,36,264.73,223.67,187.47,544.65,0.8767,-1,-1,-1
522,35,1108.40,262.10,105.06,306.94,0.7992,-1,-1,-1
522,40,444.37,130.92,222.28,638.87,0.8674,-1,-1,-1
523,2,855.38,197.12,160.78,492.91,0.8158,-1,-1,-1
523,28,983.47,193.64,94.20,444.80,0.6679,-1,-1,-1
523,5,1220.12,54.89,355.73,962.77,0.9078,-1,-1,-1
523,36,257.08,218.60,190.91,552.34,0.8786,-1,-1,-1
523,35,1109.21,260.01,105.25,306.01,0.7868,-1,-1,-1
523,40,438.85,121.24,227.55,652.21,0.8748,-1,-1,-1
524,2,860.33,198.12,159.09,492.05,0.8325,-1,-1,-1
524,28,985.50,196.55,93.59,448.90,0.6185,-1,-1,-1
524,5,1221.68,53.31,353.07,963.70,0.9067,-1,-1,-1
524,36,250.22,215.87,194.66,561.12,0.8795,-1,-1,-1
524,35,1109.29,258.38,106.34,306.79,0.7970,-1,-1,-1
524,40,435.05,117.73,230.74,659.15,0.8761,-1,-1,-1
524,41,1060.32,282.44,60.63,216.99,0.6624,-1,-1,-1
525,2,866.35,199.15,157.95,491.17,0.8534,-1,-1,-1
525,28,989.42,200.05,91.48,441.95,0.5593,-1,-1,-1
525,5,1223.64,49.61,351.71,966.57,0.9048,-1,-1,-1
525,36,242.62,212.89,197.40,567.13,0.8767,-1,-1,-1
525,35,1112.88,256.70,107.25,307.22,0.8081,-1,-1,-1
525,40,433.72,113.08,234.27,667.00,0.8757,-1,-1,-1
525,41,1064.20,280.75,61.12,218.70,0.6511,-1,-1,-1
526,2,871.60,199.00,157.67,492.95,0.8613,-1,-1,-1
526,28,992.79,201.50,91.59,444.27,0.5388,-1,-1,-1
526,5,1227.98,47.76,349.46,966.29,0.9025,-1,-1,-1
526,36,234.46,209.94,200.44,574.10,0.8671,-1,-1,-1
526,35,1116.33,255.51,109.12,310.09,0.8281,-1,-1,-1
526,40,432.48,110.16,237.34,672.32,0.8780,-1,-1,-1
526,41,1067.95,277.49,61.75,221.19,0.7115,-1,-1,-1
527,2,876.27,199.92,156.85,491.97,0.8386,-1,-1,-1
527,28,995.32,203.06,92.00,446.82,0.6063,-1,-1,-1
527,5,1232.98,48.17,346.71,964.41,0.9087,-1,-1,-1
527,36,225.83,205.95,203.92,583.34,0.8560,-1,-1,-1
527,35,1120.19,257.39,110.00,309.61,0.8428,-1,-1,-1
527,40,430.59,109.42,240.28,675.75,0.8747,-1,-1,-1
527,41,1071.72,278.21,62.72,224.67,0.7561,-1,-1,-1
528,2,878.19,199.52,157.12,492.65,0.8258,-1,-1,-1
528,28,998.17,202.87,92.64,449.81,0.5889,-1,-1,-1
528,5,1235.68,46.31,345.51,964.70,0.9093,-1,-1,-1
528,36,222.41,205.08,206.52,589.88,0.8463,-1,-1,-1
528,35,1124.69,258.98,110.38,310.32,0.8397,-1,-1,-1
528,40,427.31,107.30,244.21,681.86,0.8841,-1,-1,-1
528,41,1077.76,277.78,62.89,225.27,0.7222,-1,-1,-1
529,2,877.93,198.62,156.71,490.77,0.8119,-1,-1,-1
529,28,1000.08,202.88,92.73,451.71,0.6234,-1,-1,-1
529,5,1238.53,46.58,342.58,958.14,0.9104,-1,-1,-1
529,36,218.66,204.69,211.39,604.74,0.8253,-1,-1,-1
529,35,1130.06,260.32,110.53,311.47,0.8126,-1,-1,-1
529,40,423.92,104.07,249.84,691.96,0.8815,-1,-1,-1
529,41,1082.46,282.00,62.98,226.43,0.7215,-1,-1,-1
530,2,882.32,197.02,155.52,490.81,0.7797,-1,-1,-1
530,28,1004.47,206.47,92.26,451.90,0.7038,-1,-1,-1
530,5,1246.52,47.65,338.86,945.83,0.9049,-1,-1,-1
530,36,211.68,204.85,218.04,624.24,0.8275,-1,-1,-1
530,35,1134.40,261.18,110.82,313.32,0.8000,-1,-1,-1
530,40,415.63,100.98,258.22,708.67,0.8806,-1,-1,-1
530,41,1089.53,293.34,59.93,214.68,0.6524,-1,-1,-1
531,2,881.01,195.69,155.98,491.20,0.7960,-1,-1,-1
531,28,1008.58,206.62,93.18,456.77,0.7153,-1,-1,-1
531,5,1250.83,47.93,337.80,940.25,0.9107,-1,-1,-1
531,36,205.72,206.69,221.30,634.62,0.8439,-1,-1,-1
531,35,1140.23,263.46,110.08,312.32,0.8074,-1,-1,-1
531,40,408.13,95.08,268.68,734.06,0.8831,-1,-1,-1
531,41,1095.37,293.79,59.93,213.63,0.7247,-1,-1,-1
532,2,886.29,197.15,155.15,487.98,0.8205,-1,-1,-1
532,28,1011.83,203.09,93.87,461.12,0.6439,-1,-1,-1
532,5,1253.68,47.02,340.64,946.00,0.9081,-1,-1,-1
532,36,201.91,209.30,222.41,637.40,0.8573,-1,-1,-1
532,35,1144.08,264.32,110.08,313.56,0.8129,-1,-1,-1
532,40,402.22,91.96,276.66,752.93,0.8872,-1,-1,-1
532,41,1099.74,294.34,60.37,215.30,0.7336,-1,-1,-1
533,2,890.96,199.10,154.58,486.43,0.8351,-1,-1,-1
533,28,1014.59,202.94,93.72,460.97,0.7141,-1,-1,-1
533,5,1257.26,47.32,344.06,952.43,0.9008,-1,-1,-1
533,36,195.72,212.06,223.99,642.46,0.8669,-1,-1,-1
533,35,1148.44,267.68,110.05,314.86,0.8024,-1,-1,-1
533,40,395.72,90.05,282.14,763.29,0.8827,-1,-1,-1
533,41,1102.99,288.37,62.30,222.56,0.6586,-1,-1,-1
534,2,893.72,200.72,156.21,492.92,0.8349,-1,-1,-1
534,28,1015.24,199.61,94.25,464.98,0.6615,-1,-1,-1
534,5,1263.01,45.13,348.44,962.05,0.9035,-1,-1,-1
534,36,187.95,214.78,224.63,644.89,0.8753,-1,-1,-1
534,35,1152.16,269.52,110.13,316.06,0.7684,-1,-1,-1
534,40,389.86,89.17,285.80,767.64,0.8852,-1,-1,-1
534,41,1106.44,287.63,64.17,229.44,0.5998,-1,-1,-1
535,2,895.39,203.59,155.99,492.93,0.8422,-1,-1,-1
535,28,1017.13,199.30,95.25,470.33,0.6857,-1,-1,-1
535,5,1265.40,43.52,352.93,973.47,0.9082,-1,-1,-1
535,36,177.43,211.73,232.04,668.21,0.8801,-1,-1,-1
535,35,1154.41,269.89,110.76,317.11,0.7876,-1,-1,-1
535,40,381.32,86.65,291.05,778.12,0.8757,-1,-1,-1
535,41,1106.51,288.80,64.32,231.37,0.4044,-1,-1,-1
536,2,898.24,204.88,155.96,494.20,0.8320,-1,-1,-1
536,28,1018.50,197.60,94.90,469.56,0.7118,-1,-1,-1
536,5,1267.38,41.88,357.56,983.98,0.9050,-1,-1,-1
536,36,167.28,209.46,236.25,681.10,0.8808,-1,-1,-1
536,35,1155.92,269.73,111.16,317.90,0.8013,-1,-1,-1
536,40,372.17,83.01,299.58,801.41,0.8700,-1,-1,-1
536,41,1108.50,292.88,62.73,226.57,0.3572,-1,-1,-1
537,2,900.84,208.44,155.25,493.37,0.8228,-1,-1,-1
537,28,1019.73,198.30,94.00,465.44,0.6986,-1,-1,-1
537,5,1268.96,40.81,361.44,992.02,0.9050,-1,-1,-1
537,36,154.19,206.38,240.52,693.27,0.8765,-1,-1,-1
537,35,1156.77,269.99,111.32,318.28,0.7664,-1,-1,-1
537,40,361.70,79.26,307.33,824.25,0.8744,-1,-1,-1
537,41,1112.07,286.54,65.98,238.71,0.3736,-1,-1,-1
538,2,903.14,211.56,154.39,491.27,0.8182,-1,-1,-1
538,28,1022.75,199.64,94.04,461.80,0.7037,-1,-1,-1
538,5,1271.81,40.66,365.10,999.08,0.9047,-1,-1,-1
538,36,138.98,200.95,245.11,706.88,0.8730,-1,-1,-1
538,35,1157.98,269.05,111.87,320.55,0.8010,-1,-1,-1
538,40,347.16,70.08,313.31,844.80,0.8846,-1,-1,-1
538,41,1113.96,283.62,67.17,244.37,0.3619,-1,-1,-1
539,2,902.80,212.10,154.12,491.43,0.8160,-1,-1,-1
539,28,1025.28,199.77,93.73,454.50,0.7193,-1,-1,-1
539,5,1273.30,39.92,368.70,1006.41,0.9043,-1,-1,-1
539,36,117.90,192.02,249.82,720.13,0.8693,-1,-1,-1
539,35,1155.94,266.57,112.45,322.86,0.7894,-1,-1,-1
539,40,337.36,57.73,318.81,863.32,0.8803,-1,-1,-1
540,2,903.24,212.60,153.74,490.87,0.8094,-1,-1,-1
540,28,1022.80,198.80,93.45,454.02,0.6248,-1,-1,-1
540,5,1274.86,40.66,371.47,1013.31,0.9040,-1,-1,-1
540,36,98.59,182.70,253.53,734.19,0.8850,-1,-1,-1
540,35,1152.74,266.25,112.14,322.85,0.7977,-1,-1,-1
540,40,324.37,51.64,321.69,874.19,0.8769,-1,-1,-1
541,2,902.88,215.59,151.75,485.56,0.8054,-1,-1,-1
541,28,1021.09,199.53,93.72,454.02,0.7096,-1,-1,-1
541,5,1275.73,47.38,372.04,1013.02,0.9000,-1,-1,-1
541,36,78.79,179.97,256.70,744.44,0.8952,-1,-1,-1
541,35,1143.64,267.70,112.64,322.38,0.7808,-1,-1,-1
541,40,303.10,43.75,325.00,887.37,0.8858,-1,-1,-1
542,2,898.80,213.43,152.15,487.35,0.7967,-1,-1,-1
542,28,1016.56,197.43,93.01,454.76,0.6567,-1,-1,-1
542,5,1276.76,51.42,371.59,1009.54,0.8952,-1,-1,-1
542,36,56.62,170.64,260.02,754.74,0.8871,-1,-1,-1
542,35,1140.79,267.12,112.78,323.45,0.8210,-1,-1,-1
542,40,283.87,35.85,327.77,901.45,0.8866,-1,-1,-1
543,2,894.34,210.58,152.65,488.91,0.8219,-1,-1,-1
543,28,1014.26,195.63,92.07,455.07,0.6310,-1,-1,-1
543,5,1279.36,51.82,370.70,1005.31,0.8989,-1,-1,-1
543,36,32.98,162.02,264.72,768.95,0.8898,-1,-1,-1
543,35,1134.81,265.91,112.29,322.32,0.7960,-1,-1,-1
543,40,261.14,23.55,332.84,917.89,0.8778,-1,-1,-1
544,2,892.63,206.86,152.13,487.16,0.8171,-1,-1,-1
544,28,1012.58,192.26,92.16,459.10,0.5611,-1,-1,-1
544,5,1280.38,52.40,371.63,1007.04,0.8984,-1,-1,-1
544,36,10.36,155.69,269.14,781.09,0.8870,-1,-1,-1
544,35,1124.89,263.78,114.38,326.15,0.8357,-1,-1,-1
544,40,244.71,13.47,336.45,935.14,0.8982,-1,-1,-1
545,2,890.82,204.84,151.35,484.44,0.8098,-1,-1,-1
545,28,1010.32,197.81,91.62,459.42,0.6109,-1,-1,-1
545,5,1282.19,53.66,370.65,1003.56,0.9040,-1,-1,-1
545,36,-7.47,148.43,273.14,798.60,0.8815,-1,-1,-1
545,35,1116.65,264.31,116.03,328.06,0.8420,-1,-1,-1
545,40,221.26,5.22,340.69,949.94,0.8899,-1,-1,-1
545,43,577.84,289.52,73.58,255.00,0.6475,-1,-1,-1
546,2,887.94,203.06,151.78,484.21,0.8077,-1,-1,-1
546,28,1011.24,198.78,90.10,449.06,0.4927,-1,-1,-1
546,5,1282.15,54.36,370.35,1001.82,0.9042,-1,-1,-1
546,36,-20.59,142.58,276.11,819.90,0.8869,-1,-1,-1
546,35,1113.08,267.41,115.64,325.75,0.8204,-1,-1,-1
546,40,202.27,3.03,344.24,961.02,0.9040,-1,-1,-1
546,43,574.15,288.90,73.14,253.61,0.6964,-1,-1,-1
547,2,882.54,201.76,152.24,484.61,0.8088,-1,-1,-1
547,28,1009.80,199.42,91.29,448.15,0.6078,-1,-1,-1
547,5,1281.55,53.96,368.43,995.75,0.9079,-1,-1,-1
547,36,-29.96,134.28,275.98,837.34,0.8793,-1,-1,-1
547,35,1110.49,268.21,114.59,324.22,0.7743,-1,-1,-1
547,40,184.09,0.58,347.43,969.81,0.8975,-1,-1,-1
547,43,564.76,289.61,72.91,254.03,0.6272,-1,-1,-1
548,2,877.47,202.18,152.86,485.55,0.8153,-1,-1,-1
548,28,1010.96,201.64,93.72,447.65,0.6326,-1,-1,-1
548,5,1281.76,53.19,364.75,984.27,0.9042,-1,-1,-1
548,36,-35.64,126.56,271.38,844.73,0.8607,-1,-1,-1
548,35,1101.45,269.44,115.12,325.30,0.8084,-1,-1,-1
548,40,165.07,0.35,354.10,986.16,0.8996,-1,-1,-1
548,43,557.79,288.03,73.58,257.99,0.6729,-1,-1,-1
549,2,870.03,202.01,153.63,489.06,0.8359,-1,-1,-1
549,28,1012.09,212.79,95.31,435.68,0.6793,-1,-1,-1
549,5,1281.27,51.23,361.16,973.07,0.9045,-1,-1,-1
549,36,-38.32,125.49,265.96,850.89,0.8491,-1,-1,-1
549,35,1097.04,271.06,114.46,324.19,0.8208,-1,-1,-1
549,40,135.54,-0.76,368.85,1018.43,0.8784,-1,-1,-1
549,43,551.60,290.56,72.42,255.22,0.6634,-1,-1,-1
550,2,866.30,203.14,154.24,491.79,0.8402,-1,-1,-1
550,28,1031.16,255.63,85.76,376.50,0.6143,-1,-1,-1
550,5,1279.32,49.45,360.75,971.71,0.9036,-1,-1,-1
550,36,-46.21,148.70,251.12,835.03,0.8166,-1,-1,-1
550,35,1093.24,272.08,113.28,323.87,0.8088,-1,-1,-1
550,40,103.90,-0.22,383.00,1054.07,0.8849,-1,-1,-1
550,43,545.51,287.35,73.56,259.55,0.6639,-1,-1,-1
551,2,863.23,206.54,152.90,489.07,0.8467,-1,-1,-1
551,28,1036.97,280.16,82.48,347.53,0.6775,-1,-1,-1
551,5,1276.58,48.34,363.45,979.89,0.8995,-1,-1,-1
551,36,-41.49,217.68,224.13,770.73,0.8401,-1,-1,-1
551,35,1090.43,273.69,111.81,322.11,0.7984,-1,-1,-1
551,40,75.92,-0.79,391.39,1073.11,0.8871,-1,-1,-1
551,43,536.49,282.41,74.62,265.90,0.7282,-1,-1,-1
552,2,859.01,210.88,150.83,483.07,0.8403,-1,-1,-1
552,28,1034.26,284.81,85.77,344.87,0.6555,-1,-1,-1
552,5,1274.19,48.48,365.50,987.64,0.8993,-1,-1,-1
552,36,-44.43,234.04,211.70,758.96,0.7941,-1,-1,-1
552,35,1088.19,276.08,110.08,321.05,0.7477,-1,-1,-1
552,40,45.76,0.74,396.01,1076.54,0.9076,-1,-1,-1
552,43,531.16,282.67,74.67,267.29,0.7325,-1,-1,-1
553,2,852.40,214.71,149.84,481.12,0.8146,-1,-1,-1
553,28,1031.19,277.86,91.36,355.29,0.6266,-1,-1,-1
553,5,1273.84,47.71,366.80,995.17,0.8959,-1,-1,-1
553,36,-46.63,235.62,203.61,763.38,0.4720,-1,-1,-1
553,35,1086.91,276.24,107.67,320.16,0.7466,-1,-1,-1
553,40,22.54,0.35,399.79,1074.72,0.9054,-1,-1,-1
553,43,527.21,287.94,73.43,263.54,0.7055,-1,-1,-1
554,2,847.32,219.30,148.43,480.49,0.8401,-1,-1,-1
554,28,1029.68,273.45,95.54,363.61,0.6175,-1,-1,-1
554,5,1269.38,47.38,367.60,1001.98,0.9026,-1,-1,-1
554,35,1086.14,277.33,107.61,325.79,0.6852,-1,-1,-1
554,40,10.70,1.70,401.97,1071.59,0.9109,-1,-1,-1
554,43,523.75,286.82,74.16,267.35,0.7208,-1,-1,-1
555,2,845.18,221.54,147.25,481.92,0.8488,-1,-1,-1
555,28,1028.10,271.83,99.19,369.25,0.6406,-1,-1,-1
555,5,1264.08,49.47,367.71,1006.57,0.9051,-1,-1,-1
555,35,1084.82,278.68,107.35,333.21,0.4506,-1,-1,-1
555,40,-7.23,1.53,399.75,1070.01,0.8839,-1,-1,-1
555,43,521.25,288.06,74.46,268.45,0.7476,-1,-1,-1
555,44,962.12,214.52,84.58,465.60,0.6516,-1,-1,-1
556,2,843.40,222.52,145.96,481.84,0.8436,-1,-1,-1
556,28,1028.83,266.45,103.46,377.21,0.6032,-1,-1,-1
556,5,1260.41,52.38,368.18,1012.58,0.9004,-1,-1,-1
556,40,-21.52,3.47,393.96,1066.07,0.9233,-1,-1,-1
556,43,517.72,289.29,74.52,270.00,0.7281,-1,-1,-1
556,44,963.71,216.10,84.61,465.01,0.7286,-1,-1,-1
556,45,1606.16,291.82,78.01,171.18,0.6454,-1,-1,-1
557,2,840.83,221.38,145.46,483.37,0.8357,-1,-1,-1
557,28,1044.66,264.11,105.10,376.99,0.7519,-1,-1,-1
557,5,1260.34,54.63,366.43,1013.73,0.8958,-1,-1,-1
557,40,-28.74,3.42,389.20,1067.06,0.9184,-1,-1,-1
557,43,514.40,291.68,74.25,270.07,0.7235,-1,-1,-1
557,44,964.78,213.94,84.76,464.37,0.7582,-1,-1,-1
557,45,1604.91,289.40,79.69,174.96,0.5224,-1,-1,-1
558,2,836.80,219.94,146.04,486.83,0.8392,-1,-1,-1
558,28,1051.69,259.50,107.91,384.43,0.7893,-1,-1,-1
558,5,1262.03,56.01,363.98,1015.51,0.8954,-1,-1,-1
558,40,-31.38,3.58,383.93,1067.22,0.8748,-1,-1,-1
558,43,513.25,292.73,74.30,270.87,0.7385,-1,-1,-1
558,44,965.34,215.50,84.47,460.90,0.8014,-1,-1,-1
558,45,1605.88,288.07,80.48,176.54,0.4420,-1,-1,-1
559,2,833.73,220.75,145.71,484.24,0.8350,-1,-1,-1
559,28,1053.47,257.52,110.27,389.14,0.7932,-1,-1,-1
559,5,1266.00,57.09,359.80,1013.88,0.9023,-1,-1,-1
559,40,-24.07,5.35,381.33,1067.57,0.8955,-1,-1,-1
559,43,514.26,290.59,75.17,276.25,0.7439,-1,-1,-1
559,44,965.53,214.28,84.31,456.03,0.7989,-1,-1,-1
559,45,1609.34,290.65,80.74,175.93,0.5060,-1,-1,-1
560,2,830.45,223.74,145.41,478.18,0.8430,-1,-1,-1
560,28,1061.51,262.50,109.26,384.61,0.7204,-1,-1,-1
560,5,1269.37,59.13,354.67,1010.64,0.8923,-1,-1,-1
560,40,-20.82,4.42,378.38,1067.33,0.7996,-1,-1,-1
560,43,515.70,291.45,75.22,277.95,0.7422,-1,-1,-1
560,44,965.91,218.44,83.77,447.01,0.7658,-1,-1,-1
560,45,1611.99,292.43,81.63,175.66,0.6286,-1,-1,-1
561,2,828.29,222.69,146.23,475.69,0.8466,-1,-1,-1
561,28,1077.57,270.19,107.04,374.11,0.7062,-1,-1,-1
561,5,1274.97,57.63,351.57,1011.80,0.8955,-1,-1,-1
561,40,-22.37,5.47,373.80,1065.70,0.8638,-1,-1,-1
561,43,519.42,288.76,76.05,281.09,0.7175,-1,-1,-1
561,44,967.53,217.85,85.01,445.48,0.7842,-1,-1,-1
561,45,1619.37,286.16,86.00,181.39,0.5894,-1,-1,-1
562,2,825.68,220.03,147.26,472.96,0.8435,-1,-1,-1
562,28,1090.87,271.48,108.53,378.01,0.7617,-1,-1,-1
562,5,1278.55,55.88,349.58,1017.00,0.9003,-1,-1,-1
562,40,-21.38,10.22,368.21,1060.08,0.8352,-1,-1,-1
562,43,521.73,289.03,75.69,280.08,0.6948,-1,-1,-1
562,44,967.37,215.23,87.70,450.33,0.7989,-1,-1,-1
562,45,1626.66,285.58,87.72,182.00,0.6895,-1,-1,-1
563,2,824.54,219.19,149.56,474.85,0.8473,-1,-1,-1
563,28,1106.13,272.03,111.11,380.61,0.7906,-1,-1,-1
563,5,1287.04,57.89,347.05,1016.59,0.8957,-1,-1,-1
563,40,-24.92,8.03,363.84,1061.91,0.8743,-1,-1,-1
563,43,524.20,289.20,75.83,281.43,0.7384,-1,-1,-1
563,44,968.91,215.81,89.91,452.67,0.8122,-1,-1,-1
563,45,1638.57,283.91,90.72,184.62,0.5990,-1,-1,-1
564,2,826.06,219.27,152.09,478.58,0.8585,-1,-1,-1
564,28,1123.46,271.38,115.92,385.53,0.7523,-1,-1,-1
564,5,1296.70,54.65,347.46,1020.26,0.8986,-1,-1,-1
564,40,-28.06,6.74,358.99,1064.39,0.8590,-1,-1,-1
564,43,529.30,292.35,75.30,280.54,0.7499,-1,-1,-1
564,44,972.69,214.82,92.89,458.64,0.7958,-1,-1,-1
564,45,1648.44,280.06,94.02,189.60,0.6525,-1,-1,-1
565,2,832.73,222.95,152.92,478.28,0.8561,-1,-1,-1
565,28,1145.27,271.23,121.73,389.61,0.7973,-1,-1,-1
565,5,1306.67,53.86,349.73,1024.31,0.9026,-1,-1,-1
565,40,-31.53,9.92,350.56,1059.07,0.7603,-1,-1,-1
565,43,537.94,299.85,73.89,275.34,0.7162,-1,-1,-1
565,44,979.92,216.42,95.38,461.94,0.7981,-1,-1,-1
565,45,1662.01,280.05,97.93,195.15,0.6561,-1,-1,-1
565,35,1075.55,275.72,106.34,338.59,0.6707,-1,-1,-1
566,2,839.30,225.79,153.50,477.79,0.8490,-1,-1,-1
566,28,1161.00,273.61,128.59,393.01,0.7255,-1,-1,-1
566,5,1318.55,53.70,349.59,1018.07,0.8978,-1,-1,-1
566,40,-37.07,9.23,342.95,1060.42,0.7995,-1,-1,-1
566,43,544.78,302.84,73.36,273.67,0.7245,-1,-1,-1
566,44,985.88,215.98,97.54,462.05,0.7561,-1,-1,-1
566,45,1674.29,280.70,98.70,196.08,0.7203,-1,-1,-1
566,35,1082.04,274.06,106.48,340.67,0.6524,-1,-1,-1
567,2,846.34,229.96,154.58,478.77,0.8363,-1,-1,-1
567,28,1174.57,272.11,137.74,398.32,0.7992,-1,-1,-1
567,5,1331.83,53.82,350.53,1010.47,0.9166,-1,-1,-1
567,40,-43.03,6.59,334.55,1063.33,0.7281,-1,-1,-1
567,43,550.91,304.45,73.28,273.00,0.7416,-1,-1,-1
567,44,990.65,220.84,97.33,452.02,0.7652,-1,-1,-1
567,45,1690.74,281.19,98.70,195.03,0.6559,-1,-1,-1
567,35,1088.07,273.43,108.62,348.18,0.7413,-1,-1,-1
568,2,851.50,230.92,155.78,479.71,0.8452,-1,-1,-1
568,28,1178.55,279.11,142.24,395.62,0.8633,-1,-1,-1
568,5,1334.89,54.09,356.84,1014.40,0.9163,-1,-1,-1
568,40,-50.69,11.88,323.34,1063.08,0.3049,-1,-1,-1
568,43,557.34,302.24,74.16,275.27,0.7534,-1,-1,-1
568,44,996.57,224.25,99.39,452.11,0.8195,-1,-1,-1
568,45,1704.34,282.09,100.30,197.41,0.6213,-1,-1,-1
568,35,1094.29,272.20,110.55,352.40,0.7461,-1,-1,-1
569,2,856.05,232.39,156.66,480.47,0.8513,-1,-1,-1
569,28,1181.18,283.37,147.30,395.48,0.8656,-1,-1,-1
569,5,1341.80,54.58,362.35,1016.25,0.9097,-1,-1,-1
569,43,563.68,301.15,75.30,278.17,0.7622,-1,-1,-1
569,44,1003.55,226.42,102.27,458.72,0.8181,-1,-1,-1
569,45,1716.43,284.62,101.30,199.07,0.6673,-1,-1,-1
569,35,1101.07,274.52,111.10,353.76,0.7735,-1,-1,-1
570,2,862.16,239.47,155.59,476.48,0.8607,-1,-1,-1
570,28,1188.07,282.66,153.74,400.85,0.8487,-1,-1,-1
570,5,1347.67,55.69,368.48,1016.07,0.9009,-1,-1,-1
570,43,567.92,297.49,76.91,283.10,0.7628,-1,-1,-1
570,44,1011.51,230.38,103.67,460.49,0.8222,-1,-1,-1
570,45,1729.16,287.65,101.54,199.20,0.6610,-1,-1,-1
570,35,1109.87,275.72,111.76,353.08,0.7815,-1,-1,-1
571,2,868.75,243.98,155.09,474.36,0.8513,-1,-1,-1
571,28,1192.58,281.10,160.94,408.75,0.8297,-1,-1,-1
571,5,1351.09,54.72,374.41,1018.74,0.9150,-1,-1,-1
571,43,571.54,301.66,77.07,282.94,0.7940,-1,-1,-1
571,44,1015.92,232.92,104.90,463.02,0.7977,-1,-1,-1
571,45,1740.20,288.82,102.68,201.20,0.5991,-1,-1,-1
571,35,1115.08,274.38,114.65,356.54,0.8052,-1,-1,-1
572,2,873.92,241.12,155.72,476.00,0.8207,-1,-1,-1
572,28,1204.43,281.75,164.21,410.70,0.8294,-1,-1,-1
572,5,1352.78,53.92,380.68,1021.14,0.9047,-1,-1,-1
572,43,575.70,304.50,76.45,280.67,0.8196,-1,-1,-1
572,44,1019.97,233.70,105.66,462.15,0.7807,-1,-1,-1
572,45,1751.49,289.52,103.39,202.14,0.5636,-1,-1,-1
572,35,1122.22,274.54,117.17,359.64,0.7915,-1,-1,-1
573,2,878.49,239.97,155.56,476.37,0.8283,-1,-1,-1
573,28,1217.30,284.24,165.10,410.70,0.8168,-1,-1,-1
573,5,1358.40,54.65,386.52,1021.14,0.8942,-1,-1,-1
573,43,579.21,307.61,75.98,279.43,0.7774,-1,-1,-1
573,44,1025.81,233.97,105.95,459.43,0.7582,-1,-1,-1
573,45,1761.84,292.09,103.33,201.80,0.6059,-1,-1,-1
573,35,1127.66,275.72,119.06,360.06,0.8219,-1,-1,-1
574,2,884.04,240.12,155.97,476.85,0.8419,-1,-1,-1
574,28,1231.85,284.11,166.04,413.74,0.7738,-1,-1,-1
574,5,1364.46,54.35,391.65,1020.53,0.9082,-1,-1,-1
574,43,583.83,307.00,76.24,280.60,0.7112,-1,-1,-1
574,44,1030.60,236.08,106.26,456.49,0.7595,-1,-1,-1
574,45,1774.27,293.62,104.54,203.74,0.5542,-1,-1,-1
574,35,1132.33,277.88,120.89,361.54,0.8301,-1,-1,-1
575,2,887.57,239.85,155.77,475.51,0.8421,-1,-1,-1
575,28,1244.30,283.65,166.11,417.10,0.7156,-1,-1,-1
575,5,1370.19,56.32,394.43,1016.14,0.9107,-1,-1,-1
575,43,587.94,305.72,76.34,281.58,0.6908,-1,-1,-1
575,44,1033.78,236.43,107.29,458.78,0.7712,-1,-1,-1
575,35,1137.27,278.26,122.63,363.97,0.8404,-1,-1,-1
576,2,890.32,239.38,155.25,473.46,0.8240,-1,-1,-1
576,28,1258.15,282.04,165.46,422.09,0.7407,-1,-1,-1
576,5,1375.41,59.20,396.67,1011.55,0.9127,-1,-1,-1
576,43,591.59,312.18,74.89,276.30,0.7103,-1,-1,-1
576,44,1034.87,236.63,107.43,456.77,0.7833,-1,-1,-1
576,35,1142.44,275.80,124.80,367.97,0.8366,-1,-1,-1
577,2,893.04,237.93,154.51,471.23,0.8183,-1,-1,-1
577,28,1277.08,286.38,163.56,424.15,0.7620,-1,-1,-1
577,5,1378.55,60.41,399.65,1009.81,0.9074,-1,-1,-1
577,43,591.49,315.72,74.64,273.56,0.6703,-1,-1,-1
577,44,1033.62,230.08,110.38,468.93,0.7900,-1,-1,-1
577,35,1145.05,274.71,126.57,370.57,0.8281,-1,-1,-1
577,45,1801.22,295.82,104.79,201.68,0.6058,-1,-1,-1
578,2,894.29,237.31,154.33,470.86,0.8285,-1,-1,-1
578,28,1295.57,284.00,161.63,429.93,0.7274,-1,-1,-1
578,5,1384.27,62.57,402.40,1007.48,0.9023,-1,-1,-1
578,43,592.02,315.73,75.13,274.50,0.6975,-1,-1,-1
578,44,1033.16,226.45,111.77,474.56,0.7903,-1,-1,-1
578,35,1144.65,274.53,127.07,372.66,0.8226,-1,-1,-1
578,45,1805.94,298.81,105.97,201.43,0.5935,-1,-1,-1
579,2,892.32,239.37,154.38,471.17,0.8383,-1,-1,-1
579,28,1310.28,284.20,161.19,439.50,0.7858,-1,-1,-1
579,5,1394.60,68.50,402.04,1000.46,0.9034,-1,-1,-1
579,43,589.58,310.24,77.65,285.67,0.7375,-1,-1,-1
579,44,1031.73,230.18,111.79,472.89,0.7845,-1,-1,-1
579,35,1144.46,275.82,128.39,376.23,0.8299,-1,-1,-1
579,45,1808.31,302.80,109.51,206.56,0.6254,-1,-1,-1
580,2,891.89,241.63,153.15,468.63,0.8434,-1,-1,-1
580,28,1318.69,284.61,160.62,447.50,0.7708,-1,-1,-1
580,5,1403.23,71.74,402.55,996.78,0.9024,-1,-1,-1
580,43,585.96,305.87,79.23,293.34,0.6824,-1,-1,-1
580,44,1029.31,233.52,111.72,468.80,0.7730,-1,-1,-1
580,35,1143.26,275.55,129.39,379.38,0.8005,-1,-1,-1
580,45,1810.86,304.49,111.57,210.72,0.6577,-1,-1,-1
581,2,888.63,242.72,152.27,466.50,0.8373,-1,-1,-1
581,28,1329.52,284.16,161.53,453.40,0.7717,-1,-1,-1
581,5,1414.57,70.84,403.17,995.46,0.9015,-1,-1,-1
581,43,583.01,307.35,78.53,293.16,0.7289,-1,-1,-1
581,44,1027.33,234.71,111.89,464.22,0.7765,-1,-1,-1
581,35,1144.40,282.47,126.69,373.51,0.7879,-1,-1,-1
581,45,1814.55,305.55,112.30,214.40,0.6039,-1,-1,-1
582,2,885.62,245.14,151.17,464.98,0.8439,-1,-1,-1
582,28,1340.06,285.58,162.26,453.16,0.8255,-1,-1,-1
582,5,1426.08,71.62,405.39,999.44,0.9084,-1,-1,-1
582,43,580.88,308.11,78.04,293.62,0.7594,-1,-1,-1
582,44,1025.06,234.69,112.82,462.16,0.7830,-1,-1,-1
582,35,1145.29,285.08,125.10,371.25,0.7751,-1,-1,-1
582,45,1820.14,306.20,110.72,215.47,0.5270,-1,-1,-1
583,2,881.34,248.05,151.91,470.10,0.8497,-1,-1,-1
583,28,1345.36,286.58,162.50,452.38,0.8009,-1,-1,-1
583,5,1434.65,72.76,406.64,1000.16,0.9085,-1,-1,-1
583,43,577.49,310.02,77.67,293.45,0.7641,-1,-1,-1
583,44,1022.26,233.48,114.65,463.47,0.7637,-1,-1,-1
583,35,1142.10,282.23,125.84,376.15,0.7812,-1,-1,-1
583,45,1825.70,307.31,108.72,217.33,0.5303,-1,-1,-1
584,2,875.33,249.48,152.79,474.99,0.8481,-1,-1,-1
584,28,1346.24,283.46,164.35,456.38,0.7983,-1,-1,-1
584,5,1442.98,71.41,408.13,1001.62,0.9091,-1,-1,-1
584,43,574.74,306.57,77.66,294.74,0.7627,-1,-1,-1
584,44,1020.83,234.25,116.72,466.53,0.7645,-1,-1,-1
584,35,1141.64,283.88,125.73,377.23,0.7715,-1,-1,-1
584,45,1828.70,308.17,108.08,222.71,0.5697,-1,-1,-1
585,2,867.68,251.42,152.41,475.94,0.8627,-1,-1,-1
585,28,1345.80,282.97,163.64,453.96,0.7661,-1,-1,-1
585,5,1449.56,72.19,407.74,998.05,0.9092,-1,-1,-1
585,43,571.98,307.70,76.72,293.24,0.7814,-1,-1,-1
585,44,1016.42,233.83,118.88,469.18,0.7862,-1,-1,-1
585,35,1140.78,284.50,125.86,379.15,0.7748,-1,-1,-1
585,45,1833.05,306.12,106.27,227.12,0.5222,-1,-1,-1
586,2,861.97,253.03,151.63,475.14,0.8471,-1,-1,-1
586,28,1346.73,284.11,163.77,453.10,0.7407,-1,-1,-1
586,5,1455.77,71.60,409.19,1000.87,0.9039,-1,-1,-1
586,43,567.14,301.14,78.08,300.85,0.7592,-1,-1,-1
586,44,1013.55,234.52,119.79,469.81,0.8059,-1,-1,-1
586,35,1141.27,284.77,125.88,379.02,0.7452,-1,-1,-1
586,45,1836.22,307.01,103.74,230.03,0.4459,-1,-1,-1
587,2,859.34,253.92,150.40,473.41,0.8499,-1,-1,-1
587,28,1349.16,284.22,166.51,457.84,0.7564,-1,-1,-1
587,5,1460.37,68.63,411.02,1005.95,0.8986,-1,-1,-1
587,43,563.51,303.81,77.18,299.18,0.7180,-1,-1,-1
587,44,1011.00,236.08,119.89,469.15,0.8083,-1,-1,-1
587,35,1141.21,283.68,126.51,381.42,0.7569,-1,-1,-1
587,45,1839.48,309.00,99.53,228.62,0.4824,-1,-1,-1
588,2,856.19,254.63,149.23,472.65,0.8394,-1,-1,-1
588,28,1351.05,284.37,169.16,460.63,0.7545,-1,-1,-1
588,5,1464.24,66.60,411.03,1007.73,0.9020,-1,-1,-1
588,43,557.79,313.21,75.16,291.81,0.7263,-1,-1,-1
588,44,1006.32,238.57,119.80,467.18,0.7911,-1,-1,-1
588,35,1142.15,285.19,126.46,380.84,0.7229,-1,-1,-1
588,45,1842.71,309.39,95.31,226.73,0.5365,-1,-1,-1
589,2,850.83,253.96,148.35,473.84,0.8394,-1,-1,-1
589,28,1353.32,283.76,173.69,466.89,0.7695,-1,-1,-1
589,5,1467.96,64.26,411.92,1011.10,0.9034,-1,-1,-1
589,43,552.72,319.68,73.32,285.76,0.7144,-1,-1,-1
589,44,1002.09,237.95,121.03,469.07,0.8000,-1,-1,-1
589,35,1143.73,284.27,128.13,383.66,0.7717,-1,-1,-1
589,45,1846.60,311.58,90.58,223.31,0.4634,-1,-1,-1
590,2,845.73,252.68,148.00,476.29,0.8382,-1,-1,-1
590,28,1358.65,280.78,177.96,474.82,0.7315,-1,-1,-1
590,5,1469.71,62.87,413.06,1013.48,0.9073,-1,-1,-1
590,43,548.75,318.34,73.60,287.75,0.7126,-1,-1,-1
590,44,993.09,239.36,122.69,468.43,0.8109,-1,-1,-1
590,35,1144.42,284.90,130.14,386.28,0.8114,-1,-1,-1
590,45,1850.15,313.71,86.80,222.26,0.3898,-1,-1,-1
591,2,838.43,250.93,147.66,474.77,0.8402,-1,-1,-1
591,28,1370.23,279.49,178.45,479.56,0.7153,-1,-1,-1
591,5,1471.58,61.54,413.26,1012.51,0.9094,-1,-1,-1
591,43,544.14,318.95,73.84,288.35,0.7381,-1,-1,-1
591,44,989.38,240.61,123.12,466.06,0.8065,-1,-1,-1
591,35,1143.87,282.80,132.05,389.99,0.8228,-1,-1,-1
591,45,1853.80,316.21,82.61,219.86,0.3593,-1,-1,-1
592,2,831.36,250.55,146.72,470.70,0.8341,-1,-1,-1
592,28,1384.17,277.08,176.36,483.44,0.5635,-1,-1,-1
592,5,1472.44,60.19,413.93,1012.20,0.9062,-1,-1,-1
592,43,540.44,311.39,76.55,298.48,0.7282,-1,-1,-1
592,44,986.90,240.05,124.33,468.35,0.8135,-1,-1,-1
592,35,1143.24,279.63,133.58,394.10,0.8065,-1,-1,-1
592,45,1859.83,330.93,73.34,201.59,0.3207,-1,-1,-1
593,2,826.42,250.18,145.79,466.65,0.8350,-1,-1,-1
593,28,1403.01,299.84,165.72,461.03,0.4430,-1,-1,-1
593,5,1471.87,60.22,415.22,1012.44,0.8956,-1,-1,-1
593,43,537.80,306.94,78.44,305.83,0.7113,-1,-1,-1
593,44,985.06,239.45,125.15,470.72,0.8159,-1,-1,-1
593,35,1143.14,280.28,134.36,396.40,0.8259,-1,-1,-1
594,2,820.60,250.60,146.20,464.06,0.8364,-1,-1,-1
594,5,1473.40,61.23,415.86,1013.61,0.8955,-1,-1,-1
594,43,533.69,309.70,77.65,303.90,0.7298,-1,-1,-1
594,44,982.80,240.88,125.53,472.04,0.8132,-1,-1,-1
594,35,1144.63,281.54,134.36,397.51,0.8041,-1,-1,-1
594,46,1108.72,317.96,53.36,243.90,0.6118,-1,-1,-1
595,2,814.91,250.49,147.47,464.07,0.8524,-1,-1,-1
595,5,1479.44,62.46,414.84,1011.90,0.9089,-1,-1,-1
595,43,531.42,307.89,79.43,309.96,0.7637,-1,-1,-1
595,44,982.22,242.78,125.64,472.28,0.8039,-1,-1,-1
595,35,1146.02,281.96,134.35,398.88,0.7975,-1,-1,-1
595,46,1108.01,314.95,54.20,247.41,0.6605,-1,-1,-1
596,2,810.43,250.72,149.06,464.18,0.8478,-1,-1,-1
596,5,1482.84,60.50,414.40,1014.19,0.9161,-1,-1,-1
596,43,529.98,309.11,79.95,311.07,0.7562,-1,-1,-1
596,44,980.77,243.41,126.69,472.93,0.8123,-1,-1,-1
596,35,1146.56,278.94,135.31,403.05,0.7774,-1,-1,-1
596,46,1107.98,312.43,54.99,250.48,0.5392,-1,-1,-1
597,2,806.63,248.93,151.17,467.07,0.8448,-1,-1,-1
597,5,1487.76,56.20,413.68,1018.56,0.9159,-1,-1,-1
597,43,529.04,306.75,80.17,313.11,0.7631,-1,-1,-1
597,44,980.76,243.84,127.98,473.74,0.8106,-1,-1,-1
597,35,1151.84,277.02,136.11,404.69,0.7707,-1,-1,-1
597,46,1108.10,313.19,55.24,250.62,0.5782,-1,-1,-1
598,2,804.76,250.62,153.95,472.60,0.8462,-1,-1,-1
598,5,1494.12,56.74,410.09,1017.22,0.9145,-1,-1,-1
598,43,528.06,305.28,80.67,316.98,0.7487,-1,-1,-1
598,44,983.04,248.18,130.44,479.52,0.8237,-1,-1,-1
598,35,1156.39,280.77,137.29,404.11,0.8048,-1,-1,-1
598,46,1110.63,316.14,54.39,245.40,0.4598,-1,-1,-1
599,2,804.45,253.30,155.39,473.91,0.8503,-1,-1,-1
599,5,1498.06,57.62,407.90,1018.00,0.9196,-1,-1,-1
599,43,530.26,309.32,81.30,318.13,0.7503,-1,-1,-1
599,44,987.34,250.96,131.08,479.54,0.8189,-1,-1,-1
599,35,1160.50,283.49,138.78,403.86,0.8041,-1,-1,-1
599,46,1110.58,316.35,55.50,248.94,0.3663,-1,-1,-1
600,2,806.23,255.61,156.30,475.12,0.8403,-1,-1,-1
600,5,1502.42,55.91,407.69,1021.82,0.9233,-1,-1,-1
600,43,533.98,310.82,82.11,319.21,0.7338,-1,-1,-1
600,44,991.75,251.39,132.21,482.82,0.8009,-1,-1,-1
600,35,1166.24,286.86,139.57,402.20,0.8259,-1,-1,-1
601,2,807.82,258.46,156.76,476.63,0.8457,-1,-1,-1
601,5,1507.52,55.71,407.67,1022.89,0.9238,-1,-1,-1
601,43,535.95,312.68,82.28,319.42,0.7296,-1,-1,-1
601,44,994.84,251.61,132.42,483.25,0.7934,-1,-1,-1
601,35,1171.07,283.83,142.34,406.60,0.7892,-1,-1,-1
602,2,812.23,262.52,157.03,477.42,0.8391,-1,-1,-1
602,5,1511.49,57.03,406.76,1019.51,0.9215,-1,-1,-1
602,43,539.46,316.71,82.00,317.40,0.7174,-1,-1,-1
602,44,996.09,251.87,133.28,485.40,0.7933,-1,-1,-1
602,35,1181.28,281.87,143.83,412.03,0.7390,-1,-1,-1
603,2,818.78,268.07,156.00,475.67,0.8150,-1,-1,-1
603,5,1515.87,59.69,405.47,1016.71,0.9261,-1,-1,-1
603,43,542.19,324.74,81.30,314.48,0.7381,-1,-1,-1
603,44,1000.81,255.37,131.87,481.97,0.7888,-1,-1,-1
603,35,1190.32,284.01,145.80,418.37,0.7155,-1,-1,-1
604,2,824.47,273.81,154.64,471.52,0.8230,-1,-1,-1
604,5,1519.94,61.87,403.94,1014.52,0.9279,-1,-1,-1
604,43,548.72,331.48,81.17,312.65,0.7054,-1,-1,-1
604,44,1006.23,259.80,130.44,478.73,0.8131,-1,-1,-1
604,35,1200.15,286.82,146.44,420.81,0.7598,-1,-1,-1
604,46,1135.94,346.82,53.01,233.25,0.6593,-1,-1,-1
605,2,832.28,276.29,154.38,470.91,0.8311,-1,-1,-1
605,5,1521.73,61.82,403.57,1015.75,0.9181,-1,-1,-1
605,43,552.29,334.19,81.22,313.41,0.7402,-1,-1,-1
605,44,1011.86,259.89,128.73,472.87,0.8095,-1,-1,-1
605,35,1207.90,288.52,146.75,422.06,0.7430,-1,-1,-1
605,46,1140.83,350.61,54.09,232.62,0.6530,-1,-1,-1
606,2,840.23,277.75,154.78,473.09,0.8153,-1,-1,-1
606,5,1526.93,62.91,400.77,1012.60,0.9223,-1,-1,-1
606,43,556.51,330.63,82.17,318.81,0.7156,-1,-1,-1
606,44,1015.51,260.42,127.87,469.94,0.7926,-1,-1,-1
606,35,1219.43,289.67,147.59,425.06,0.6469,-1,-1,-1
606,46,1146.54,352.89,55.48,233.36,0.6469,-1,-1,-1
607,2,847.84,279.50,153.69,471.71,0.8366,-1,-1,-1
607,5,1532.75,64.87,397.11,1008.49,0.9140,-1,-1,-1
607,43,564.29,328.16,83.39,322.89,0.8038,-1,-1,-1
607,44,1023.12,261.96,126.78,468.84,0.8070,-1,-1,-1
607,35,1231.41,291.30,146.74,424.95,0.6693,-1,-1,-1
607,46,1152.79,344.81,58.26,242.12,0.6656,-1,-1,-1
608,2,853.23,278.81,152.44,467.48,0.8296,-1,-1,-1
608,5,1539.73,66.75,392.60,1003.70,0.9175,-1,-1,-1
608,43,569.71,329.42,83.18,322.13,0.7612,-1,-1,-1
608,44,1032.80,263.85,125.77,464.54,0.7965,-1,-1,-1
608,35,1242.85,291.51,148.29,429.32,0.5396,-1,-1,-1
608,46,1159.44,345.72,59.09,241.64,0.7177,-1,-1,-1
609,2,858.93,277.59,151.45,465.77,0.8196,-1,-1,-1
609,5,1546.06,69.03,388.70,1001.94,0.9201,-1,-1,-1
609,43,574.33,331.01,83.55,323.19,0.7838,-1,-1,-1
609,44,1039.25,262.42,127.55,468.51,0.8252,-1,-1,-1
609,35,1252.47,287.25,149.50,436.44,0.7260,-1,-1,-1
609,46,1166.06,349.01,60.38,241.95,0.6235,-1,-1,-1
610,2,866.54,277.99,149.89,463.49,0.8262,-1,-1,-1
610,5,1551.84,71.88,384.73,1000.91,0.9221,-1,-1,-1
610,43,579.85,329.88,84.94,326.79,0.7515,-1,-1,-1
610,44,1043.77,264.01,128.77,471.41,0.8224,-1,-1,-1
610,35,1267.25,286.65,148.71,435.77,0.7582,-1,-1,-1
610,46,1170.89,349.86,61.15,240.75,0.5562,-1,-1,-1
611,2,871.29,278.19,149.45,463.77,0.8168,-1,-1,-1
611,5,1559.51,70.49,381.23,1004.25,0.9176,-1,-1,-1
611,43,583.39,331.09,84.81,326.67,0.7412,-1,-1,-1
611,44,1045.34,267.43,129.02,470.22,0.7849,-1,-1,-1
611,35,1276.39,288.64,148.44,439.14,0.6792,-1,-1,-1
611,46,1172.35,348.32,62.38,241.77,0.6941,-1,-1,-1
612,2,875.71,280.80,147.55,459.72,0.8333,-1,-1,-1
612,5,1569.95,74.10,375.22,1003.84,0.9152,-1,-1,-1
612,43,585.10,333.87,83.38,323.29,0.7757,-1,-1,-1
612,44,1041.47,272.91,130.74,470.83,0.8125,-1,-1,-1
612,35,1285.98,291.12,145.72,432.65,0.6943,-1,-1,-1
612,46,1175.44,348.14,64.07,245.58,0.6504,-1,-1,-1
613,2,877.85,282.61,147.44,459.97,0.8367,-1,-1,-1
613,5,1580.29,77.15,367.00,997.93,0.9119,-1,-1,-1
613,43,586.28,334.01,83.07,323.67,0.7656,-1,-1,-1
613,44,1040.26,275.76,133.97,475.62,0.8458,-1,-1,-1
613,35,1293.27,294.78,146.21,438.21,0.6176,-1,-1,-1
613,46,1179.76,352.79,63.54,240.28,0.6580,-1,-1,-1
614,2,881.42,286.27,148.06,463.48,0.8327,-1,-1,-1
614,5,1590.09,79.71,359.75,996.30,0.9143,-1,-1,-1
614,43,586.64,335.20,83.09,325.42,0.7685,-1,-1,-1
614,44,1041.80,277.57,137.17,478.80,0.8503,-1,-1,-1
614,35,1300.76,297.14,146.98,445.79,0.6624,-1,-1,-1
614,46,1183.56,358.37,63.78,239.98,0.6001,-1,-1,-1
615,2,885.37,288.44,148.32,465.08,0.8359,-1,-1,-1
615,5,1601.79,81.52,351.44,993.73,0.9026,-1,-1,-1
615,43,589.02,342.37,82.30,322.68,0.7328,-1,-1,-1
615,44,1041.64,279.54,139.15,478.83,0.8322,-1,-1,-1
615,35,1306.62,295.53,146.65,453.95,0.7263,-1,-1,-1
615,46,1185.42,360.02,64.58,241.70,0.6270,-1,-1,-1
616,2,887.51,293.30,147.97,462.88,0.8300,-1,-1,-1
616,5,1609.82,81.80,344.46,994.86,0.8897,-1,-1,-1
616,43,597.79,344.82,84.41,322.02,0.7143,-1,-1,-1
616,44,1043.69,282.54,141.72,479.08,0.8242,-1,-1,-1
616,35,1313.19,298.79,145.12,457.37,0.7241,-1,-1,-1
616,46,1188.66,362.19,64.01,239.03,0.5724,-1,-1,-1
617,2,887.59,295.05,149.40,466.45,0.8439,-1,-1,-1
617,5,1621.85,90.13,333.83,986.40,0.8846,-1,-1,-1
617,43,595.55,342.70,86.52,327.78,0.7334,-1,-1,-1
617,44,1043.37,285.51,144.38,479.39,0.8452,-1,-1,-1
617,35,1317.98,299.77,143.99,462.21,0.7321,-1,-1,-1
617,46,1190.07,368.64,63.20,235.13,0.6002,-1,-1,-1
618,2,887.93,298.07,150.17,468.67,0.8354,-1,-1,-1
618,5,1632.02,98.97,323.34,977.38,0.8813,-1,-1,-1
618,43,590.30,337.14,87.97,335.82,0.7858,-1,-1,-1
618,44,1043.81,287.97,147.70,481.26,0.8496,-1,-1,-1
618,35,1320.48,300.66,142.81,465.61,0.7380,-1,-1,-1
618,46,1190.64,371.48,64.53,240.09,0.5614,-1,-1,-1
619,2,885.30,301.04,149.49,467.25,0.8365,-1,-1,-1
619,5,1637.85,104.98,314.57,970.65,0.8953,-1,-1,-1
619,43,586.42,336.84,87.77,337.93,0.7601,-1,-1,-1
619,44,1041.28,289.70,150.49,482.75,0.8100,-1,-1,-1
619,35,1325.17,302.33,142.17,466.87,0.7373,-1,-1,-1
619,46,1189.51,370.04,66.12,245.81,0.5265,-1,-1,-1
620,2,880.27,303.50,148.02,465.51,0.8234,-1,-1,-1
620,5,1647.84,111.50,305.42,964.29,0.8854,-1,-1,-1
620,43,581.84,338.46,88.26,341.43,0.6972,-1,-1,-1
620,44,1040.53,289.65,152.74,482.44,0.7866,-1,-1,-1
620,35,1325.61,302.76,141.07,469.14,0.7530,-1,-1,-1
620,46,1187.85,373.16,64.10,237.53,0.5809,-1,-1,-1
621,2,873.89,303.20,145.95,462.48,0.8241,-1,-1,-1
621,5,1655.92,120.13,295.90,955.63,0.8791,-1,-1,-1
621,43,577.49,337.23,88.44,345.20,0.7250,-1,-1,-1
621,44,1034.36,288.91,153.10,481.69,0.6813,-1,-1,-1
621,35,1325.52,304.59,138.75,466.71,0.7443,-1,-1,-1
621,46,1187.13,376.15,62.36,229.35,0.5060,-1,-1,-1
621,50,1267.12,330.16,104.01,380.26,0.6261,-1,-1,-1
622,2,871.70,303.43,146.19,461.57,0.8024,-1,-1,-1
622,5,1660.61,121.20,289.46,954.71,0.8936,-1,-1,-1
622,43,573.21,341.56,86.66,341.59,0.7757,-1,-1,-1
622,44,1025.91,288.36,151.48,479.91,0.7514,-1,-1,-1
622,35,1325.23,304.63,138.72,472.25,0.6598,-1,-1,-1
622,46,1146.27,343.87,85.75,316.86,0.6473,-1,-1,-1
622,50,1262.61,329.32,106.42,388.77,0.5654,-1,-1,-1
623,2,865.00,303.30,146.65,463.30,0.7995,-1,-1,-1
623,5,1665.52,121.13,283.69,955.63,0.8980,-1,-1,-1
623,43,570.28,340.85,87.25,344.11,0.7378,-1,-1,-1
623,44,1018.35,288.66,150.68,479.65,0.7784,-1,-1,-1
623,35,1325.26,306.48,138.27,475.19,0.6551,-1,-1,-1
623,46,1128.49,334.53,95.48,354.15,0.7149,-1,-1,-1
623,50,1258.38,330.62,107.86,393.34,0.5238,-1,-1,-1
624,2,860.09,304.77,147.04,460.65,0.8459,-1,-1,-1
624,5,1669.89,117.74,278.62,958.52,0.8972,-1,-1,-1
624,43,566.28,340.72,86.92,343.24,0.7640,-1,-1,-1
624,44,1012.74,288.67,148.93,477.45,0.8126,-1,-1,-1
624,35,1324.21,308.48,136.33,473.14,0.7068,-1,-1,-1
624,46,1119.79,332.69,100.86,376.77,0.6834,-1,-1,-1
624,50,1255.07,330.69,109.47,399.49,0.6011,-1,-1,-1
625,2,856.31,304.98,146.78,456.83,0.8464,-1,-1,-1
625,5,1673.77,114.39,273.63,960.83,0.9030,-1,-1,-1
625,43,560.19,342.13,86.94,343.92,0.7328,-1,-1,-1
625,44,1006.48,285.75,146.78,474.40,0.7937,-1,-1,-1
625,35,1323.69,306.55,135.39,476.15,0.7265,-1,-1,-1
625,46,1112.98,332.80,104.29,393.91,0.7389,-1,-1,-1
625,50,1247.26,331.71,110.91,403.91,0.6451,-1,-1,-1
626,2,851.58,304.26,147.05,456.16,0.8216,-1,-1,-1
626,5,1678.47,116.25,267.53,958.24,0.9061,-1,-1,-1
626,43,552.97,344.69,86.60,344.50,0.7145,-1,-1,-1
626,44,1000.73,286.36,145.68,474.66,0.7881,-1,-1,-1
626,35,1322.54,305.65,134.58,478.15,0.7759,-1,-1,-1
626,46,1106.36,333.45,104.92,399.64,0.7471,-1,-1,-1
626,50,1243.67,332.15,112.03,407.03,0.6936,-1,-1,-1
627,2,845.67,302.68,148.43,457.63,0.8351,-1,-1,-1
627,5,1682.34,118.65,261.62,954.63,0.9040,-1,-1,-1
627,43,545.80,343.55,87.40,349.70,0.7490,-1,-1,-1
627,44,993.88,281.00,146.57,480.47,0.7866,-1,-1,-1
627,35,1321.86,305.18,133.54,478.72,0.7618,-1,-1,-1
627,46,1101.84,333.25,104.64,403.47,0.7330,-1,-1,-1
627,50,1238.25,331.34,113.26,410.70,0.6721,-1,-1,-1
628,2,837.16,301.74,150.00,457.22,0.8426,-1,-1,-1
628,5,1683.28,116.89,257.62,955.16,0.9048,-1,-1,-1
628,43,539.37,339.69,87.79,354.24,0.7773,-1,-1,-1
628,44,990.76,279.88,146.73,479.01,0.7588,-1,-1,-1
628,35,1320.54,303.21,132.83,480.45,0.7794,-1,-1,-1
628,46,1097.28,330.08,106.48,412.91,0.7134,-1,-1,-1
628,50,1235.36,330.98,113.59,412.38,0.6840,-1,-1,-1
629,2,833.37,300.94,151.44,456.83,0.8504,-1,-1,-1
629,5,1674.85,113.81,256.72,956.96,0.8827,-1,-1,-1
629,43,537.24,341.79,88.03,353.80,0.6969,-1,-1,-1
629,44,979.53,282.22,144.32,476.42,0.7741,-1,-1,-1
629,35,1319.42,301.71,132.09,481.95,0.7740,-1,-1,-1
629,46,1092.11,327.72,108.63,420.57,0.7529,-1,-1,-1
629,50,1231.65,330.33,114.38,416.66,0.6712,-1,-1,-1
630,2,830.04,302.36,151.80,454.35,0.8434,-1,-1,-1
630,5,1652.10,115.55,260.20,955.41,0.8888,-1,-1,-1
630,43,531.03,340.33,89.01,358.59,0.7633,-1,-1,-1
630,44,970.81,281.27,142.90,475.93,0.8153,-1,-1,-1
630,35,1318.59,301.12,131.43,483.77,0.7800,-1,-1,-1
630,46,1088.49,325.90,110.52,425.16,0.7896,-1,-1,-1
630,50,1232.94,327.98,114.31,420.64,0.6422,-1,-1,-1
631,2,826.85,303.72,153.01,454.42,0.8504,-1,-1,-1
631,5,1668.46,112.03,257.86,959.04,0.8920,-1,-1,-1
631,43,526.12,343.77,87.54,354.08,0.7333,-1,-1,-1
631,44,966.31,281.02,141.39,474.92,0.8284,-1,-1,-1
631,35,1319.17,301.30,130.46,483.88,0.7568,-1,-1,-1
631,46,1087.78,325.76,112.33,426.31,0.8123,-1,-1,-1
631,50,1231.91,329.14,114.20,422.19,0.6410,-1,-1,-1
632,2,822.22,305.53,154.65,455.41,0.8557,-1,-1,-1
632,5,1678.54,109.65,254.80,962.23,0.9015,-1,-1,-1
632,43,522.67,345.03,87.12,354.32,0.7611,-1,-1,-1
632,44,963.80,281.06,139.83,474.52,0.7854,-1,-1,-1
632,35,1322.08,302.50,130.06,484.33,0.7626,-1,-1,-1
632,46,1087.01,325.23,114.19,428.31,0.8182,-1,-1,-1
632,50,1233.05,327.26,114.76,426.12,0.6624,-1,-1,-1
633,2,819.58,307.80,156.17,456.02,0.8613,-1,-1,-1
633,5,1687.07,104.00,251.66,968.37,0.9040,-1,-1,-1
633,43,520.79,342.96,87.85,358.60,0.7708,-1,-1,-1
633,44,963.92,281.57,139.07,476.64,0.7670,-1,-1,-1
633,35,1324.14,301.19,129.90,486.57,0.7734,-1,-1,-1
633,46,1088.19,325.34,115.53,431.27,0.8143,-1,-1,-1
633,50,1234.33,323.52,115.09,428.72,0.6770,-1,-1,-1
634,2,817.90,309.53,157.76,457.05,0.8617,-1,-1,-1
634,5,1694.80,94.01,248.70,978.74,0.9050,-1,-1,-1
634,43,520.01,346.62,88.02,359.55,0.7821,-1,-1,-1
634,44,964.12,282.21,137.51,474.57,0.7812,-1,-1,-1
634,35,1328.21,303.15,129.52,487.80,0.7412,-1,-1,-1
634,46,1091.70,326.59,116.82,433.87,0.8318,-1,-1,-1
634,50,1235.78,321.48,116.04,431.91,0.6783,-1,-1,-1
635,2,817.41,310.63,159.75,459.11,0.8565,-1,-1,-1
635,5,1699.51,89.91,243.70,979.22,0.8871,-1,-1,-1
635,43,519.20,349.34,88.24,361.08,0.7916,-1,-1,-1
635,44,967.51,283.03,137.04,478.39,0.7796,-1,-1,-1
635,35,1332.29,300.94,129.97,491.52,0.6899,-1,-1,-1
635,46,1095.80,325.09,118.89,439.18,0.8293,-1,-1,-1
635,50,1240.74,320.60,115.63,432.11,0.5885,-1,-1,-1
636,2,818.37,313.11,160.76,457.88,0.8367,-1,-1,-1
636,5,1700.20,86.43,240.99,985.79,0.8776,-1,-1,-1
636,43,518.04,353.01,88.44,363.19,0.7790,-1,-1,-1
636,44,973.07,284.22,137.09,483.40,0.7954,-1,-1,-1
636,35,1338.23,302.05,130.35,492.83,0.7265,-1,-1,-1
636,46,1099.91,325.97,120.12,442.54,0.8234,-1,-1,-1
636,50,1244.67,317.28,116.42,436.17,0.6000,-1,-1,-1
637,2,822.78,317.39,159.24,449.67,0.8471,-1,-1,-1
637,5,1702.29,86.01,236.99,985.60,0.8706,-1,-1,-1
637,43,518.50,357.78,88.33,362.19,0.7448,-1,-1,-1
637,44,978.31,290.89,135.35,484.14,0.7990,-1,-1,-1
637,35,1341.83,303.58,131.23,496.47,0.7880,-1,-1,-1
637,46,1101.78,326.10,120.38,443.97,0.8152,-1,-1,-1
637,50,1249.13,318.22,115.18,431.79,0.6421,-1,-1,-1
638,2,828.59,318.63,158.10,445.31,0.8644,-1,-1,-1
638,5,1700.69,85.40,234.22,986.12,0.8831,-1,-1,-1
638,43,517.92,354.78,89.62,367.07,0.7296,-1,-1,-1
638,44,981.15,293.90,132.96,481.46,0.8013,-1,-1,-1
638,35,1344.79,304.31,131.59,498.79,0.7827,-1,-1,-1
638,46,1105.22,329.21,120.24,440.99,0.8118,-1,-1,-1
638,50,1252.16,316.22,115.17,433.76,0.6176,-1,-1,-1
639,2,832.76,319.40,159.03,449.50,0.8582,-1,-1,-1
639,5,1699.49,84.19,232.56,988.99,0.8780,-1,-1,-1
639,43,519.68,362.89,88.79,361.24,0.7410,-1,-1,-1
639,44,983.64,298.47,130.04,477.51,0.7983,-1,-1,-1
639,35,1351.16,304.64,131.74,500.51,0.7294,-1,-1,-1
639,46,1110.49,330.85,121.43,440.69,0.8286,-1,-1,-1
639,50,1255.50,314.52,118.04,443.99,0.6933,-1,-1,-1
640,2,837.57,319.22,158.71,450.36,0.8471,-1,-1,-1
640,5,1696.76,79.00,232.06,994.64,0.8778,-1,-1,-1
640,43,520.12,365.97,89.24,361.89,0.7258,-1,-1,-1
640,44,988.42,301.24,128.20,476.66,0.7988,-1,-1,-1
640,35,1357.73,301.31,133.30,509.46,0.7234,-1,-1,-1
640,46,1114.76,331.22,123.61,442.42,0.8086,-1,-1,-1
640,50,1257.62,315.31,121.09,454.59,0.7230,-1,-1,-1
641,2,843.47,320.28,157.42,448.29,0.8314,-1,-1,-1
641,5,1696.12,79.67,230.17,992.12,0.8735,-1,-1,-1
641,43,520.74,362.05,91.03,367.98,0.7316,-1,-1,-1
641,44,993.70,304.76,125.34,471.26,0.7950,-1,-1,-1
641,35,1365.27,300.44,132.41,507.99,0.7789,-1,-1,-1
641,46,1121.22,329.94,126.49,444.92,0.7948,-1,-1,-1
641,50,1259.39,312.58,123.49,461.78,0.7415,-1,-1,-1
642,2,849.27,321.33,157.25,448.58,0.8222,-1,-1,-1
642,5,1695.73,85.72,228.03,986.20,0.8823,-1,-1,-1
642,43,528.82,360.63,93.82,372.59,0.7056,-1,-1,-1
642,44,998.63,307.77,124.58,471.31,0.7902,-1,-1,-1
642,35,1373.33,302.27,132.73,511.04,0.7978,-1,-1,-1
642,46,1128.03,330.31,129.47,447.82,0.7790,-1,-1,-1
642,50,1264.86,314.88,125.74,468.85,0.7778,-1,-1,-1
643,2,854.32,321.79,156.13,445.92,0.8647,-1,-1,-1
643,5,1693.12,90.05,226.77,979.22,0.8824,-1,-1,-1
643,43,530.40,361.91,95.06,373.89,0.7174,-1,-1,-1
643,44,1000.99,308.91,125.78,478.90,0.8074,-1,-1,-1
643,35,1379.57,303.18,133.47,514.09,0.7876,-1,-1,-1
643,46,1131.49,328.35,133.72,456.50,0.8044,-1,-1,-1
643,50,1272.63,315.58,126.81,473.47,0.6705,-1,-1,-1
644,2,859.55,322.59,156.52,448.13,0.8759,-1,-1,-1
644,5,1690.60,96.12,226.76,976.62,0.8598,-1,-1,-1
644,43,530.77,362.69,96.74,378.05,0.7460,-1,-1,-1
644,44,1003.29,309.05,125.77,483.49,0.7890,-1,-1,-1
644,35,1387.94,300.69,135.43,521.87,0.8012,-1,-1,-1
644,46,1136.95,323.85,138.41,467.50,0.8334,-1,-1,-1
644,50,1280.76,318.09,126.80,475.71,0.6626,-1,-1,-1
645,2,865.05,323.83,156.84,449.95,0.8721,-1,-1,-1
645,5,1698.75,200.56,207.51,874.42,0.8212,-1,-1,-1
645,43,533.06,364.15,97.14,378.26,0.7623,-1,-1,-1
645,44,1006.05,309.89,126.04,487.04,0.7787,-1,-1,-1
645,35,1394.08,297.91,136.60,525.65,0.7465,-1,-1,-1
645,46,1140.06,320.26,142.68,477.59,0.8499,-1,-1,-1
645,50,1289.41,314.19,127.12,481.42,0.6762,-1,-1,-1
646,2,869.33,324.85,157.43,454.12,0.8633,-1,-1,-1
646,5,1703.80,243.83,198.65,819.89,0.8089,-1,-1,-1
646,43,533.54,363.95,98.08,380.96,0.7652,-1,-1,-1
646,44,1007.10,309.36,126.31,487.26,0.8056,-1,-1,-1
646,35,1401.16,295.49,136.80,528.88,0.7537,-1,-1,-1
646,46,1141.64,318.18,145.93,483.14,0.8513,-1,-1,-1
646,50,1295.38,312.54,128.03,486.13,0.7240,-1,-1,-1
647,2,872.65,325.93,157.51,456.04,0.8578,-1,-1,-1
647,5,1703.85,270.72,197.14,796.97,0.8295,-1,-1,-1
647,43,534.45,363.44,98.87,383.27,0.7413,-1,-1,-1
647,44,1013.47,308.90,125.88,486.28,0.7980,-1,-1,-1
647,35,1406.97,292.65,138.23,538.11,0.7698,-1,-1,-1
647,46,1143.95,319.34,149.00,487.13,0.8493,-1,-1,-1
647,50,1302.68,308.71,128.86,493.05,0.6981,-1,-1,-1
648,2,875.60,329.07,155.52,452.91,0.8507,-1,-1,-1
648,5,1704.34,284.24,198.00,786.69,0.8619,-1,-1,-1
648,43,534.03,361.63,99.86,387.18,0.7391,-1,-1,-1
648,44,1017.44,308.77,124.85,485.08,0.7957,-1,-1,-1
648,35,1412.97,294.10,138.08,540.09,0.7605,-1,-1,-1
648,46,1145.30,317.35,152.63,492.23,0.8569,-1,-1,-1
648,50,1305.96,308.31,130.04,498.55,0.7375,-1,-1,-1
649,2,877.41,331.96,154.00,450.71,0.8451,-1,-1,-1
649,5,1707.37,292.22,198.14,776.98,0.8483,-1,-1,-1
649,43,534.55,361.28,100.41,388.93,0.7397,-1,-1,-1
649,44,1019.44,309.13,123.29,480.97,0.8046,-1,-1,-1
649,35,1420.21,294.01,137.84,541.19,0.7933,-1,-1,-1
649,46,1146.92,322.31,155.20,492.16,0.8707,-1,-1,-1
649,50,1307.97,307.23,130.41,498.66,0.7514,-1,-1,-1
650,2,879.07,335.09,153.98,450.57,0.8350,-1,-1,-1
650,5,1711.88,294.38,198.51,773.15,0.8023,-1,-1,-1
650,43,535.41,361.18,101.36,390.71,0.7371,-1,-1,-1
650,44,1023.43,308.79,121.59,477.50,0.8102,-1,-1,-1
650,35,1426.53,293.50,138.47,543.94,0.8083,-1,-1,-1
650,46,1146.12,318.86,161.31,504.27,0.8690,-1,-1,-1
650,50,1309.04,306.18,131.90,501.34,0.7610,-1,-1,-1
651,2,881.53,335.54,154.03,449.44,0.8464,-1,-1,-1
651,5,1715.04,293.31,200.01,777.85,0.5800,-1,-1,-1
651,43,535.61,360.80,102.19,391.82,0.7273,-1,-1,-1
651,44,1026.50,307.30,120.34,475.39,0.7952,-1,-1,-1
651,35,1432.43,292.32,140.03,548.70,0.8441,-1,-1,-1
651,46,1145.45,319.69,165.02,508.27,0.8503,-1,-1,-1
651,50,1312.13,305.24,133.75,506.47,0.7875,-1,-1,-1
652,2,881.91,336.16,153.98,446.70,0.8390,-1,-1,-1
652,5,1733.75,294.15,175.57,670.58,0.6942,-1,-1,-1
652,43,537.01,362.26,103.25,390.88,0.7142,-1,-1,-1
652,44,1027.85,306.74,119.82,475.76,0.8057,-1,-1,-1
652,35,1436.84,294.86,140.47,548.24,0.8217,-1,-1,-1
652,46,1143.92,319.71,169.10,513.16,0.8324,-1,-1,-1
652,50,1315.58,302.53,135.22,509.47,0.7735,-1,-1,-1
653,2,881.27,338.25,153.64,442.07,0.8444,-1,-1,-1
653,5,1743.90,294.10,166.57,629.20,0.7907,-1,-1,-1
653,43,535.03,361.81,104.83,393.21,0.7025,-1,-1,-1
653,44,1029.03,306.35,119.66,477.47,0.8002,-1,-1,-1
653,35,1440.47,293.27,142.11,554.24,0.7715,-1,-1,-1
653,46,1139.56,316.18,175.25,526.17,0.8396,-1,-1,-1
653,50,1317.85,305.69,135.83,507.30,0.7691,-1,-1,-1
653,51,815.14,403.56,70.79,229.10,0.6532,-1,-1,-1
654,2,878.46,336.82,154.55,441.00,0.8417,-1,-1,-1
654,5,1747.37,291.62,172.68,656.29,0.7755,-1,-1,-1
654,43,527.52,359.58,105.20,396.78,0.7308,-1,-1,-1
654,44,1028.67,304.68,119.55,479.32,0.7950,-1,-1,-1
654,35,1443.96,293.34,142.31,553.33,0.7605,-1,-1,-1
654,46,1135.56,312.48,180.60,536.81,0.8530,-1,-1,-1
654,50,1319.05,304.90,137.35,509.38,0.7868,-1,-1,-1
654,51,812.23,402.45,71.16,229.96,0.6979,-1,-1,-1
655,2,874.86,334.59,156.79,444.28,0.8410,-1,-1,-1
655,5,1747.95,290.11,180.46,696.13,0.7631,-1,-1,-1
655,43,529.28,358.47,106.91,397.73,0.7641,-1,-1,-1
655,44,1028.07,303.82,119.14,478.63,0.7755,-1,-1,-1
655,35,1448.03,293.59,142.64,553.83,0.7370,-1,-1,-1
655,46,1131.74,310.76,184.81,543.21,0.8418,-1,-1,-1
655,50,1319.61,297.96,140.47,519.58,0.8102,-1,-1,-1
655,51,808.30,401.96,71.07,229.73,0.6971,-1,-1,-1
656,2,871.43,333.53,157.25,443.13,0.8472,-1,-1,-1
656,5,1750.78,287.81,185.12,730.10,0.7909,-1,-1,-1
656,43,522.16,358.83,108.24,401.92,0.7331,-1,-1,-1
656,44,1027.02,304.82,118.51,477.07,0.7898,-1,-1,-1
656,35,1450.72,292.80,143.80,558.28,0.7548,-1,-1,-1
656,46,1126.84,310.85,187.32,545.49,0.8422,-1,-1,-1
656,50,1319.53,296.78,142.55,525.88,0.8156,-1,-1,-1
656,51,805.97,404.87,70.44,228.09,0.7181,-1,-1,-1
657,2,867.12,335.66,156.97,439.11,0.8642,-1,-1,-1
657,5,1757.46,294.71,182.93,740.24,0.7591,-1,-1,-1
657,43,518.83,359.81,109.58,405.00,0.7422,-1,-1,-1
657,44,1025.17,306.35,118.83,480.52,0.7680,-1,-1,-1
657,35,1452.61,292.68,144.45,560.15,0.7551,-1,-1,-1
657,46,1123.16,311.31,188.41,544.08,0.8436,-1,-1,-1
657,50,1318.59,297.40,144.65,531.93,0.8076,-1,-1,-1
657,51,800.96,401.90,72.19,234.94,0.6985,-1,-1,-1
658,2,861.68,333.16,159.77,444.16,0.8731,-1,-1,-1
658,5,1763.65,293.31,181.22,756.39,0.7507,-1,-1,-1
658,43,515.68,359.94,110.74,405.71,0.8045,-1,-1,-1
658,44,1023.14,306.55,118.31,479.96,0.7671,-1,-1,-1
658,35,1454.46,291.14,144.93,561.93,0.7764,-1,-1,-1
658,46,1120.93,310.50,188.15,538.29,0.8412,-1,-1,-1
658,50,1316.91,296.30,146.62,537.08,0.8147,-1,-1,-1
658,51,796.62,405.73,71.22,232.31,0.6547,-1,-1,-1
659,2,858.59,331.30,160.77,444.16,0.8718,-1,-1,-1
659,5,1771.11,292.31,176.79,763.72,0.7336,-1,-1,-1
659,43,505.68,362.54,108.87,402.07,0.6653,-1,-1,-1
659,44,1020.00,306.41,117.88,480.07,0.7717,-1,-1,-1
659,35,1456.36,288.94,145.61,564.67,0.7847,-1,-1,-1
659,46,1117.25,307.86,192.87,547.70,0.8459,-1,-1,-1
659,50,1315.57,295.86,148.38,540.65,0.8340,-1,-1,-1
659,51,792.97,404.66,70.42,229.58,0.6914,-1,-1,-1
660,2,855.86,329.59,161.39,443.20,0.8649,-1,-1,-1
660,5,1776.64,286.96,173.54,778.08,0.7413,-1,-1,-1
660,43,499.29,363.43,107.60,400.12,0.7046,-1,-1,-1
660,44,1016.77,306.67,118.08,482.23,0.7694,-1,-1,-1
660,35,1457.72,287.26,146.40,567.60,0.7903,-1,-1,-1
660,46,1113.04,304.01,197.00,555.98,0.8485,-1,-1,-1
660,50,1313.62,293.06,150.76,546.05,0.8387,-1,-1,-1
660,51,789.13,398.51,71.70,233.62,0.7189,-1,-1,-1
661,2,852.09,328.09,162.85,445.85,0.8621,-1,-1,-1
661,5,1781.51,284.63,169.18,787.73,0.7534,-1,-1,-1
661,43,501.22,362.08,110.81,405.72,0.7472,-1,-1,-1
661,44,1012.73,306.43,118.74,486.70,0.7682,-1,-1,-1
661,35,1457.31,285.77,147.56,572.10,0.7937,-1,-1,-1
661,46,1109.17,300.12,200.25,562.86,0.8685,-1,-1,-1
661,50,1311.89,290.55,153.53,552.96,0.8142,-1,-1,-1
661,51,785.02,395.01,73.05,239.24,0.7361,-1,-1,-1
662,2,849.17,328.23,164.81,450.75,0.8513,-1,-1,-1
662,5,1785.33,285.36,163.74,790.24,0.7515,-1,-1,-1
662,43,491.81,360.64,111.06,408.53,0.7765,-1,-1,-1
662,44,1010.74,310.54,117.51,486.24,0.7678,-1,-1,-1
662,35,1457.15,285.64,148.64,574.94,0.8015,-1,-1,-1
662,46,1104.13,299.54,202.43,567.10,0.8827,-1,-1,-1
662,50,1309.75,287.17,156.28,559.37,0.8082,-1,-1,-1
662,51,779.89,391.33,74.52,245.57,0.7734,-1,-1,-1
663,2,842.82,328.73,164.93,449.30,0.8381,-1,-1,-1
663,5,1787.70,283.20,159.01,793.47,0.7607,-1,-1,-1
663,43,483.55,358.05,112.11,412.90,0.7901,-1,-1,-1
663,44,1007.91,311.84,117.62,489.41,0.8036,-1,-1,-1
663,35,1455.97,285.59,149.57,576.42,0.8119,-1,-1,-1
663,46,1098.73,296.84,205.33,572.94,0.8784,-1,-1,-1
663,50,1304.08,287.59,158.66,562.52,0.8232,-1,-1,-1
664,2,838.92,331.04,164.12,444.24,0.8535,-1,-1,-1
664,5,1789.93,282.51,154.32,794.51,0.7674,-1,-1,-1
664,43,479.41,355.88,113.97,416.24,0.7977,-1,-1,-1
664,44,1004.85,311.76,117.15,490.64,0.8056,-1,-1,-1
664,35,1455.64,285.06,150.95,578.58,0.8186,-1,-1,-1
664,46,1093.09,297.17,207.17,578.98,0.8739,-1,-1,-1
664,50,1298.20,288.06,161.57,566.07,0.8258,-1,-1,-1
665,2,840.52,332.36,160.70,436.77,0.8440,-1,-1,-1
665,5,1792.52,276.83,150.65,800.52,0.7559,-1,-1,-1
665,43,469.75,356.12,114.16,418.67,0.7516,-1,-1,-1
665,44,1000.68,309.38,117.31,491.78,0.7884,-1,-1,-1
665,35,1454.06,284.37,152.27,580.92,0.8175,-1,-1,-1
665,46,1090.79,294.69,209.66,584.10,0.8690,-1,-1,-1
665,50,1293.51,282.99,165.16,574.38,0.8553,-1,-1,-1
665,51,766.39,395.16,73.59,241.80,0.6894,-1,-1,-1
666,2,839.83,332.43,161.02,440.03,0.8453,-1,-1,-1
666,5,1789.63,269.93,148.69,807.85,0.7588,-1,-1,-1
666,43,463.48,355.67,114.60,420.75,0.7394,-1,-1,-1
666,44,995.58,306.17,117.31,492.18,0.7847,-1,-1,-1
666,35,1453.81,283.64,153.80,582.99,0.8405,-1,-1,-1
666,46,1089.39,291.74,213.96,594.00,0.8739,-1,-1,-1
666,50,1285.87,281.70,168.16,578.56,0.8587,-1,-1,-1
666,51,763.57,395.79,73.45,242.75,0.6974,-1,-1,-1
667,2,836.89,332.96,161.68,444.06,0.8482,-1,-1,-1
667,5,1784.99,265.43,147.26,810.70,0.7675,-1,-1,-1
667,43,452.86,355.30,113.74,420.50,0.7098,-1,-1,-1
667,44,991.05,304.58,115.27,481.63,0.7905,-1,-1,-1
667,35,1451.48,284.32,154.87,581.84,0.8500,-1,-1,-1
667,46,1086.69,288.45,219.96,609.75,0.8776,-1,-1,-1
667,50,1281.13,276.48,171.04,585.03,0.8727,-1,-1,-1
667,51,759.21,396.79,73.26,243.14,0.7136,-1,-1,-1
668,2,835.65,332.89,160.43,441.16,0.8555,-1,-1,-1
668,5,1783.49,261.74,146.03,813.91,0.7446,-1,-1,-1
668,43,444.48,353.54,113.92,423.91,0.7815,-1,-1,-1
668,44,984.72,302.82,116.60,486.07,0.7941,-1,-1,-1
668,35,1450.72,284.88,156.47,581.28,0.8600,-1,-1,-1
668,46,1083.21,285.52,223.82,618.88,0.8780,-1,-1,-1
668,50,1276.47,271.29,173.31,589.73,0.8744,-1,-1,-1
668,51,754.80,391.85,74.79,249.29,0.7262,-1,-1,-1
669,2,836.15,331.93,158.39,434.73,0.8533,-1,-1,-1
669,5,1786.09,256.50,144.62,820.39,0.7749,-1,-1,-1
669,43,438.06,346.88,115.45,432.17,0.7758,-1,-1,-1
669,44,979.37,300.20,118.02,489.97,0.8046,-1,-1,-1
669,35,1450.16,282.84,158.92,582.91,0.8604,-1,-1,-1
669,46,1078.99,282.91,229.64,633.72,0.8838,-1,-1,-1
669,50,1271.91,266.91,175.15,592.94,0.8621,-1,-1,-1
669,51,749.95,391.96,74.87,249.58,0.6921,-1,-1,-1
670,2,834.58,330.73,157.11,431.33,0.8458,-1,-1,-1
670,5,1787.51,250.21,143.18,825.95,0.7925,-1,-1,-1
670,43,431.91,347.95,115.71,434.34,0.7885,-1,-1,-1
670,44,976.57,298.77,117.82,488.52,0.8182,-1,-1,-1
670,35,1449.85,280.97,161.17,584.43,0.8579,-1,-1,-1
670,46,1075.07,281.00,235.32,649.02,0.8828,-1,-1,-1
670,50,1268.07,252.98,179.96,608.84,0.8558,-1,-1,-1
670,51,744.33,389.13,76.65,253.67,0.7225,-1,-1,-1
671,2,831.57,329.79,156.60,432.34,0.8529,-1,-1,-1
671,5,1787.89,243.80,142.09,832.34,0.7864,-1,-1,-1
671,43,427.72,348.44,115.76,435.08,0.8086,-1,-1,-1
671,44,974.44,297.82,117.64,486.09,0.8109,-1,-1,-1
671,35,1449.18,278.31,164.04,588.19,0.8559,-1,-1,-1
671,46,1072.72,280.54,240.50,664.36,0.8848,-1,-1,-1
671,50,1270.33,254.40,180.44,610.01,0.8530,-1,-1,-1
671,51,740.59,385.13,78.12,258.21,0.7257,-1,-1,-1
672,2,831.66,329.39,156.26,433.67,0.8553,-1,-1,-1
672,5,1787.41,229.09,142.04,843.76,0.7838,-1,-1,-1
672,43,424.61,347.98,117.37,439.86,0.7895,-1,-1,-1
672,44,972.93,296.34,118.80,488.05,0.8134,-1,-1,-1
672,35,1449.40,276.22,166.34,590.29,0.8604,-1,-1,-1
672,46,1071.29,279.30,246.19,682.37,0.8894,-1,-1,-1
672,50,1270.32,247.35,184.18,622.78,0.8494,-1,-1,-1
672,51,737.80,383.53,79.39,261.56,0.7198,-1,-1,-1
673,2,830.79,328.50,154.65,433.43,0.8483,-1,-1,-1
673,5,1781.89,170.12,149.26,902.09,0.7711,-1,-1,-1
673,43,421.29,350.45,117.70,439.97,0.7847,-1,-1,-1
673,44,972.62,294.27,119.11,486.04,0.8159,-1,-1,-1
673,35,1450.26,274.53,168.79,593.57,0.8488,-1,-1,-1
673,46,1071.94,275.06,250.87,696.47,0.8859,-1,-1,-1
673,50,1270.98,242.59,187.45,634.54,0.8356,-1,-1,-1
673,51,735.68,380.77,80.24,264.78,0.7207,-1,-1,-1
674,2,830.60,328.11,152.95,433.12,0.8471,-1,-1,-1
674,5,1778.83,157.14,149.69,914.13,0.7816,-1,-1,-1
674,43,419.06,352.57,118.02,440.76,0.7688,-1,-1,-1
674,44,972.14,294.02,119.65,485.72,0.8090,-1,-1,-1
674,35,1452.67,273.42,170.75,593.68,0.8414,-1,-1,-1
674,46,1072.68,268.47,255.83,709.47,0.8774,-1,-1,-1
674,50,1272.07,240.23,190.92,650.47,0.8243,-1,-1,-1
674,51,736.41,380.12,80.23,263.56,0.7019,-1,-1,-1
675,2,831.49,328.29,151.89,433.99,0.8531,-1,-1,-1
675,5,1777.91,191.74,144.18,878.61,0.7948,-1,-1,-1
675,43,417.00,350.56,119.84,446.49,0.7744,-1,-1,-1
675,44,971.42,292.94,121.07,488.94,0.8131,-1,-1,-1
675,35,1454.98,272.88,172.95,594.74,0.8448,-1,-1,-1
675,46,1072.62,264.86,260.18,718.88,0.8752,-1,-1,-1
675,50,1276.46,244.89,193.40,662.16,0.8163,-1,-1,-1
675,51,736.57,381.45,79.59,260.44,0.7085,-1,-1,-1
676,2,831.66,329.00,151.22,435.49,0.8513,-1,-1,-1
676,5,1775.65,212.27,141.58,856.31,0.8226,-1,-1,-1
676,43,415.29,350.79,121.23,449.95,0.7926,-1,-1,-1
676,44,971.55,292.55,121.92,489.55,0.8215,-1,-1,-1
676,35,1461.30,272.30,172.89,589.64,0.8382,-1,-1,-1
676,46,1073.52,259.76,265.32,728.47,0.8543,-1,-1,-1
676,50,1282.67,239.16,196.53,675.99,0.7948,-1,-1,-1
676,51,735.68,381.55,80.26,261.11,0.7246,-1,-1,-1
677,2,832.55,327.86,150.85,436.93,0.8420,-1,-1,-1
677,5,1770.64,227.95,141.33,841.42,0.8336,-1,-1,-1
677,43,412.40,348.05,122.68,453.87,0.7924,-1,-1,-1
677,44,972.84,291.64,121.80,487.71,0.8249,-1,-1,-1
677,35,1466.26,268.05,175.20,592.74,0.8357,-1,-1,-1
677,46,1077.18,252.81,263.37,713.35,0.8501,-1,-1,-1
677,50,1293.21,231.27,202.28,694.50,0.7772,-1,-1,-1
677,51,735.32,379.99,81.63,263.87,0.7434,-1,-1,-1
678,2,833.37,326.83,150.65,438.89,0.8475,-1,-1,-1
678,5,1766.14,233.41,143.27,838.79,0.8555,-1,-1,-1
678,43,410.38,348.02,123.58,455.20,0.7955,-1,-1,-1
678,44,973.59,291.03,122.59,488.58,0.8165,-1,-1,-1
678,35,1470.17,264.78,176.58,595.44,0.8227,-1,-1,-1
678,46,1080.24,244.53,266.36,708.36,0.8709,-1,-1,-1
678,50,1299.60,227.26,205.38,704.78,0.8078,-1,-1,-1
678,51,734.87,379.56,82.65,265.91,0.7408,-1,-1,-1
679,2,834.67,327.25,150.16,438.49,0.8426,-1,-1,-1
679,5,1762.12,241.96,144.99,832.21,0.8450,-1,-1,-1
679,43,408.74,348.00,124.03,455.71,0.7841,-1,-1,-1
679,44,977.39,291.10,122.28,486.22,0.7902,-1,-1,-1
679,35,1477.15,263.29,176.91,595.23,0.8157,-1,-1,-1
679,46,1078.30,237.86,278.20,730.14,0.8623,-1,-1,-1
679,50,1304.65,227.25,209.13,720.84,0.8382,-1,-1,-1
679,51,734.48,378.53,83.10,266.53,0.7336,-1,-1,-1
680,2,837.35,328.75,150.99,438.36,0.8465,-1,-1,-1
680,5,1758.19,246.01,145.57,814.16,0.7731,-1,-1,-1
680,43,408.88,347.15,125.23,458.61,0.7866,-1,-1,-1
680,44,980.46,292.08,121.71,484.38,0.7723,-1,-1,-1
680,35,1485.48,262.00,179.28,602.13,0.8342,-1,-1,-1
680,46,1070.61,232.05,289.11,757.66,0.8740,-1,-1,-1
680,50,1313.52,233.16,211.28,729.60,0.8708,-1,-1,-1
680,51,735.28,377.81,84.26,269.44,0.7449,-1,-1,-1
681,2,840.62,330.94,151.84,437.60,0.8541,-1,-1,-1
681,5,1758.86,250.16,138.24,740.70,0.7894,-1,-1,-1
681,43,410.55,345.76,126.59,462.14,0.7832,-1,-1,-1
681,44,983.05,294.85,120.89,481.69,0.7802,-1,-1,-1
681,35,1491.52,261.66,181.40,607.42,0.8323,-1,-1,-1
681,46,1067.90,226.52,296.48,780.48,0.8695,-1,-1,-1
681,50,1322.60,237.18,211.46,733.37,0.8649,-1,-1,-1
681,51,736.90,380.60,85.42,270.77,0.7563,-1,-1,-1
682,2,844.07,332.57,154.52,440.75,0.8250,-1,-1,-1
682,5,1765.64,255.08,120.71,597.57,0.8296,-1,-1,-1
682,43,411.61,345.54,127.32,464.63,0.7898,-1,-1,-1
682,44,987.98,295.70,120.53,482.25,0.8018,-1,-1,-1
682,35,1496.60,259.98,183.43,616.70,0.8326,-1,-1,-1
682,46,1070.88,223.13,299.78,792.67,0.8819,-1,-1,-1
682,50,1332.62,235.03,212.35,740.72,0.8558,-1,-1,-1
682,51,738.48,381.26,87.04,273.89,0.7630,-1,-1,-1
683,2,849.77,334.94,153.26,433.03,0.8037,-1,-1,-1
683,5,1771.17,259.21,115.49,537.13,0.7006,-1,-1,-1
683,43,412.15,346.70,127.18,464.53,0.7796,-1,-1,-1
683,44,993.27,294.92,121.28,486.27,0.8023,-1,-1,-1
683,35,1500.33,257.37,183.34,622.29,0.8320,-1,-1,-1
683,46,1074.88,219.92,305.32,810.99,0.8783,-1,-1,-1
683,50,1345.57,232.73,215.31,750.68,0.8695,-1,-1,-1
683,51,740.32,382.22,87.60,274.26,0.7639,-1,-1,-1
684,2,852.15,336.28,154.70,435.20,0.8396,-1,-1,-1
684,5,1774.34,262.87,115.52,510.05,0.6231,-1,-1,-1
684,43,414.40,347.47,127.40,465.61,0.7940,-1,-1,-1
684,44,997.53,295.98,121.15,488.63,0.8060,-1,-1,-1
684,35,1506.88,257.98,183.53,627.20,0.8201,-1,-1,-1
684,46,1078.23,216.80,314.48,841.89,0.8764,-1,-1,-1
684,50,1357.24,226.48,218.99,762.19,0.8636,-1,-1,-1
684,51,744.71,382.31,88.62,277.24,0.7767,-1,-1,-1
685,2,859.19,334.24,154.89,435.89,0.8128,-1,-1,-1
685,5,1776.45,266.86,119.56,509.18,0.4476,-1,-1,-1
685,43,417.93,342.81,129.12,471.95,0.7980,-1,-1,-1
685,44,1003.69,296.74,120.58,489.22,0.8054,-1,-1,-1
685,35,1512.73,259.42,180.61,623.52,0.7557,-1,-1,-1
685,46,1083.83,214.00,319.77,861.92,0.8874,-1,-1,-1
685,50,1368.02,220.94,221.22,769.17,0.8325,-1,-1,-1
685,51,749.74,382.36,89.39,280.37,0.7894,-1,-1,-1
686,2,867.58,333.86,153.47,434.27,0.8561,-1,-1,-1
686,5,1781.88,277.82,120.82,502.46,0.6645,-1,-1,-1
686,43,420.51,342.19,129.11,473.84,0.8145,-1,-1,-1
686,44,1012.36,294.41,120.67,490.65,0.7971,-1,-1,-1
686,35,1525.88,266.10,176.02,619.40,0.4313,-1,-1,-1
686,46,1090.51,210.36,321.33,871.69,0.8993,-1,-1,-1
686,50,1384.77,212.37,225.55,780.58,0.8309,-1,-1,-1
686,51,754.55,383.07,88.92,279.11,0.8152,-1,-1,-1
687,2,876.21,331.11,155.12,437.95,0.8464,-1,-1,-1
687,5,1787.91,297.30,127.13,529.74,0.6378,-1,-1,-1
687,43,423.23,338.17,128.20,473.95,0.7954,-1,-1,-1
687,44,1017.74,295.45,121.80,495.01,0.7959,-1,-1,-1
687,46,1096.98,206.93,322.28,877.11,0.9021,-1,-1,-1
687,50,1404.96,203.87,233.41,794.29,0.8370,-1,-1,-1
687,51,761.10,380.48,89.70,282.41,0.8177,-1,-1,-1
688,2,880.97,327.91,153.84,435.29,0.8325,-1,-1,-1
688,5,1797.66,324.31,125.02,526.53,0.6843,-1,-1,-1
688,43,428.12,333.49,128.92,478.63,0.7640,-1,-1,-1
688,44,1025.95,294.15,120.60,490.76,0.8105,-1,-1,-1
688,46,1102.66,198.39,324.42,884.49,0.8989,-1,-1,-1
688,50,1423.88,194.13,242.02,807.73,0.8663,-1,-1,-1
688,51,765.21,378.13,89.95,282.30,0.7856,-1,-1,-1
689,2,888.54,324.23,152.49,431.85,0.8103,-1,-1,-1
689,5,1812.32,361.49,116.45,500.80,0.5571,-1,-1,-1
689,43,432.36,330.09,128.11,477.07,0.8084,-1,-1,-1
689,44,1033.58,291.80,119.76,488.99,0.7757,-1,-1,-1
689,46,1107.01,178.85,330.28,902.09,0.8956,-1,-1,-1
689,50,1438.92,188.83,247.51,809.00,0.8774,-1,-1,-1
689,51,770.77,374.07,90.88,282.84,0.7697,-1,-1,-1
690,2,896.91,319.15,153.76,433.26,0.7927,-1,-1,-1
690,5,1828.93,400.81,106.92,477.17,0.3386,-1,-1,-1
690,43,435.23,324.10,127.39,476.26,0.7845,-1,-1,-1
690,44,1041.92,288.00,119.07,487.59,0.8152,-1,-1,-1
690,46,1112.04,170.87,332.37,905.49,0.8985,-1,-1,-1
690,50,1454.34,180.29,255.97,815.00,0.8657,-1,-1,-1
690,51,773.69,365.18,92.48,287.89,0.7459,-1,-1,-1
691,2,904.42,313.34,154.55,432.40,0.8089,-1,-1,-1
691,43,437.70,320.04,127.31,477.82,0.7141,-1,-1,-1
691,44,1046.66,284.47,118.55,486.64,0.7609,-1,-1,-1
691,46,1115.34,173.49,333.17,903.95,0.9032,-1,-1,-1
691,50,1468.02,167.70,267.67,829.58,0.8799,-1,-1,-1
691,51,777.17,362.42,93.13,289.83,0.7824,-1,-1,-1
692,2,904.75,308.56,153.65,432.61,0.7948,-1,-1,-1
692,43,438.97,315.06,128.16,482.54,0.7419,-1,-1,-1
692,44,1051.64,280.93,119.29,490.60,0.7500,-1,-1,-1
692,46,1116.50,161.27,340.36,918.03,0.8951,-1,-1,-1
692,50,1476.24,156.29,281.87,853.31,0.8965,-1,-1,-1
692,51,779.25,357.25,94.01,293.02,0.7836,-1,-1,-1
693,2,907.76,303.59,153.84,434.94,0.7916,-1,-1,-1
693,43,446.05,310.63,131.29,487.05,0.6779,-1,-1,-1
693,44,1052.49,274.64,122.32,511.31,0.6059,-1,-1,-1
693,46,1117.58,140.51,349.85,936.14,0.8889,-1,-1,-1
693,50,1482.07,145.76,298.11,883.90,0.9008,-1,-1,-1
693,51,779.63,354.27,94.00,292.89,0.7794,-1,-1,-1
694,2,907.14,300.07,153.40,436.95,0.8126,-1,-1,-1
694,43,443.38,305.50,132.90,491.50,0.6922,-1,-1,-1
694,44,1053.04,268.47,121.25,517.35,0.5496,-1,-1,-1
694,46,1120.32,128.52,358.49,948.00,0.8896,-1,-1,-1
694,50,1488.67,138.88,313.17,908.04,0.8982,-1,-1,-1
694,51,780.47,352.04,94.28,293.96,0.7482,-1,-1,-1
695,2,908.35,298.60,152.03,435.80,0.8102,-1,-1,-1
695,43,435.77,299.93,132.91,494.42,0.7972,-1,-1,-1
695,44,1054.22,260.84,140.48,605.42,0.5270,-1,-1,-1
695,46,1120.39,114.94,369.39,961.42,0.8795,-1,-1,-1
695,50,1498.14,131.38,325.55,920.95,0.8994,-1,-1,-1
695,51,779.93,347.45,94.30,295.64,0.7458,-1,-1,-1
696,2,907.36,299.57,150.02,433.30,0.8455,-1,-1,-1
696,43,431.45,296.73,133.02,497.56,0.8193,-1,-1,-1
696,44,1051.51,253.15,151.14,648.69,0.6175,-1,-1,-1
696,46,1121.84,102.11,379.69,974.53,0.8823,-1,-1,-1
696,50,1504.18,125.36,338.54,935.79,0.9045,-1,-1,-1
696,51,777.96,343.93,94.76,297.39,0.7684,-1,-1,-1
696,52,866.14,363.91,65.31,228.62,0.6266,-1,-1,-1
697,2,909.00,297.25,147.90,431.41,0.8157,-1,-1,-1
697,43,427.24,294.72,133.27,498.83,0.7918,-1,-1,-1
697,44,1046.12,249.34,156.54,673.70,0.6702,-1,-1,-1
697,46,1129.22,87.44,390.39,989.28,0.8937,-1,-1,-1
697,50,1509.58,116.61,351.59,953.66,0.8911,-1,-1,-1
697,51,776.83,338.64,95.57,300.06,0.7628,-1,-1,-1
697,52,864.94,362.48,65.34,228.88,0.6717,-1,-1,-1
698,2,912.69,292.25,148.37,435.27,0.8322,-1,-1,-1
698,43,424.01,287.90,133.07,501.06,0.7804,-1,-1,-1
698,44,1047.63,232.22,163.27,701.39,0.6729,-1,-1,-1
698,46,1128.90,71.23,401.33,1005.76,0.9040,-1,-1,-1
698,50,1516.23,111.03,360.91,959.05,0.9017,-1,-1,-1
698,51,776.27,337.65,95.88,300.38,0.7806,-1,-1,-1
698,52,863.18,358.90,65.14,228.15,0.6886,-1,-1,-1
699,2,917.29,286.75,149.52,438.53,0.8359,-1,-1,-1
699,43,424.27,281.96,134.30,503.78,0.7728,-1,-1,-1
699,44,1046.39,214.18,169.20,728.36,0.6958,-1,-1,-1
699,46,1131.72,53.80,412.34,1024.65,0.9052,-1,-1,-1
699,50,1522.32,99.82,369.92,966.90,0.9050,-1,-1,-1
699,51,775.92,334.93,96.90,301.58,0.7890,-1,-1,-1
699,52,863.35,353.12,65.33,228.86,0.6889,-1,-1,-1
700,2,919.37,283.58,149.79,439.62,0.8452,-1,-1,-1
700,43,421.02,277.13,134.29,505.50,0.7964,-1,-1,-1
700,44,1046.43,199.90,172.01,746.40,0.7592,-1,-1,-1
700,46,1139.86,36.14,421.59,1041.33,0.8994,-1,-1,-1
700,50,1523.65,84.53,380.00,983.02,0.9101,-1,-1,-1
700,51,774.97,332.35,98.02,303.46,0.7657,-1,-1,-1
700,52,864.10,347.98,65.59,230.47,0.6502,-1,-1,-1
701,2,920.74,282.23,148.92,437.43,0.8554,-1,-1,-1
701,43,416.50,272.09,135.16,510.91,0.8243,-1,-1,-1
701,44,1042.12,190.15,170.79,756.05,0.7719,-1,-1,-1
701,46,1145.90,23.48,428.02,1052.08,0.8951,-1,-1,-1
701,50,1526.21,74.50,385.64,991.15,0.9082,-1,-1,-1
701,51,775.48,328.89,99.00,305.15,0.7537,-1,-1,-1
701,52,864.11,345.00,66.31,233.16,0.6725,-1,-1,-1
702,2,919.92,279.59,147.20,434.57,0.8407,-1,-1,-1
702,43,413.74,267.87,136.06,516.27,0.8279,-1,-1,-1
702,44,1044.91,181.09,173.15,766.21,0.8141,-1,-1,-1
702,46,1148.01,11.27,434.24,1062.75,0.8916,-1,-1,-1
702,50,1525.55,64.37,391.16,1000.71,0.9111,-1,-1,-1
702,51,774.79,325.17,99.09,306.03,0.7640,-1,-1,-1
702,52,861.98,339.31,67.84,237.42,0.7016,-1,-1,-1
703,2,918.79,277.13,145.24,432.15,0.8366,-1,-1,-1
703,43,408.49,261.41,137.49,521.92,0.8180,-1,-1,-1
703,44,1044.88,171.38,175.68,775.88,0.8353,-1,-1,-1
703,46,1153.77,2.14,439.22,1071.54,0.8957,-1,-1,-1
703,50,1525.75,51.36,397.30,1016.04,0.9060,-1,-1,-1
703,51,773.56,319.62,100.52,310.49,0.7656,-1,-1,-1
703,52,861.40,333.65,69.85,244.26,0.6810,-1,-1,-1
704,2,915.53,272.10,143.01,431.36,0.8208,-1,-1,-1
704,43,402.15,255.12,138.03,523.63,0.8433,-1,-1,-1
704,44,1047.08,160.70,180.96,785.94,0.8462,-1,-1,-1
704,46,1159.81,-2.55,442.06,1074.88,0.9025,-1,-1,-1
704,50,1528.65,38.87,401.00,1029.25,0.9108,-1,-1,-1
704,51,773.95,314.49,101.67,312.88,0.7671,-1,-1,-1
704,52,860.81,328.73,70.58,247.00,0.6798,-1,-1,-1
705,2,913.21,265.17,140.90,430.88,0.8178,-1,-1,-1
705,43,398.29,250.98,138.48,523.03,0.8588,-1,-1,-1
705,44,1039.30,149.84,185.43,795.74,0.8462,-1,-1,-1
705,46,1164.79,-3.68,443.40,1074.99,0.9049,-1,-1,-1
705,50,1532.17,17.52,405.06,1048.13,0.9014,-1,-1,-1
705,51,773.38,310.32,101.57,314.21,0.7490,-1,-1,-1
705,52,857.42,323.41,70.53,246.18,0.6568,-1,-1,-1
706,2,913.88,259.50,138.70,429.29,0.8049,-1,-1,-1
706,43,394.01,243.90,139.83,527.64,0.8136,-1,-1,-1
706,44,1022.04,138.62,192.35,815.63,0.8301,-1,-1,-1
706,46,1174.86,-3.83,445.43,1075.90,0.9111,-1,-1,-1
706,50,1537.19,4.51,406.06,1062.50,0.9177,-1,-1,-1
706,51,771.05,304.07,101.62,316.43,0.7622,-1,-1,-1
706,52,854.52,318.59,71.57,249.27,0.6821,-1,-1,-1
707,2,914.39,254.95,136.57,426.75,0.7559,-1,-1,-1
707,43,390.25,237.49,140.44,529.00,0.8208,-1,-1,-1
707,44,1007.06,123.95,201.74,847.66,0.8320,-1,-1,-1
707,46,1187.90,-3.21,448.71,1077.20,0.9136,-1,-1,-1
707,50,1547.70,-0.39,403.12,1071.74,0.9170,-1,-1,-1
707,51,771.63,296.74,100.57,316.74,0.7831,-1,-1,-1
707,52,853.81,312.93,71.70,249.13,0.6648,-1,-1,-1
708,2,909.72,243.61,134.99,432.22,0.6969,-1,-1,-1
708,43,388.37,231.63,141.30,530.72,0.7950,-1,-1,-1
708,44,992.43,109.98,210.15,875.69,0.8468,-1,-1,-1
708,46,1200.06,-2.38,452.08,1074.19,0.9134,-1,-1,-1
708,50,1561.82,-0.92,396.09,1074.31,0.9075,-1,-1,-1
708,51,771.41,289.98,101.01,318.22,0.7736,-1,-1,-1
708,52,852.37,306.08,73.51,255.34,0.6081,-1,-1,-1
709,2,907.00,232.74,134.49,435.56,0.5532,-1,-1,-1
709,43,383.26,220.28,143.99,540.73,0.8032,-1,-1,-1
709,44,988.56,98.70,220.44,900.56,0.8609,-1,-1,-1
709,46,1218.89,-1.65,456.93,1072.90,0.9182,-1,-1,-1
709,50,1579.16,-0.00,387.47,1078.71,0.8982,-1,-1,-1
709,51,769.14,282.78,102.43,321.58,0.7602,-1,-1,-1
709,52,851.84,301.19,73.23,254.01,0.5355,-1,-1,-1
710,43,379.39,212.93,144.72,543.21,0.7942,-1,-1,-1
710,44,974.34,87.13,233.38,924.28,0.8828,-1,-1,-1
710,46,1241.56,-0.91,462.63,1070.61,0.9315,-1,-1,-1
710,50,1599.45,0.28,375.96,1080.36,0.8971,-1,-1,-1
710,51,767.64,275.67,103.71,325.38,0.7692,-1,-1,-1
710,52,852.55,297.13,72.27,251.54,0.4965,-1,-1,-1
711,43,375.42,207.05,145.62,546.31,0.8141,-1,-1,-1
711,44,962.40,78.89,245.27,943.50,0.8934,-1,-1,-1
711,46,1271.20,-1.79,473.14,1069.96,0.9216,-1,-1,-1
711,50,1625.52,0.90,357.88,1068.35,0.8807,-1,-1,-1
711,51,769.47,270.36,103.88,328.48,0.7466,-1,-1,-1
711,52,851.56,294.41,72.81,254.56,0.4919,-1,-1,-1
712,43,371.29,202.86,146.57,550.29,0.8206,-1,-1,-1
712,44,950.06,65.73,258.91,969.95,0.9029,-1,-1,-1
712,46,1295.00,0.21,483.26,1070.36,0.9111,-1,-1,-1
712,50,1669.08,0.12,307.58,952.29,0.7731,-1,-1,-1
712,51,765.95,266.12,105.59,332.17,0.7431,-1,-1,-1
712,52,850.86,292.69,71.99,253.34,0.5970,-1,-1,-1
713,43,366.59,196.75,147.95,555.68,0.8164,-1,-1,-1
713,44,938.19,53.15,272.54,1000.05,0.8966,-1,-1,-1
713,46,1321.89,2.02,494.47,1069.08,0.9159,-1,-1,-1
713,51,763.73,261.19,107.88,336.43,0.7595,-1,-1,-1
713,52,851.13,285.86,73.61,259.51,0.5324,-1,-1,-1
714,43,363.68,193.10,148.69,558.46,0.8265,-1,-1,-1
714,44,925.37,43.02,282.56,1020.13,0.8874,-1,-1,-1
714,46,1345.74,1.49,506.95,1068.45,0.9254,-1,-1,-1
714,51,761.08,258.02,109.52,338.99,0.7820,-1,-1,-1
714,52,850.86,283.69,73.62,261.59,0.5898,-1,-1,-1
715,43,361.34,190.69,149.77,559.96,0.8250,-1,-1,-1
715,44,911.97,35.26,290.42,1034.33,0.8908,-1,-1,-1
715,46,1348.24,-0.52,518.89,1067.79,0.9283,-1,-1,-1
715,51,761.92,255.26,111.15,340.35,0.7669,-1,-1,-1
715,52,845.89,280.10,73.12,265.23,0.4193,-1,-1,-1
716,43,357.16,188.32,150.90,564.04,0.8276,-1,-1,-1
716,44,896.18,16.51,298.95,1053.79,0.8965,-1,-1,-1
716,46,1339.30,-1.21,532.01,1069.31,0.9285,-1,-1,-1
716,51,761.09,253.13,112.09,340.98,0.7613,-1,-1,-1
716,52,840.84,274.81,72.14,268.75,0.3652,-1,-1,-1
717,43,354.58,187.64,151.98,564.58,0.8039,-1,-1,-1
717,44,879.93,4.00,308.42,1074.21,0.9083,-1,-1,-1
717,46,1329.17,-1.35,543.72,1068.86,0.9286,-1,-1,-1
717,51,760.47,248.75,114.80,345.60,0.8057,-1,-1,-1
718,43,350.69,182.55,154.47,570.85,0.8183,-1,-1,-1
718,44,863.61,5.57,311.63,1073.68,0.9027,-1,-1,-1
718,46,1320.49,-0.44,555.12,1069.73,0.9180,-1,-1,-1
718,51,756.37,244.99,116.12,350.33,0.8089,-1,-1,-1
719,43,346.32,179.32,156.10,575.59,0.8280,-1,-1,-1
719,44,842.05,0.42,316.13,1075.54,0.8994,-1,-1,-1
719,46,1314.98,0.15,565.18,1070.61,0.9180,-1,-1,-1
719,51,750.85,240.89,116.27,354.55,0.7687,-1,-1,-1
720,43,342.45,178.10,157.26,579.76,0.8484,-1,-1,-1
720,44,818.22,-1.47,320.94,1076.98,0.8882,-1,-1,-1
720,46,1316.46,1.09,568.70,1061.58,0.9173,-1,-1,-1
720,51,745.68,239.71,113.44,355.25,0.6818,-1,-1,-1
721,43,338.43,173.94,159.18,586.81,0.8474,-1,-1,-1
721,44,793.57,-2.15,326.35,1082.00,0.9126,-1,-1,-1
721,46,1320.10,1.51,574.57,1062.70,0.8841,-1,-1,-1
721,53,1097.60,164.89,119.34,518.43,0.7447,-1,-1,-1
721,54,1242.27,302.73,75.88,216.32,0.6066,-1,-1,-1
722,43,333.48,169.37,161.17,593.53,0.8438,-1,-1,-1
722,44,772.28,-2.03,330.51,1081.83,0.9107,-1,-1,-1
722,46,1324.20,1.29,578.61,1063.62,0.9198,-1,-1,-1
722,53,1098.36,162.58,119.98,519.48,0.7899,-1,-1,-1
722,54,1239.70,296.00,78.03,223.18,0.4930,-1,-1,-1
723,43,328.70,166.43,162.55,597.32,0.8462,-1,-1,-1
723,44,749.08,-1.78,334.70,1081.91,0.9036,-1,-1,-1
723,46,1327.45,1.40,581.07,1063.61,0.9027,-1,-1,-1
723,53,1095.65,161.93,118.95,511.89,0.8314,-1,-1,-1
723,54,1242.07,308.81,73.72,211.50,0.5253,-1,-1,-1
723,55,1301.59,111.29,173.70,546.28,0.7295,-1,-1,-1
724,43,323.69,163.01,163.83,601.26,0.8366,-1,-1,-1
724,44,728.47,-1.54,338.97,1077.03,0.9061,-1,-1,-1
724,46,1331.20,3.54,582.00,1062.81,0.9020,-1,-1,-1
724,53,1093.85,159.34,119.48,509.00,0.8438,-1,-1,-1
724,55,1270.77,108.25,195.40,614.50,0.7753,-1,-1,-1
725,43,317.91,158.50,165.22,605.68,0.8384,-1,-1,-1
725,44,696.75,-0.15,344.41,1075.65,0.9040,-1,-1,-1
725,46,1336.33,5.73,582.06,1063.09,0.8821,-1,-1,-1
725,53,1090.97,157.94,120.52,507.38,0.8373,-1,-1,-1
725,55,1246.92,102.58,209.52,658.49,0.8577,-1,-1,-1
726,43,313.07,156.23,166.10,608.79,0.8181,-1,-1,-1
726,44,666.50,0.75,350.26,1075.51,0.9086,-1,-1,-1
726,46,1345.04,6.90,579.87,1061.23,0.8125,-1,-1,-1
726,53,1090.14,154.94,122.70,507.91,0.8424,-1,-1,-1
726,55,1226.91,104.68,223.00,698.95,0.8564,-1,-1,-1
727,43,302.09,149.24,168.01,613.98,0.8201,-1,-1,-1
727,44,638.09,2.04,355.87,1074.20,0.9053,-1,-1,-1
727,46,1363.68,4.58,575.92,1063.37,0.8124,-1,-1,-1
727,53,1087.07,152.13,125.73,510.69,0.8544,-1,-1,-1
727,55,1211.32,104.75,228.53,708.96,0.8694,-1,-1,-1
728,43,292.51,143.02,169.36,619.36,0.8495,-1,-1,-1
728,44,606.51,2.50,363.76,1074.85,0.9091,-1,-1,-1
728,46,1425.44,5.45,553.23,1052.37,0.7383,-1,-1,-1
728,53,1078.44,148.50,126.85,510.52,0.6673,-1,-1,-1
728,55,1190.67,101.90,234.92,714.75,0.8591,-1,-1,-1
728,2,935.15,181.43,133.56,443.95,0.7887,-1,-1,-1
729,43,281.70,132.67,171.18,627.20,0.8670,-1,-1,-1
729,44,567.87,0.94,372.48,1075.23,0.9076,-1,-1,-1
729,46,1514.43,22.33,516.49,1038.37,0.6981,-1,-1,-1
729,53,1068.60,146.55,126.62,508.85,0.7569,-1,-1,-1
729,55,1172.16,95.47,242.64,719.55,0.8772,-1,-1,-1
729,2,934.57,183.51,130.32,439.47,0.8449,-1,-1,-1
730,43,270.64,126.42,172.29,631.01,0.8434,-1,-1,-1
730,44,524.01,0.51,382.68,1076.15,0.9227,-1,-1,-1
730,53,1060.70,142.79,128.04,512.35,0.8079,-1,-1,-1
730,55,1160.21,94.13,248.92,717.26,0.9001,-1,-1,-1
730,2,929.16,183.40,132.28,437.95,0.8500,-1,-1,-1
731,43,256.83,121.26,173.78,636.93,0.8306,-1,-1,-1
731,44,478.14,1.65,392.21,1074.78,0.9070,-1,-1,-1
731,53,1053.65,140.25,128.77,514.26,0.7967,-1,-1,-1
731,55,1152.45,93.56,255.41,716.58,0.8963,-1,-1,-1
731,2,920.29,182.50,134.31,438.87,0.8390,-1,-1,-1
732,43,240.87,111.72,174.82,647.60,0.8457,-1,-1,-1
732,44,428.12,2.44,402.82,1069.46,0.9132,-1,-1,-1
732,53,1048.95,138.53,128.58,514.76,0.8123,-1,-1,-1
732,55,1137.56,91.03,264.60,719.17,0.8785,-1,-1,-1
732,2,915.04,182.57,136.96,438.32,0.8396,-1,-1,-1
733,44,353.21,2.87,420.85,1066.79,0.9026,-1,-1,-1
733,53,1043.41,135.40,127.65,514.12,0.8048,-1,-1,-1
733,55,1127.06,81.84,273.28,726.24,0.8631,-1,-1,-1
733,2,911.63,180.50,140.39,437.77,0.8547,-1,-1,-1
734,44,301.58,4.57,435.12,1063.31,0.9264,-1,-1,-1
734,53,1037.79,135.69,126.93,514.83,0.8040,-1,-1,-1
734,55,1108.72,80.19,282.85,737.23,0.8614,-1,-1,-1
734,2,902.43,181.64,140.55,435.98,0.8419,-1,-1,-1
735,44,248.17,3.96,452.11,1062.66,0.9089,-1,-1,-1
735,53,1029.72,136.89,126.62,518.81,0.7599,-1,-1,-1
735,55,1086.58,80.88,290.12,744.41,0.8626,-1,-1,-1
735,2,894.53,181.88,138.58,428.21,0.8574,-1,-1,-1
735,51,733.03,208.54,124.05,401.27,0.6851,-1,-1,-1
736,44,169.46,2.53,475.42,1065.16,0.8624,-1,-1,-1
736,53,1019.58,135.50,125.94,523.96,0.6483,-1,-1,-1
736,55,1064.77,77.54,290.09,736.61,0.8803,-1,-1,-1
736,2,888.03,181.39,138.49,428.25,0.8479,-1,-1,-1
736,51,719.23,188.59,127.05,408.37,0.6393,-1,-1,-1
737,44,107.75,3.74,495.46,1062.62,0.9244,-1,-1,-1
737,53,1006.78,137.89,123.92,524.45,0.6674,-1,-1,-1
737,55,1045.80,72.99,288.07,733.53,0.8520,-1,-1,-1
737,2,879.99,179.76,138.09,428.31,0.8372,-1,-1,-1
737,51,694.15,180.27,135.29,422.13,0.7135,-1,-1,-1
738,44,77.55,4.15,512.19,1059.80,0.9044,-1,-1,-1
738,53,993.95,141.04,119.71,519.55,0.4704,-1,-1,-1
738,55,1014.34,69.06,287.78,740.02,0.8716,-1,-1,-1
738,2,866.77,177.14,138.54,430.87,0.8223,-1,-1,-1
738,51,666.12,172.79,141.44,433.88,0.7847,-1,-1,-1
739,44,55.01,3.39,523.88,1055.69,0.9128,-1,-1,-1
739,55,981.66,68.73,281.42,738.37,0.8284,-1,-1,-1
739,2,847.78,176.43,139.25,433.95,0.8441,-1,-1,-1
739,51,642.65,166.97,147.78,443.35,0.8122,-1,-1,-1
740,44,29.25,5.15,529.64,1052.69,0.9056,-1,-1,-1
740,55,947.43,66.70,274.31,738.76,0.8287,-1,-1,-1
740,2,832.59,176.58,139.38,432.11,0.8414,-1,-1,-1
740,51,623.32,163.73,152.84,456.19,0.8234,-1,-1,-1
741,44,1.80,4.54,532.84,1057.06,0.8886,-1,-1,-1
741,55,919.31,66.92,272.56,753.74,0.8714,-1,-1,-1
741,2,821.27,177.38,139.54,431.88,0.8179,-1,-1,-1
741,51,606.02,161.53,156.11,460.82,0.8471,-1,-1,-1
742,44,-34.80,4.17,526.69,1061.33,0.8361,-1,-1,-1
742,55,894.06,66.58,269.73,762.09,0.8391,-1,-1,-1
742,2,809.59,177.36,140.47,434.95,0.8407,-1,-1,-1
742,51,589.52,157.72,159.32,465.74,0.8487,-1,-1,-1
743,44,-85.76,7.97,500.18,1050.97,0.7070,-1,-1,-1
743,55,873.65,66.89,266.67,765.20,0.8163,-1,-1,-1
743,2,799.01,179.80,141.06,436.70,0.8275,-1,-1,-1
743,51,576.16,157.63,160.93,470.14,0.8278,-1,-1,-1
744,55,839.98,64.63,264.67,766.68,0.8342,-1,-1,-1
744,2,783.41,180.03,140.68,433.22,0.8212,-1,-1,-1
744,51,558.71,156.70,164.16,477.97,0.8404,-1,-1,-1
745,55,808.56,61.44,264.83,765.41,0.7783,-1,-1,-1
745,2,766.88,181.03,139.57,431.01,0.7263,-1,-1,-1
745,51,542.11,154.58,168.62,487.45,0.8413,-1,-1,-1
745,56,1068.97,230.04,97.65,305.11,0.7481,-1,-1,-1
745,44,-96.72,43.15,375.24,831.67,0.8732,-1,-1,-1
746,55,763.98,56.27,274.76,780.00,0.8060,-1,-1,-1
746,2,751.52,181.62,136.83,425.34,0.7471,-1,-1,-1
746,51,524.98,152.63,173.07,495.46,0.8397,-1,-1,-1
746,56,1056.29,225.06,99.71,311.46,0.7225,-1,-1,-1
746,44,-92.66,52.55,331.43,777.69,0.8566,-1,-1,-1
747,55,730.03,45.91,285.94,790.84,0.8323,-1,-1,-1
747,2,732.88,183.01,129.18,404.54,0.6152,-1,-1,-1
747,51,505.24,151.46,176.53,501.91,0.8303,-1,-1,-1
747,56,1048.97,222.84,100.78,315.53,0.7044,-1,-1,-1
747,44,-93.62,54.47,307.11,765.88,0.8304,-1,-1,-1
748,55,698.76,47.87,294.76,790.11,0.8794,-1,-1,-1
748,2,713.19,174.25,128.13,407.97,0.5249,-1,-1,-1
748,51,488.99,149.30,179.42,506.51,0.8525,-1,-1,-1
748,56,1039.94,219.69,102.51,322.04,0.7132,-1,-1,-1
748,44,-93.80,61.40,286.20,761.15,0.8119,-1,-1,-1
749,55,688.62,47.65,300.49,790.84,0.8157,-1,-1,-1
749,2,696.11,184.21,115.54,374.80,0.3418,-1,-1,-1
749,51,472.60,147.93,184.38,516.10,0.8422,-1,-1,-1
749,56,1030.96,219.81,102.42,323.21,0.6747,-1,-1,-1
749,44,-85.70,95.24,254.97,722.55,0.7608,-1,-1,-1
750,55,669.16,51.94,307.68,792.56,0.8591,-1,-1,-1
750,51,457.54,147.40,187.84,522.03,0.7512,-1,-1,-1
750,56,1025.97,224.09,101.27,320.75,0.7403,-1,-1,-1
750,44,-75.30,160.38,217.06,656.55,0.7269,-1,-1,-1
750,53,983.64,236.50,76.15,324.01,0.6540,-1,-1,-1
751,55,650.10,51.96,317.54,801.61,0.8737,-1,-1,-1
751,51,441.16,148.30,194.59,538.21,0.8016,-1,-1,-1
751,56,1024.16,226.32,100.85,321.65,0.7152,-1,-1,-1
751,53,982.25,241.38,76.41,319.91,0.6530,-1,-1,-1
752,55,630.73,53.03,324.69,808.40,0.8716,-1,-1,-1
752,51,428.56,144.41,199.10,549.85,0.8283,-1,-1,-1
752,56,1022.71,227.51,100.45,322.47,0.7482,-1,-1,-1
752,53,975.01,245.64,79.84,320.27,0.6887,-1,-1,-1
752,57,874.90,140.38,111.43,519.45,0.7587,-1,-1,-1
753,55,613.16,48.49,331.65,819.05,0.8886,-1,-1,-1
753,51,417.19,139.87,203.67,558.99,0.8388,-1,-1,-1
753,56,1024.44,229.27,98.76,319.06,0.7371,-1,-1,-1
753,53,973.59,250.67,84.13,321.12,0.7030,-1,-1,-1
753,57,868.29,144.38,112.53,523.60,0.7676,-1,-1,-1
754,55,595.97,47.54,335.22,826.74,0.8870,-1,-1,-1
754,51,405.01,136.62,208.25,565.24,0.8195,-1,-1,-1
754,56,1024.07,231.32,99.56,323.30,0.7433,-1,-1,-1
754,53,970.36,253.10,88.13,323.37,0.6710,-1,-1,-1
754,57,862.34,148.81,113.48,526.56,0.7952,-1,-1,-1
755,55,575.70,44.66,339.39,836.31,0.8894,-1,-1,-1
755,51,396.92,134.27,211.30,570.16,0.8486,-1,-1,-1
755,56,1026.20,230.93,99.90,325.76,0.7177,-1,-1,-1
755,53,968.52,253.32,92.08,326.43,0.6919,-1,-1,-1
755,57,857.18,150.30,114.97,530.82,0.7993,-1,-1,-1
756,55,544.08,40.61,343.44,848.25,0.8892,-1,-1,-1
756,51,385.47,132.26,215.74,581.01,0.8420,-1,-1,-1
756,56,1028.11,230.31,101.41,330.40,0.7037,-1,-1,-1
756,53,965.19,253.49,95.39,329.56,0.6797,-1,-1,-1
756,57,855.65,153.79,115.06,526.66,0.8010,-1,-1,-1
757,55,507.39,35.40,347.47,860.67,0.8795,-1,-1,-1
757,51,371.58,133.59,214.59,582.22,0.8541,-1,-1,-1
757,56,1029.87,230.29,102.71,333.28,0.7002,-1,-1,-1
757,53,962.79,253.46,98.75,334.51,0.7567,-1,-1,-1
757,57,853.33,157.75,115.91,523.90,0.8022,-1,-1,-1
758,55,471.93,35.12,350.01,868.77,0.8793,-1,-1,-1
758,51,364.61,130.25,215.43,588.07,0.7723,-1,-1,-1
758,56,1037.51,229.06,104.18,334.66,0.7045,-1,-1,-1
758,53,965.71,252.42,103.01,340.01,0.7991,-1,-1,-1
758,57,853.13,163.01,116.78,522.40,0.8244,-1,-1,-1
759,55,446.11,33.63,351.20,879.54,0.8466,-1,-1,-1
759,51,361.25,131.89,216.74,595.52,0.7958,-1,-1,-1
759,56,1041.89,229.74,107.28,344.02,0.7294,-1,-1,-1
759,53,967.27,255.03,105.16,341.44,0.8125,-1,-1,-1
759,57,851.58,167.62,118.13,523.56,0.8311,-1,-1,-1
760,55,424.85,38.56,347.16,883.03,0.7886,-1,-1,-1
760,51,358.25,130.38,219.55,608.14,0.7834,-1,-1,-1
760,56,1045.48,228.98,110.92,357.95,0.7447,-1,-1,-1
760,53,970.18,256.25,107.53,345.33,0.8079,-1,-1,-1
760,57,850.02,170.43,119.45,524.57,0.8298,-1,-1,-1
761,55,400.31,40.94,347.75,891.64,0.7625,-1,-1,-1
761,51,356.51,131.75,218.23,610.29,0.7331,-1,-1,-1
761,56,1050.36,229.04,111.65,362.97,0.7628,-1,-1,-1
761,53,973.97,257.42,109.57,348.10,0.8297,-1,-1,-1
761,57,850.23,172.56,120.89,527.06,0.8356,-1,-1,-1
761,58,708.41,201.18,143.19,452.01,0.8251,-1,-1,-1
762,55,382.51,39.76,349.80,900.11,0.7497,-1,-1,-1
762,51,350.28,134.15,217.28,613.39,0.7184,-1,-1,-1
762,56,1054.79,229.96,110.85,364.30,0.7785,-1,-1,-1
762,53,976.57,253.35,113.36,355.03,0.8051,-1,-1,-1
762,57,849.81,173.93,122.07,528.31,0.8351,-1,-1,-1
762,58,709.92,202.11,139.57,440.32,0.8180,-1,-1,-1
763,55,359.29,38.28,354.08,909.44,0.6406,-1,-1,-1
763,51,335.88,137.36,214.61,613.21,0.7549,-1,-1,-1
763,56,1059.95,230.67,111.20,366.94,0.7900,-1,-1,-1
763,53,981.53,251.85,116.75,358.97,0.8005,-1,-1,-1
763,57,851.46,174.05,122.43,526.09,0.8246,-1,-1,-1
763,58,709.82,203.53,142.06,447.50,0.8338,-1,-1,-1
764,55,339.17,38.03,359.97,916.97,0.8510,-1,-1,-1
764,51,319.22,124.06,219.25,635.07,0.5560,-1,-1,-1
764,56,1064.43,229.69,111.83,372.62,0.7762,-1,-1,-1
764,53,986.51,250.50,120.15,362.97,0.8012,-1,-1,-1
764,57,852.54,173.61,124.21,529.47,0.8134,-1,-1,-1
764,58,712.74,205.55,143.12,450.47,0.8353,-1,-1,-1
765,55,329.70,36.82,366.06,924.81,0.8616,-1,-1,-1
765,56,1070.74,228.90,111.56,374.98,0.7164,-1,-1,-1
765,53,990.91,251.21,123.60,367.36,0.7743,-1,-1,-1
765,57,856.67,170.77,124.56,523.52,0.8031,-1,-1,-1
765,58,715.38,207.70,142.91,449.32,0.8442,-1,-1,-1
766,55,318.75,34.87,371.97,928.81,0.9034,-1,-1,-1
766,56,1076.16,229.39,111.78,378.64,0.6851,-1,-1,-1
766,53,992.04,250.64,127.39,372.90,0.7989,-1,-1,-1
766,57,860.58,168.58,124.13,516.12,0.8125,-1,-1,-1
766,58,717.93,210.05,142.07,446.26,0.8416,-1,-1,-1
767,55,305.87,32.81,379.40,935.00,0.9007,-1,-1,-1
767,56,1085.55,227.12,114.55,386.58,0.7386,-1,-1,-1
767,53,992.29,250.73,132.48,378.06,0.8228,-1,-1,-1
767,57,861.80,165.13,125.08,513.96,0.8092,-1,-1,-1
767,58,719.61,210.86,141.07,442.60,0.8457,-1,-1,-1
767,59,638.39,272.69,91.21,341.50,0.7333,-1,-1,-1
768,55,290.68,31.49,387.03,940.26,0.9039,-1,-1,-1
768,56,1089.93,226.13,116.72,391.10,0.7685,-1,-1,-1
768,53,994.94,251.75,137.23,379.81,0.8123,-1,-1,-1
768,57,862.36,161.41,126.42,514.97,0.8117,-1,-1,-1
768,58,720.81,208.95,140.52,441.16,0.8234,-1,-1,-1
768,59,638.21,269.55,91.37,341.10,0.7522,-1,-1,-1
769,55,271.31,30.77,396.20,948.62,0.9094,-1,-1,-1
769,56,1090.15,226.30,117.43,395.27,0.7569,-1,-1,-1
769,53,995.81,252.13,143.26,384.18,0.8257,-1,-1,-1
769,57,861.17,159.08,128.50,517.29,0.8253,-1,-1,-1
769,58,721.23,208.09,139.83,439.74,0.8094,-1,-1,-1
769,59,636.49,266.28,93.14,346.39,0.7796,-1,-1,-1
770,55,248.51,26.81,406.57,960.50,0.8976,-1,-1,-1
770,56,1089.70,224.56,117.65,401.82,0.7136,-1,-1,-1
770,53,995.28,251.25,148.90,388.75,0.8340,-1,-1,-1
770,57,860.35,156.44,130.83,519.64,0.8249,-1,-1,-1
770,58,722.10,206.18,139.21,439.20,0.8267,-1,-1,-1
770,59,635.27,264.89,93.27,345.06,0.7875,-1,-1,-1
771,55,221.42,16.44,418.60,980.61,0.8926,-1,-1,-1
771,56,1091.12,221.16,117.66,408.26,0.7146,-1,-1,-1
771,53,992.87,246.59,154.74,395.08,0.8278,-1,-1,-1
771,57,856.89,153.77,133.07,520.30,0.8573,-1,-1,-1
771,58,719.19,199.62,139.76,442.83,0.8494,-1,-1,-1
771,59,633.43,256.80,94.43,347.08,0.7393,-1,-1,-1
772,55,197.08,10.92,423.65,984.10,0.8889,-1,-1,-1
772,56,1091.05,219.16,117.48,412.05,0.7857,-1,-1,-1
772,53,985.60,244.66,160.61,401.56,0.8342,-1,-1,-1
772,57,853.07,152.82,135.27,522.83,0.8601,-1,-1,-1
772,58,719.67,200.87,138.40,440.43,0.8348,-1,-1,-1
772,59,628.46,257.24,96.44,350.98,0.7896,-1,-1,-1
773,55,174.05,10.03,414.90,956.71,0.8627,-1,-1,-1
773,56,1090.41,215.34,118.39,418.07,0.7976,-1,-1,-1
773,53,980.02,241.52,166.10,407.64,0.8424,-1,-1,-1
773,57,848.01,153.62,136.25,523.59,0.8635,-1,-1,-1
773,58,717.16,199.67,137.08,439.54,0.8332,-1,-1,-1
773,59,624.01,257.51,97.50,351.62,0.8120,-1,-1,-1
774,55,145.54,5.88,409.95,948.13,0.8764,-1,-1,-1
774,56,1091.07,212.50,118.83,420.71,0.7753,-1,-1,-1
774,53,976.12,236.38,170.81,412.65,0.8589,-1,-1,-1
774,57,841.73,151.59,137.91,528.23,0.8138,-1,-1,-1
774,58,712.34,194.06,136.62,440.91,0.8314,-1,-1,-1
774,59,619.37,255.80,98.03,349.77,0.7972,-1,-1,-1
775,55,116.30,3.30,406.36,951.13,0.8709,-1,-1,-1
775,56,1088.47,208.17,120.02,424.23,0.7980,-1,-1,-1
775,53,972.51,230.78,174.61,415.70,0.8610,-1,-1,-1
775,57,831.66,151.89,136.89,526.58,0.7834,-1,-1,-1
775,58,708.27,190.09,136.97,443.51,0.8174,-1,-1,-1
775,59,614.26,250.60,101.04,357.35,0.7793,-1,-1,-1
776,55,88.21,0.90,404.68,961.55,0.8844,-1,-1,-1
776,56,1086.92,203.02,121.46,429.23,0.8109,-1,-1,-1
776,53,967.21,225.93,178.32,420.22,0.8485,-1,-1,-1
776,57,822.55,151.45,137.53,528.48,0.7804,-1,-1,-1
776,58,701.64,188.72,136.99,443.68,0.8011,-1,-1,-1
776,59,607.33,247.77,102.53,359.68,0.7792,-1,-1,-1
776,60,390.36,48.08,223.07,781.14,0.7164,-1,-1,-1
777,55,67.53,0.74,398.57,961.14,0.8973,-1,-1,-1
777,56,1086.92,199.41,122.84,431.01,0.8342,-1,-1,-1
777,53,961.40,222.40,181.20,424.95,0.8348,-1,-1,-1
777,57,816.83,151.95,138.06,528.84,0.8012,-1,-1,-1
777,58,694.40,190.71,136.79,442.46,0.7899,-1,-1,-1
777,59,598.12,245.91,104.85,365.82,0.7137,-1,-1,-1
777,60,371.44,42.90,228.09,796.37,0.7781,-1,-1,-1
778,55,44.16,1.71,397.33,975.76,0.8957,-1,-1,-1
778,56,1086.10,192.93,125.97,440.98,0.8311,-1,-1,-1
778,53,955.27,220.01,182.72,428.19,0.8406,-1,-1,-1
778,57,813.80,152.57,138.23,528.65,0.8065,-1,-1,-1
778,58,684.02,190.37,138.12,447.18,0.7419,-1,-1,-1
778,59,590.74,245.40,104.70,363.94,0.7243,-1,-1,-1
778,60,354.69,37.80,237.89,826.46,0.8289,-1,-1,-1
779,55,18.48,1.21,398.51,997.03,0.8965,-1,-1,-1
779,56,1082.51,193.35,126.16,442.19,0.8097,-1,-1,-1
779,53,950.73,216.23,184.20,434.51,0.8365,-1,-1,-1
779,57,805.92,154.33,137.96,524.41,0.7421,-1,-1,-1
779,58,675.63,190.85,136.71,441.94,0.7596,-1,-1,-1
779,59,580.44,243.72,106.46,366.23,0.7650,-1,-1,-1
779,60,343.85,32.75,247.46,856.61,0.8167,-1,-1,-1
780,55,-5.31,0.74,393.32,1000.60,0.9101,-1,-1,-1
780,56,1078.59,192.49,127.87,447.92,0.8100,-1,-1,-1
780,53,945.58,213.94,184.29,438.38,0.8449,-1,-1,-1
780,57,796.18,154.55,139.84,529.15,0.8081,-1,-1,-1
780,58,666.45,189.42,138.75,448.02,0.7397,-1,-1,-1
780,59,572.52,242.97,106.22,362.67,0.6802,-1,-1,-1
780,60,330.80,27.27,255.89,882.94,0.8464,-1,-1,-1
781,55,-28.52,2.44,389.32,1006.53,0.9110,-1,-1,-1
781,56,1078.05,191.35,130.45,454.52,0.8179,-1,-1,-1
781,53,942.18,212.47,184.89,445.41,0.8393,-1,-1,-1
781,57,792.20,153.26,140.59,531.59,0.8178,-1,-1,-1
781,58,668.85,189.61,136.91,447.52,0.6141,-1,-1,-1
781,59,566.68,242.36,105.48,360.51,0.6032,-1,-1,-1
781,60,320.98,20.73,260.72,893.83,0.8435,-1,-1,-1
782,55,-41.80,3.80,381.41,1006.77,0.9090,-1,-1,-1
782,56,1078.78,189.58,133.39,459.11,0.8124,-1,-1,-1
782,53,939.71,209.85,185.90,453.75,0.8712,-1,-1,-1
782,57,788.80,156.10,140.18,527.56,0.8168,-1,-1,-1
782,58,669.21,190.48,135.48,445.88,0.6774,-1,-1,-1
782,59,556.07,241.72,110.10,377.47,0.6245,-1,-1,-1
782,60,305.26,12.20,269.58,913.78,0.8664,-1,-1,-1
783,55,-52.52,3.30,373.52,1012.75,0.9017,-1,-1,-1
783,56,1077.91,189.68,135.60,460.69,0.8294,-1,-1,-1
783,53,938.33,209.06,186.34,460.65,0.8782,-1,-1,-1
783,57,783.60,156.09,140.80,524.73,0.8088,-1,-1,-1
783,58,668.02,194.16,133.97,444.43,0.6677,-1,-1,-1
783,59,543.60,241.71,112.77,383.63,0.6257,-1,-1,-1
783,60,280.31,3.11,282.19,940.08,0.8584,-1,-1,-1
784,55,-58.51,4.61,362.88,1013.92,0.9015,-1,-1,-1
784,56,1076.58,189.45,139.09,466.65,0.8240,-1,-1,-1
784,53,937.38,207.12,186.75,467.48,0.8681,-1,-1,-1
784,57,782.47,155.35,140.46,523.93,0.7934,-1,-1,-1
784,58,669.82,196.08,131.93,442.45,0.7079,-1,-1,-1
784,59,540.24,241.44,113.34,386.86,0.5871,-1,-1,-1
784,60,262.17,0.03,294.35,964.24,0.8617,-1,-1,-1
785,55,-62.84,7.22,351.82,1016.87,0.8981,-1,-1,-1
785,56,1076.69,186.34,143.15,476.11,0.8280,-1,-1,-1
785,53,936.56,205.65,186.54,472.04,0.8453,-1,-1,-1
785,57,781.81,150.72,140.75,526.55,0.7902,-1,-1,-1
785,58,672.38,195.95,129.90,441.18,0.7288,-1,-1,-1
785,59,537.02,238.77,114.60,389.61,0.6670,-1,-1,-1
785,60,243.83,-0.40,302.96,979.27,0.8931,-1,-1,-1
786,55,-64.54,7.86,339.95,1018.47,0.8743,-1,-1,-1
786,56,1077.29,182.11,147.71,487.11,0.8263,-1,-1,-1
786,53,936.61,203.40,188.24,482.07,0.8298,-1,-1,-1
786,57,782.73,148.04,140.32,524.93,0.8160,-1,-1,-1
786,58,673.63,196.26,128.32,440.63,0.7290,-1,-1,-1
786,59,516.89,233.89,117.76,395.76,0.6940,-1,-1,-1
786,60,228.96,-1.31,310.37,990.78,0.8784,-1,-1,-1
787,55,-64.64,26.97,322.25,1002.74,0.8780,-1,-1,-1
787,56,1081.20,178.24,151.38,495.10,0.8361,-1,-1,-1
787,53,938.91,204.38,188.15,485.75,0.8345,-1,-1,-1
787,57,785.91,145.17,140.15,526.22,0.8247,-1,-1,-1
787,58,674.57,195.01,127.10,441.15,0.7785,-1,-1,-1
787,59,520.31,234.31,116.76,393.27,0.6557,-1,-1,-1
787,60,217.54,-1.87,317.91,1001.70,0.8834,-1,-1,-1
787,61,617.28,248.54,91.75,367.36,0.6548,-1,-1,-1
788,55,-63.40,48.54,305.00,987.04,0.8716,-1,-1,-1
788,56,1085.12,178.12,154.64,501.54,0.8460,-1,-1,-1
788,53,941.56,207.29,189.19,491.23,0.8563,-1,-1,-1
788,57,788.90,145.78,139.36,524.34,0.8244,-1,-1,-1
788,58,675.02,192.08,125.91,441.58,0.7532,-1,-1,-1
788,59,516.22,234.58,117.16,397.52,0.6460,-1,-1,-1
788,60,204.52,-1.30,323.02,1004.60,0.8982,-1,-1,-1
788,61,612.68,250.55,92.59,370.07,0.7316,-1,-1,-1
789,55,-60.47,74.86,288.95,972.45,0.8653,-1,-1,-1
789,56,1083.14,174.03,157.82,510.43,0.8342,-1,-1,-1
789,53,940.21,209.73,191.68,497.83,0.8387,-1,-1,-1
789,57,790.13,150.14,137.60,519.31,0.8369,-1,-1,-1
789,58,677.84,193.07,126.94,446.89,0.7678,-1,-1,-1
789,59,510.69,233.48,116.77,401.90,0.6086,-1,-1,-1
789,60,191.22,-1.66,330.05,1013.94,0.9006,-1,-1,-1
789,61,609.42,248.12,95.22,379.55,0.7482,-1,-1,-1
790,55,-61.10,93.45,274.29,964.11,0.8349,-1,-1,-1
790,56,1084.55,170.57,160.05,515.80,0.8420,-1,-1,-1
790,53,939.52,203.99,197.35,508.62,0.7915,-1,-1,-1
790,57,792.06,150.16,137.31,519.19,0.8471,-1,-1,-1
790,58,683.68,188.32,126.82,448.61,0.7493,-1,-1,-1
790,59,509.27,232.31,115.45,402.04,0.5647,-1,-1,-1
790,60,182.09,-1.68,338.13,1025.22,0.8937,-1,-1,-1
790,61,609.50,248.50,96.81,384.39,0.7294,-1,-1,-1
791,55,-61.93,103.90,260.29,958.64,0.8022,-1,-1,-1
791,56,1092.66,168.78,162.22,519.17,0.7853,-1,-1,-1
791,53,952.26,199.82,201.20,521.40,0.8015,-1,-1,-1
791,57,797.14,150.99,137.40,521.31,0.8245,-1,-1,-1
791,58,689.99,193.28,125.99,444.48,0.7750,-1,-1,-1
791,59,510.80,231.52,117.12,409.50,0.6057,-1,-1,-1
791,60,171.58,-1.09,346.95,1036.81,0.8914,-1,-1,-1
791,61,612.02,249.61,98.14,387.22,0.7470,-1,-1,-1
792,56,1103.76,166.76,160.19,508.61,0.7372,-1,-1,-1
792,53,963.23,197.91,203.58,527.28,0.8236,-1,-1,-1
792,57,803.80,153.84,136.42,520.06,0.8028,-1,-1,-1
792,58,695.20,196.40,127.02,447.80,0.8057,-1,-1,-1
792,59,511.50,233.77,117.66,412.63,0.6413,-1,-1,-1
792,60,170.86,-0.00,357.65,1046.97,0.8589,-1,-1,-1
792,61,616.97,250.89,99.57,391.06,0.7984,-1,-1,-1
793,56,1111.51,165.86,164.00,522.29,0.8170,-1,-1,-1
793,53,969.81,194.64,206.98,534.02,0.8463,-1,-1,-1
793,57,811.73,153.40,137.26,524.19,0.8003,-1,-1,-1
793,58,700.71,195.19,127.58,449.48,0.8049,-1,-1,-1
793,59,514.52,233.62,115.01,404.37,0.5560,-1,-1,-1
793,60,163.26,1.26,370.28,1055.15,0.8892,-1,-1,-1
793,61,621.72,252.05,101.17,394.31,0.7888,-1,-1,-1
794,56,1118.26,161.63,167.38,534.58,0.8547,-1,-1,-1
794,53,980.01,189.33,212.05,543.79,0.8462,-1,-1,-1
794,57,817.63,155.14,138.12,526.37,0.7789,-1,-1,-1
794,58,708.29,196.08,126.79,445.94,0.7988,-1,-1,-1
794,59,518.39,232.72,116.56,411.17,0.6185,-1,-1,-1
794,60,151.34,1.79,385.79,1070.39,0.9023,-1,-1,-1
794,61,625.49,254.14,103.12,395.77,0.7142,-1,-1,-1
795,56,1131.29,157.11,168.36,539.32,0.8197,-1,-1,-1
795,53,988.75,180.17,219.28,559.48,0.8167,-1,-1,-1
795,57,831.31,157.42,137.95,527.67,0.8232,-1,-1,-1
795,58,719.81,196.84,127.53,449.37,0.7715,-1,-1,-1
795,59,520.21,234.53,116.54,414.75,0.6668,-1,-1,-1
795,60,139.40,1.39,398.50,1073.94,0.9214,-1,-1,-1
795,61,628.62,256.14,105.27,397.04,0.7390,-1,-1,-1
796,56,1141.74,158.77,171.91,554.54,0.8438,-1,-1,-1
796,53,997.44,179.89,222.14,562.31,0.8531,-1,-1,-1
796,57,841.91,160.50,138.24,529.25,0.8365,-1,-1,-1
796,58,729.97,200.11,128.34,451.22,0.8064,-1,-1,-1
796,59,531.30,235.86,110.62,389.56,0.5599,-1,-1,-1
796,60,124.80,1.11,411.59,1074.25,0.9201,-1,-1,-1
796,61,635.23,256.13,107.02,401.84,0.7112,-1,-1,-1
797,56,1153.83,159.64,176.20,576.63,0.8541,-1,-1,-1
797,53,1006.29,179.93,228.16,571.95,0.8469,-1,-1,-1
797,57,851.13,167.06,136.99,527.22,0.8139,-1,-1,-1
797,58,741.59,205.23,128.93,451.79,0.7888,-1,-1,-1
797,59,538.19,238.04,104.66,361.73,0.5606,-1,-1,-1
797,60,108.56,1.42,425.87,1073.35,0.9131,-1,-1,-1
797,61,634.95,258.71,110.60,406.83,0.7168,-1,-1,-1
798,56,1165.35,161.63,179.30,593.55,0.8343,-1,-1,-1
798,53,1009.93,182.09,236.46,586.43,0.8452,-1,-1,-1
798,57,858.18,171.28,136.83,529.13,0.8024,-1,-1,-1
798,58,749.36,210.31,127.93,446.80,0.8196,-1,-1,-1
798,59,543.28,241.85,99.91,337.57,0.5450,-1,-1,-1
798,60,94.44,2.24,441.19,1068.05,0.9108,-1,-1,-1
798,61,639.93,260.15,113.46,411.69,0.7292,-1,-1,-1
799,56,1174.76,162.99,181.97,610.57,0.8224,-1,-1,-1
799,53,1010.93,183.97,245.68,603.38,0.8559,-1,-1,-1
799,57,863.52,177.08,136.75,527.76,0.7983,-1,-1,-1
799,58,752.67,214.57,128.57,446.81,0.8061,-1,-1,-1
799,59,544.37,245.42,104.61,346.70,0.5390,-1,-1,-1
799,60,83.59,2.63,458.64,1066.36,0.9041,-1,-1,-1
799,61,644.95,262.02,115.11,414.52,0.7690,-1,-1,-1
800,56,1184.31,164.38,182.38,618.82,0.8054,-1,-1,-1
800,53,1014.60,185.86,253.92,619.79,0.8321,-1,-1,-1
800,57,868.18,182.56,136.42,527.32,0.7830,-1,-1,-1
800,58,758.53,222.00,128.15,443.54,0.8024,-1,-1,-1
800,59,544.20,249.04,109.07,354.54,0.4935,-1,-1,-1
800,60,77.73,2.37,473.94,1061.44,0.9076,-1,-1,-1
800,61,646.75,264.29,116.69,417.99,0.7709,-1,-1,-1
801,56,1192.25,164.34,182.86,628.02,0.8160,-1,-1,-1
801,53,1018.03,188.35,260.42,630.85,0.8488,-1,-1,-1
801,57,870.56,190.37,135.59,525.81,0.7764,-1,-1,-1
801,58,762.95,228.18,127.59,441.53,0.8329,-1,-1,-1
801,59,543.75,251.51,111.29,351.79,0.4641,-1,-1,-1
801,60,70.17,3.35,490.43,1063.91,0.9127,-1,-1,-1
801,61,647.68,267.39,117.88,419.80,0.7919,-1,-1,-1
802,56,1200.11,164.84,184.65,640.25,0.8241,-1,-1,-1
802,53,1019.00,191.73,267.80,640.59,0.8426,-1,-1,-1
802,57,880.31,191.80,135.67,526.87,0.8149,-1,-1,-1
802,58,769.31,231.55,125.59,438.05,0.8249,-1,-1,-1
802,59,543.76,254.30,114.64,354.54,0.4758,-1,-1,-1
802,60,66.51,3.89,509.74,1073.44,0.8967,-1,-1,-1
802,61,648.06,268.87,119.10,421.51,0.7841,-1,-1,-1
803,56,1210.38,161.38,187.11,654.26,0.8483,-1,-1,-1
803,53,1019.34,192.71,275.62,650.50,0.8564,-1,-1,-1
803,57,886.55,192.44,136.70,531.45,0.8154,-1,-1,-1
803,58,776.02,234.32,123.88,436.51,0.8210,-1,-1,-1
803,59,545.33,254.42,113.56,342.77,0.6080,-1,-1,-1
803,60,61.54,3.59,523.78,1074.59,0.8458,-1,-1,-1
803,61,647.63,269.99,121.33,427.54,0.7782,-1,-1,-1
804,56,1224.25,162.61,186.82,658.69,0.8440,-1,-1,-1
804,53,1014.27,191.38,288.77,673.50,0.8705,-1,-1,-1
804,57,890.44,191.30,137.64,534.14,0.8472,-1,-1,-1
804,58,781.94,230.84,122.84,435.91,0.8377,-1,-1,-1
804,59,542.03,254.98,116.34,345.56,0.4901,-1,-1,-1
804,60,46.60,3.26,534.52,1077.91,0.6963,-1,-1,-1
804,61,646.98,270.75,123.00,430.52,0.7676,-1,-1,-1
805,56,1237.85,159.27,188.42,663.15,0.8532,-1,-1,-1
805,53,1015.86,189.34,297.45,686.23,0.8710,-1,-1,-1
805,57,894.33,189.76,138.21,536.69,0.8337,-1,-1,-1
805,58,786.31,229.58,122.18,436.72,0.8299,-1,-1,-1
805,59,543.55,254.55,113.28,325.34,0.5692,-1,-1,-1
805,60,-13.54,3.19,522.88,1073.33,0.6321,-1,-1,-1
805,61,649.30,270.94,125.59,437.79,0.8045,-1,-1,-1
806,56,1249.53,153.89,191.75,672.69,0.8648,-1,-1,-1
806,53,1018.40,182.60,306.95,703.59,0.8763,-1,-1,-1
806,57,899.61,187.08,137.72,537.70,0.8122,-1,-1,-1
806,58,790.11,227.42,122.41,441.19,0.7982,-1,-1,-1
806,59,543.14,252.68,113.31,314.66,0.6715,-1,-1,-1
806,60,9.59,0.96,529.29,1074.14,0.7612,-1,-1,-1
806,61,650.48,270.40,127.08,442.52,0.8316,-1,-1,-1
807,56,1260.83,145.88,196.64,686.03,0.8719,-1,-1,-1
807,53,1024.75,176.01,313.08,716.35,0.8726,-1,-1,-1
807,57,903.32,184.54,137.60,538.91,0.8236,-1,-1,-1
807,58,793.44,226.94,123.08,447.61,0.8085,-1,-1,-1
807,59,537.82,248.91,118.18,317.77,0.6205,-1,-1,-1
807,60,12.06,0.39,532.69,1073.67,0.8728,-1,-1,-1
807,61,651.60,269.50,128.70,447.10,0.8278,-1,-1,-1
808,56,1272.95,138.44,202.46,700.58,0.8791,-1,-1,-1
808,53,1030.43,169.31,319.44,730.88,0.8952,-1,-1,-1
808,57,906.16,185.42,134.84,530.84,0.7927,-1,-1,-1
808,58,798.62,224.41,123.06,450.21,0.8076,-1,-1,-1
808,59,529.52,245.32,127.64,331.39,0.6434,-1,-1,-1
808,60,7.09,0.27,533.90,1073.24,0.9095,-1,-1,-1
808,61,654.50,268.87,130.03,450.70,0.8313,-1,-1,-1
809,56,1284.03,129.37,207.86,713.43,0.8594,-1,-1,-1
809,53,1036.93,160.98,324.09,742.43,0.8924,-1,-1,-1
809,57,911.16,182.86,133.28,524.20,0.8240,-1,-1,-1
809,58,801.51,222.02,121.59,446.88,0.8091,-1,-1,-1
809,59,523.45,239.76,143.18,364.01,0.6300,-1,-1,-1
809,60,-3.40,1.44,529.99,1068.90,0.9245,-1,-1,-1
809,61,654.50,266.68,131.85,454.72,0.8061,-1,-1,-1
810,56,1292.89,120.39,214.83,729.45,0.8830,-1,-1,-1
810,53,1043.29,149.31,330.19,760.11,0.8915,-1,-1,-1
810,57,913.53,181.11,134.22,525.64,0.7969,-1,-1,-1
810,58,804.11,220.39,121.47,448.08,0.8102,-1,-1,-1
810,59,504.16,235.29,176.90,453.93,0.7273,-1,-1,-1
810,60,-16.71,1.99,524.25,1066.95,0.8875,-1,-1,-1
810,61,653.90,264.84,134.41,462.92,0.8280,-1,-1,-1
811,56,1300.44,116.37,222.01,745.76,0.9014,-1,-1,-1
811,53,1050.54,144.29,333.86,772.72,0.8862,-1,-1,-1
811,57,915.00,182.51,133.70,521.28,0.7954,-1,-1,-1
811,58,804.73,221.73,120.74,446.61,0.8243,-1,-1,-1
811,59,493.18,233.85,189.21,493.78,0.8199,-1,-1,-1
811,60,-35.73,3.51,514.30,1065.99,0.9157,-1,-1,-1
811,61,651.71,266.86,135.17,464.68,0.8605,-1,-1,-1
812,56,1308.93,111.93,231.33,769.37,0.8952,-1,-1,-1
812,53,1057.25,137.83,336.96,785.84,0.8710,-1,-1,-1
812,57,914.89,180.36,135.15,524.80,0.7911,-1,-1,-1
812,58,802.72,220.26,120.30,446.90,0.8002,-1,-1,-1
812,59,488.05,230.17,195.10,516.62,0.8191,-1,-1,-1
812,60,-52.58,2.01,503.42,1069.93,0.8375,-1,-1,-1
812,61,651.46,265.06,136.80,469.30,0.8226,-1,-1,-1
813,56,1314.00,107.34,241.30,796.20,0.8928,-1,-1,-1
813,53,1063.00,128.84,339.35,798.05,0.8735,-1,-1,-1
813,57,915.08,176.90,135.60,524.70,0.8093,-1,-1,-1
813,58,799.88,218.77,120.21,447.65,0.8014,-1,-1,-1
813,59,483.93,223.60,197.54,531.84,0.8090,-1,-1,-1
813,60,-64.12,2.22,486.21,1064.10,0.6380,-1,-1,-1
813,61,645.98,261.85,140.67,477.50,0.7835,-1,-1,-1
813,63,319.87,68.25,177.23,802.63,0.8574,-1,-1,-1
814,56,1319.71,102.02,249.20,817.80,0.8866,-1,-1,-1
814,53,1067.35,113.19,349.40,833.27,0.8697,-1,-1,-1
814,57,913.96,174.65,136.42,524.88,0.7996,-1,-1,-1
814,58,796.99,218.05,120.44,448.14,0.8030,-1,-1,-1
814,59,480.26,218.82,197.83,541.67,0.8188,-1,-1,-1
814,60,-64.39,1.39,470.40,1058.30,0.7490,-1,-1,-1
814,61,637.45,258.22,145.21,483.51,0.7931,-1,-1,-1
814,63,294.95,57.82,183.29,824.17,0.8844,-1,-1,-1
815,56,1329.28,100.67,252.65,822.58,0.8687,-1,-1,-1
815,53,1075.20,106.60,358.18,869.36,0.8696,-1,-1,-1
815,57,912.61,174.14,137.52,527.39,0.7992,-1,-1,-1
815,58,794.98,218.14,120.81,449.16,0.7973,-1,-1,-1
815,59,476.97,216.71,197.44,549.62,0.8126,-1,-1,-1
815,60,-89.29,3.77,448.72,1057.62,0.3464,-1,-1,-1
815,61,635.56,255.19,149.11,490.43,0.7753,-1,-1,-1
815,63,270.52,47.83,189.41,840.71,0.8864,-1,-1,-1
816,56,1333.36,98.18,258.70,835.22,0.8635,-1,-1,-1
816,53,1080.68,106.74,361.93,896.19,0.8698,-1,-1,-1
816,57,911.64,175.71,138.17,528.32,0.8123,-1,-1,-1
816,58,791.70,220.39,121.84,449.95,0.8061,-1,-1,-1
816,59,471.52,217.98,196.26,554.08,0.8394,-1,-1,-1
816,61,634.55,252.89,151.80,495.02,0.7763,-1,-1,-1
816,63,256.98,39.63,195.04,851.95,0.8954,-1,-1,-1
817,56,1337.82,94.64,270.03,866.58,0.8665,-1,-1,-1
817,53,1084.10,107.51,368.09,929.77,0.8779,-1,-1,-1
817,57,912.01,176.94,138.51,527.60,0.8214,-1,-1,-1
817,58,787.72,223.13,122.57,449.15,0.8148,-1,-1,-1
817,59,463.96,217.24,195.96,558.71,0.8513,-1,-1,-1
817,61,633.93,250.15,153.54,500.15,0.7744,-1,-1,-1
817,63,246.34,34.90,201.55,863.01,0.8957,-1,-1,-1
818,56,1341.21,89.13,279.26,890.51,0.8674,-1,-1,-1
818,53,1091.30,106.38,364.88,936.51,0.8848,-1,-1,-1
818,57,911.27,179.75,138.79,528.74,0.8163,-1,-1,-1
818,58,784.67,226.13,122.36,445.64,0.8470,-1,-1,-1
818,59,454.67,217.62,197.45,565.24,0.8724,-1,-1,-1
818,61,629.66,248.59,155.51,504.29,0.8077,-1,-1,-1
818,63,233.99,29.88,212.50,891.84,0.8934,-1,-1,-1
819,56,1343.38,80.71,289.58,917.31,0.8668,-1,-1,-1
819,53,1097.62,106.11,364.31,948.62,0.8785,-1,-1,-1
819,57,906.42,181.08,139.27,532.45,0.8111,-1,-1,-1
819,58,780.79,227.06,122.98,444.33,0.8613,-1,-1,-1
819,59,443.57,216.75,198.90,569.88,0.8665,-1,-1,-1
819,61,622.13,248.18,158.29,512.32,0.7943,-1,-1,-1
819,63,217.74,23.53,225.50,927.90,0.8984,-1,-1,-1
820,56,1344.91,69.99,298.34,938.23,0.8612,-1,-1,-1
820,53,1104.12,104.12,367.21,970.19,0.8766,-1,-1,-1
820,57,904.31,181.74,139.66,535.63,0.8086,-1,-1,-1
820,58,775.90,226.95,123.94,442.27,0.8552,-1,-1,-1
820,59,433.46,215.83,201.10,574.93,0.8549,-1,-1,-1
820,61,619.39,243.12,161.67,521.12,0.8117,-1,-1,-1
820,63,200.92,16.64,238.72,964.88,0.9026,-1,-1,-1
821,56,1350.77,55.07,304.15,951.26,0.8477,-1,-1,-1
821,53,1113.04,98.53,367.61,981.59,0.8892,-1,-1,-1
821,57,903.90,181.21,139.99,538.37,0.8037,-1,-1,-1
821,58,769.68,225.19,126.06,443.47,0.8540,-1,-1,-1
821,59,426.37,214.80,203.99,581.99,0.8218,-1,-1,-1
821,61,618.91,240.54,164.69,527.02,0.8454,-1,-1,-1
821,63,188.49,11.37,249.42,989.41,0.8985,-1,-1,-1
822,56,1358.31,40.07,309.40,968.11,0.8756,-1,-1,-1
822,53,1123.24,85.41,370.78,998.42,0.8873,-1,-1,-1
822,57,904.07,180.93,139.52,537.46,0.8125,-1,-1,-1
822,58,767.45,222.33,128.86,447.17,0.8419,-1,-1,-1
822,59,416.52,212.91,208.42,593.28,0.7860,-1,-1,-1
822,61,614.74,236.36,168.14,532.49,0.8640,-1,-1,-1
822,63,174.16,8.04,258.07,1006.24,0.9046,-1,-1,-1
823,56,1370.21,17.25,308.03,965.18,0.8764,-1,-1,-1
823,53,1133.07,67.09,375.23,1016.23,0.8847,-1,-1,-1
823,57,904.77,180.30,139.04,535.39,0.8215,-1,-1,-1
823,58,763.42,217.02,131.86,452.12,0.8347,-1,-1,-1
823,59,410.25,210.58,211.92,603.08,0.8206,-1,-1,-1
823,61,611.68,232.48,172.01,540.52,0.8698,-1,-1,-1
823,63,159.32,2.64,267.62,1027.02,0.9097,-1,-1,-1
823,65,1048.11,302.64,102.61,262.44,0.6932,-1,-1,-1
824,56,1381.48,5.51,309.81,974.48,0.8887,-1,-1,-1
824,53,1137.90,48.21,380.50,1034.16,0.8800,-1,-1,-1
824,57,905.90,179.37,139.28,535.26,0.8135,-1,-1,-1
824,58,760.58,213.09,134.52,454.93,0.8342,-1,-1,-1
824,59,406.28,206.57,214.60,611.72,0.8359,-1,-1,-1
824,61,607.57,229.03,176.17,550.68,0.8526,-1,-1,-1
824,63,144.19,-1.12,277.92,1051.00,0.9031,-1,-1,-1
824,65,1050.05,302.07,102.88,263.20,0.6942,-1,-1,-1
825,56,1392.10,0.41,316.89,1008.15,0.8785,-1,-1,-1
825,53,1143.46,29.91,388.07,1051.81,0.8809,-1,-1,-1
825,57,909.75,181.38,139.51,532.55,0.8197,-1,-1,-1
825,58,758.63,210.08,136.87,454.54,0.8215,-1,-1,-1
825,59,401.66,203.19,216.73,618.99,0.8375,-1,-1,-1
825,61,602.89,227.35,181.62,566.37,0.8474,-1,-1,-1
825,63,129.35,-2.18,283.58,1053.54,0.8822,-1,-1,-1
825,65,1052.69,301.50,103.00,263.77,0.6615,-1,-1,-1
826,56,1401.60,-1.04,323.45,1045.07,0.8552,-1,-1,-1
826,53,1150.97,14.68,398.08,1066.20,0.8883,-1,-1,-1
826,57,910.74,177.59,140.83,536.79,0.8175,-1,-1,-1
826,58,757.41,208.74,138.92,454.29,0.8245,-1,-1,-1
826,59,396.96,200.38,219.35,627.46,0.7983,-1,-1,-1
826,61,599.24,227.25,186.69,580.96,0.8609,-1,-1,-1
826,63,116.53,-2.55,287.07,1045.33,0.8825,-1,-1,-1
826,65,1055.90,300.52,103.27,264.45,0.6433,-1,-1,-1
827,56,1421.87,-1.85,324.27,1072.81,0.8656,-1,-1,-1
827,53,1159.04,4.17,409.50,1076.30,0.9006,-1,-1,-1
827,57,913.42,178.35,141.32,533.25,0.8199,-1,-1,-1
827,58,756.10,208.44,140.74,452.99,0.8215,-1,-1,-1
827,59,391.68,197.06,222.12,636.51,0.7826,-1,-1,-1
827,61,596.78,227.45,189.25,587.81,0.8583,-1,-1,-1
827,63,99.74,-1.22,297.07,1064.38,0.8937,-1,-1,-1
827,65,1058.90,299.17,103.73,265.56,0.6529,-1,-1,-1
828,56,1446.31,-2.25,317.95,1077.20,0.8726,-1,-1,-1
828,53,1173.06,0.31,421.17,1075.69,0.8980,-1,-1,-1
828,57,913.96,176.88,142.61,530.67,0.8061,-1,-1,-1
828,58,754.20,207.81,142.73,452.50,0.8277,-1,-1,-1
828,59,385.02,192.23,224.49,645.11,0.8686,-1,-1,-1
828,61,594.84,227.01,191.10,591.88,0.8644,-1,-1,-1
828,63,83.43,-1.61,305.47,1076.92,0.9080,-1,-1,-1
828,65,1061.32,295.81,105.45,269.81,0.6992,-1,-1,-1
829,56,1469.47,-0.26,310.12,1068.92,0.8184,-1,-1,-1
829,53,1187.24,1.85,434.08,1070.43,0.9010,-1,-1,-1
829,57,917.19,175.48,142.82,525.21,0.8102,-1,-1,-1
829,58,755.78,209.60,144.74,452.62,0.8201,-1,-1,-1
829,59,380.68,190.50,225.06,651.86,0.8678,-1,-1,-1
829,61,591.92,230.28,195.22,603.67,0.8412,-1,-1,-1
829,63,69.44,-0.65,311.16,1076.28,0.9133,-1,-1,-1
829,65,1067.45,297.17,104.83,268.29,0.7449,-1,-1,-1
830,56,1498.30,-2.00,305.28,1070.21,0.8036,-1,-1,-1
830,53,1200.14,2.02,451.75,1070.30,0.9023,-1,-1,-1
830,57,924.06,179.44,141.44,514.81,0.7809,-1,-1,-1
830,58,760.24,212.94,147.42,452.06,0.7891,-1,-1,-1
830,59,379.52,189.81,225.68,658.12,0.8761,-1,-1,-1
830,61,589.55,230.44,199.88,617.23,0.8521,-1,-1,-1
830,63,54.13,-0.44,318.30,1074.49,0.9188,-1,-1,-1
830,65,1072.09,297.86,104.87,268.43,0.7489,-1,-1,-1
831,56,1530.04,-0.88,301.44,1068.97,0.7660,-1,-1,-1
831,53,1214.68,1.25,472.94,1070.14,0.8983,-1,-1,-1
831,57,927.85,177.86,143.06,515.18,0.8060,-1,-1,-1
831,58,762.01,213.60,148.38,451.43,0.8243,-1,-1,-1
831,59,374.99,188.22,228.56,670.89,0.8743,-1,-1,-1
831,61,586.97,229.27,204.02,628.99,0.8535,-1,-1,-1
831,63,41.64,-0.44,328.13,1079.25,0.9233,-1,-1,-1
831,65,1077.22,296.49,105.57,269.44,0.7000,-1,-1,-1
832,56,1561.15,-0.08,298.37,1066.94,0.7243,-1,-1,-1
832,53,1221.52,1.11,495.57,1070.76,0.9020,-1,-1,-1
832,57,935.09,178.28,143.40,513.86,0.8073,-1,-1,-1
832,58,763.31,215.32,149.03,449.96,0.8292,-1,-1,-1
832,59,372.67,188.29,230.13,680.08,0.8792,-1,-1,-1
832,61,584.18,227.99,206.25,635.64,0.8488,-1,-1,-1
832,63,36.58,-0.49,338.05,1083.36,0.9281,-1,-1,-1
832,65,1081.11,295.55,108.83,278.29,0.6863,-1,-1,-1
833,56,1593.98,-1.22,297.90,1072.21,0.5174,-1,-1,-1
833,53,1234.79,0.31,521.80,1070.83,0.9097,-1,-1,-1
833,57,934.70,174.71,146.43,520.20,0.8088,-1,-1,-1
833,58,763.78,216.49,150.19,448.99,0.8277,-1,-1,-1
833,59,370.38,187.53,232.75,692.40,0.8858,-1,-1,-1
833,61,581.66,227.17,209.29,645.08,0.8505,-1,-1,-1
833,63,34.71,-0.90,346.38,1082.56,0.9265,-1,-1,-1
833,65,1086.93,294.10,109.12,279.24,0.7047,-1,-1,-1
834,56,1654.34,-1.03,225.21,747.13,0.6262,-1,-1,-1
834,53,1242.89,-0.56,548.16,1070.12,0.9190,-1,-1,-1
834,57,939.62,173.51,148.45,526.49,0.8125,-1,-1,-1
834,58,770.02,218.34,151.45,448.12,0.8216,-1,-1,-1
834,59,365.15,187.48,236.59,708.44,0.8657,-1,-1,-1
834,61,579.65,223.81,212.07,653.06,0.8448,-1,-1,-1
834,63,33.97,-1.02,353.77,1079.30,0.9224,-1,-1,-1
834,65,1092.93,296.94,107.61,275.61,0.6410,-1,-1,-1
835,53,1242.03,0.19,571.69,1071.47,0.9125,-1,-1,-1
835,57,941.29,178.25,150.01,525.31,0.7633,-1,-1,-1
835,58,775.47,220.01,153.23,449.30,0.8368,-1,-1,-1
835,59,362.35,188.75,239.07,720.80,0.8785,-1,-1,-1
835,61,579.15,221.43,214.98,661.27,0.8499,-1,-1,-1
835,63,32.84,0.27,359.97,1073.74,0.9278,-1,-1,-1
835,65,1097.70,295.50,110.04,282.94,0.7140,-1,-1,-1
836,53,1243.19,0.05,588.55,1066.35,0.9211,-1,-1,-1
836,57,945.88,182.01,151.54,524.89,0.7518,-1,-1,-1
836,58,782.40,222.91,152.99,448.06,0.8432,-1,-1,-1
836,59,360.58,189.73,240.91,734.21,0.8619,-1,-1,-1
836,61,578.49,220.53,219.39,671.22,0.8579,-1,-1,-1
836,63,30.51,1.00,366.52,1071.77,0.9284,-1,-1,-1
836,65,1107.54,296.20,109.47,282.96,0.7321,-1,-1,-1
837,53,1243.42,2.61,603.99,1065.30,0.9206,-1,-1,-1
837,57,952.08,187.46,151.58,521.32,0.7958,-1,-1,-1
837,58,787.57,224.51,155.01,452.06,0.8335,-1,-1,-1
837,59,360.53,188.88,242.56,746.63,0.8582,-1,-1,-1
837,61,578.33,217.68,223.95,680.60,0.8703,-1,-1,-1
837,63,28.62,0.80,373.07,1071.44,0.9301,-1,-1,-1
837,65,1114.74,296.76,109.92,286.56,0.7708,-1,-1,-1
838,53,1253.86,3.78,615.13,1066.40,0.8835,-1,-1,-1
838,57,959.64,192.45,152.03,518.48,0.8187,-1,-1,-1
838,58,795.15,225.34,157.03,453.13,0.8296,-1,-1,-1
838,59,360.37,186.28,244.71,759.13,0.8562,-1,-1,-1
838,61,578.67,216.08,227.01,686.32,0.8617,-1,-1,-1
838,63,27.20,-0.12,379.20,1071.04,0.9264,-1,-1,-1
838,65,1121.04,298.60,108.98,286.44,0.7545,-1,-1,-1
839,53,1278.38,3.78,618.00,1064.94,0.8994,-1,-1,-1
839,57,966.41,193.15,152.95,521.23,0.8116,-1,-1,-1
839,58,804.52,226.59,157.96,450.93,0.8149,-1,-1,-1
839,59,358.72,184.62,248.17,776.70,0.8479,-1,-1,-1
839,61,581.57,212.23,230.18,693.28,0.8650,-1,-1,-1
839,63,26.19,-0.42,385.00,1070.35,0.9290,-1,-1,-1
839,65,1127.69,296.65,109.60,290.28,0.7150,-1,-1,-1
840,53,1321.72,2.03,612.47,1065.22,0.7781,-1,-1,-1
840,57,969.48,193.22,153.76,522.55,0.8093,-1,-1,-1
840,58,807.91,223.72,158.30,453.51,0.8147,-1,-1,-1
840,59,358.73,181.94,249.88,787.45,0.8263,-1,-1,-1
840,61,584.09,206.19,233.73,700.63,0.8679,-1,-1,-1
840,63,24.19,0.25,390.41,1070.05,0.9288,-1,-1,-1
840,65,1134.32,295.44,110.40,293.92,0.6737,-1,-1,-1
841,53,1369.87,1.67,598.34,1062.41,0.9259,-1,-1,-1
841,57,976.65,189.95,153.54,525.47,0.7971,-1,-1,-1
841,58,816.71,220.71,159.17,454.83,0.8180,-1,-1,-1
841,59,356.82,175.32,251.82,799.14,0.8172,-1,-1,-1
841,61,587.26,199.91,236.52,706.44,0.8622,-1,-1,-1
841,63,22.36,-0.20,395.21,1069.13,0.9262,-1,-1,-1
841,65,1143.06,294.69,110.14,295.75,0.7113,-1,-1,-1
842,53,1425.74,1.59,578.42,1063.38,0.8668,-1,-1,-1
842,57,979.95,190.00,153.02,523.39,0.8123,-1,-1,-1
842,58,824.57,218.98,160.39,454.46,0.8483,-1,-1,-1
842,59,353.96,163.56,254.29,811.51,0.8333,-1,-1,-1
842,61,588.07,194.66,239.47,712.19,0.8605,-1,-1,-1
842,63,19.47,0.23,399.57,1069.47,0.9217,-1,-1,-1
842,65,1148.74,293.85,108.95,294.09,0.6732,-1,-1,-1
842,66,1375.52,229.28,222.47,628.74,0.8708,-1,-1,-1
843,53,1483.91,3.46,550.38,1060.12,0.6204,-1,-1,-1
843,57,987.98,186.78,153.11,523.40,0.8122,-1,-1,-1
843,58,831.41,216.41,159.56,448.96,0.8280,-1,-1,-1
843,59,351.92,151.65,258.97,833.06,0.8444,-1,-1,-1
843,61,585.55,189.22,245.83,728.91,0.8455,-1,-1,-1
843,63,17.12,0.89,402.49,1067.38,0.9231,-1,-1,-1
843,65,1158.40,291.43,108.14,295.15,0.6425,-1,-1,-1
843,66,1393.33,218.67,239.64,677.65,0.8931,-1,-1,-1
844,53,1538.38,1.05,522.60,1067.69,0.7025,-1,-1,-1
844,57,994.48,181.19,154.58,526.17,0.8173,-1,-1,-1
844,58,834.93,214.24,159.13,445.55,0.8342,-1,-1,-1
844,59,347.56,140.29,261.23,842.24,0.8522,-1,-1,-1
844,61,583.67,183.27,253.09,752.45,0.8478,-1,-1,-1
844,63,12.04,0.45,402.49,1061.57,0.8960,-1,-1,-1
844,65,1162.69,283.72,108.81,300.16,0.7411,-1,-1,-1
844,66,1410.27,207.03,256.60,726.24,0.8912,-1,-1,-1
845,53,1590.27,3.09,486.38,1062.50,0.6843,-1,-1,-1
845,57,996.45,176.33,154.92,528.39,0.7952,-1,-1,-1
845,58,837.30,206.73,161.38,448.13,0.8245,-1,-1,-1
845,59,340.62,130.56,263.86,847.83,0.8579,-1,-1,-1
845,61,584.13,175.03,259.99,773.99,0.8444,-1,-1,-1
845,63,5.75,2.37,403.31,1061.75,0.8187,-1,-1,-1
845,65,1165.61,277.39,109.40,304.60,0.7725,-1,-1,-1
845,66,1428.50,197.48,268.66,760.56,0.8910,-1,-1,-1
846,57,998.73,171.34,155.30,530.27,0.7934,-1,-1,-1
846,58,839.20,201.98,163.26,451.21,0.8092,-1,-1,-1
846,59,331.73,120.74,268.07,855.34,0.8413,-1,-1,-1
846,61,582.81,168.96,263.17,786.60,0.8257,-1,-1,-1
846,63,-2.98,4.59,403.29,1065.60,0.7565,-1,-1,-1
846,65,1168.86,276.53,108.08,302.25,0.8038,-1,-1,-1
846,66,1437.32,190.11,275.97,782.33,0.9032,-1,-1,-1
847,57,1001.57,163.54,154.92,527.65,0.8104,-1,-1,-1
847,58,840.27,195.91,164.17,452.39,0.8161,-1,-1,-1
847,59,325.69,110.65,274.24,867.97,0.8147,-1,-1,-1
847,61,581.73,158.87,267.49,803.31,0.8320,-1,-1,-1
847,63,-15.81,6.64,397.06,1061.51,0.7308,-1,-1,-1
847,65,1176.75,274.20,106.25,298.70,0.7055,-1,-1,-1
847,66,1445.81,184.80,278.40,792.74,0.8875,-1,-1,-1
848,57,1001.71,154.87,154.51,523.37,0.8076,-1,-1,-1
848,58,840.30,190.21,166.12,454.46,0.8487,-1,-1,-1
848,59,315.69,101.03,280.00,881.05,0.8661,-1,-1,-1
848,61,576.82,150.83,271.78,819.01,0.8343,-1,-1,-1
848,63,-41.12,6.57,382.63,1054.16,0.6479,-1,-1,-1
848,65,1178.83,269.87,105.79,299.39,0.7341,-1,-1,-1
848,66,1455.65,178.89,281.31,806.48,0.8942,-1,-1,-1
849,57,999.32,149.43,153.90,520.55,0.8045,-1,-1,-1
849,58,839.35,187.73,167.33,454.99,0.8703,-1,-1,-1
849,59,303.81,93.99,287.45,901.73,0.8927,-1,-1,-1
849,61,564.97,146.35,283.41,857.16,0.8622,-1,-1,-1
849,63,-63.92,8.09,367.35,1055.78,0.3988,-1,-1,-1
849,65,1177.86,267.58,105.73,301.32,0.8062,-1,-1,-1
849,66,1465.56,175.23,288.68,835.32,0.8941,-1,-1,-1
850,57,998.30,145.10,153.17,518.27,0.8063,-1,-1,-1
850,58,837.09,185.73,167.96,453.86,0.8742,-1,-1,-1
850,59,290.97,84.97,294.34,920.76,0.8839,-1,-1,-1
850,61,558.60,139.86,289.85,879.85,0.8501,-1,-1,-1
850,65,1178.19,262.93,105.25,303.45,0.7789,-1,-1,-1
850,66,1476.94,173.00,291.51,852.26,0.8931,-1,-1,-1
851,57,997.75,141.03,153.37,518.46,0.8044,-1,-1,-1
851,58,834.21,181.32,169.84,457.10,0.8676,-1,-1,-1
851,59,278.16,73.12,301.37,940.37,0.8966,-1,-1,-1
851,61,552.62,133.68,295.37,897.53,0.8685,-1,-1,-1
851,65,1175.06,256.31,107.24,308.41,0.7457,-1,-1,-1
851,66,1490.57,167.22,293.77,866.73,0.9020,-1,-1,-1
851,63,-82.05,5.89,289.46,891.40,0.6207,-1,-1,-1
852,57,996.94,137.33,153.74,517.70,0.8071,-1,-1,-1
852,58,832.83,178.72,170.60,456.35,0.8515,-1,-1,-1
852,59,264.12,64.71,308.54,959.75,0.8918,-1,-1,-1
852,61,545.93,121.59,301.03,914.58,0.8787,-1,-1,-1
852,65,1176.55,251.44,106.53,310.06,0.7405,-1,-1,-1
852,66,1504.53,161.40,295.08,876.62,0.9033,-1,-1,-1
853,57,996.54,133.36,154.87,517.67,0.7998,-1,-1,-1
853,58,828.29,177.38,170.31,454.13,0.8416,-1,-1,-1
853,59,247.84,55.10,319.66,993.67,0.8974,-1,-1,-1
853,61,539.21,109.29,306.50,930.45,0.8870,-1,-1,-1
853,65,1178.68,245.18,107.15,314.56,0.7414,-1,-1,-1
853,66,1516.85,147.51,299.34,894.01,0.9014,-1,-1,-1
854,57,990.33,131.59,156.32,517.38,0.7998,-1,-1,-1
854,58,825.65,176.27,170.60,453.68,0.8468,-1,-1,-1
854,59,228.82,47.52,328.62,1019.30,0.9001,-1,-1,-1
854,61,533.90,99.70,312.44,949.15,0.8928,-1,-1,-1
854,65,1176.12,241.88,107.05,316.88,0.7037,-1,-1,-1
854,66,1525.88,137.62,303.94,910.70,0.9020,-1,-1,-1
855,57,987.24,128.85,159.01,520.53,0.8158,-1,-1,-1
855,58,823.35,173.73,170.50,454.46,0.8418,-1,-1,-1
855,59,213.40,38.63,333.60,1030.99,0.9008,-1,-1,-1
855,61,524.71,88.72,318.28,964.13,0.8941,-1,-1,-1
855,65,1171.45,238.41,106.93,318.95,0.6315,-1,-1,-1
855,66,1536.91,128.38,307.74,924.25,0.9083,-1,-1,-1
856,57,985.85,124.05,160.83,527.12,0.8352,-1,-1,-1
856,58,818.95,171.47,171.23,455.52,0.8454,-1,-1,-1
856,59,193.15,28.50,339.46,1044.34,0.9073,-1,-1,-1
856,61,516.46,76.08,325.33,981.34,0.9023,-1,-1,-1
856,65,1170.00,234.81,105.84,319.45,0.6546,-1,-1,-1
856,66,1545.40,114.24,314.94,942.91,0.9106,-1,-1,-1
857,57,982.53,121.19,161.97,528.34,0.8447,-1,-1,-1
857,58,813.21,168.36,172.81,456.49,0.8492,-1,-1,-1
857,59,184.09,19.58,342.39,1055.30,0.8868,-1,-1,-1
857,61,504.61,65.06,334.50,1003.69,0.9045,-1,-1,-1
857,65,1168.07,229.85,106.00,321.52,0.6999,-1,-1,-1
857,66,1549.80,104.84,321.89,956.26,0.9025,-1,-1,-1
858,57,980.07,120.92,161.10,527.17,0.8353,-1,-1,-1
858,58,804.38,161.93,174.34,461.11,0.8391,-1,-1,-1
858,59,147.35,7.69,350.29,1065.30,0.8998,-1,-1,-1
858,61,493.19,53.41,343.33,1023.74,0.9026,-1,-1,-1
858,65,1165.03,226.08,105.83,323.47,0.6962,-1,-1,-1
858,66,1550.18,91.34,334.38,980.10,0.8980,-1,-1,-1
859,57,971.42,123.12,160.87,523.18,0.8279,-1,-1,-1
859,58,800.52,156.41,174.52,462.59,0.8234,-1,-1,-1
859,59,122.20,2.42,355.27,1068.22,0.9068,-1,-1,-1
859,61,483.69,40.94,349.65,1036.08,0.9041,-1,-1,-1
859,65,1162.32,223.25,105.37,323.77,0.7110,-1,-1,-1
859,66,1560.97,78.83,342.78,996.41,0.8807,-1,-1,-1
860,57,966.51,123.62,161.90,521.68,0.8489,-1,-1,-1
860,58,798.18,150.11,174.73,464.84,0.8282,-1,-1,-1
860,59,95.01,-0.11,361.17,1070.82,0.9018,-1,-1,-1
860,61,472.89,28.48,356.71,1049.81,0.9163,-1,-1,-1
860,65,1158.36,218.64,105.57,325.92,0.6958,-1,-1,-1
860,66,1565.72,63.96,350.64,1015.90,0.9029,-1,-1,-1
861,57,963.27,121.87,163.05,520.65,0.8619,-1,-1,-1
861,58,794.02,145.51,174.66,465.11,0.8512,-1,-1,-1
861,59,67.34,-0.42,368.38,1073.33,0.8692,-1,-1,-1
861,61,461.19,16.66,363.85,1061.70,0.9101,-1,-1,-1
861,65,1157.35,214.40,105.81,327.82,0.6877,-1,-1,-1
861,66,1567.58,54.86,354.63,1025.59,0.9074,-1,-1,-1
862,57,961.06,119.60,164.24,519.56,0.8488,-1,-1,-1
862,58,794.46,142.91,173.47,461.79,0.8395,-1,-1,-1
862,59,39.27,-1.71,375.65,1073.42,0.7873,-1,-1,-1
862,61,452.04,7.02,369.75,1070.97,0.9137,-1,-1,-1
862,65,1157.74,212.16,104.71,326.18,0.6659,-1,-1,-1
862,66,1571.07,40.22,357.55,1037.05,0.9107,-1,-1,-1
863,57,964.30,115.16,165.45,521.27,0.8304,-1,-1,-1
863,58,793.72,140.28,172.96,460.35,0.8489,-1,-1,-1
863,59,28.27,-2.73,379.60,1075.20,0.8525,-1,-1,-1
863,61,442.20,1.30,374.73,1075.28,0.9201,-1,-1,-1
863,65,1158.25,210.45,103.73,324.46,0.6466,-1,-1,-1
863,66,1576.52,32.77,357.43,1043.45,0.9092,-1,-1,-1
864,57,965.82,112.34,166.91,523.44,0.8339,-1,-1,-1
864,58,792.13,138.47,172.67,459.49,0.8544,-1,-1,-1
864,59,17.98,-2.62,382.89,1075.24,0.8977,-1,-1,-1
864,61,429.86,-0.80,378.62,1076.65,0.9225,-1,-1,-1
864,65,1158.25,207.30,104.54,328.50,0.6392,-1,-1,-1
864,66,1581.14,19.43,358.65,1058.07,0.9040,-1,-1,-1
865,57,965.72,109.43,169.23,527.54,0.8287,-1,-1,-1
865,58,793.16,136.27,172.90,460.64,0.8499,-1,-1,-1
865,59,7.70,-2.64,384.71,1074.37,0.9118,-1,-1,-1
865,61,417.91,-1.42,382.66,1078.16,0.9202,-1,-1,-1
865,65,1158.27,205.04,105.61,331.68,0.6334,-1,-1,-1
865,66,1589.32,11.06,356.47,1067.06,0.9013,-1,-1,-1
866,57,967.06,107.29,170.45,528.84,0.8338,-1,-1,-1
866,58,794.27,134.66,173.72,464.11,0.8541,-1,-1,-1
866,59,-7.08,0.23,382.37,1072.30,0.9118,-1,-1,-1
866,61,403.13,-0.78,386.93,1076.99,0.9195,-1,-1,-1
866,65,1160.44,203.18,105.18,333.01,0.6827,-1,-1,-1
866,66,1607.59,1.38,350.61,1075.33,0.8884,-1,-1,-1
867,57,973.42,105.41,170.47,529.01,0.8221,-1,-1,-1
867,58,794.64,135.69,174.59,466.97,0.8571,-1,-1,-1
867,59,-19.71,1.21,377.73,1070.92,0.9207,-1,-1,-1
867,61,385.34,1.01,390.52,1073.02,0.9154,-1,-1,-1
867,65,1165.34,201.49,105.07,335.41,0.6991,-1,-1,-1
867,66,1630.61,-1.12,340.10,1077.84,0.8728,-1,-1,-1
868,57,979.33,106.93,167.25,523.26,0.8263,-1,-1,-1
868,58,794.27,138.90,175.59,469.45,0.8590,-1,-1,-1
868,59,-29.08,0.84,371.85,1071.14,0.9111,-1,-1,-1
868,61,362.24,-0.20,396.22,1073.18,0.9192,-1,-1,-1
868,65,1167.39,201.73,105.07,337.64,0.6995,-1,-1,-1
868,66,1665.42,109.60,297.00,965.26,0.7516,-1,-1,-1
869,57,980.42,106.05,165.66,521.11,0.8229,-1,-1,-1
869,58,793.48,141.41,175.91,471.08,0.8630,-1,-1,-1
869,59,-36.55,1.79,362.61,1065.76,0.9165,-1,-1,-1
869,61,337.03,0.05,402.73,1071.76,0.9161,-1,-1,-1
869,65,1169.19,202.38,105.06,339.77,0.7079,-1,-1,-1
870,57,978.96,107.94,163.65,518.63,0.8241,-1,-1,-1
870,58,793.16,143.34,176.05,472.73,0.8691,-1,-1,-1
870,59,-43.60,3.76,352.61,1062.68,0.9126,-1,-1,-1
870,61,308.86,0.55,411.20,1071.75,0.9113,-1,-1,-1
870,65,1169.87,202.57,105.57,342.67,0.7101,-1,-1,-1
870,66,1737.04,189.82,205.97,680.33,0.7601,-1,-1,-1
871,57,978.49,111.85,161.56,518.06,0.8178,-1,-1,-1
871,58,793.79,148.45,175.25,471.40,0.8587,-1,-1,-1
871,59,-50.48,5.00,341.97,1062.24,0.8959,-1,-1,-1
871,61,280.00,0.44,420.56,1072.58,0.9159,-1,-1,-1
871,65,1171.61,203.83,105.51,344.30,0.6878,-1,-1,-1
871,66,1770.16,241.30,174.36,594.23,0.5828,-1,-1,-1
872,57,980.43,114.93,159.96,517.84,0.8111,-1,-1,-1
872,58,794.60,154.11,174.63,470.86,0.8490,-1,-1,-1
872,59,-59.24,6.20,328.36,1059.85,0.8787,-1,-1,-1
872,61,252.70,0.27,430.09,1070.56,0.9146,-1,-1,-1
872,65,1176.04,205.12,104.98,346.51,0.7180,-1,-1,-1
872,67,616.31,143.09,162.27,469.13,0.7941,-1,-1,-1
873,57,980.30,119.06,157.66,515.77,0.8106,-1,-1,-1
873,58,795.41,158.65,174.94,472.76,0.8356,-1,-1,-1
873,59,-63.69,35.92,306.45,1032.30,0.8602,-1,-1,-1
873,61,219.99,1.08,441.64,1068.62,0.9237,-1,-1,-1
873,65,1177.10,206.93,105.09,348.66,0.7083,-1,-1,-1
873,67,609.19,145.43,166.84,482.85,0.7627,-1,-1,-1
874,57,979.94,122.52,156.91,519.51,0.7985,-1,-1,-1
874,58,796.28,163.47,174.51,472.98,0.8371,-1,-1,-1
874,59,-64.05,96.07,276.21,975.84,0.8119,-1,-1,-1
874,61,185.72,-0.61,454.92,1068.85,0.9102,-1,-1,-1
874,65,1177.13,208.72,105.25,349.70,0.7217,-1,-1,-1
874,67,604.77,149.26,168.60,488.16,0.7563,-1,-1,-1
875,57,980.54,127.70,154.80,518.33,0.7910,-1,-1,-1
875,58,798.31,164.75,174.36,474.12,0.8290,-1,-1,-1
875,61,159.37,-0.02,466.41,1066.35,0.9137,-1,-1,-1
875,65,1175.11,210.65,105.79,349.20,0.6493,-1,-1,-1
875,67,600.10,150.15,169.78,491.13,0.7741,-1,-1,-1
876,57,983.02,131.75,152.31,516.88,0.8014,-1,-1,-1
876,58,800.49,166.74,173.32,471.75,0.8373,-1,-1,-1
876,61,107.50,0.57,485.21,1068.29,0.8977,-1,-1,-1
876,65,1177.16,210.58,107.09,350.75,0.6063,-1,-1,-1
876,67,592.97,149.12,172.50,498.05,0.8000,-1,-1,-1
877,57,982.97,134.47,150.59,517.69,0.8115,-1,-1,-1
877,58,802.58,167.39,171.16,465.27,0.8343,-1,-1,-1
877,61,75.72,0.70,500.63,1068.44,0.9369,-1,-1,-1
877,65,1176.67,209.79,108.51,353.90,0.6403,-1,-1,-1
877,67,581.95,147.60,174.06,503.26,0.7881,-1,-1,-1
878,57,980.79,135.24,148.96,516.05,0.7997,-1,-1,-1
878,58,800.90,165.65,172.36,469.48,0.8295,-1,-1,-1
878,61,55.35,1.28,513.36,1069.56,0.9417,-1,-1,-1
878,65,1178.42,207.97,109.76,356.83,0.6438,-1,-1,-1
878,67,575.66,144.30,177.17,510.00,0.7966,-1,-1,-1
879,57,980.32,136.07,146.97,513.66,0.8163,-1,-1,-1
879,58,799.46,163.15,173.35,473.53,0.8388,-1,-1,-1
879,61,39.25,1.08,521.89,1068.79,0.9240,-1,-1,-1
879,65,1175.21,207.01,110.31,357.53,0.6911,-1,-1,-1
879,67,566.83,143.61,179.61,513.82,0.8391,-1,-1,-1
880,57,978.55,136.06,145.52,511.41,0.8103,-1,-1,-1
880,58,799.83,159.76,172.25,470.64,0.8507,-1,-1,-1
880,61,24.95,4.46,526.41,1066.27,0.9167,-1,-1,-1
880,65,1173.60,204.08,111.44,360.34,0.7163,-1,-1,-1
880,67,558.18,143.16,182.97,518.45,0.8515,-1,-1,-1
881,57,976.38,135.58,145.11,510.73,0.8070,-1,-1,-1
881,58,799.69,157.63,171.11,466.71,0.8605,-1,-1,-1
881,61,11.23,4.22,528.42,1064.49,0.9261,-1,-1,-1
881,65,1175.38,200.52,112.34,364.13,0.7112,-1,-1,-1
881,67,551.05,143.33,187.26,521.37,0.8297,-1,-1,-1
882,57,969.07,133.21,146.36,514.41,0.8413,-1,-1,-1
882,58,797.01,154.55,171.58,468.04,0.8555,-1,-1,-1
882,61,-0.21,4.96,528.64,1063.95,0.9208,-1,-1,-1
882,65,1176.50,199.36,112.64,364.94,0.7519,-1,-1,-1
882,67,539.60,141.65,193.43,530.84,0.8172,-1,-1,-1
883,57,962.07,126.93,147.37,520.87,0.8341,-1,-1,-1
883,58,795.09,152.56,171.11,466.31,0.8533,-1,-1,-1
883,61,-10.63,6.12,525.43,1061.06,0.9380,-1,-1,-1
883,65,1176.80,200.86,112.61,364.05,0.7630,-1,-1,-1
883,67,526.76,141.32,198.87,536.20,0.8178,-1,-1,-1
883,68,693.76,219.11,96.96,365.91,0.6266,-1,-1,-1
884,57,958.37,123.22,147.69,523.63,0.7682,-1,-1,-1
884,58,793.93,151.03,171.03,466.51,0.8348,-1,-1,-1
884,61,-25.77,6.11,518.68,1059.16,0.9146,-1,-1,-1
884,65,1177.44,199.91,113.43,366.98,0.7447,-1,-1,-1
884,67,511.36,139.52,203.90,542.35,0.7863,-1,-1,-1
884,68,685.95,225.31,95.17,357.34,0.4744,-1,-1,-1
885,57,956.74,119.18,147.69,525.74,0.7980,-1,-1,-1
885,58,789.97,149.43,171.85,469.46,0.8272,-1,-1,-1
885,61,-42.98,7.65,508.30,1058.13,0.9100,-1,-1,-1
885,65,1177.21,199.50,113.93,367.51,0.7263,-1,-1,-1
885,67,500.21,139.17,209.35,549.16,0.7694,-1,-1,-1
885,68,679.71,227.02,93.33,347.51,0.4696,-1,-1,-1
886,57,954.51,116.45,145.71,519.99,0.8178,-1,-1,-1
886,58,782.92,147.85,173.02,474.03,0.8347,-1,-1,-1
886,61,-61.49,5.40,495.41,1060.36,0.8796,-1,-1,-1
886,65,1175.34,200.88,114.67,368.45,0.7361,-1,-1,-1
886,67,478.55,136.68,215.58,558.44,0.7899,-1,-1,-1
886,68,674.04,217.16,87.01,319.32,0.3491,-1,-1,-1
887,57,952.92,115.71,144.48,515.79,0.8074,-1,-1,-1
887,58,775.41,151.26,173.04,472.18,0.8472,-1,-1,-1
887,61,-78.90,15.41,472.49,1049.72,0.4269,-1,-1,-1
887,65,1171.79,202.93,114.65,368.53,0.7784,-1,-1,-1
887,67,462.45,128.48,223.66,571.25,0.8619,-1,-1,-1
887,68,663.31,221.00,85.70,307.74,0.4475,-1,-1,-1
888,57,942.00,121.55,143.18,504.67,0.8171,-1,-1,-1
888,58,772.77,153.84,172.16,470.87,0.8299,-1,-1,-1
888,65,1168.99,204.35,114.73,367.45,0.7411,-1,-1,-1
888,67,446.50,120.58,231.22,583.41,0.8356,-1,-1,-1
888,68,651.08,214.70,88.48,312.07,0.4525,-1,-1,-1
889,57,934.18,117.52,145.09,508.61,0.7966,-1,-1,-1
889,58,764.36,155.95,172.15,470.93,0.7858,-1,-1,-1
889,65,1165.33,204.59,115.60,369.23,0.7053,-1,-1,-1
889,67,428.79,112.17,237.52,592.24,0.8579,-1,-1,-1
889,68,632.21,222.04,90.18,310.21,0.3007,-1,-1,-1
890,57,913.96,118.89,147.49,509.94,0.8088,-1,-1,-1
890,58,751.73,161.09,171.81,471.10,0.8132,-1,-1,-1
890,65,1156.71,207.11,115.95,370.31,0.7253,-1,-1,-1
890,67,402.86,106.22,243.51,604.28,0.8355,-1,-1,-1
890,68,602.11,198.91,110.83,380.21,0.4052,-1,-1,-1
891,57,906.64,119.95,149.38,513.18,0.8333,-1,-1,-1
891,58,735.85,163.60,172.26,470.08,0.8517,-1,-1,-1
891,65,1146.97,209.42,116.23,370.71,0.7855,-1,-1,-1
891,67,377.53,95.42,252.05,619.61,0.7532,-1,-1,-1
891,68,592.79,206.57,108.13,372.19,0.3734,-1,-1,-1
892,57,893.16,122.31,150.33,513.81,0.8481,-1,-1,-1
892,58,721.24,166.28,172.09,468.81,0.8357,-1,-1,-1
892,65,1136.18,212.21,116.06,371.21,0.7824,-1,-1,-1
892,67,354.15,87.38,259.88,633.47,0.8512,-1,-1,-1
893,57,881.59,125.48,151.42,514.70,0.8262,-1,-1,-1
893,58,707.75,166.36,172.90,470.85,0.8187,-1,-1,-1
893,65,1126.33,214.39,117.67,376.75,0.7904,-1,-1,-1
893,67,329.06,83.37,267.12,645.98,0.7572,-1,-1,-1
894,57,869.80,130.63,152.77,516.74,0.7594,-1,-1,-1
894,58,694.97,167.62,173.48,473.26,0.8463,-1,-1,-1
894,65,1118.45,217.57,117.54,377.10,0.7929,-1,-1,-1
894,67,309.47,81.61,272.99,654.04,0.8381,-1,-1,-1
895,57,854.12,134.49,153.96,518.71,0.7763,-1,-1,-1
895,58,682.23,169.99,172.71,472.20,0.8566,-1,-1,-1
895,65,1111.46,220.14,118.50,379.08,0.7965,-1,-1,-1
895,67,290.59,79.00,281.41,669.58,0.7094,-1,-1,-1
896,57,842.91,137.61,156.70,518.96,0.8283,-1,-1,-1
896,58,673.66,170.12,171.45,469.07,0.8336,-1,-1,-1
896,65,1106.54,224.17,118.57,376.92,0.7502,-1,-1,-1
896,67,266.01,76.38,287.21,682.96,0.8387,-1,-1,-1
897,57,833.98,143.06,158.25,515.39,0.8283,-1,-1,-1
897,58,666.16,170.29,170.48,467.22,0.8089,-1,-1,-1
897,65,1100.72,227.07,119.38,377.17,0.7875,-1,-1,-1
897,67,247.52,71.70,296.26,703.00,0.8677,-1,-1,-1
898,57,831.51,146.92,160.51,515.08,0.8318,-1,-1,-1
898,58,661.75,170.07,169.76,466.22,0.8207,-1,-1,-1
898,65,1097.74,228.30,121.04,380.78,0.8017,-1,-1,-1
898,67,231.36,67.02,308.63,733.16,0.8665,-1,-1,-1
899,57,829.20,149.37,163.08,515.56,0.8329,-1,-1,-1
899,58,655.34,169.95,172.60,473.57,0.7895,-1,-1,-1
899,65,1096.23,231.52,121.48,380.58,0.7908,-1,-1,-1
899,67,217.65,64.67,314.50,747.82,0.8346,-1,-1,-1
900,57,829.97,152.04,164.73,514.56,0.8239,-1,-1,-1
900,58,653.40,169.96,174.47,479.80,0.8100,-1,-1,-1
900,65,1098.58,231.21,123.28,384.19,0.8068,-1,-1,-1
900,67,199.75,60.11,316.66,761.00,0.7912,-1,-1,-1
