1,1,371.74,408.30,79.69,239.71,0.7909,-1,-1,-1
1,2,104.37,546.39,73.25,245.35,0.7260,-1,-1,-1
1,3,1095.29,980.85,73.73,99.15,0.6920,-1,-1,-1
1,4,1732.44,452.89,73.78,221.06,0.6220,-1,-1,-1
2,1,372.39,408.15,79.73,239.81,0.7973,-1,-1,-1
2,2,104.13,546.53,73.32,245.60,0.7255,-1,-1,-1
2,3,1099.40,981.16,73.46,98.84,0.6895,-1,-1,-1
2,4,1732.18,454.79,72.19,216.11,0.6073,-1,-1,-1
3,1,372.74,407.86,80.11,241.07,0.7819,-1,-1,-1
3,2,104.43,546.18,73.61,246.61,0.7315,-1,-1,-1
3,3,1103.64,980.94,73.58,99.06,0.6963,-1,-1,-1
3,4,1731.40,453.32,73.20,219.11,0.6000,-1,-1,-1
4,1,372.68,407.36,80.13,241.15,0.7959,-1,-1,-1
4,2,104.00,545.82,73.75,247.16,0.7230,-1,-1,-1
4,3,1106.71,979.25,74.72,100.75,0.6950,-1,-1,-1
4,4,1730.38,452.71,72.67,217.34,0.6199,-1,-1,-1
5,1,373.77,406.86,80.12,241.28,0.7978,-1,-1,-1
5,2,103.66,545.84,73.69,247.13,0.7243,-1,-1,-1
5,3,1110.10,976.61,76.46,103.39,0.6964,-1,-1,-1
5,4,1729.30,452.22,73.02,218.24,0.6542,-1,-1,-1
6,1,374.67,406.10,79.80,240.36,0.7852,-1,-1,-1
6,2,103.83,546.01,73.56,246.87,0.7309,-1,-1,-1
6,3,1112.58,975.72,76.90,104.28,0.6912,-1,-1,-1
6,4,1728.30,454.13,72.56,216.39,0.6514,-1,-1,-1
6,5,1356.35,570.13,82.22,213.48,0.6186,-1,-1,-1
7,1,375.84,404.97,79.76,240.11,0.7800,-1,-1,-1
7,2,103.81,545.98,73.33,246.20,0.7311,-1,-1,-1
7,3,1113.84,974.15,77.63,105.85,0.7056,-1,-1,-1
7,4,1727.88,454.34,71.76,213.41,0.6315,-1,-1,-1
7,5,1356.38,570.31,82.05,213.03,0.6334,-1,-1,-1
8,1,376.87,402.77,79.51,239.21,0.7696,-1,-1,-1
8,2,104.36,546.08,73.40,246.54,0.7358,-1,-1,-1
8,3,1115.71,973.28,77.76,106.72,0.7071,-1,-1,-1
8,4,1726.84,454.70,70.90,209.76,0.6454,-1,-1,-1
8,5,1356.05,570.02,82.55,214.43,0.6125,-1,-1,-1
9,1,377.90,401.80,79.19,237.70,0.7678,-1,-1,-1
9,2,104.64,546.07,73.48,246.78,0.7443,-1,-1,-1
9,3,1119.45,973.24,77.10,106.76,0.6692,-1,-1,-1
9,4,1725.79,454.50,71.22,209.86,0.6349,-1,-1,-1
9,5,1356.05,570.35,82.49,214.41,0.6143,-1,-1,-1
10,1,378.59,400.48,78.97,236.45,0.7579,-1,-1,-1
10,2,104.97,545.92,73.51,246.72,0.7400,-1,-1,-1
10,3,1122.96,973.00,76.54,107.00,0.6880,-1,-1,-1
10,4,1725.50,454.67,71.37,209.62,0.6104,-1,-1,-1
10,5,1355.84,569.65,83.04,215.91,0.6147,-1,-1,-1
11,1,379.67,398.44,78.52,234.48,0.7550,-1,-1,-1
11,2,104.87,546.10,73.57,246.77,0.7417,-1,-1,-1
11,3,1126.36,973.40,75.64,106.60,0.6688,-1,-1,-1
11,4,1725.67,458.08,70.69,206.49,0.6067,-1,-1,-1
11,5,1355.93,569.67,83.09,216.15,0.6406,-1,-1,-1
12,1,379.90,396.87,78.58,233.88,0.7530,-1,-1,-1
12,2,104.89,546.12,73.76,247.04,0.7371,-1,-1,-1
12,3,1129.82,973.21,75.11,106.79,0.6720,-1,-1,-1
12,4,1725.54,459.32,70.69,205.36,0.6362,-1,-1,-1
12,5,1355.92,569.59,82.78,215.70,0.6329,-1,-1,-1
13,1,380.28,395.42,78.42,232.42,0.7610,-1,-1,-1
13,2,104.97,545.97,74.09,247.67,0.7420,-1,-1,-1
13,3,1132.11,972.85,74.62,107.15,0.6339,-1,-1,-1
13,4,1725.32,458.50,71.27,206.50,0.6621,-1,-1,-1
13,5,1356.14,569.96,82.15,214.18,0.6359,-1,-1,-1
14,1,380.74,394.61,78.33,231.36,0.7606,-1,-1,-1
14,2,104.86,545.92,74.41,248.27,0.7475,-1,-1,-1
14,3,1134.63,972.58,73.92,107.42,0.6305,-1,-1,-1
14,4,1725.08,459.44,71.64,206.35,0.6575,-1,-1,-1
14,5,1356.36,569.93,82.12,214.43,0.6135,-1,-1,-1
15,1,381.20,393.54,78.56,231.33,0.7611,-1,-1,-1
15,2,104.96,545.98,74.49,248.16,0.7549,-1,-1,-1
15,3,1136.93,972.92,72.68,106.71,0.5995,-1,-1,-1
15,4,1724.70,456.46,72.85,209.66,0.6507,-1,-1,-1
15,5,1356.34,570.39,81.63,213.33,0.6056,-1,-1,-1
16,1,381.28,392.83,78.90,231.89,0.7659,-1,-1,-1
16,2,105.02,546.21,74.35,247.35,0.7503,-1,-1,-1
16,3,1140.48,972.78,71.63,106.37,0.5672,-1,-1,-1
16,4,1724.83,455.56,73.00,210.13,0.6556,-1,-1,-1
16,5,1356.14,570.26,81.62,213.62,0.6194,-1,-1,-1
17,1,381.51,391.68,79.63,233.65,0.7511,-1,-1,-1
17,2,105.24,546.69,74.31,246.35,0.7453,-1,-1,-1
17,3,1143.36,972.88,70.83,106.80,0.5345,-1,-1,-1
17,4,1724.61,457.62,73.00,209.13,0.6399,-1,-1,-1
17,5,1356.32,570.05,81.97,214.63,0.6041,-1,-1,-1
18,1,381.37,390.08,80.56,236.13,0.7520,-1,-1,-1
18,2,105.23,546.60,74.40,245.99,0.7479,-1,-1,-1
18,3,1146.12,973.04,69.65,106.85,0.5305,-1,-1,-1
18,4,1724.68,457.96,73.11,208.59,0.6457,-1,-1,-1
18,5,1356.22,569.95,81.86,214.57,0.6182,-1,-1,-1
18,8,531.67,156.11,58.29,186.76,0.6042,-1,-1,-1
19,1,381.52,388.66,81.28,237.87,0.7551,-1,-1,-1
19,2,105.18,546.60,74.58,246.10,0.7459,-1,-1,-1
19,3,1148.69,972.75,68.78,107.21,0.5198,-1,-1,-1
19,4,1724.21,456.01,73.81,210.37,0.6467,-1,-1,-1
19,5,1356.19,569.97,81.82,214.88,0.6405,-1,-1,-1
19,8,530.80,158.75,57.38,183.77,0.5466,-1,-1,-1
20,1,381.31,387.22,81.91,239.52,0.7480,-1,-1,-1
20,2,105.02,546.60,74.66,245.97,0.7456,-1,-1,-1
20,3,1151.40,972.78,67.58,107.21,0.5105,-1,-1,-1
20,4,1724.68,457.92,73.31,208.11,0.6295,-1,-1,-1
20,5,1356.35,570.44,81.49,214.33,0.6494,-1,-1,-1
20,8,529.66,158.91,57.29,183.69,0.5439,-1,-1,-1
21,1,381.21,386.23,82.23,240.17,0.7588,-1,-1,-1
21,2,104.87,546.48,74.85,246.26,0.7433,-1,-1,-1
21,3,1153.44,973.21,66.41,106.79,0.5021,-1,-1,-1
21,4,1724.53,458.13,73.56,208.20,0.6341,-1,-1,-1
21,5,1356.37,570.43,81.71,215.63,0.6137,-1,-1,-1
21,8,529.19,159.02,57.13,183.54,0.5888,-1,-1,-1
22,1,381.38,385.93,82.20,239.79,0.7578,-1,-1,-1
22,2,104.83,546.75,74.83,245.71,0.7385,-1,-1,-1
22,3,1154.28,974.20,65.18,105.80,0.5591,-1,-1,-1
22,4,1724.59,458.44,73.46,207.58,0.6682,-1,-1,-1
22,5,1356.50,570.22,81.39,215.22,0.6385,-1,-1,-1
22,8,527.45,156.61,57.83,186.36,0.5037,-1,-1,-1
23,1,381.74,385.28,81.91,238.94,0.7569,-1,-1,-1
23,2,104.79,546.58,74.90,245.62,0.7394,-1,-1,-1
23,3,1156.54,973.94,64.96,106.07,0.5504,-1,-1,-1
23,4,1724.67,457.81,73.52,207.63,0.6392,-1,-1,-1
23,5,1356.50,570.02,81.34,215.24,0.6141,-1,-1,-1
23,8,525.47,157.24,57.67,186.89,0.4697,-1,-1,-1
24,1,381.77,384.86,81.62,238.08,0.7574,-1,-1,-1
24,2,104.86,546.57,75.04,245.66,0.7382,-1,-1,-1
24,3,1158.21,974.60,64.28,105.40,0.5497,-1,-1,-1
24,4,1724.03,456.09,74.31,209.98,0.6434,-1,-1,-1
24,5,1356.17,569.80,81.87,216.97,0.5891,-1,-1,-1
24,8,523.66,157.19,57.74,187.62,0.4250,-1,-1,-1
25,1,381.63,384.08,81.30,237.28,0.7571,-1,-1,-1
25,2,104.69,546.80,75.26,245.88,0.7384,-1,-1,-1
25,3,1159.39,974.74,64.00,105.26,0.5631,-1,-1,-1
25,4,1723.52,457.46,74.25,209.21,0.6544,-1,-1,-1
25,5,1356.48,570.16,80.71,214.17,0.6125,-1,-1,-1
25,8,523.32,158.62,56.94,185.50,0.4365,-1,-1,-1
26,1,381.73,382.99,81.13,237.23,0.7684,-1,-1,-1
26,2,104.30,546.36,75.73,246.92,0.7375,-1,-1,-1
26,3,1160.76,975.01,63.67,104.99,0.5967,-1,-1,-1
26,4,1722.66,454.70,75.26,212.64,0.6365,-1,-1,-1
26,5,1356.73,570.47,80.47,213.48,0.6084,-1,-1,-1
26,8,523.45,160.31,56.22,183.97,0.4214,-1,-1,-1
27,1,381.66,381.48,81.16,237.37,0.7790,-1,-1,-1
27,2,103.98,546.19,75.90,247.15,0.7377,-1,-1,-1
27,3,1162.55,975.06,63.54,104.94,0.6073,-1,-1,-1
27,4,1723.07,457.70,74.09,208.91,0.6521,-1,-1,-1
27,5,1356.45,570.16,80.74,214.34,0.5868,-1,-1,-1
27,8,523.54,160.79,56.15,184.88,0.3655,-1,-1,-1
28,1,382.07,379.67,81.42,237.85,0.7725,-1,-1,-1
28,2,103.80,546.62,75.82,246.38,0.7386,-1,-1,-1
28,3,1164.49,975.61,63.22,104.39,0.6165,-1,-1,-1
28,4,1722.74,456.21,74.59,210.66,0.6400,-1,-1,-1
28,5,1356.44,569.64,81.20,215.71,0.5881,-1,-1,-1
28,9,1.17,828.09,56.32,233.01,0.6340,-1,-1,-1
29,1,382.74,378.00,81.51,238.02,0.7810,-1,-1,-1
29,2,103.60,546.41,76.01,246.48,0.7455,-1,-1,-1
29,3,1166.19,975.82,63.31,104.18,0.6355,-1,-1,-1
29,4,1723.06,457.06,74.13,209.25,0.6502,-1,-1,-1
29,5,1356.64,569.75,81.12,215.43,0.6246,-1,-1,-1
29,9,2.11,826.64,55.48,229.19,0.6978,-1,-1,-1
30,1,383.77,376.48,81.49,237.20,0.7847,-1,-1,-1
30,2,103.76,546.96,75.94,245.69,0.7384,-1,-1,-1
30,3,1168.18,976.67,63.02,103.29,0.6211,-1,-1,-1
30,4,1723.39,457.37,74.06,208.71,0.6633,-1,-1,-1
30,5,1356.36,569.83,81.08,215.67,0.6171,-1,-1,-1
30,9,2.39,823.56,55.35,228.07,0.6767,-1,-1,-1
31,1,385.92,374.91,81.19,234.36,0.7516,-1,-1,-1
31,2,103.49,546.89,76.14,246.15,0.7404,-1,-1,-1
31,3,1169.83,977.20,63.04,102.79,0.6157,-1,-1,-1
31,4,1722.72,455.84,74.73,211.12,0.6545,-1,-1,-1
31,5,1356.55,569.76,80.62,214.46,0.5914,-1,-1,-1
31,9,1.53,818.34,57.30,235.88,0.6491,-1,-1,-1
32,1,387.74,373.34,81.69,232.85,0.7457,-1,-1,-1
32,2,103.26,546.76,76.22,246.38,0.7472,-1,-1,-1
32,3,1171.20,977.97,62.98,102.03,0.6746,-1,-1,-1
32,4,1723.01,456.89,74.39,209.80,0.6534,-1,-1,-1
32,5,1356.35,569.77,80.53,214.36,0.6039,-1,-1,-1
32,9,0.95,815.30,58.80,241.93,0.6162,-1,-1,-1
33,1,388.88,371.22,82.71,232.68,0.7501,-1,-1,-1
33,2,103.41,546.76,76.44,246.52,0.7486,-1,-1,-1
33,3,1172.94,978.88,62.87,101.12,0.6781,-1,-1,-1
33,4,1722.71,457.20,74.56,210.14,0.6571,-1,-1,-1
33,5,1356.05,569.49,81.34,216.61,0.6021,-1,-1,-1
33,9,0.64,813.20,60.18,247.51,0.6217,-1,-1,-1
34,1,389.44,370.26,83.35,231.80,0.7515,-1,-1,-1
34,2,103.32,546.82,76.57,246.54,0.7391,-1,-1,-1
34,3,1175.64,980.58,62.29,99.42,0.6763,-1,-1,-1
34,4,1722.81,457.95,74.06,208.63,0.6499,-1,-1,-1
34,5,1356.47,569.34,81.32,216.69,0.5996,-1,-1,-1
34,9,0.65,811.26,60.73,249.66,0.6135,-1,-1,-1
35,1,389.32,369.31,84.47,232.43,0.7410,-1,-1,-1
35,2,103.27,546.86,76.85,246.92,0.7346,-1,-1,-1
35,3,1178.58,982.06,61.66,97.94,0.6624,-1,-1,-1
35,4,1722.53,457.67,74.03,208.60,0.6606,-1,-1,-1
35,5,1356.29,569.38,81.16,216.01,0.6011,-1,-1,-1
35,9,1.00,810.28,61.68,253.08,0.5751,-1,-1,-1
36,1,388.97,368.70,85.29,232.81,0.7009,-1,-1,-1
36,2,103.19,547.05,76.80,246.55,0.7385,-1,-1,-1
36,3,1181.31,983.80,60.96,96.20,0.6412,-1,-1,-1
36,4,1722.89,458.46,73.85,207.96,0.6161,-1,-1,-1
36,5,1356.28,569.40,81.44,216.55,0.5767,-1,-1,-1
36,9,1.46,809.55,61.34,250.95,0.5426,-1,-1,-1
37,1,388.24,367.72,85.86,233.55,0.6902,-1,-1,-1
37,2,103.10,547.21,76.61,245.90,0.7344,-1,-1,-1
37,3,1184.09,984.51,60.91,95.49,0.6850,-1,-1,-1
37,4,1722.87,457.78,74.16,208.95,0.6401,-1,-1,-1
37,5,1356.16,569.16,82.09,218.38,0.5677,-1,-1,-1
37,9,2.29,808.58,61.45,249.92,0.6285,-1,-1,-1
38,1,387.54,366.61,86.17,234.73,0.6937,-1,-1,-1
38,2,102.86,547.01,76.50,245.55,0.7328,-1,-1,-1
38,3,1186.59,984.58,61.43,95.42,0.6922,-1,-1,-1
38,4,1722.98,458.25,73.86,207.84,0.6428,-1,-1,-1
38,5,1356.36,569.33,81.10,215.37,0.6049,-1,-1,-1
38,9,2.89,808.12,61.28,247.43,0.6404,-1,-1,-1
39,1,386.95,365.39,86.50,236.32,0.6891,-1,-1,-1
39,2,102.87,547.19,76.47,245.05,0.7308,-1,-1,-1
39,3,1189.48,984.09,62.37,95.91,0.6789,-1,-1,-1
39,4,1722.35,457.27,74.24,209.22,0.6227,-1,-1,-1
39,5,1356.57,568.34,81.61,216.97,0.5814,-1,-1,-1
39,9,2.97,807.16,61.31,245.78,0.6523,-1,-1,-1
40,1,387.85,366.09,86.26,235.49,0.6972,-1,-1,-1
40,2,102.72,547.08,76.52,244.89,0.7335,-1,-1,-1
40,3,1193.08,983.98,63.07,96.02,0.6545,-1,-1,-1
40,4,1722.16,456.55,74.55,210.47,0.6273,-1,-1,-1
40,5,1357.31,569.22,80.42,213.76,0.6151,-1,-1,-1
40,9,3.08,806.19,61.17,243.45,0.6072,-1,-1,-1
41,1,388.83,365.81,86.14,235.43,0.6909,-1,-1,-1
41,2,102.69,546.81,76.78,245.44,0.7313,-1,-1,-1
41,3,1195.49,984.81,63.01,95.19,0.6802,-1,-1,-1
41,4,1722.08,456.05,74.63,210.93,0.6395,-1,-1,-1
41,5,1356.94,568.82,80.92,215.13,0.6073,-1,-1,-1
41,9,3.02,805.16,61.60,243.32,0.6001,-1,-1,-1
42,1,389.68,364.67,86.05,235.50,0.7104,-1,-1,-1
42,2,102.81,546.74,76.98,245.63,0.7402,-1,-1,-1
42,3,1198.21,984.96,63.49,95.04,0.6923,-1,-1,-1
42,4,1721.73,455.26,74.71,211.37,0.6461,-1,-1,-1
42,5,1356.86,569.19,80.66,214.52,0.6145,-1,-1,-1
42,9,2.78,802.96,62.03,243.23,0.6312,-1,-1,-1
43,1,390.87,364.67,85.47,233.95,0.7374,-1,-1,-1
43,2,102.53,546.80,77.17,245.80,0.7338,-1,-1,-1
43,3,1201.36,985.18,64.04,94.82,0.6623,-1,-1,-1
43,4,1721.69,454.79,74.80,212.01,0.6162,-1,-1,-1
43,5,1356.77,569.14,80.64,214.48,0.6090,-1,-1,-1
43,9,3.38,799.10,60.82,235.74,0.6608,-1,-1,-1
44,1,391.91,364.44,84.98,232.23,0.7343,-1,-1,-1
44,2,102.39,547.07,77.15,245.49,0.7334,-1,-1,-1
44,3,1202.92,985.45,64.60,94.54,0.6688,-1,-1,-1
44,4,1721.62,456.69,74.26,210.07,0.6474,-1,-1,-1
44,5,1356.68,568.97,81.20,216.08,0.6236,-1,-1,-1
44,9,3.72,795.51,60.37,231.14,0.6726,-1,-1,-1
45,1,392.95,362.40,84.97,232.20,0.7371,-1,-1,-1
45,2,102.01,546.85,77.23,245.70,0.7425,-1,-1,-1
45,3,1204.33,985.77,65.16,94.23,0.6709,-1,-1,-1
45,4,1721.88,458.11,73.76,208.39,0.6321,-1,-1,-1
45,5,1356.38,568.85,81.24,216.24,0.6345,-1,-1,-1
45,9,3.74,792.88,60.61,229.41,0.6685,-1,-1,-1
46,1,394.03,360.92,84.64,231.89,0.7422,-1,-1,-1
46,2,101.90,546.51,77.40,246.09,0.7447,-1,-1,-1
46,3,1204.66,986.20,65.52,93.80,0.6854,-1,-1,-1
46,4,1721.67,458.92,73.47,207.06,0.6155,-1,-1,-1
46,5,1356.49,569.21,81.52,216.76,0.6039,-1,-1,-1
46,9,3.84,790.56,61.26,229.28,0.6718,-1,-1,-1
47,1,394.88,358.87,84.56,231.99,0.7461,-1,-1,-1
47,2,101.73,546.36,77.49,246.20,0.7292,-1,-1,-1
47,3,1205.45,986.33,66.15,93.67,0.6670,-1,-1,-1
47,4,1721.68,458.96,73.80,207.74,0.6306,-1,-1,-1
47,5,1356.66,569.44,81.28,216.06,0.5933,-1,-1,-1
47,9,3.83,788.99,62.37,231.09,0.6183,-1,-1,-1
48,1,396.07,357.22,83.95,230.35,0.7647,-1,-1,-1
48,2,101.68,546.15,77.67,246.74,0.7353,-1,-1,-1
48,3,1207.31,985.18,67.81,94.78,0.6326,-1,-1,-1
48,4,1721.87,459.49,73.45,206.47,0.6357,-1,-1,-1
48,5,1356.92,569.15,81.66,216.74,0.6132,-1,-1,-1
48,9,4.05,788.21,63.63,233.34,0.5857,-1,-1,-1
49,1,397.02,356.32,83.15,227.62,0.7608,-1,-1,-1
49,2,101.60,546.08,77.73,246.92,0.7393,-1,-1,-1
49,3,1207.91,984.06,69.44,95.93,0.6518,-1,-1,-1
49,4,1721.48,459.02,73.76,207.08,0.6575,-1,-1,-1
49,5,1356.75,569.39,82.06,217.71,0.6018,-1,-1,-1
49,9,3.46,785.43,66.65,242.71,0.6188,-1,-1,-1
50,1,397.44,355.07,82.98,226.30,0.7546,-1,-1,-1
50,2,101.68,546.09,77.68,246.66,0.7482,-1,-1,-1
50,3,1208.02,983.18,70.85,96.81,0.6281,-1,-1,-1
50,4,1721.38,459.15,73.70,206.73,0.6391,-1,-1,-1
50,5,1357.09,569.74,81.49,216.14,0.6122,-1,-1,-1
50,9,3.59,784.58,68.41,247.22,0.6055,-1,-1,-1
51,1,398.06,354.23,82.57,223.93,0.7538,-1,-1,-1
51,2,101.67,545.67,77.81,247.17,0.7505,-1,-1,-1
51,3,1208.16,982.06,72.32,97.94,0.6111,-1,-1,-1
51,4,1721.27,459.93,73.43,205.54,0.6227,-1,-1,-1
51,5,1357.22,569.41,81.16,215.18,0.6198,-1,-1,-1
51,9,3.65,783.11,69.00,247.52,0.6422,-1,-1,-1
52,1,398.70,353.11,82.90,223.81,0.7677,-1,-1,-1
52,2,101.74,545.48,77.70,247.09,0.7519,-1,-1,-1
52,3,1207.79,981.78,73.16,98.22,0.6304,-1,-1,-1
52,4,1721.23,457.20,74.47,209.03,0.6266,-1,-1,-1
52,5,1357.02,569.22,81.24,215.37,0.6233,-1,-1,-1
52,9,4.67,782.03,69.15,245.86,0.6113,-1,-1,-1
53,1,399.24,351.59,83.51,225.12,0.7697,-1,-1,-1
53,2,101.64,545.23,77.59,247.41,0.7453,-1,-1,-1
53,3,1207.03,980.50,74.55,99.50,0.6525,-1,-1,-1
53,4,1721.51,456.39,74.43,209.24,0.6261,-1,-1,-1
53,5,1357.45,569.47,80.86,214.07,0.6401,-1,-1,-1
53,9,5.36,780.85,68.85,243.26,0.6510,-1,-1,-1
54,1,399.43,350.76,83.97,225.98,0.7711,-1,-1,-1
54,2,101.60,544.95,77.56,247.96,0.7479,-1,-1,-1
54,3,1206.29,979.93,75.49,100.07,0.6571,-1,-1,-1
54,4,1721.49,456.09,74.51,209.76,0.6240,-1,-1,-1
54,5,1357.51,569.23,80.97,214.04,0.6411,-1,-1,-1
54,9,7.24,778.66,67.97,239.07,0.6455,-1,-1,-1
54,12,383.77,949.17,101.11,129.28,0.7180,-1,-1,-1
55,1,399.67,349.66,84.57,227.64,0.7785,-1,-1,-1
55,2,101.61,545.04,77.52,248.44,0.7363,-1,-1,-1
55,3,1205.91,979.20,76.47,100.80,0.6651,-1,-1,-1
55,4,1721.76,456.57,74.71,210.51,0.6376,-1,-1,-1
55,5,1357.43,569.04,81.29,215.04,0.6082,-1,-1,-1
55,9,8.72,775.11,67.84,237.98,0.6805,-1,-1,-1
55,12,384.59,947.66,102.59,131.08,0.6929,-1,-1,-1
56,1,399.83,349.08,84.98,229.05,0.7878,-1,-1,-1
56,2,101.68,544.56,77.55,249.10,0.7376,-1,-1,-1
56,3,1205.09,977.80,77.82,102.20,0.6744,-1,-1,-1
56,4,1721.52,456.02,74.63,210.64,0.6445,-1,-1,-1
56,5,1356.90,569.13,81.53,215.95,0.6102,-1,-1,-1
56,9,9.49,772.40,67.57,235.93,0.6943,-1,-1,-1
56,12,384.98,946.82,103.88,132.66,0.6985,-1,-1,-1
57,1,399.61,348.09,85.25,230.26,0.7938,-1,-1,-1
57,2,101.64,544.75,77.51,249.44,0.7329,-1,-1,-1
57,3,1204.14,976.55,79.02,103.45,0.6850,-1,-1,-1
57,4,1721.72,457.85,73.77,208.19,0.6509,-1,-1,-1
57,5,1357.21,569.19,80.93,214.10,0.6174,-1,-1,-1
57,9,8.86,770.87,67.05,232.14,0.7197,-1,-1,-1
57,12,386.03,946.02,104.52,133.43,0.7176,-1,-1,-1
58,1,399.55,347.15,85.47,231.15,0.7873,-1,-1,-1
58,2,101.79,545.09,77.27,249.27,0.7288,-1,-1,-1
58,3,1203.57,976.19,79.67,103.82,0.6688,-1,-1,-1
58,4,1721.58,456.26,74.04,209.37,0.6400,-1,-1,-1
58,5,1357.13,569.34,81.14,214.68,0.6247,-1,-1,-1
58,9,10.21,767.85,67.14,229.81,0.7118,-1,-1,-1
58,12,386.62,944.98,105.59,134.89,0.6723,-1,-1,-1
59,1,400.08,345.76,85.77,232.65,0.7851,-1,-1,-1
59,2,101.79,545.09,77.13,249.47,0.7327,-1,-1,-1
59,3,1202.42,975.70,80.54,104.30,0.6719,-1,-1,-1
59,4,1722.03,456.01,74.28,210.47,0.6377,-1,-1,-1
59,5,1357.31,568.92,80.79,213.54,0.6413,-1,-1,-1
59,9,10.84,765.48,67.04,226.15,0.7217,-1,-1,-1
59,12,386.84,943.77,106.29,136.01,0.7142,-1,-1,-1
60,1,400.64,345.58,85.22,231.99,0.7925,-1,-1,-1
60,2,101.56,545.12,77.23,250.28,0.7259,-1,-1,-1
60,3,1201.39,974.86,81.55,105.14,0.6700,-1,-1,-1
60,4,1722.16,457.90,73.55,208.30,0.6275,-1,-1,-1
60,5,1356.92,568.92,81.25,214.80,0.6262,-1,-1,-1
60,9,11.08,761.26,67.09,225.21,0.7345,-1,-1,-1
60,12,386.66,941.12,107.83,138.20,0.7101,-1,-1,-1
61,1,400.82,344.44,84.76,231.36,0.7977,-1,-1,-1
61,2,101.87,545.97,76.47,248.53,0.7279,-1,-1,-1
61,3,1198.89,972.78,83.40,107.22,0.6306,-1,-1,-1
61,4,1722.18,457.77,73.26,207.81,0.6112,-1,-1,-1
61,5,1357.16,569.19,81.03,214.26,0.6299,-1,-1,-1
61,9,11.04,758.32,67.26,225.26,0.7307,-1,-1,-1
61,12,386.39,939.27,109.28,140.21,0.6141,-1,-1,-1
62,1,401.00,343.18,84.40,231.10,0.7907,-1,-1,-1
62,2,102.09,546.57,76.07,247.82,0.7287,-1,-1,-1
62,3,1197.66,972.31,84.04,107.69,0.6220,-1,-1,-1
62,4,1722.24,456.86,73.58,208.84,0.6000,-1,-1,-1
62,5,1357.29,569.22,81.08,214.58,0.6174,-1,-1,-1
62,9,11.70,756.21,67.42,225.37,0.7302,-1,-1,-1
62,12,385.31,937.09,110.38,141.82,0.5694,-1,-1,-1
63,1,401.09,341.39,84.43,231.86,0.7965,-1,-1,-1
63,2,102.24,546.69,75.78,247.52,0.7298,-1,-1,-1
63,3,1196.22,971.83,84.71,108.17,0.6573,-1,-1,-1
63,4,1722.13,458.09,73.34,207.82,0.5906,-1,-1,-1
63,5,1357.21,569.03,80.84,213.81,0.6020,-1,-1,-1
63,9,11.80,754.84,68.48,228.07,0.7189,-1,-1,-1
63,12,384.08,934.97,111.65,143.96,0.6604,-1,-1,-1
64,1,401.39,339.06,84.32,232.12,0.7907,-1,-1,-1
64,2,101.96,546.52,75.90,248.32,0.7195,-1,-1,-1
64,3,1194.90,972.67,84.38,107.33,0.6856,-1,-1,-1
64,4,1721.94,456.90,73.77,209.11,0.6059,-1,-1,-1
64,5,1356.43,569.28,81.41,215.32,0.5977,-1,-1,-1
64,9,12.02,753.32,68.96,229.06,0.7204,-1,-1,-1
64,12,382.74,931.49,114.11,147.76,0.6716,-1,-1,-1
65,1,401.45,337.15,84.21,232.23,0.7933,-1,-1,-1
65,2,102.23,546.96,75.51,247.31,0.7280,-1,-1,-1
65,3,1193.39,973.00,84.24,107.00,0.6846,-1,-1,-1
65,4,1721.71,458.85,73.37,207.31,0.6133,-1,-1,-1
65,5,1356.73,569.23,81.30,214.54,0.6283,-1,-1,-1
65,9,11.53,752.17,69.83,231.71,0.7136,-1,-1,-1
65,12,380.48,925.38,118.08,154.24,0.5634,-1,-1,-1
66,1,401.81,335.23,84.08,232.09,0.7929,-1,-1,-1
66,2,102.57,546.56,75.64,247.75,0.7208,-1,-1,-1
66,3,1190.87,971.97,85.01,108.03,0.7063,-1,-1,-1
66,4,1721.04,459.19,73.71,207.64,0.6260,-1,-1,-1
66,5,1356.49,568.73,81.92,215.83,0.6046,-1,-1,-1
66,9,11.25,750.91,70.44,233.48,0.7134,-1,-1,-1
66,12,378.79,919.17,121.39,160.72,0.5605,-1,-1,-1
67,1,402.59,333.94,83.50,230.01,0.7944,-1,-1,-1
67,2,102.79,546.74,75.60,247.57,0.7250,-1,-1,-1
67,3,1189.50,971.69,85.36,108.31,0.6942,-1,-1,-1
67,4,1721.16,459.12,73.62,206.99,0.5965,-1,-1,-1
67,5,1356.85,569.03,81.50,214.67,0.5982,-1,-1,-1
67,9,10.58,749.05,71.25,236.14,0.7028,-1,-1,-1
67,12,377.61,914.54,122.56,164.38,0.6553,-1,-1,-1
68,1,403.51,333.27,82.86,227.77,0.7902,-1,-1,-1
68,2,102.77,546.68,75.68,247.75,0.7294,-1,-1,-1
68,3,1186.14,970.25,86.42,109.75,0.6957,-1,-1,-1
68,4,1721.53,459.40,73.65,206.95,0.6081,-1,-1,-1
68,5,1356.67,568.36,81.93,215.76,0.5953,-1,-1,-1
68,9,10.14,746.79,72.26,239.72,0.7077,-1,-1,-1
68,12,377.18,911.89,122.57,166.39,0.7051,-1,-1,-1
69,1,404.02,332.19,82.65,226.27,0.7834,-1,-1,-1
69,2,102.62,546.65,75.73,248.08,0.7309,-1,-1,-1
69,3,1184.01,969.67,86.78,110.30,0.6797,-1,-1,-1
69,4,1721.91,457.74,74.94,210.86,0.5947,-1,-1,-1
69,5,1356.54,568.55,82.28,216.85,0.5962,-1,-1,-1
69,9,10.10,744.81,72.68,241.43,0.7102,-1,-1,-1
69,12,376.91,910.02,122.66,168.54,0.6853,-1,-1,-1
70,1,404.49,331.30,82.43,224.56,0.7903,-1,-1,-1
70,2,102.66,546.42,75.69,248.33,0.7319,-1,-1,-1
70,3,1182.12,969.17,87.05,110.82,0.6649,-1,-1,-1
70,4,1722.27,456.12,75.24,212.04,0.6157,-1,-1,-1
70,5,1356.50,568.42,82.58,217.49,0.6087,-1,-1,-1
70,9,10.77,743.16,72.00,239.06,0.7152,-1,-1,-1
70,12,376.17,907.33,123.50,171.91,0.6793,-1,-1,-1
71,1,404.65,329.99,82.47,223.81,0.7909,-1,-1,-1
71,2,102.28,545.52,76.12,249.82,0.7292,-1,-1,-1
71,3,1180.63,968.34,87.53,111.65,0.6676,-1,-1,-1
71,4,1722.32,456.42,75.02,211.42,0.6225,-1,-1,-1
71,5,1356.56,568.68,82.83,218.40,0.5627,-1,-1,-1
71,9,12.14,741.49,70.62,233.61,0.7212,-1,-1,-1
71,12,374.60,904.97,124.25,174.77,0.7093,-1,-1,-1
72,1,404.64,328.48,83.10,224.90,0.7885,-1,-1,-1
72,2,102.06,544.81,76.29,250.51,0.7259,-1,-1,-1
72,3,1178.64,966.43,88.62,113.57,0.5933,-1,-1,-1
72,4,1722.36,456.83,74.75,210.72,0.6192,-1,-1,-1
72,5,1356.85,568.99,82.74,218.30,0.6062,-1,-1,-1
72,9,12.60,738.31,69.99,230.03,0.7274,-1,-1,-1
72,12,373.73,903.25,124.33,176.69,0.7213,-1,-1,-1
73,1,404.92,327.61,83.71,226.34,0.7872,-1,-1,-1
73,2,101.95,545.02,76.23,250.24,0.7321,-1,-1,-1
73,3,1177.60,965.32,89.17,114.68,0.6094,-1,-1,-1
73,4,1722.36,456.29,75.29,212.54,0.6133,-1,-1,-1
73,5,1357.22,569.35,82.27,216.73,0.6160,-1,-1,-1
73,9,12.70,734.93,70.20,229.33,0.7478,-1,-1,-1
73,12,373.06,902.11,124.06,177.90,0.7151,-1,-1,-1
74,1,405.40,327.32,83.72,226.26,0.7842,-1,-1,-1
74,2,102.07,545.38,75.88,249.22,0.7220,-1,-1,-1
74,3,1176.94,964.88,89.31,115.12,0.6237,-1,-1,-1
74,4,1722.41,458.91,74.02,208.65,0.5958,-1,-1,-1
74,5,1357.12,569.53,81.94,215.53,0.6195,-1,-1,-1
74,9,13.23,732.37,69.90,226.51,0.7514,-1,-1,-1
74,12,372.79,900.38,124.07,179.66,0.6885,-1,-1,-1
75,1,405.45,326.69,83.90,226.67,0.7785,-1,-1,-1
75,2,101.71,545.16,75.91,249.48,0.7284,-1,-1,-1
75,3,1176.23,964.42,89.58,115.58,0.6363,-1,-1,-1
75,4,1722.02,457.63,74.79,211.07,0.6187,-1,-1,-1
75,5,1357.50,569.90,81.14,212.95,0.6548,-1,-1,-1
75,9,12.85,730.86,70.47,226.99,0.7486,-1,-1,-1
75,12,372.69,898.20,124.21,181.84,0.6778,-1,-1,-1
76,1,406.04,326.29,84.01,227.28,0.7724,-1,-1,-1
76,2,101.48,544.44,76.00,250.22,0.7220,-1,-1,-1
76,3,1175.82,963.87,89.88,116.13,0.6886,-1,-1,-1
76,4,1721.87,459.04,73.82,207.90,0.6303,-1,-1,-1
76,5,1357.26,570.39,81.20,212.55,0.6477,-1,-1,-1
76,9,12.28,729.15,71.49,229.55,0.7470,-1,-1,-1
76,12,372.71,895.39,124.45,184.65,0.6904,-1,-1,-1
77,1,406.42,325.24,84.43,228.79,0.7668,-1,-1,-1
77,2,101.28,544.28,75.83,250.35,0.7224,-1,-1,-1
77,3,1175.57,963.69,89.87,116.31,0.6972,-1,-1,-1
77,4,1721.83,458.92,73.54,206.71,0.6226,-1,-1,-1
77,5,1357.08,570.02,82.08,214.18,0.6321,-1,-1,-1
77,9,12.11,727.70,72.01,230.60,0.7515,-1,-1,-1
77,12,373.37,893.14,124.11,186.90,0.7466,-1,-1,-1
78,1,406.46,324.61,84.50,229.28,0.7694,-1,-1,-1
78,2,101.02,544.21,75.56,250.09,0.7233,-1,-1,-1
78,3,1175.15,963.08,90.15,116.92,0.7207,-1,-1,-1
78,4,1721.82,459.61,73.46,205.90,0.6372,-1,-1,-1
78,5,1356.86,571.08,82.44,214.35,0.6380,-1,-1,-1
78,9,12.09,726.51,72.99,232.88,0.7458,-1,-1,-1
78,12,373.50,890.79,123.73,189.25,0.7540,-1,-1,-1
79,1,406.89,324.28,84.55,230.12,0.7798,-1,-1,-1
79,2,101.21,544.93,75.05,248.90,0.7258,-1,-1,-1
79,3,1174.98,962.94,90.06,117.06,0.7240,-1,-1,-1
79,4,1721.48,458.92,73.74,206.45,0.6468,-1,-1,-1
79,5,1356.69,572.10,82.49,213.70,0.6071,-1,-1,-1
79,9,12.80,725.99,73.29,232.97,0.7472,-1,-1,-1
79,12,374.47,887.56,123.54,192.47,0.7680,-1,-1,-1
80,1,407.85,324.07,84.06,229.68,0.7780,-1,-1,-1
80,2,101.33,545.39,74.73,248.42,0.7273,-1,-1,-1
80,3,1174.29,962.40,90.28,117.60,0.7371,-1,-1,-1
80,4,1721.63,459.68,73.76,206.08,0.6344,-1,-1,-1
80,5,1357.07,572.22,83.54,215.94,0.5754,-1,-1,-1
80,9,13.71,725.03,73.84,233.73,0.7277,-1,-1,-1
80,12,374.93,883.05,123.92,196.98,0.7885,-1,-1,-1
81,1,408.67,323.61,83.23,228.16,0.7615,-1,-1,-1
81,2,101.44,545.00,74.49,248.48,0.7278,-1,-1,-1
81,3,1174.38,961.88,90.27,118.12,0.7442,-1,-1,-1
81,4,1721.86,459.39,73.91,206.29,0.6201,-1,-1,-1
81,5,1356.61,571.93,84.19,217.19,0.5507,-1,-1,-1
81,9,13.87,724.39,73.98,233.74,0.7207,-1,-1,-1
81,12,375.65,879.42,123.68,200.60,0.7855,-1,-1,-1
81,16,990.20,191.10,58.09,183.08,0.6100,-1,-1,-1
82,1,410.55,323.36,82.51,226.94,0.7528,-1,-1,-1
82,2,101.55,545.64,73.96,247.26,0.7279,-1,-1,-1
82,3,1173.85,961.38,90.15,118.62,0.7317,-1,-1,-1
82,4,1721.73,459.41,74.04,206.52,0.6201,-1,-1,-1
82,5,1356.52,572.00,84.45,217.53,0.5451,-1,-1,-1
82,9,14.52,722.13,74.83,235.72,0.7266,-1,-1,-1
82,12,375.91,875.84,123.59,204.18,0.7833,-1,-1,-1
82,16,988.81,190.98,58.12,183.21,0.6095,-1,-1,-1
83,1,411.44,322.10,82.24,226.37,0.7641,-1,-1,-1
83,2,101.23,545.77,73.84,247.35,0.7278,-1,-1,-1
83,3,1173.24,961.54,89.54,118.46,0.7057,-1,-1,-1
83,4,1722.08,459.63,73.62,205.31,0.6159,-1,-1,-1
83,5,1356.51,571.53,84.95,218.65,0.5500,-1,-1,-1
83,9,15.05,720.48,75.33,237.27,0.7177,-1,-1,-1
83,12,377.05,873.27,122.93,206.75,0.7796,-1,-1,-1
83,16,987.22,191.42,57.91,182.54,0.5994,-1,-1,-1
84,1,412.48,320.45,81.90,226.02,0.7627,-1,-1,-1
84,2,101.44,545.91,73.71,247.36,0.7183,-1,-1,-1
84,3,1172.57,961.38,89.19,118.62,0.7224,-1,-1,-1
84,4,1721.96,459.57,73.82,205.69,0.5940,-1,-1,-1
84,5,1356.74,571.95,84.52,217.25,0.5437,-1,-1,-1
84,9,14.55,718.70,75.86,239.14,0.7199,-1,-1,-1
84,12,378.10,870.90,122.28,209.12,0.7700,-1,-1,-1
84,16,985.89,191.78,57.79,182.21,0.6085,-1,-1,-1
85,1,413.51,318.82,81.55,224.88,0.7575,-1,-1,-1
85,2,101.29,545.27,73.98,248.66,0.7187,-1,-1,-1
85,3,1172.18,961.34,88.72,118.66,0.7154,-1,-1,-1
85,4,1721.73,460.28,73.94,205.67,0.5994,-1,-1,-1
85,5,1356.63,572.63,85.78,220.56,0.4904,-1,-1,-1
85,9,15.91,717.58,76.21,240.14,0.7212,-1,-1,-1
85,12,379.15,868.88,121.52,211.14,0.7789,-1,-1,-1
85,16,983.80,190.82,58.51,184.35,0.5486,-1,-1,-1
86,1,414.80,317.55,80.77,222.38,0.7630,-1,-1,-1
86,2,101.72,545.83,73.69,247.71,0.7209,-1,-1,-1
86,3,1171.19,961.09,88.59,118.91,0.7081,-1,-1,-1
86,4,1721.80,458.32,74.94,208.57,0.6081,-1,-1,-1
86,5,1357.73,573.62,84.14,215.87,0.5336,-1,-1,-1
86,9,17.49,716.02,75.28,236.84,0.7461,-1,-1,-1
86,12,380.14,866.42,121.03,213.60,0.7884,-1,-1,-1
86,16,981.79,191.22,58.79,184.92,0.4825,-1,-1,-1
87,1,415.69,316.65,80.59,220.81,0.7753,-1,-1,-1
87,2,101.92,545.73,73.58,247.33,0.7339,-1,-1,-1
87,3,1170.79,960.69,88.35,119.31,0.7056,-1,-1,-1
87,4,1721.49,459.69,74.47,207.18,0.6337,-1,-1,-1
87,5,1357.39,573.75,83.97,215.38,0.5166,-1,-1,-1
87,9,19.51,713.98,73.01,228.93,0.7605,-1,-1,-1
87,12,381.24,864.41,120.45,215.60,0.7884,-1,-1,-1
87,16,980.75,191.70,58.18,182.07,0.4578,-1,-1,-1
87,17,497.01,209.71,77.72,196.09,0.6204,-1,-1,-1
88,1,415.99,315.50,80.79,220.11,0.7855,-1,-1,-1
88,2,102.04,546.13,73.39,246.58,0.7177,-1,-1,-1
88,3,1169.30,960.28,88.23,119.72,0.7422,-1,-1,-1
88,4,1721.16,460.06,74.32,206.57,0.6468,-1,-1,-1
88,5,1357.30,573.14,84.15,215.87,0.5495,-1,-1,-1
88,9,19.79,710.84,72.61,226.77,0.7287,-1,-1,-1
88,12,382.50,862.12,120.21,217.89,0.8054,-1,-1,-1
88,16,978.61,191.21,59.50,185.45,0.4209,-1,-1,-1
88,17,498.25,209.38,78.37,197.57,0.6166,-1,-1,-1
89,1,416.01,314.02,81.09,219.91,0.7766,-1,-1,-1
89,2,102.11,546.31,73.21,245.81,0.7233,-1,-1,-1
89,3,1168.27,959.83,87.84,120.11,0.7522,-1,-1,-1
89,4,1720.52,459.34,74.57,207.19,0.6361,-1,-1,-1
89,5,1357.07,573.63,84.69,217.39,0.5392,-1,-1,-1
89,9,19.86,706.58,73.14,227.23,0.7358,-1,-1,-1
89,12,383.72,860.98,119.25,219.03,0.8131,-1,-1,-1
89,16,977.50,192.86,59.73,185.15,0.4931,-1,-1,-1
89,17,499.27,208.27,79.18,199.32,0.6147,-1,-1,-1
90,1,416.39,312.61,81.44,220.12,0.7463,-1,-1,-1
90,2,102.09,546.59,73.13,245.31,0.7134,-1,-1,-1
90,3,1167.25,958.83,87.85,121.15,0.7640,-1,-1,-1
90,4,1720.43,459.42,74.45,206.84,0.6227,-1,-1,-1
90,5,1356.53,573.32,84.31,216.74,0.5371,-1,-1,-1
90,9,20.73,704.11,73.31,227.51,0.7339,-1,-1,-1
90,12,384.75,859.65,118.36,220.36,0.8173,-1,-1,-1
90,16,976.48,194.73,60.02,184.84,0.4124,-1,-1,-1
90,17,501.18,207.37,79.34,199.26,0.5991,-1,-1,-1
91,1,416.46,311.18,82.09,222.00,0.7442,-1,-1,-1
91,2,102.33,546.86,73.04,244.80,0.7042,-1,-1,-1
91,3,1165.97,957.64,87.94,122.35,0.7737,-1,-1,-1
91,4,1720.31,460.03,74.41,206.66,0.6289,-1,-1,-1
91,5,1356.17,572.42,85.04,219.06,0.5257,-1,-1,-1
91,9,21.55,701.17,73.19,226.93,0.7229,-1,-1,-1
91,12,385.20,857.65,118.01,222.36,0.8023,-1,-1,-1
91,16,975.44,193.91,60.07,184.20,0.3692,-1,-1,-1
91,17,501.87,208.04,79.37,199.39,0.5637,-1,-1,-1
92,1,416.75,310.63,82.52,223.24,0.7394,-1,-1,-1
92,2,102.33,546.77,73.10,244.91,0.7011,-1,-1,-1
92,3,1164.99,956.98,87.52,123.01,0.7608,-1,-1,-1
92,4,1720.62,460.02,74.45,206.78,0.6310,-1,-1,-1
92,5,1356.64,572.36,84.15,216.97,0.5328,-1,-1,-1
92,9,21.77,697.41,73.54,228.62,0.7176,-1,-1,-1
92,12,385.25,854.60,117.99,225.41,0.7953,-1,-1,-1
92,16,974.00,195.35,60.05,183.32,0.3984,-1,-1,-1
92,17,501.58,211.06,78.32,196.51,0.5911,-1,-1,-1
93,1,416.98,309.71,82.88,224.41,0.7306,-1,-1,-1
93,2,102.22,546.99,73.03,244.73,0.6920,-1,-1,-1
93,3,1164.04,956.62,86.88,123.38,0.7792,-1,-1,-1
93,4,1720.78,460.03,74.39,206.50,0.6208,-1,-1,-1
93,5,1356.47,572.06,83.91,216.64,0.5182,-1,-1,-1
93,9,22.81,697.23,72.68,226.31,0.7093,-1,-1,-1
93,12,385.99,851.36,118.05,228.64,0.8024,-1,-1,-1
93,16,973.13,195.43,60.85,185.58,0.3527,-1,-1,-1
93,17,501.72,209.73,78.91,198.04,0.5532,-1,-1,-1
94,1,417.05,309.02,82.97,224.82,0.7310,-1,-1,-1
94,2,102.37,547.13,73.04,244.56,0.6883,-1,-1,-1
94,3,1162.72,955.70,86.50,124.30,0.7913,-1,-1,-1
94,4,1721.27,460.16,74.51,206.88,0.6233,-1,-1,-1
94,5,1356.56,572.30,84.02,217.09,0.4741,-1,-1,-1
94,9,23.16,696.61,72.14,225.05,0.7143,-1,-1,-1
94,12,386.72,848.98,117.71,231.03,0.7916,-1,-1,-1
94,16,972.23,196.75,61.07,186.01,0.3334,-1,-1,-1
94,17,501.12,210.66,79.13,198.87,0.5256,-1,-1,-1
95,1,416.55,307.97,83.42,226.26,0.7427,-1,-1,-1
95,2,102.31,547.16,73.05,244.33,0.6853,-1,-1,-1
95,3,1161.27,954.15,86.61,125.85,0.7874,-1,-1,-1
95,4,1721.26,460.09,74.40,206.93,0.6117,-1,-1,-1
95,5,1356.65,573.30,83.77,216.49,0.4456,-1,-1,-1
95,9,23.88,695.79,72.02,225.73,0.7151,-1,-1,-1
95,12,386.80,844.63,118.08,235.38,0.7974,-1,-1,-1
95,16,970.96,197.31,61.64,187.84,0.3203,-1,-1,-1
95,17,501.94,212.54,79.06,199.24,0.4969,-1,-1,-1
96,1,417.55,307.18,83.68,226.88,0.7600,-1,-1,-1
96,2,102.15,547.01,73.01,243.98,0.6778,-1,-1,-1
96,3,1159.99,953.28,86.13,126.72,0.7955,-1,-1,-1
96,4,1721.24,459.36,74.37,207.04,0.6219,-1,-1,-1
96,5,1356.49,573.37,84.98,219.89,0.4978,-1,-1,-1
96,9,24.17,694.01,72.32,228.14,0.7193,-1,-1,-1
96,12,386.89,841.59,117.78,238.41,0.8076,-1,-1,-1
96,16,968.53,199.09,62.10,189.60,0.4080,-1,-1,-1
96,17,505.31,212.11,80.31,202.85,0.5504,-1,-1,-1
97,1,417.49,306.59,83.78,227.32,0.7582,-1,-1,-1
97,2,102.07,547.02,73.20,244.58,0.6833,-1,-1,-1
97,3,1158.21,951.85,85.91,128.15,0.7830,-1,-1,-1
97,4,1721.46,459.42,74.51,207.55,0.6386,-1,-1,-1
97,5,1355.99,572.75,85.26,221.07,0.5215,-1,-1,-1
97,9,24.21,692.87,72.13,228.54,0.7185,-1,-1,-1
97,12,386.90,840.48,116.45,239.53,0.8020,-1,-1,-1
97,16,966.29,199.48,62.34,190.69,0.3787,-1,-1,-1
97,17,506.90,213.15,80.36,204.18,0.5288,-1,-1,-1
98,1,417.66,305.29,84.11,228.70,0.7627,-1,-1,-1
98,2,101.93,546.86,73.24,244.65,0.6731,-1,-1,-1
98,3,1156.33,949.87,86.16,130.13,0.7766,-1,-1,-1
98,4,1721.21,456.87,75.33,210.40,0.6372,-1,-1,-1
98,5,1356.09,573.07,84.29,219.13,0.5183,-1,-1,-1
98,9,24.49,692.25,71.97,229.03,0.7197,-1,-1,-1
98,12,386.56,838.70,115.41,241.31,0.8025,-1,-1,-1
98,16,964.63,199.86,62.30,190.55,0.4792,-1,-1,-1
98,17,507.88,214.09,79.98,204.71,0.5613,-1,-1,-1
99,1,418.19,304.84,84.10,228.86,0.7623,-1,-1,-1
99,2,101.80,546.58,73.36,245.01,0.6740,-1,-1,-1
99,3,1154.66,947.24,86.80,132.76,0.7661,-1,-1,-1
99,4,1721.60,458.49,74.73,208.98,0.6248,-1,-1,-1
99,5,1356.74,573.45,82.71,215.02,0.5439,-1,-1,-1
99,9,25.23,691.61,71.69,228.99,0.7220,-1,-1,-1
99,12,386.00,834.74,115.35,245.27,0.8040,-1,-1,-1
99,16,962.76,200.43,62.12,190.11,0.4278,-1,-1,-1
99,17,508.78,214.53,79.26,204.78,0.5247,-1,-1,-1
100,1,419.00,303.44,84.14,229.32,0.7518,-1,-1,-1
100,2,101.47,545.57,73.95,247.44,0.6635,-1,-1,-1
100,3,1153.30,946.14,86.30,133.86,0.7549,-1,-1,-1
100,4,1721.61,459.14,74.43,208.29,0.6092,-1,-1,-1
100,5,1356.77,573.98,82.49,214.48,0.5219,-1,-1,-1
100,9,25.84,690.06,71.75,229.66,0.7321,-1,-1,-1
100,12,385.31,831.95,114.80,248.06,0.7951,-1,-1,-1
100,16,961.13,201.40,61.64,188.93,0.4511,-1,-1,-1
100,17,507.94,214.13,79.14,206.55,0.4418,-1,-1,-1
101,1,419.54,302.31,84.17,229.58,0.7660,-1,-1,-1
101,2,101.56,545.17,74.09,248.29,0.6691,-1,-1,-1
101,3,1152.02,945.38,85.40,134.16,0.7602,-1,-1,-1
101,4,1721.67,459.55,74.33,208.04,0.6193,-1,-1,-1
101,5,1356.80,574.38,82.49,214.51,0.5131,-1,-1,-1
101,9,27.37,688.00,70.93,227.33,0.7360,-1,-1,-1
101,12,384.37,830.03,114.02,249.98,0.7904,-1,-1,-1
101,16,960.17,202.05,60.48,185.26,0.4394,-1,-1,-1
101,17,508.51,216.16,78.81,207.43,0.5113,-1,-1,-1
102,1,419.99,300.39,84.09,229.81,0.7644,-1,-1,-1
102,2,101.84,544.79,74.12,248.66,0.6745,-1,-1,-1
102,3,1150.61,944.13,84.59,134.80,0.7409,-1,-1,-1
102,4,1721.71,459.93,74.04,207.37,0.6224,-1,-1,-1
102,5,1356.57,574.36,83.12,216.41,0.5021,-1,-1,-1
102,9,28.24,685.51,70.18,224.79,0.7533,-1,-1,-1
102,12,383.49,827.25,113.77,252.75,0.7981,-1,-1,-1
102,16,958.00,203.22,60.14,183.97,0.4930,-1,-1,-1
102,17,509.29,217.20,78.32,207.64,0.5148,-1,-1,-1
103,1,420.21,299.15,83.56,228.54,0.7478,-1,-1,-1
103,2,101.86,544.69,74.15,249.15,0.6718,-1,-1,-1
103,3,1148.60,941.72,84.61,136.99,0.7410,-1,-1,-1
103,4,1721.50,459.93,73.91,206.80,0.6110,-1,-1,-1
103,5,1356.84,574.02,83.56,217.78,0.4881,-1,-1,-1
103,9,30.37,684.16,69.02,220.92,0.7641,-1,-1,-1
103,12,382.68,825.36,113.35,254.64,0.7944,-1,-1,-1
103,16,955.15,201.54,60.44,184.73,0.4965,-1,-1,-1
103,17,509.30,216.95,78.66,209.68,0.5130,-1,-1,-1
104,1,420.76,298.92,82.45,225.66,0.7410,-1,-1,-1
104,2,102.01,544.15,74.25,249.98,0.6567,-1,-1,-1
104,3,1146.37,941.28,83.57,137.41,0.7273,-1,-1,-1
104,4,1721.36,459.41,73.82,206.80,0.6162,-1,-1,-1
104,5,1356.88,574.27,83.84,218.71,0.4486,-1,-1,-1
104,9,32.00,682.18,68.68,220.02,0.7643,-1,-1,-1
104,12,381.69,822.78,113.32,257.22,0.8052,-1,-1,-1
104,16,953.05,201.65,60.51,184.82,0.4648,-1,-1,-1
104,17,511.12,216.82,78.62,210.01,0.5278,-1,-1,-1
105,1,421.49,298.14,80.99,220.99,0.7365,-1,-1,-1
105,2,102.24,544.28,74.12,249.85,0.6829,-1,-1,-1
105,3,1144.76,940.48,82.44,137.78,0.7222,-1,-1,-1
105,4,1721.42,458.97,73.95,206.95,0.6148,-1,-1,-1
105,5,1356.59,574.26,85.75,224.01,0.4627,-1,-1,-1
105,9,34.14,680.91,68.92,221.26,0.7763,-1,-1,-1
105,12,381.33,821.03,112.97,258.97,0.8103,-1,-1,-1
105,16,950.63,201.24,61.00,186.55,0.4982,-1,-1,-1
105,17,512.73,220.22,76.99,206.40,0.5061,-1,-1,-1
106,1,422.33,297.02,79.80,217.04,0.7385,-1,-1,-1
106,2,102.61,545.36,73.80,248.92,0.6617,-1,-1,-1
106,3,1143.43,939.71,81.70,138.82,0.7098,-1,-1,-1
106,4,1721.35,459.55,73.89,206.77,0.6220,-1,-1,-1
106,5,1356.53,574.41,84.29,220.58,0.4964,-1,-1,-1
106,9,36.08,679.68,69.36,222.17,0.7827,-1,-1,-1
106,12,380.58,819.04,112.77,260.96,0.8043,-1,-1,-1
106,16,948.65,201.44,60.82,186.36,0.5160,-1,-1,-1
106,17,512.86,220.11,76.53,205.93,0.4992,-1,-1,-1
107,1,422.19,295.77,79.57,215.79,0.7489,-1,-1,-1
107,2,102.88,545.95,73.78,249.01,0.6631,-1,-1,-1
107,3,1142.07,938.39,81.43,140.29,0.7247,-1,-1,-1
107,4,1721.22,459.60,73.94,206.78,0.6308,-1,-1,-1
107,5,1356.59,574.39,85.09,222.77,0.4665,-1,-1,-1
107,9,38.50,678.81,70.09,222.23,0.7871,-1,-1,-1
107,12,380.15,817.60,112.23,262.40,0.8076,-1,-1,-1
107,16,947.84,203.75,60.64,186.52,0.5247,-1,-1,-1
107,17,513.17,222.97,75.19,202.97,0.5120,-1,-1,-1
108,1,422.00,294.42,79.86,216.04,0.7383,-1,-1,-1
108,2,102.87,545.92,74.09,250.20,0.6416,-1,-1,-1
108,3,1140.82,937.83,80.62,140.59,0.7298,-1,-1,-1
108,4,1721.03,459.26,74.06,207.04,0.6401,-1,-1,-1
108,5,1356.98,574.99,84.88,221.99,0.4991,-1,-1,-1
108,9,40.82,677.02,71.64,224.10,0.8082,-1,-1,-1
108,12,380.07,816.02,111.73,263.98,0.8065,-1,-1,-1
108,16,945.76,205.15,61.22,188.64,0.5481,-1,-1,-1
108,17,512.84,223.86,74.28,202.34,0.4524,-1,-1,-1
109,1,421.49,293.79,80.24,216.05,0.7413,-1,-1,-1
109,2,102.62,545.63,74.32,251.34,0.6548,-1,-1,-1
109,3,1139.12,937.00,80.42,141.94,0.7533,-1,-1,-1
109,4,1721.32,458.84,73.78,206.52,0.6151,-1,-1,-1
109,5,1356.74,575.48,83.42,218.14,0.5245,-1,-1,-1
109,9,41.40,676.01,72.57,225.08,0.8145,-1,-1,-1
109,12,379.48,811.95,112.10,268.05,0.8131,-1,-1,-1
109,16,944.49,204.97,60.96,188.40,0.6071,-1,-1,-1
109,17,513.09,225.16,73.25,201.16,0.4467,-1,-1,-1
110,1,421.10,291.82,81.22,217.83,0.7467,-1,-1,-1
110,2,102.37,545.12,74.90,253.85,0.6552,-1,-1,-1
110,3,1137.10,936.59,80.17,142.87,0.7566,-1,-1,-1
110,4,1721.23,459.25,74.07,207.48,0.6224,-1,-1,-1
110,5,1357.00,576.07,83.50,218.10,0.5024,-1,-1,-1
110,9,44.81,673.83,74.38,225.98,0.7994,-1,-1,-1
110,12,379.02,806.87,112.65,273.13,0.8169,-1,-1,-1
110,16,943.31,205.85,60.31,187.24,0.6181,-1,-1,-1
110,17,511.57,227.15,71.69,198.88,0.4354,-1,-1,-1
111,1,420.99,289.43,82.52,220.83,0.7341,-1,-1,-1
111,2,102.03,544.83,75.07,255.06,0.6583,-1,-1,-1
111,3,1135.09,935.90,80.04,143.93,0.7606,-1,-1,-1
111,4,1721.20,457.13,74.68,209.67,0.5936,-1,-1,-1
111,5,1356.95,575.99,82.12,214.46,0.5081,-1,-1,-1
111,9,47.74,671.72,75.99,226.16,0.7702,-1,-1,-1
111,12,379.55,802.33,112.84,277.67,0.8207,-1,-1,-1
111,16,942.04,206.84,60.18,187.11,0.6484,-1,-1,-1
111,17,515.34,227.79,71.93,199.07,0.5173,-1,-1,-1
112,1,420.31,287.95,83.22,222.32,0.7348,-1,-1,-1
112,2,102.07,544.74,74.86,255.15,0.6414,-1,-1,-1
112,3,1134.04,934.81,79.92,145.16,0.7561,-1,-1,-1
112,4,1721.35,456.62,74.84,210.45,0.6127,-1,-1,-1
112,5,1357.24,575.38,81.36,212.45,0.5605,-1,-1,-1
112,9,49.77,670.29,77.28,226.05,0.7174,-1,-1,-1
112,12,380.73,799.74,111.23,277.52,0.8148,-1,-1,-1
112,16,940.60,208.92,59.74,185.75,0.6367,-1,-1,-1
112,17,517.67,230.45,71.84,198.22,0.5553,-1,-1,-1
113,1,420.64,287.00,83.80,223.56,0.7437,-1,-1,-1
113,2,102.63,545.32,74.05,252.98,0.6696,-1,-1,-1
113,3,1132.22,934.24,79.66,145.77,0.7561,-1,-1,-1
113,4,1721.80,459.03,73.74,207.13,0.6321,-1,-1,-1
113,5,1357.04,575.41,82.49,215.24,0.5355,-1,-1,-1
113,9,48.81,669.82,77.31,225.36,0.6615,-1,-1,-1
113,12,381.92,797.41,108.75,274.42,0.8059,-1,-1,-1
113,16,939.45,209.98,59.46,185.37,0.6518,-1,-1,-1
113,17,518.62,232.88,71.95,198.12,0.5480,-1,-1,-1
114,1,421.04,286.06,84.08,223.38,0.7351,-1,-1,-1
114,2,102.90,545.42,73.60,251.90,0.6596,-1,-1,-1
114,3,1130.24,933.43,79.47,146.60,0.7547,-1,-1,-1
114,4,1721.39,457.19,74.48,209.59,0.6197,-1,-1,-1
114,5,1356.85,575.36,82.41,215.18,0.5363,-1,-1,-1
114,9,50.41,668.10,77.93,225.95,0.6566,-1,-1,-1
114,12,383.27,794.28,106.91,272.52,0.8079,-1,-1,-1
114,16,937.07,209.91,59.43,185.54,0.6028,-1,-1,-1
114,17,519.90,234.91,72.81,200.17,0.5681,-1,-1,-1
115,1,421.43,286.19,84.16,222.78,0.7587,-1,-1,-1
115,2,102.84,545.36,73.62,252.84,0.6313,-1,-1,-1
115,3,1127.76,933.47,79.12,146.56,0.7633,-1,-1,-1
115,4,1721.38,456.87,74.76,210.48,0.6517,-1,-1,-1
115,5,1357.22,575.05,82.17,214.30,0.5490,-1,-1,-1
115,9,53.95,666.10,78.56,226.94,0.6841,-1,-1,-1
115,12,384.93,790.93,105.62,271.10,0.8049,-1,-1,-1
115,16,936.16,210.56,58.87,184.33,0.6124,-1,-1,-1
115,17,521.78,236.38,73.28,201.03,0.6077,-1,-1,-1
116,1,420.92,285.47,84.66,223.43,0.7554,-1,-1,-1
116,2,102.85,546.10,72.42,249.11,0.5932,-1,-1,-1
116,3,1125.35,933.80,78.60,146.19,0.7660,-1,-1,-1
116,4,1721.71,459.33,73.85,207.78,0.6297,-1,-1,-1
116,5,1356.79,574.97,83.18,216.87,0.5442,-1,-1,-1
116,9,58.23,664.72,77.13,222.88,0.6925,-1,-1,-1
116,12,386.55,788.22,105.45,272.48,0.8108,-1,-1,-1
116,16,934.92,211.11,58.45,182.92,0.5616,-1,-1,-1
116,17,521.06,236.10,73.84,202.46,0.5904,-1,-1,-1
117,1,420.81,285.01,84.99,223.80,0.7546,-1,-1,-1
117,2,103.02,545.98,71.53,246.17,0.5549,-1,-1,-1
117,3,1123.35,933.91,78.13,145.68,0.7593,-1,-1,-1
117,4,1721.64,459.56,73.65,207.01,0.6431,-1,-1,-1
117,5,1356.24,575.66,84.40,220.08,0.5567,-1,-1,-1
117,9,65.00,664.32,75.43,218.35,0.7182,-1,-1,-1
117,12,387.45,786.55,105.02,272.66,0.8087,-1,-1,-1
117,16,933.66,211.14,57.76,181.18,0.5329,-1,-1,-1
117,17,520.77,236.49,74.13,203.29,0.5523,-1,-1,-1
118,1,421.02,284.64,85.05,223.83,0.7446,-1,-1,-1
118,2,101.24,545.36,71.96,246.43,0.5335,-1,-1,-1
118,3,1121.03,933.89,78.19,145.82,0.7776,-1,-1,-1
118,4,1721.68,459.81,73.55,206.62,0.6523,-1,-1,-1
118,5,1356.92,575.97,83.00,216.02,0.5140,-1,-1,-1
118,9,70.10,665.49,73.46,213.28,0.6107,-1,-1,-1
118,12,387.91,784.82,105.59,275.31,0.7998,-1,-1,-1
118,16,930.93,211.43,58.33,182.77,0.5609,-1,-1,-1
118,17,520.10,235.96,75.07,206.18,0.5837,-1,-1,-1
119,1,420.94,284.35,85.06,223.78,0.7466,-1,-1,-1
119,2,99.91,546.03,73.87,252.78,0.5138,-1,-1,-1
119,3,1118.17,933.94,78.28,145.97,0.7949,-1,-1,-1
119,4,1721.42,459.68,73.75,206.76,0.6540,-1,-1,-1
119,5,1356.77,575.83,83.41,217.20,0.4828,-1,-1,-1
119,9,75.91,667.82,72.23,209.58,0.5400,-1,-1,-1
119,12,389.53,783.48,105.08,275.22,0.8012,-1,-1,-1
119,16,929.34,210.95,58.71,184.97,0.5357,-1,-1,-1
119,17,519.45,237.13,75.11,207.07,0.6031,-1,-1,-1
120,1,420.87,283.84,85.22,224.34,0.7468,-1,-1,-1
120,2,99.31,545.64,74.76,255.87,0.5082,-1,-1,-1
120,3,1114.82,933.52,78.57,146.46,0.7978,-1,-1,-1
120,4,1721.41,459.85,73.90,206.86,0.6276,-1,-1,-1
120,5,1357.04,576.99,82.17,213.51,0.4812,-1,-1,-1
120,9,80.22,666.54,71.36,207.76,0.5924,-1,-1,-1
120,12,390.44,782.27,104.71,275.35,0.8033,-1,-1,-1
120,16,928.02,211.22,58.84,186.11,0.5363,-1,-1,-1
120,17,520.01,239.89,73.77,203.96,0.5786,-1,-1,-1
121,1,420.62,282.24,85.32,225.02,0.7512,-1,-1,-1
121,2,100.59,544.93,72.99,248.95,0.4923,-1,-1,-1
121,3,1111.30,932.85,79.04,147.16,0.7761,-1,-1,-1
121,4,1721.19,457.08,74.84,209.92,0.6353,-1,-1,-1
121,5,1356.89,576.32,82.04,213.00,0.5522,-1,-1,-1
121,9,81.80,664.45,72.18,210.10,0.6927,-1,-1,-1
121,12,390.91,780.19,104.80,276.63,0.8022,-1,-1,-1
121,16,926.25,211.41,58.89,186.71,0.4909,-1,-1,-1
121,17,520.13,242.34,72.20,200.84,0.5770,-1,-1,-1
122,1,420.95,281.25,84.86,223.94,0.7521,-1,-1,-1
122,2,104.53,546.04,65.94,221.54,0.4591,-1,-1,-1
122,3,1107.56,932.38,79.42,147.63,0.7837,-1,-1,-1
122,4,1721.12,458.80,74.34,208.00,0.6479,-1,-1,-1
122,5,1356.94,576.19,83.09,215.55,0.4780,-1,-1,-1
122,9,85.07,661.83,73.30,212.53,0.6641,-1,-1,-1
122,12,391.19,779.26,104.71,277.10,0.7995,-1,-1,-1
122,16,924.71,211.43,58.69,187.03,0.4256,-1,-1,-1
122,17,519.28,242.76,71.36,199.92,0.5996,-1,-1,-1
123,1,421.66,280.30,83.94,221.70,0.7330,-1,-1,-1
123,2,106.03,546.21,63.52,210.55,0.4804,-1,-1,-1
123,3,1104.69,931.63,79.63,148.08,0.7825,-1,-1,-1
123,4,1721.33,458.89,74.43,207.91,0.6469,-1,-1,-1
123,5,1357.27,576.42,82.48,213.45,0.5540,-1,-1,-1
123,9,86.48,659.50,74.07,213.97,0.6610,-1,-1,-1
123,12,391.25,778.01,104.53,277.24,0.7933,-1,-1,-1
123,16,923.83,210.32,58.83,188.49,0.4608,-1,-1,-1
123,17,519.80,244.45,70.13,197.48,0.5734,-1,-1,-1
124,1,422.18,279.13,82.83,218.72,0.7284,-1,-1,-1
124,2,105.33,545.37,64.63,212.26,0.3543,-1,-1,-1
124,3,1101.14,930.29,80.17,149.22,0.7832,-1,-1,-1
124,4,1721.32,459.38,74.27,207.12,0.6137,-1,-1,-1
124,5,1357.15,576.38,82.83,214.22,0.5143,-1,-1,-1
124,9,89.96,657.20,74.39,216.15,0.5096,-1,-1,-1
124,12,392.60,777.41,103.69,275.12,0.7934,-1,-1,-1
124,16,922.01,210.16,58.71,188.64,0.4639,-1,-1,-1
124,17,521.48,245.02,70.06,197.53,0.5242,-1,-1,-1
125,1,422.92,278.29,81.49,214.96,0.7079,-1,-1,-1
125,2,105.39,545.24,64.53,209.89,0.3387,-1,-1,-1
125,3,1097.51,929.73,80.54,150.00,0.7885,-1,-1,-1
125,4,1721.00,458.45,74.67,208.29,0.6329,-1,-1,-1
125,5,1357.09,576.01,83.01,214.71,0.4869,-1,-1,-1
125,9,92.69,654.05,74.44,219.36,0.4099,-1,-1,-1
125,12,392.49,775.18,103.84,276.11,0.7895,-1,-1,-1
125,16,920.04,210.45,58.52,188.82,0.4718,-1,-1,-1
125,17,522.37,247.10,68.32,192.68,0.5251,-1,-1,-1
126,1,422.61,277.40,81.19,213.79,0.7058,-1,-1,-1
126,2,109.33,544.04,56.60,177.40,0.3044,-1,-1,-1
126,3,1094.13,929.11,80.82,150.49,0.8040,-1,-1,-1
126,4,1720.61,458.49,74.82,208.70,0.6346,-1,-1,-1
126,5,1357.41,575.97,82.39,213.13,0.5259,-1,-1,-1
126,12,391.46,771.11,104.09,278.33,0.8007,-1,-1,-1
126,16,917.93,210.93,58.13,189.13,0.4829,-1,-1,-1
126,17,522.94,248.57,68.04,191.99,0.5492,-1,-1,-1
127,1,422.62,276.82,80.96,213.33,0.6877,-1,-1,-1
127,3,1091.22,928.89,81.22,150.97,0.8076,-1,-1,-1
127,4,1720.96,458.87,74.57,207.88,0.6575,-1,-1,-1
127,5,1357.55,576.47,82.50,213.41,0.5202,-1,-1,-1
127,12,391.29,766.65,103.05,277.39,0.7937,-1,-1,-1
127,16,916.49,210.93,57.72,189.22,0.4226,-1,-1,-1
127,17,523.82,251.31,67.13,189.36,0.5626,-1,-1,-1
128,1,422.34,276.28,80.74,212.95,0.6688,-1,-1,-1
128,3,1087.88,928.19,81.50,151.52,0.7922,-1,-1,-1
128,4,1721.27,459.12,74.47,207.30,0.6282,-1,-1,-1
128,5,1357.32,576.66,82.87,214.39,0.5055,-1,-1,-1
128,12,391.40,762.02,102.37,276.76,0.7918,-1,-1,-1
128,16,913.80,211.98,57.59,189.62,0.4353,-1,-1,-1
128,17,524.25,253.92,66.68,188.45,0.5367,-1,-1,-1
129,1,419.86,275.61,81.50,215.24,0.6899,-1,-1,-1
129,3,1085.32,927.64,81.61,151.87,0.7887,-1,-1,-1
129,4,1721.16,458.59,74.33,206.71,0.6354,-1,-1,-1
129,5,1360.29,576.06,83.96,219.06,0.4777,-1,-1,-1
129,12,392.81,757.33,100.44,272.92,0.7937,-1,-1,-1
129,16,911.60,212.91,57.11,188.11,0.4731,-1,-1,-1
129,17,524.06,255.27,67.12,190.74,0.5923,-1,-1,-1
130,1,418.69,274.20,82.15,217.36,0.7042,-1,-1,-1
130,3,1082.22,926.95,81.86,152.30,0.7803,-1,-1,-1
130,4,1721.24,458.43,74.57,207.45,0.6125,-1,-1,-1
130,5,1359.38,575.70,83.64,218.27,0.4890,-1,-1,-1
130,12,394.53,754.36,98.00,267.37,0.7504,-1,-1,-1
130,16,907.99,214.06,57.43,187.07,0.4832,-1,-1,-1
130,17,524.48,257.35,67.00,192.22,0.5550,-1,-1,-1
131,1,418.83,273.02,82.29,218.50,0.6626,-1,-1,-1
131,3,1080.11,926.72,81.48,151.74,0.7587,-1,-1,-1
131,4,1721.24,458.87,74.44,207.16,0.6176,-1,-1,-1
131,5,1360.08,576.44,82.57,215.67,0.5041,-1,-1,-1
131,12,394.66,752.09,96.60,264.41,0.7422,-1,-1,-1
131,16,904.61,214.27,57.98,186.63,0.4995,-1,-1,-1
131,17,524.45,257.81,68.02,197.54,0.5050,-1,-1,-1
131,2,100.94,542.45,75.59,239.37,0.6451,-1,-1,-1
132,1,418.57,272.76,82.37,219.10,0.6495,-1,-1,-1
132,3,1078.94,927.13,81.17,151.19,0.7711,-1,-1,-1
132,4,1721.28,459.16,74.39,207.04,0.6174,-1,-1,-1
132,5,1359.46,576.27,82.37,215.34,0.5141,-1,-1,-1
132,12,393.17,749.84,96.60,265.14,0.7529,-1,-1,-1
132,16,903.42,213.51,59.07,187.43,0.4835,-1,-1,-1
132,17,525.58,254.68,69.14,203.07,0.5009,-1,-1,-1
132,2,100.49,542.85,77.30,246.37,0.5842,-1,-1,-1
133,1,418.14,271.96,82.45,219.61,0.6420,-1,-1,-1
133,3,1077.46,927.34,81.10,151.10,0.7793,-1,-1,-1
133,4,1721.13,458.89,74.33,206.75,0.6036,-1,-1,-1
133,5,1358.91,576.63,82.18,214.33,0.4921,-1,-1,-1
133,12,391.47,748.38,96.75,265.17,0.7542,-1,-1,-1
133,16,902.55,211.58,60.71,190.54,0.4768,-1,-1,-1
133,17,526.32,253.77,69.21,206.12,0.5161,-1,-1,-1
133,2,100.59,543.31,77.73,248.66,0.5375,-1,-1,-1
134,1,417.84,272.38,82.13,218.92,0.6426,-1,-1,-1
134,3,1075.21,927.09,80.80,150.92,0.7850,-1,-1,-1
134,4,1721.03,459.40,74.34,206.87,0.5937,-1,-1,-1
134,5,1358.82,575.99,82.90,216.11,0.4819,-1,-1,-1
134,12,390.17,747.35,97.05,265.52,0.7698,-1,-1,-1
134,16,901.24,211.81,61.20,190.33,0.4615,-1,-1,-1
134,17,526.77,255.17,67.61,204.49,0.5157,-1,-1,-1
134,2,102.09,543.94,75.95,241.84,0.5149,-1,-1,-1
135,1,416.72,271.33,82.37,219.22,0.6417,-1,-1,-1
135,3,1073.53,926.50,80.93,151.55,0.7817,-1,-1,-1
135,4,1720.61,458.74,74.61,207.48,0.5994,-1,-1,-1
135,5,1358.63,575.94,83.32,216.95,0.5092,-1,-1,-1
135,12,389.33,745.44,97.76,267.44,0.7788,-1,-1,-1
135,16,900.40,211.15,61.94,191.27,0.4350,-1,-1,-1
135,17,526.63,258.07,66.45,203.60,0.5556,-1,-1,-1
135,2,101.84,542.51,76.83,243.98,0.6190,-1,-1,-1
136,1,416.80,270.73,82.13,218.76,0.6724,-1,-1,-1
136,3,1071.63,926.61,80.29,150.98,0.7888,-1,-1,-1
136,4,1720.86,458.78,74.74,207.98,0.6121,-1,-1,-1
136,5,1360.43,576.64,84.24,219.78,0.4843,-1,-1,-1
136,12,387.68,744.56,98.35,268.00,0.7918,-1,-1,-1
136,16,898.68,211.85,61.69,189.94,0.4134,-1,-1,-1
136,17,526.48,258.84,65.45,203.13,0.5589,-1,-1,-1
136,2,101.51,542.93,76.37,242.53,0.6223,-1,-1,-1
137,1,416.14,269.21,82.26,219.09,0.6636,-1,-1,-1
137,3,1070.01,926.99,79.67,150.26,0.7951,-1,-1,-1
137,4,1720.97,457.82,74.98,208.71,0.6079,-1,-1,-1
137,5,1362.65,577.39,83.54,219.22,0.4571,-1,-1,-1
137,12,386.28,744.07,98.81,268.19,0.7897,-1,-1,-1
137,16,896.40,211.23,61.97,191.11,0.4159,-1,-1,-1
137,17,527.19,256.95,65.00,204.73,0.5878,-1,-1,-1
137,2,100.23,543.85,75.33,240.34,0.5724,-1,-1,-1
138,1,415.87,267.90,82.32,219.37,0.6922,-1,-1,-1
138,3,1068.48,927.35,79.18,149.87,0.7898,-1,-1,-1
138,4,1720.93,457.75,75.07,209.03,0.6051,-1,-1,-1
138,5,1362.94,577.21,83.86,221.29,0.4475,-1,-1,-1
138,12,385.30,743.90,99.12,267.87,0.7893,-1,-1,-1
138,16,893.64,211.95,58.96,183.11,0.4602,-1,-1,-1
138,17,528.04,256.47,63.70,203.61,0.5918,-1,-1,-1
138,2,99.10,544.44,74.30,239.34,0.5974,-1,-1,-1
139,1,415.17,266.33,82.57,220.46,0.6406,-1,-1,-1
139,3,1067.08,927.29,78.66,149.42,0.7876,-1,-1,-1
139,4,1720.81,457.72,75.14,209.17,0.6233,-1,-1,-1
139,5,1362.03,576.60,84.61,223.47,0.4683,-1,-1,-1
139,12,384.52,743.72,99.24,267.23,0.7959,-1,-1,-1
139,16,892.26,210.61,60.49,188.31,0.5239,-1,-1,-1
139,17,528.74,258.44,62.28,201.44,0.5747,-1,-1,-1
139,2,98.63,544.74,73.79,239.96,0.6166,-1,-1,-1
140,1,416.07,266.86,81.51,218.11,0.6140,-1,-1,-1
140,3,1065.53,926.60,78.52,149.61,0.7917,-1,-1,-1
140,4,1720.88,458.14,75.06,208.87,0.6352,-1,-1,-1
140,5,1360.84,576.89,82.43,216.78,0.5493,-1,-1,-1
140,12,384.68,741.74,99.48,267.24,0.7963,-1,-1,-1
140,16,888.05,210.26,58.62,184.24,0.4706,-1,-1,-1
140,17,529.03,258.40,61.98,202.50,0.6024,-1,-1,-1
140,2,98.41,544.77,73.24,240.79,0.6185,-1,-1,-1
141,1,416.02,265.40,81.07,217.25,0.6318,-1,-1,-1
141,3,1063.33,925.43,78.88,150.97,0.7871,-1,-1,-1
141,4,1721.08,458.25,74.86,208.27,0.6219,-1,-1,-1
141,5,1359.78,575.99,82.76,216.69,0.4985,-1,-1,-1
141,12,384.75,739.64,99.54,267.30,0.7963,-1,-1,-1
141,16,884.73,209.74,58.88,186.47,0.5441,-1,-1,-1
141,17,529.22,258.31,61.33,202.19,0.6032,-1,-1,-1
141,2,98.93,545.24,72.83,241.73,0.6445,-1,-1,-1
142,1,415.97,264.34,80.66,216.74,0.6327,-1,-1,-1
142,3,1061.73,924.79,78.90,152.27,0.7774,-1,-1,-1
142,4,1721.48,458.86,74.59,207.36,0.6235,-1,-1,-1
142,5,1359.13,575.87,83.48,217.63,0.4819,-1,-1,-1
142,12,385.29,737.43,99.45,267.93,0.7917,-1,-1,-1
142,16,881.58,208.75,58.63,187.04,0.5159,-1,-1,-1
142,17,529.31,257.65,61.01,202.92,0.5994,-1,-1,-1
142,2,99.99,545.47,72.52,242.77,0.6580,-1,-1,-1
143,1,414.13,260.40,81.58,220.17,0.6328,-1,-1,-1
143,3,1060.10,923.79,78.56,152.94,0.7622,-1,-1,-1
143,4,1721.48,459.08,74.53,207.08,0.6333,-1,-1,-1
143,5,1358.95,575.81,83.75,217.74,0.4816,-1,-1,-1
143,12,386.26,734.77,98.49,266.33,0.8025,-1,-1,-1
143,16,879.06,207.29,58.55,188.51,0.4785,-1,-1,-1
143,17,528.96,257.65,60.59,203.02,0.5946,-1,-1,-1
143,2,100.88,545.22,71.98,242.59,0.6746,-1,-1,-1
143,9,155.09,629.53,74.12,208.51,0.6519,-1,-1,-1
144,1,414.19,259.36,80.86,218.35,0.6324,-1,-1,-1
144,3,1058.44,923.16,78.03,153.48,0.7572,-1,-1,-1
144,4,1721.61,459.55,74.51,207.01,0.6214,-1,-1,-1
144,5,1359.21,575.91,83.79,217.31,0.4981,-1,-1,-1
144,12,387.40,731.62,97.01,263.21,0.7948,-1,-1,-1
144,16,876.91,206.86,58.48,188.67,0.4732,-1,-1,-1
144,17,529.10,259.20,60.28,202.91,0.6042,-1,-1,-1
144,2,101.45,545.42,71.58,242.34,0.6866,-1,-1,-1
144,9,157.00,630.05,75.19,207.40,0.6813,-1,-1,-1
145,1,415.55,259.27,78.92,213.16,0.6204,-1,-1,-1
145,3,1056.46,922.79,77.23,153.82,0.7582,-1,-1,-1
145,4,1721.56,459.39,74.38,206.71,0.6099,-1,-1,-1
145,5,1359.07,575.99,83.11,215.02,0.5396,-1,-1,-1
145,12,389.98,729.56,94.83,258.21,0.7985,-1,-1,-1
145,16,874.23,207.06,58.31,186.77,0.5442,-1,-1,-1
145,17,528.43,259.41,59.91,202.74,0.5953,-1,-1,-1
145,2,102.18,545.48,71.62,243.34,0.7088,-1,-1,-1
145,9,158.49,627.85,76.25,210.49,0.7007,-1,-1,-1
146,1,413.63,254.61,79.92,216.98,0.6393,-1,-1,-1
146,3,1053.64,921.90,77.15,156.00,0.7412,-1,-1,-1
146,4,1721.64,459.53,74.54,207.29,0.6137,-1,-1,-1
146,5,1358.41,575.54,84.04,217.24,0.5126,-1,-1,-1
146,12,392.06,726.72,92.92,253.38,0.7770,-1,-1,-1
146,16,872.84,206.53,58.20,185.85,0.4901,-1,-1,-1
146,17,528.82,259.43,60.08,204.28,0.5935,-1,-1,-1
146,2,102.62,545.70,71.48,243.42,0.7156,-1,-1,-1
146,9,159.51,625.08,77.00,213.09,0.7110,-1,-1,-1
147,1,413.13,253.15,80.19,218.53,0.6465,-1,-1,-1
147,3,1050.95,921.20,76.35,157.24,0.7264,-1,-1,-1
147,4,1721.64,459.09,74.58,207.30,0.6268,-1,-1,-1
147,5,1358.50,574.76,84.15,217.44,0.5407,-1,-1,-1
147,12,392.97,720.64,93.21,254.85,0.7796,-1,-1,-1
147,16,871.05,205.88,58.42,185.33,0.4783,-1,-1,-1
147,17,528.67,260.07,60.16,205.85,0.6095,-1,-1,-1
147,2,103.19,545.93,71.07,242.38,0.7131,-1,-1,-1
147,9,160.57,621.15,77.42,215.28,0.6894,-1,-1,-1
148,1,412.90,252.44,80.18,219.04,0.6339,-1,-1,-1
148,3,1049.07,919.84,75.16,157.47,0.7273,-1,-1,-1
148,4,1721.45,458.59,74.92,208.32,0.6466,-1,-1,-1
148,5,1358.04,575.16,83.80,216.53,0.5588,-1,-1,-1
148,12,393.86,717.36,93.14,254.93,0.7777,-1,-1,-1
148,16,868.20,204.83,60.30,190.53,0.4446,-1,-1,-1
148,17,529.39,261.22,60.31,206.76,0.5946,-1,-1,-1
148,2,103.40,545.54,71.07,242.52,0.7135,-1,-1,-1
148,9,163.16,617.50,77.22,215.38,0.7078,-1,-1,-1
149,1,414.72,255.29,78.63,215.07,0.6248,-1,-1,-1
149,3,1047.88,918.49,74.46,158.69,0.7264,-1,-1,-1
149,4,1721.13,458.85,74.69,207.72,0.6218,-1,-1,-1
149,5,1358.33,575.30,83.61,215.67,0.5452,-1,-1,-1
149,12,395.05,713.24,94.20,258.32,0.7879,-1,-1,-1
149,16,866.17,204.42,60.91,192.22,0.4432,-1,-1,-1
149,17,530.32,262.85,60.13,206.37,0.6301,-1,-1,-1
149,2,103.60,545.60,70.93,242.17,0.7151,-1,-1,-1
149,9,166.35,614.97,76.51,214.91,0.6958,-1,-1,-1
150,1,415.54,256.03,78.05,213.74,0.6198,-1,-1,-1
150,3,1045.81,916.76,74.15,160.97,0.7368,-1,-1,-1
150,4,1721.10,458.60,74.79,208.08,0.6385,-1,-1,-1
150,5,1357.74,574.96,84.19,216.82,0.5402,-1,-1,-1
150,12,395.23,710.64,95.45,261.47,0.7855,-1,-1,-1
150,16,865.85,205.09,61.24,192.61,0.4056,-1,-1,-1
150,17,530.21,264.76,60.14,207.39,0.6155,-1,-1,-1
150,2,103.40,545.50,71.17,243.11,0.7131,-1,-1,-1
150,9,170.71,613.53,74.92,213.95,0.6570,-1,-1,-1
151,1,415.69,255.66,77.91,214.17,0.6157,-1,-1,-1
151,3,1044.55,914.27,73.83,163.29,0.7371,-1,-1,-1
151,4,1721.32,458.42,74.50,207.67,0.6249,-1,-1,-1
151,5,1360.73,574.27,85.19,222.19,0.4863,-1,-1,-1
151,12,395.98,709.58,95.86,262.69,0.7809,-1,-1,-1
151,16,864.87,205.07,61.10,191.55,0.4592,-1,-1,-1
151,17,529.71,265.99,60.17,208.96,0.6117,-1,-1,-1
151,2,103.36,546.29,71.34,243.65,0.7216,-1,-1,-1
151,9,176.71,611.67,74.49,214.78,0.6707,-1,-1,-1
152,1,416.00,255.05,77.90,214.89,0.6061,-1,-1,-1
152,3,1043.11,913.39,73.02,164.46,0.7421,-1,-1,-1
152,4,1721.35,458.14,74.61,208.28,0.6152,-1,-1,-1
152,5,1360.47,576.01,82.90,216.19,0.5299,-1,-1,-1
152,12,396.92,707.77,96.49,264.12,0.7669,-1,-1,-1
152,16,863.99,205.54,61.00,190.66,0.5191,-1,-1,-1
152,17,529.84,270.49,59.01,206.60,0.5926,-1,-1,-1
152,2,103.29,546.71,71.39,243.35,0.7175,-1,-1,-1
152,9,179.60,610.12,74.07,215.96,0.6899,-1,-1,-1
153,1,415.86,254.23,77.72,215.42,0.5831,-1,-1,-1
153,3,1041.48,912.26,72.54,166.31,0.7304,-1,-1,-1
153,4,1721.20,457.64,74.72,208.84,0.6099,-1,-1,-1
153,5,1359.89,575.59,82.56,215.82,0.5163,-1,-1,-1
153,12,397.66,707.86,96.80,264.20,0.7589,-1,-1,-1
153,16,862.79,204.91,61.45,191.39,0.4964,-1,-1,-1
153,17,530.27,274.25,57.78,203.25,0.5870,-1,-1,-1
153,2,103.31,547.54,71.80,244.97,0.7265,-1,-1,-1
153,9,182.86,609.87,73.48,215.57,0.7364,-1,-1,-1
154,1,414.54,253.19,77.83,216.40,0.6003,-1,-1,-1
154,3,1040.37,911.54,71.75,167.50,0.7146,-1,-1,-1
154,4,1721.40,459.13,74.07,207.06,0.5869,-1,-1,-1
154,5,1359.74,576.22,82.40,215.53,0.5207,-1,-1,-1
154,12,398.49,707.96,96.97,263.57,0.7634,-1,-1,-1
154,16,861.33,205.09,61.74,191.38,0.5085,-1,-1,-1
154,17,531.22,276.72,56.90,200.96,0.5632,-1,-1,-1
154,2,103.47,547.24,72.02,246.03,0.7199,-1,-1,-1
154,9,186.04,610.03,72.65,214.32,0.7530,-1,-1,-1
155,1,414.19,251.88,77.96,217.90,0.6029,-1,-1,-1
155,3,1039.17,910.98,70.80,168.00,0.7279,-1,-1,-1
155,4,1721.88,459.14,73.86,206.83,0.5962,-1,-1,-1
155,5,1359.88,576.32,81.82,213.72,0.5691,-1,-1,-1
155,12,399.46,705.97,97.99,265.28,0.7629,-1,-1,-1
155,16,859.63,205.11,61.77,189.90,0.5120,-1,-1,-1
155,17,532.15,278.69,56.25,198.74,0.5144,-1,-1,-1
155,2,102.84,546.16,72.36,247.52,0.6968,-1,-1,-1
155,9,190.13,610.13,71.84,213.51,0.7611,-1,-1,-1
156,1,415.30,251.41,76.95,215.60,0.6179,-1,-1,-1
156,3,1037.77,910.41,70.28,169.29,0.7072,-1,-1,-1
156,4,1722.11,459.52,73.55,206.03,0.5857,-1,-1,-1
156,5,1358.69,578.11,81.39,212.21,0.5199,-1,-1,-1
156,12,399.62,703.02,98.63,266.51,0.7607,-1,-1,-1
156,16,858.34,204.41,61.88,188.41,0.5456,-1,-1,-1
156,17,532.44,276.19,56.74,200.50,0.4659,-1,-1,-1
156,2,102.57,545.63,72.40,247.68,0.6976,-1,-1,-1
156,9,193.03,608.89,71.48,213.83,0.7525,-1,-1,-1
157,1,415.65,251.44,76.13,213.75,0.6182,-1,-1,-1
157,3,1036.72,909.88,69.43,169.70,0.7011,-1,-1,-1
157,4,1722.34,459.93,73.34,205.65,0.5926,-1,-1,-1
157,5,1358.19,578.61,81.13,210.89,0.5215,-1,-1,-1
157,12,400.48,703.66,98.28,264.96,0.7720,-1,-1,-1
157,16,857.99,203.40,61.60,185.77,0.5671,-1,-1,-1
157,17,532.76,275.08,56.54,199.51,0.4364,-1,-1,-1
157,2,102.66,545.66,72.35,247.52,0.6958,-1,-1,-1
157,9,195.46,608.10,71.15,214.39,0.7420,-1,-1,-1
158,1,416.36,249.71,76.50,214.94,0.6446,-1,-1,-1
158,3,1035.53,909.49,69.04,170.42,0.7158,-1,-1,-1
158,4,1722.17,459.94,73.56,206.27,0.6106,-1,-1,-1
158,5,1358.01,577.80,81.22,210.58,0.5366,-1,-1,-1
158,12,400.04,703.71,97.60,262.79,0.7844,-1,-1,-1
158,16,856.45,201.81,61.97,184.75,0.5558,-1,-1,-1
158,17,532.13,273.33,57.06,200.02,0.4534,-1,-1,-1
158,2,102.57,546.07,72.19,246.87,0.6986,-1,-1,-1
158,9,196.82,606.87,70.30,213.32,0.7153,-1,-1,-1
159,1,417.55,249.71,75.80,212.87,0.6106,-1,-1,-1
159,3,1034.12,908.66,68.49,170.80,0.6983,-1,-1,-1
159,4,1722.43,461.11,73.18,205.07,0.6000,-1,-1,-1
159,5,1357.73,578.29,81.96,211.84,0.5145,-1,-1,-1
159,12,400.32,702.85,96.39,260.95,0.7611,-1,-1,-1
159,16,854.29,200.56,63.61,187.87,0.5482,-1,-1,-1
159,17,531.28,278.45,56.69,195.74,0.4321,-1,-1,-1
159,2,102.57,546.18,72.18,246.87,0.6950,-1,-1,-1
159,9,198.39,604.74,69.73,212.88,0.6951,-1,-1,-1
160,1,417.77,248.06,75.95,213.81,0.6440,-1,-1,-1
160,3,1033.30,908.56,67.94,171.29,0.6799,-1,-1,-1
160,4,1721.98,461.28,73.15,204.80,0.5705,-1,-1,-1
160,5,1357.88,579.08,83.76,216.05,0.4776,-1,-1,-1
160,12,400.76,698.82,95.06,258.03,0.7656,-1,-1,-1
160,16,853.00,199.05,65.03,191.05,0.5134,-1,-1,-1
160,17,530.97,284.13,56.40,191.34,0.4709,-1,-1,-1
160,2,102.44,546.62,72.09,246.62,0.6985,-1,-1,-1
160,9,199.61,602.68,69.83,214.73,0.7002,-1,-1,-1
161,1,418.23,247.00,75.54,212.23,0.6232,-1,-1,-1
161,3,1031.43,908.07,67.70,171.92,0.6929,-1,-1,-1
161,4,1721.89,461.06,73.40,205.52,0.5775,-1,-1,-1
161,5,1357.68,579.69,83.95,216.31,0.5265,-1,-1,-1
161,12,401.49,693.58,93.47,254.24,0.7744,-1,-1,-1
161,16,852.13,196.97,65.52,191.21,0.4850,-1,-1,-1
161,17,531.05,286.89,57.36,190.62,0.4184,-1,-1,-1
161,2,102.28,546.64,72.24,247.23,0.6866,-1,-1,-1
161,9,202.85,599.63,68.64,213.72,0.6675,-1,-1,-1
162,1,419.05,246.18,75.11,210.71,0.6233,-1,-1,-1
162,3,1030.14,907.34,67.41,172.70,0.7115,-1,-1,-1
162,4,1721.93,461.58,73.40,205.53,0.5775,-1,-1,-1
162,5,1359.97,578.14,85.49,221.82,0.4897,-1,-1,-1
162,12,402.26,688.83,93.05,253.59,0.7652,-1,-1,-1
162,16,851.20,195.92,65.83,191.06,0.4876,-1,-1,-1
162,2,101.89,546.40,72.35,247.84,0.6726,-1,-1,-1
162,9,207.81,598.20,66.69,209.17,0.6741,-1,-1,-1
163,1,419.71,244.95,75.07,209.78,0.6178,-1,-1,-1
163,3,1028.88,906.45,67.27,173.61,0.6839,-1,-1,-1
163,4,1721.72,461.01,73.70,206.41,0.5791,-1,-1,-1
163,5,1358.60,579.31,86.63,224.28,0.5055,-1,-1,-1
163,12,402.20,684.64,93.18,254.82,0.7710,-1,-1,-1
163,16,851.31,194.60,65.45,188.89,0.4677,-1,-1,-1
163,2,102.09,546.39,72.37,247.92,0.6631,-1,-1,-1
163,9,210.92,595.88,65.94,207.94,0.6715,-1,-1,-1
164,1,419.84,244.27,75.04,208.58,0.6263,-1,-1,-1
164,3,1027.53,906.86,66.39,172.80,0.7307,-1,-1,-1
164,4,1721.69,460.75,73.80,206.64,0.5990,-1,-1,-1
164,5,1358.23,579.84,86.46,223.32,0.4790,-1,-1,-1
164,12,402.07,682.16,92.96,254.57,0.7738,-1,-1,-1
164,16,852.27,192.51,67.04,193.16,0.4605,-1,-1,-1
164,2,101.97,546.52,72.17,247.33,0.6805,-1,-1,-1
164,9,213.63,594.02,65.92,208.82,0.7065,-1,-1,-1
165,1,420.01,242.65,75.73,209.58,0.6170,-1,-1,-1
165,3,1026.22,907.42,65.66,172.15,0.7265,-1,-1,-1
165,4,1721.88,460.45,73.81,206.53,0.5945,-1,-1,-1
165,5,1358.32,580.74,85.32,219.96,0.5013,-1,-1,-1
165,12,401.22,680.20,93.47,255.90,0.7917,-1,-1,-1
165,16,853.10,191.52,67.49,194.26,0.4859,-1,-1,-1
165,2,101.99,546.40,72.03,246.96,0.6766,-1,-1,-1
165,9,213.73,592.17,66.00,209.27,0.7327,-1,-1,-1
166,1,419.41,241.60,75.94,210.16,0.5914,-1,-1,-1
166,3,1024.76,907.33,65.31,172.16,0.6855,-1,-1,-1
166,4,1721.84,460.67,73.88,206.95,0.6247,-1,-1,-1
166,5,1357.93,580.37,84.04,216.39,0.5031,-1,-1,-1
166,12,400.06,678.55,94.29,258.22,0.7914,-1,-1,-1
166,16,853.64,190.94,67.07,192.26,0.4911,-1,-1,-1
166,2,101.84,546.23,71.97,246.93,0.6849,-1,-1,-1
166,9,216.56,590.48,66.95,210.99,0.7025,-1,-1,-1
167,1,418.75,240.52,76.44,211.72,0.5753,-1,-1,-1
167,3,1022.98,906.71,65.49,172.94,0.6849,-1,-1,-1
167,4,1721.84,460.50,73.80,207.05,0.6082,-1,-1,-1
167,5,1357.13,579.78,84.50,217.54,0.4910,-1,-1,-1
167,12,399.40,675.67,94.84,260.23,0.7967,-1,-1,-1
167,16,854.38,190.62,66.47,189.45,0.4849,-1,-1,-1
167,2,101.76,546.31,72.06,247.25,0.6872,-1,-1,-1
167,9,218.09,589.34,68.36,213.36,0.7071,-1,-1,-1
168,1,418.00,239.49,76.89,213.01,0.5939,-1,-1,-1
168,3,1021.06,906.91,65.30,172.44,0.7042,-1,-1,-1
168,4,1721.43,459.27,74.32,208.76,0.6115,-1,-1,-1
168,5,1356.78,579.06,84.24,217.38,0.4972,-1,-1,-1
168,12,398.63,674.94,95.02,260.87,0.7840,-1,-1,-1
168,16,854.55,190.68,67.01,190.14,0.5117,-1,-1,-1
168,2,101.86,546.51,72.04,247.05,0.6861,-1,-1,-1
168,9,221.83,589.04,69.19,212.56,0.7157,-1,-1,-1
169,1,418.43,238.63,77.27,213.81,0.6112,-1,-1,-1
169,3,1020.20,907.86,64.89,171.27,0.7078,-1,-1,-1
169,4,1721.46,459.77,74.12,208.23,0.6104,-1,-1,-1
169,5,1357.34,578.92,84.54,217.88,0.4622,-1,-1,-1
169,12,398.87,674.08,94.98,260.86,0.7770,-1,-1,-1
169,16,854.54,190.48,67.12,189.17,0.5304,-1,-1,-1
169,2,101.76,545.88,72.47,248.31,0.6516,-1,-1,-1
169,9,224.26,588.61,70.19,213.22,0.6902,-1,-1,-1
170,1,418.33,237.83,77.76,214.98,0.6154,-1,-1,-1
170,3,1017.99,908.41,64.64,171.17,0.7220,-1,-1,-1
170,4,1721.34,460.46,73.98,207.66,0.6201,-1,-1,-1
170,5,1361.58,577.86,84.43,220.40,0.4458,-1,-1,-1
170,12,399.06,673.11,94.78,260.92,0.7748,-1,-1,-1
170,16,855.93,189.79,66.96,188.50,0.5096,-1,-1,-1
170,2,102.07,546.37,72.30,247.10,0.6539,-1,-1,-1
170,9,224.17,588.31,70.77,213.67,0.6627,-1,-1,-1
171,1,418.10,237.75,77.90,215.15,0.6221,-1,-1,-1
171,3,1016.48,908.93,64.24,170.94,0.7228,-1,-1,-1
171,4,1721.49,459.99,74.13,208.12,0.6031,-1,-1,-1
171,5,1362.10,577.26,84.18,221.91,0.4551,-1,-1,-1
171,12,399.19,672.24,94.35,260.26,0.7746,-1,-1,-1
171,16,858.00,191.53,65.22,184.47,0.4111,-1,-1,-1
171,2,102.21,546.41,72.61,247.37,0.6602,-1,-1,-1
171,9,223.43,588.13,71.15,213.14,0.6914,-1,-1,-1
172,1,417.75,237.53,78.35,216.44,0.6276,-1,-1,-1
172,3,1014.91,909.67,63.65,169.95,0.7436,-1,-1,-1
172,4,1721.74,460.29,73.94,207.59,0.5985,-1,-1,-1
172,5,1359.72,578.15,82.78,217.62,0.4744,-1,-1,-1
172,12,399.42,670.58,93.98,259.92,0.7812,-1,-1,-1
172,16,859.60,190.36,65.45,185.10,0.5030,-1,-1,-1
172,2,101.63,546.62,72.54,246.44,0.6623,-1,-1,-1
172,9,222.66,586.93,71.92,213.65,0.6431,-1,-1,-1
173,1,417.70,237.11,78.40,216.62,0.6146,-1,-1,-1
173,3,1012.56,910.04,63.44,169.60,0.7341,-1,-1,-1
173,4,1721.57,460.77,73.73,206.72,0.5928,-1,-1,-1
173,5,1358.65,578.59,82.03,215.21,0.5034,-1,-1,-1
173,12,400.43,668.66,93.25,259.32,0.7742,-1,-1,-1
173,16,860.45,189.05,65.93,186.45,0.4489,-1,-1,-1
173,2,101.49,546.31,72.79,246.94,0.6574,-1,-1,-1
173,9,221.96,584.19,72.78,215.14,0.6587,-1,-1,-1
174,1,417.22,236.54,78.49,217.22,0.6205,-1,-1,-1
174,3,1010.41,911.28,63.13,168.60,0.7399,-1,-1,-1
174,4,1721.34,459.88,74.08,207.69,0.5966,-1,-1,-1
174,5,1358.41,578.99,81.18,212.40,0.4983,-1,-1,-1
174,12,401.87,666.67,92.62,259.67,0.7818,-1,-1,-1
174,16,861.22,186.77,65.89,186.56,0.4383,-1,-1,-1
174,2,101.12,546.70,72.86,246.68,0.6518,-1,-1,-1
174,9,223.82,583.05,72.69,214.03,0.6752,-1,-1,-1
175,1,416.64,235.73,78.23,216.79,0.6517,-1,-1,-1
175,3,1007.76,912.74,62.77,167.24,0.7263,-1,-1,-1
175,4,1721.43,459.90,74.09,207.90,0.5931,-1,-1,-1
175,5,1358.82,578.88,80.46,209.60,0.5184,-1,-1,-1
175,12,402.73,663.89,92.30,260.85,0.8043,-1,-1,-1
175,16,863.11,185.89,64.99,183.63,0.4610,-1,-1,-1
175,2,100.70,546.65,72.88,246.39,0.6572,-1,-1,-1
175,9,224.84,579.79,72.54,214.36,0.6874,-1,-1,-1
176,1,416.06,233.41,78.29,217.79,0.6333,-1,-1,-1
176,3,1005.94,913.16,62.59,166.85,0.7290,-1,-1,-1
176,4,1721.17,459.67,74.12,208.22,0.5885,-1,-1,-1
176,5,1358.73,578.92,79.96,207.58,0.5145,-1,-1,-1
176,12,403.50,659.58,91.09,259.61,0.7913,-1,-1,-1
176,16,863.45,184.41,65.54,185.03,0.5037,-1,-1,-1
176,2,100.43,546.80,72.91,246.44,0.6576,-1,-1,-1
176,9,225.81,577.20,71.87,213.56,0.6685,-1,-1,-1
177,1,415.55,232.78,78.03,217.93,0.6375,-1,-1,-1
177,3,1005.00,913.19,62.14,165.31,0.7308,-1,-1,-1
177,4,1721.11,459.71,74.10,208.13,0.5823,-1,-1,-1
177,5,1358.29,578.96,80.79,209.20,0.4843,-1,-1,-1
177,12,404.96,654.78,88.91,255.14,0.7858,-1,-1,-1
177,16,864.46,182.30,65.68,185.07,0.5223,-1,-1,-1
177,2,100.34,546.89,72.84,246.09,0.6565,-1,-1,-1
177,9,226.36,575.27,71.02,211.89,0.6766,-1,-1,-1
178,1,415.31,231.10,77.08,215.91,0.6172,-1,-1,-1
178,3,1003.98,913.34,61.93,164.71,0.7206,-1,-1,-1
178,4,1721.25,460.10,73.95,207.75,0.5631,-1,-1,-1
178,5,1357.66,578.06,81.76,211.41,0.4804,-1,-1,-1
178,12,405.45,650.85,87.53,251.81,0.7857,-1,-1,-1
178,16,865.40,180.98,65.69,184.76,0.4978,-1,-1,-1
178,2,100.02,547.04,72.48,245.08,0.6539,-1,-1,-1
178,9,227.19,573.45,69.62,208.18,0.6069,-1,-1,-1
179,1,414.39,228.57,76.72,215.93,0.5930,-1,-1,-1
179,3,1002.18,913.56,61.71,164.66,0.7161,-1,-1,-1
179,4,1721.20,460.49,73.73,207.24,0.5469,-1,-1,-1
179,5,1357.02,577.62,83.79,216.92,0.5050,-1,-1,-1
179,12,406.54,648.57,86.75,249.98,0.7860,-1,-1,-1
179,16,866.59,180.34,65.60,184.03,0.4839,-1,-1,-1
179,2,99.94,546.18,72.62,246.41,0.6507,-1,-1,-1
179,9,227.34,571.46,69.32,207.50,0.6183,-1,-1,-1
180,1,414.18,227.51,75.74,213.28,0.6236,-1,-1,-1
180,3,1000.11,913.34,61.68,165.17,0.7209,-1,-1,-1
180,4,1721.39,460.22,73.89,207.94,0.5274,-1,-1,-1
180,5,1357.49,577.19,82.21,212.77,0.5125,-1,-1,-1
180,12,408.48,647.63,86.32,248.78,0.7905,-1,-1,-1
180,16,867.81,180.78,65.88,184.29,0.5042,-1,-1,-1
180,2,99.78,545.98,72.33,246.30,0.6557,-1,-1,-1
180,9,228.50,569.98,69.07,207.07,0.5864,-1,-1,-1
181,1,414.34,227.06,74.79,210.70,0.5963,-1,-1,-1
181,3,997.93,914.28,61.33,164.67,0.7208,-1,-1,-1
181,4,1721.44,459.19,74.34,209.37,0.5129,-1,-1,-1
181,5,1357.54,577.36,83.08,214.89,0.4994,-1,-1,-1
181,12,409.94,646.25,86.52,248.90,0.7886,-1,-1,-1
181,16,869.20,179.14,65.93,184.09,0.5017,-1,-1,-1
181,2,99.56,545.44,72.47,247.79,0.6546,-1,-1,-1
181,9,229.72,568.96,68.69,205.84,0.5737,-1,-1,-1
182,1,414.91,226.60,74.07,208.57,0.5808,-1,-1,-1
182,3,995.95,915.71,60.49,163.05,0.7356,-1,-1,-1
182,4,1721.58,459.23,74.13,209.22,0.5284,-1,-1,-1
182,5,1356.55,576.68,85.70,222.41,0.4785,-1,-1,-1
182,12,410.21,645.09,87.23,249.99,0.7844,-1,-1,-1
182,16,869.81,177.72,67.10,185.73,0.5388,-1,-1,-1
182,2,99.77,545.69,72.07,247.32,0.6712,-1,-1,-1
182,9,230.30,567.59,67.71,203.93,0.5869,-1,-1,-1
183,1,415.97,227.96,73.27,206.52,0.5794,-1,-1,-1
183,3,994.71,916.16,59.98,162.20,0.7283,-1,-1,-1
183,4,1721.75,459.37,73.85,208.77,0.5237,-1,-1,-1
183,5,1356.68,576.85,85.90,223.25,0.4897,-1,-1,-1
183,12,410.52,643.52,88.22,251.38,0.7979,-1,-1,-1
183,16,870.23,176.74,68.00,186.90,0.5564,-1,-1,-1
183,2,99.84,545.79,71.91,247.76,0.6819,-1,-1,-1
183,9,230.27,566.12,67.84,204.86,0.5514,-1,-1,-1
183,19,2.69,621.54,104.45,238.20,0.6555,-1,-1,-1
184,1,416.62,227.59,73.35,206.77,0.5791,-1,-1,-1
184,3,993.76,917.66,59.54,161.48,0.7233,-1,-1,-1
184,4,1721.21,459.25,73.86,208.97,0.5334,-1,-1,-1
184,5,1356.77,576.55,86.25,224.59,0.4653,-1,-1,-1
184,12,411.06,642.18,89.06,252.48,0.7735,-1,-1,-1
184,16,870.21,176.56,68.55,187.25,0.5430,-1,-1,-1
184,2,99.46,545.82,71.70,248.05,0.6704,-1,-1,-1
184,9,230.44,565.28,68.50,208.05,0.5351,-1,-1,-1
184,19,4.38,622.27,102.71,234.49,0.6215,-1,-1,-1
185,1,416.18,227.19,73.51,207.08,0.5878,-1,-1,-1
185,3,992.84,918.32,58.99,160.04,0.7175,-1,-1,-1
185,4,1721.28,459.38,73.64,208.59,0.5027,-1,-1,-1
185,5,1357.38,575.96,84.86,221.04,0.4800,-1,-1,-1
185,12,411.23,642.27,89.63,252.41,0.7859,-1,-1,-1
185,16,870.38,177.35,69.51,188.37,0.5879,-1,-1,-1
185,2,99.04,546.08,71.23,247.33,0.6464,-1,-1,-1
185,9,230.84,564.95,68.68,209.41,0.5680,-1,-1,-1
185,19,8.53,621.81,101.84,233.16,0.6221,-1,-1,-1
186,1,415.97,226.67,73.63,207.23,0.5963,-1,-1,-1
186,3,991.49,918.49,58.91,160.19,0.7341,-1,-1,-1
186,4,1721.37,459.15,73.59,208.75,0.5033,-1,-1,-1
186,5,1356.59,574.83,85.82,224.10,0.4939,-1,-1,-1
186,12,410.84,640.89,90.63,254.25,0.7943,-1,-1,-1
186,16,869.77,176.15,70.61,190.42,0.5612,-1,-1,-1
186,2,98.82,546.45,70.85,246.55,0.6452,-1,-1,-1
186,9,230.09,564.73,68.27,208.47,0.5833,-1,-1,-1
186,19,11.78,619.61,102.31,235.02,0.6575,-1,-1,-1
187,1,415.90,225.32,74.24,209.05,0.6014,-1,-1,-1
187,3,990.09,918.93,58.84,159.54,0.7347,-1,-1,-1
187,4,1721.42,459.53,73.31,208.17,0.4952,-1,-1,-1
187,5,1356.63,573.71,85.89,224.82,0.5044,-1,-1,-1
187,12,410.40,639.14,91.43,255.66,0.7812,-1,-1,-1
187,16,869.41,176.16,71.31,191.30,0.5617,-1,-1,-1
187,2,98.38,546.51,70.30,244.19,0.6377,-1,-1,-1
187,9,229.16,563.92,68.42,209.29,0.6350,-1,-1,-1
187,19,18.00,619.63,103.54,238.60,0.6872,-1,-1,-1
188,1,416.25,225.68,73.87,207.72,0.5946,-1,-1,-1
188,3,989.28,919.28,58.88,159.23,0.7218,-1,-1,-1
188,4,1721.46,460.08,73.13,207.50,0.5075,-1,-1,-1
188,5,1356.67,572.74,86.07,225.91,0.4594,-1,-1,-1
188,12,410.83,637.45,91.66,256.18,0.7685,-1,-1,-1
188,16,870.41,177.00,70.29,187.12,0.4322,-1,-1,-1
188,2,97.80,546.31,69.98,242.34,0.5923,-1,-1,-1
188,9,228.29,562.04,68.91,210.91,0.6183,-1,-1,-1
188,19,22.64,618.70,104.24,240.18,0.7143,-1,-1,-1
189,1,416.20,224.65,73.88,207.65,0.5819,-1,-1,-1
189,3,987.95,919.81,58.82,158.86,0.7122,-1,-1,-1
189,4,1721.26,460.54,73.15,207.37,0.4816,-1,-1,-1
189,5,1357.13,572.64,84.01,220.82,0.4582,-1,-1,-1
189,12,410.08,634.39,92.31,258.12,0.7985,-1,-1,-1
189,16,870.81,177.05,70.92,186.46,0.4621,-1,-1,-1
189,2,96.34,546.52,69.23,239.07,0.5354,-1,-1,-1
189,9,228.13,558.48,68.20,209.78,0.5553,-1,-1,-1
189,19,26.17,619.28,105.19,241.68,0.6902,-1,-1,-1
190,1,416.70,224.30,73.79,207.46,0.5687,-1,-1,-1
190,3,986.87,920.71,58.48,157.65,0.7264,-1,-1,-1
190,4,1721.28,459.27,73.54,208.59,0.4643,-1,-1,-1
190,5,1357.15,572.27,83.19,219.00,0.4494,-1,-1,-1
190,12,410.41,633.50,91.44,256.71,0.7853,-1,-1,-1
190,16,872.07,178.32,71.54,185.03,0.5122,-1,-1,-1
190,2,95.75,546.50,67.94,233.03,0.4935,-1,-1,-1
190,9,228.33,555.54,67.31,207.93,0.5731,-1,-1,-1
190,19,29.96,620.97,106.92,244.78,0.6737,-1,-1,-1
191,1,417.30,223.16,73.81,207.57,0.5656,-1,-1,-1
191,3,985.95,921.75,57.96,155.84,0.7426,-1,-1,-1
191,4,1720.94,459.52,73.61,208.46,0.4924,-1,-1,-1
191,5,1357.33,571.61,86.41,227.77,0.4815,-1,-1,-1
191,12,410.20,630.79,90.65,255.75,0.7833,-1,-1,-1
191,16,872.93,175.65,72.30,185.44,0.4829,-1,-1,-1
191,2,99.96,545.87,59.72,199.70,0.5734,-1,-1,-1
191,9,228.14,552.21,66.48,206.34,0.5918,-1,-1,-1
191,19,34.42,622.09,109.51,248.84,0.6087,-1,-1,-1
192,1,418.16,222.84,73.83,207.67,0.5437,-1,-1,-1
192,3,984.97,922.58,57.62,154.73,0.7447,-1,-1,-1
192,4,1720.91,459.81,73.49,207.83,0.5382,-1,-1,-1
192,5,1357.55,571.01,85.51,225.18,0.4981,-1,-1,-1
192,12,410.47,626.25,89.29,253.08,0.7717,-1,-1,-1
192,16,874.01,173.39,72.83,185.72,0.5071,-1,-1,-1
192,2,101.32,545.22,57.08,186.32,0.5979,-1,-1,-1
192,9,227.99,550.37,66.01,204.96,0.6324,-1,-1,-1
192,19,37.79,624.76,111.28,251.16,0.5943,-1,-1,-1
193,1,418.10,221.32,74.12,208.35,0.5236,-1,-1,-1
193,3,983.89,922.39,57.73,155.23,0.7164,-1,-1,-1
193,4,1720.94,459.54,73.46,207.61,0.5201,-1,-1,-1
193,5,1357.10,570.69,86.55,228.30,0.4933,-1,-1,-1
193,12,410.78,622.60,87.68,249.58,0.7896,-1,-1,-1
193,16,875.64,172.86,72.67,184.91,0.4296,-1,-1,-1
193,2,100.97,545.09,56.47,180.10,0.5867,-1,-1,-1
193,9,227.77,547.33,66.27,206.33,0.6395,-1,-1,-1
193,19,40.24,628.32,110.11,247.80,0.5098,-1,-1,-1
194,1,418.68,221.55,73.87,207.03,0.5100,-1,-1,-1
194,3,982.57,922.05,58.21,156.02,0.7386,-1,-1,-1
194,4,1720.97,459.84,73.49,207.58,0.5017,-1,-1,-1
194,5,1356.26,570.48,87.11,230.32,0.4713,-1,-1,-1
194,12,410.54,619.21,86.50,248.25,0.7743,-1,-1,-1
194,16,876.81,172.80,72.07,182.67,0.3923,-1,-1,-1
194,2,100.22,544.83,56.51,175.61,0.6222,-1,-1,-1
194,9,227.66,545.69,65.96,205.74,0.6429,-1,-1,-1
194,19,43.24,631.18,108.56,243.58,0.5885,-1,-1,-1
195,1,418.76,219.56,74.76,209.58,0.5585,-1,-1,-1
195,3,982.15,922.26,58.15,155.78,0.7299,-1,-1,-1
195,4,1721.02,459.54,73.67,208.13,0.5215,-1,-1,-1
195,5,1357.06,570.18,84.31,222.51,0.5590,-1,-1,-1
195,12,410.55,617.31,85.64,247.29,0.7846,-1,-1,-1
195,16,878.66,170.56,70.98,179.47,0.3666,-1,-1,-1
195,2,99.42,544.54,57.38,174.45,0.6015,-1,-1,-1
195,9,227.19,544.31,66.11,207.24,0.6471,-1,-1,-1
195,19,45.72,633.34,106.18,237.15,0.6656,-1,-1,-1
196,1,419.19,217.97,74.66,209.75,0.5386,-1,-1,-1
196,3,981.23,921.90,58.68,156.48,0.7311,-1,-1,-1
196,4,1720.48,458.71,74.05,209.49,0.5037,-1,-1,-1
196,5,1357.00,571.25,83.59,220.31,0.5213,-1,-1,-1
196,12,408.77,614.24,85.82,248.14,0.7515,-1,-1,-1
196,16,880.43,169.39,69.79,176.94,0.4262,-1,-1,-1
196,2,98.55,544.26,58.49,174.81,0.5414,-1,-1,-1
196,9,226.24,543.81,65.89,207.22,0.6475,-1,-1,-1
196,19,46.70,635.79,108.02,241.69,0.6668,-1,-1,-1
196,20,517.45,310.37,72.02,207.17,0.6012,-1,-1,-1
197,1,419.84,216.56,74.73,209.43,0.5739,-1,-1,-1
197,3,979.71,922.01,59.16,156.48,0.7374,-1,-1,-1
197,4,1720.91,458.77,73.98,209.50,0.5006,-1,-1,-1
197,5,1357.05,571.39,83.10,218.68,0.5401,-1,-1,-1
197,12,406.20,611.19,86.37,249.32,0.7413,-1,-1,-1
197,16,881.19,168.35,69.22,176.30,0.4546,-1,-1,-1
197,2,98.63,544.05,58.13,171.06,0.5280,-1,-1,-1
197,9,225.45,543.23,66.16,208.78,0.6860,-1,-1,-1
197,19,50.05,638.90,109.95,246.60,0.6736,-1,-1,-1
197,20,515.74,307.63,73.51,211.42,0.6745,-1,-1,-1
198,1,420.88,215.42,74.61,208.73,0.5656,-1,-1,-1
198,3,977.75,921.50,59.66,157.26,0.7018,-1,-1,-1
198,4,1720.90,458.94,73.75,208.85,0.4964,-1,-1,-1
198,5,1357.17,571.70,83.37,218.96,0.5586,-1,-1,-1
198,12,403.30,610.53,87.20,250.73,0.7492,-1,-1,-1
198,16,881.84,161.49,70.84,182.70,0.4296,-1,-1,-1
198,2,98.94,543.93,58.26,169.71,0.5198,-1,-1,-1
198,9,225.24,542.41,66.27,209.64,0.6939,-1,-1,-1
198,19,53.61,641.71,110.04,247.40,0.6953,-1,-1,-1
198,20,515.42,311.40,73.34,210.96,0.6261,-1,-1,-1
199,1,420.86,214.26,74.17,206.43,0.5663,-1,-1,-1
199,3,975.85,921.35,60.18,157.45,0.7289,-1,-1,-1
199,4,1720.60,458.75,73.76,209.08,0.5286,-1,-1,-1
199,5,1356.03,571.07,84.47,221.56,0.5205,-1,-1,-1
199,12,401.08,609.86,88.29,252.51,0.7422,-1,-1,-1
199,16,882.70,157.99,71.53,186.05,0.3958,-1,-1,-1
199,2,98.54,544.22,58.79,169.72,0.5182,-1,-1,-1
199,9,225.46,542.47,65.98,209.19,0.7028,-1,-1,-1
199,19,56.05,643.98,109.97,247.90,0.7226,-1,-1,-1
199,20,515.59,314.51,73.08,210.34,0.6018,-1,-1,-1
200,1,420.78,212.52,74.27,205.69,0.5739,-1,-1,-1
200,3,974.14,920.56,60.58,157.68,0.7147,-1,-1,-1
200,4,1720.57,458.71,73.57,208.79,0.5340,-1,-1,-1
200,5,1355.85,571.25,83.17,218.31,0.5400,-1,-1,-1
200,12,399.65,609.32,88.60,252.29,0.7471,-1,-1,-1
200,16,883.35,158.69,71.54,186.82,0.4004,-1,-1,-1
200,2,98.66,543.81,58.30,166.50,0.5372,-1,-1,-1
200,9,225.05,541.89,65.59,208.69,0.7167,-1,-1,-1
200,19,58.32,648.00,108.15,244.93,0.7122,-1,-1,-1
200,20,515.82,318.09,72.58,209.51,0.5842,-1,-1,-1
201,1,421.24,211.38,74.82,206.02,0.5669,-1,-1,-1
201,3,972.84,920.06,60.89,158.01,0.7218,-1,-1,-1
201,4,1720.51,458.30,73.56,209.05,0.5539,-1,-1,-1
201,5,1355.15,571.04,83.34,219.27,0.5451,-1,-1,-1
201,12,397.99,608.88,89.04,252.23,0.7428,-1,-1,-1
201,16,885.10,158.28,71.57,187.18,0.4226,-1,-1,-1
201,2,97.78,543.88,58.61,165.67,0.4987,-1,-1,-1
201,9,224.86,541.14,65.42,209.04,0.7041,-1,-1,-1
201,19,61.43,653.14,105.45,240.49,0.7342,-1,-1,-1
201,20,514.91,319.11,73.35,212.23,0.5941,-1,-1,-1
202,1,421.76,210.21,75.15,205.54,0.5610,-1,-1,-1
202,3,971.50,919.49,61.21,158.72,0.7279,-1,-1,-1
202,4,1720.82,458.33,73.61,209.50,0.5819,-1,-1,-1
202,5,1354.89,571.04,82.28,216.65,0.5172,-1,-1,-1
202,12,397.83,608.28,88.91,250.85,0.7354,-1,-1,-1
202,16,887.46,157.67,71.12,185.98,0.4323,-1,-1,-1
202,2,99.75,543.05,56.24,156.84,0.4446,-1,-1,-1
202,9,224.43,539.93,65.62,210.30,0.7057,-1,-1,-1
202,19,63.54,655.98,103.42,237.64,0.7427,-1,-1,-1
202,20,514.97,318.56,74.18,215.01,0.6122,-1,-1,-1
203,1,422.38,208.88,75.72,206.46,0.4910,-1,-1,-1
203,3,970.93,918.96,61.49,159.03,0.7357,-1,-1,-1
203,4,1720.69,458.33,73.60,209.61,0.5910,-1,-1,-1
203,5,1356.30,571.94,80.80,212.43,0.5458,-1,-1,-1
203,12,396.74,606.89,88.68,249.21,0.7339,-1,-1,-1
203,16,887.55,156.54,71.22,186.33,0.4726,-1,-1,-1
203,2,100.14,542.87,55.19,152.20,0.3301,-1,-1,-1
203,9,223.23,537.70,65.98,211.63,0.6996,-1,-1,-1
203,19,65.90,657.60,101.77,235.33,0.6964,-1,-1,-1
203,20,514.80,318.48,74.44,216.19,0.5676,-1,-1,-1
204,1,423.72,208.39,75.88,206.69,0.4480,-1,-1,-1
204,3,968.80,916.79,62.31,161.06,0.7307,-1,-1,-1
204,4,1720.84,458.81,73.46,209.24,0.5781,-1,-1,-1
204,5,1357.06,571.59,81.34,213.48,0.5603,-1,-1,-1
204,12,396.78,603.20,88.91,249.93,0.7216,-1,-1,-1
204,16,887.83,156.51,71.25,186.20,0.5037,-1,-1,-1
204,2,100.28,543.10,54.70,149.18,0.3513,-1,-1,-1
204,9,222.54,535.47,65.76,211.29,0.6727,-1,-1,-1
204,19,67.98,658.70,100.49,233.44,0.6856,-1,-1,-1
204,20,512.87,318.27,75.07,218.20,0.5869,-1,-1,-1
205,1,424.65,208.13,76.11,206.95,0.4663,-1,-1,-1
205,3,967.07,915.69,62.74,162.38,0.7310,-1,-1,-1
205,4,1720.53,458.76,73.70,209.81,0.5665,-1,-1,-1
205,5,1356.74,571.61,81.73,214.31,0.5317,-1,-1,-1
205,12,395.29,600.19,89.50,251.19,0.7193,-1,-1,-1
205,16,887.99,155.32,71.36,187.23,0.4669,-1,-1,-1
205,2,100.26,542.71,54.24,146.23,0.3398,-1,-1,-1
205,9,221.03,531.85,65.59,210.42,0.6652,-1,-1,-1
205,19,69.97,657.78,100.66,234.30,0.7375,-1,-1,-1
205,20,513.46,318.36,75.09,218.55,0.5049,-1,-1,-1
206,1,424.40,205.85,76.75,208.02,0.5126,-1,-1,-1
206,3,965.43,914.98,62.95,162.95,0.7458,-1,-1,-1
206,4,1720.66,458.96,73.74,209.65,0.5679,-1,-1,-1
206,5,1355.76,571.42,82.05,215.20,0.5380,-1,-1,-1
206,12,395.00,597.90,89.61,251.98,0.7334,-1,-1,-1
206,16,889.55,155.59,70.38,185.10,0.5184,-1,-1,-1
206,2,100.42,542.83,54.65,145.55,0.3889,-1,-1,-1
206,9,221.14,529.27,63.95,205.01,0.6692,-1,-1,-1
206,19,73.73,657.43,100.47,234.43,0.7627,-1,-1,-1
206,20,512.93,319.52,75.02,218.27,0.5080,-1,-1,-1
207,1,424.57,205.07,76.85,207.44,0.4888,-1,-1,-1
207,3,963.79,913.61,63.39,164.45,0.7476,-1,-1,-1
207,4,1720.79,458.92,73.54,209.03,0.5735,-1,-1,-1
207,5,1356.51,570.91,81.40,213.85,0.4978,-1,-1,-1
207,12,395.52,596.31,88.27,248.42,0.7456,-1,-1,-1
207,16,890.45,154.45,71.68,188.69,0.5108,-1,-1,-1
207,2,100.61,543.20,55.41,146.19,0.4421,-1,-1,-1
207,9,221.42,526.91,63.14,202.53,0.6494,-1,-1,-1
207,19,80.22,659.05,101.20,235.43,0.7234,-1,-1,-1
207,20,511.76,319.86,74.87,217.57,0.5340,-1,-1,-1
208,1,424.90,205.61,77.02,207.70,0.4770,-1,-1,-1
208,3,961.71,912.77,63.81,165.59,0.7408,-1,-1,-1
208,4,1721.05,458.83,73.67,209.59,0.5807,-1,-1,-1
208,5,1356.68,570.54,81.30,213.99,0.5151,-1,-1,-1
208,12,396.60,593.62,87.01,245.54,0.7482,-1,-1,-1
208,16,891.15,152.91,72.05,190.77,0.4737,-1,-1,-1
208,2,100.73,543.43,56.08,146.63,0.3912,-1,-1,-1
208,9,220.76,524.85,63.24,202.40,0.6129,-1,-1,-1
208,19,85.70,660.32,103.36,239.37,0.7345,-1,-1,-1
208,20,510.23,322.70,73.90,213.98,0.5138,-1,-1,-1
209,1,425.30,205.73,77.32,208.63,0.4398,-1,-1,-1
209,3,960.09,912.40,63.78,166.15,0.7305,-1,-1,-1
209,4,1721.09,457.93,73.81,210.31,0.5548,-1,-1,-1
209,5,1355.84,570.70,81.24,214.95,0.4956,-1,-1,-1
209,12,397.41,591.13,85.37,241.76,0.7519,-1,-1,-1
209,16,892.29,151.64,71.51,190.12,0.4535,-1,-1,-1
209,2,100.85,544.76,57.10,148.29,0.3752,-1,-1,-1
209,9,220.49,523.14,63.22,202.27,0.6256,-1,-1,-1
209,19,90.50,664.26,104.61,239.76,0.7617,-1,-1,-1
209,20,509.25,323.51,73.71,213.15,0.5572,-1,-1,-1
210,1,425.06,205.30,77.58,209.72,0.4219,-1,-1,-1
210,3,957.90,912.04,64.02,166.96,0.7292,-1,-1,-1
210,4,1720.98,458.12,73.79,210.40,0.5698,-1,-1,-1
210,5,1355.76,570.87,80.99,215.00,0.5190,-1,-1,-1
210,12,398.59,589.76,83.95,238.66,0.7551,-1,-1,-1
210,16,892.81,150.94,71.01,189.76,0.4767,-1,-1,-1
210,2,101.11,543.66,58.10,150.29,0.3845,-1,-1,-1
210,9,219.83,522.08,63.65,203.16,0.6205,-1,-1,-1
210,19,92.47,666.68,106.33,240.33,0.7543,-1,-1,-1
210,20,508.38,323.96,73.73,213.32,0.5971,-1,-1,-1
211,1,426.06,204.90,77.43,209.71,0.4367,-1,-1,-1
211,3,956.07,912.11,63.96,166.65,0.7376,-1,-1,-1
211,4,1721.10,458.86,73.24,208.63,0.5500,-1,-1,-1
211,5,1354.74,570.42,81.79,218.21,0.5124,-1,-1,-1
211,12,399.00,587.24,83.38,238.18,0.7515,-1,-1,-1
211,16,894.40,150.29,69.96,186.99,0.4973,-1,-1,-1
211,2,101.68,543.64,59.08,151.92,0.3776,-1,-1,-1
211,9,218.62,520.77,64.18,204.37,0.5994,-1,-1,-1
211,19,95.46,668.78,107.33,241.10,0.7521,-1,-1,-1
211,20,508.05,324.20,73.26,212.06,0.5998,-1,-1,-1
212,1,426.06,203.52,77.55,210.07,0.4024,-1,-1,-1
212,3,954.10,911.11,64.64,168.48,0.7329,-1,-1,-1
212,4,1720.92,459.29,73.56,209.39,0.5753,-1,-1,-1
212,5,1354.60,570.84,81.78,219.25,0.5009,-1,-1,-1
212,12,398.98,585.20,83.33,238.60,0.7133,-1,-1,-1
212,16,897.05,148.09,68.97,184.55,0.4892,-1,-1,-1
212,2,102.12,543.77,60.83,156.03,0.4590,-1,-1,-1
212,9,217.42,519.46,64.65,205.47,0.6211,-1,-1,-1
212,19,98.18,670.15,108.39,243.64,0.7423,-1,-1,-1
212,20,507.39,325.40,72.83,210.89,0.5918,-1,-1,-1
213,1,425.89,202.11,77.57,210.20,0.4076,-1,-1,-1
213,3,951.93,910.12,65.12,169.78,0.7463,-1,-1,-1
213,4,1720.95,459.11,73.78,209.76,0.5666,-1,-1,-1
213,5,1354.27,570.61,81.99,220.78,0.5398,-1,-1,-1
213,12,399.00,582.85,83.94,241.01,0.7104,-1,-1,-1
213,16,898.47,145.55,68.60,183.94,0.5013,-1,-1,-1
213,2,100.90,543.95,64.92,167.43,0.4890,-1,-1,-1
213,9,216.55,518.83,64.53,204.68,0.6150,-1,-1,-1
213,19,99.57,669.99,109.89,248.05,0.7477,-1,-1,-1
213,20,506.80,326.04,72.75,211.25,0.6299,-1,-1,-1
214,1,425.28,201.30,77.48,210.41,0.3946,-1,-1,-1
214,3,950.56,908.96,65.45,171.06,0.7357,-1,-1,-1
214,4,1721.55,459.40,73.22,207.99,0.5645,-1,-1,-1
214,5,1354.21,571.08,81.04,218.75,0.5271,-1,-1,-1
214,12,398.99,580.24,84.84,243.50,0.6935,-1,-1,-1
214,16,899.62,142.54,68.77,185.21,0.4662,-1,-1,-1
214,2,100.95,545.90,66.56,171.94,0.4908,-1,-1,-1
214,9,216.45,518.39,64.37,203.61,0.5915,-1,-1,-1
214,19,101.88,667.73,110.92,252.69,0.7556,-1,-1,-1
214,20,507.60,325.19,72.66,211.28,0.7047,-1,-1,-1
215,1,425.94,200.59,76.99,209.66,0.3774,-1,-1,-1
215,3,948.92,908.86,65.27,171.20,0.7452,-1,-1,-1
215,4,1721.67,459.62,73.17,207.68,0.5782,-1,-1,-1
215,5,1355.25,571.51,79.94,216.08,0.5403,-1,-1,-1
215,12,399.14,578.66,85.52,244.90,0.7152,-1,-1,-1
215,16,900.58,141.81,68.63,185.52,0.4448,-1,-1,-1
215,2,102.27,547.44,66.68,171.68,0.4498,-1,-1,-1
215,9,216.27,517.54,64.46,203.69,0.5843,-1,-1,-1
215,19,104.38,666.02,110.91,256.31,0.7662,-1,-1,-1
215,20,507.66,325.40,73.06,213.22,0.6742,-1,-1,-1
216,1,426.40,201.07,75.36,205.39,0.3520,-1,-1,-1
216,3,948.17,908.90,64.97,171.16,0.7376,-1,-1,-1
216,4,1721.50,459.07,73.41,208.59,0.5417,-1,-1,-1
216,5,1355.33,571.19,80.38,217.48,0.5404,-1,-1,-1
216,12,399.76,577.97,86.02,245.91,0.7187,-1,-1,-1
216,16,900.73,140.79,68.64,186.23,0.5114,-1,-1,-1
216,2,103.19,547.83,67.45,172.91,0.4643,-1,-1,-1
216,9,215.57,516.69,64.07,201.98,0.5842,-1,-1,-1
216,19,106.67,664.15,110.20,259.09,0.7806,-1,-1,-1
216,20,506.84,326.90,73.53,215.60,0.6221,-1,-1,-1
217,1,426.35,199.63,74.58,203.68,0.3484,-1,-1,-1
217,3,947.53,908.69,64.66,171.37,0.7374,-1,-1,-1
217,4,1721.25,459.06,73.51,208.86,0.5315,-1,-1,-1
217,5,1355.37,571.54,80.77,218.20,0.5258,-1,-1,-1
217,12,400.00,576.75,86.53,246.58,0.7099,-1,-1,-1
217,16,901.13,140.54,68.33,185.50,0.4604,-1,-1,-1
217,2,102.83,548.79,67.25,172.12,0.3979,-1,-1,-1
217,9,216.18,515.74,64.10,203.46,0.5800,-1,-1,-1
217,19,107.99,663.44,109.01,259.91,0.7908,-1,-1,-1
217,20,506.81,328.96,73.67,217.29,0.5991,-1,-1,-1
217,21,49.76,613.24,71.11,239.80,0.6280,-1,-1,-1
218,1,426.86,198.71,74.00,201.75,0.3752,-1,-1,-1
218,3,946.08,908.28,64.73,171.78,0.7344,-1,-1,-1
218,4,1721.23,459.25,73.62,209.36,0.5225,-1,-1,-1
218,5,1355.02,571.39,80.94,218.68,0.4938,-1,-1,-1
218,12,399.95,576.17,86.86,246.48,0.7189,-1,-1,-1
218,16,901.55,140.74,67.70,183.90,0.3776,-1,-1,-1
218,2,107.09,548.57,59.72,148.76,0.3216,-1,-1,-1
218,9,216.15,514.20,64.00,205.33,0.5482,-1,-1,-1
218,19,111.40,664.06,107.13,258.97,0.7803,-1,-1,-1
218,20,506.84,330.13,73.75,219.51,0.6173,-1,-1,-1
218,21,57.47,617.06,70.64,237.30,0.4969,-1,-1,-1
219,1,427.77,197.16,73.22,199.53,0.3551,-1,-1,-1
219,3,943.84,907.52,65.17,172.53,0.7538,-1,-1,-1
219,4,1721.08,458.94,73.73,209.85,0.5485,-1,-1,-1
219,5,1355.27,571.79,80.59,217.44,0.5037,-1,-1,-1
219,12,400.25,575.12,86.75,245.75,0.6946,-1,-1,-1
219,16,900.93,140.38,68.74,186.47,0.4737,-1,-1,-1
219,2,108.25,549.11,56.88,137.07,0.3710,-1,-1,-1
219,9,215.07,512.02,62.99,203.52,0.5354,-1,-1,-1
219,19,114.67,663.26,105.46,258.58,0.7718,-1,-1,-1
219,20,507.17,331.67,73.25,220.10,0.6280,-1,-1,-1
219,21,63.34,624.76,67.84,226.31,0.5830,-1,-1,-1
220,1,427.94,196.53,72.80,198.60,0.3742,-1,-1,-1
220,3,942.06,905.99,65.95,174.06,0.7481,-1,-1,-1
220,4,1721.24,459.02,73.58,209.40,0.5642,-1,-1,-1
220,5,1355.36,571.11,81.12,218.30,0.5130,-1,-1,-1
220,12,399.16,572.48,87.25,246.89,0.7156,-1,-1,-1
220,16,900.55,140.81,69.44,187.44,0.5145,-1,-1,-1
220,2,105.55,549.68,57.98,134.54,0.3996,-1,-1,-1
220,9,213.32,508.29,62.29,202.29,0.5506,-1,-1,-1
220,19,119.37,665.30,102.71,253.10,0.7425,-1,-1,-1
220,20,507.24,333.95,72.04,218.45,0.6369,-1,-1,-1
220,21,67.73,630.71,67.01,220.97,0.6052,-1,-1,-1
221,1,428.30,195.28,72.83,199.10,0.3794,-1,-1,-1
221,3,939.51,905.00,66.61,175.04,0.7478,-1,-1,-1
221,4,1720.99,458.62,73.56,209.34,0.5864,-1,-1,-1
221,5,1355.29,571.39,81.23,218.12,0.5156,-1,-1,-1
221,12,398.87,569.64,87.44,248.02,0.6923,-1,-1,-1
221,16,901.18,141.06,69.66,188.01,0.5417,-1,-1,-1
221,2,102.21,550.56,61.02,136.09,0.4767,-1,-1,-1
221,9,212.20,504.92,61.93,201.54,0.5997,-1,-1,-1
221,19,124.03,667.11,101.98,252.22,0.7301,-1,-1,-1
221,20,507.81,336.16,71.64,218.69,0.6034,-1,-1,-1
221,21,72.25,635.07,67.17,218.28,0.6305,-1,-1,-1
222,1,428.67,193.99,72.88,199.72,0.3578,-1,-1,-1
222,3,938.02,904.86,67.20,175.18,0.7533,-1,-1,-1
222,4,1721.41,458.55,73.45,208.96,0.5638,-1,-1,-1
222,5,1355.43,571.56,81.95,219.53,0.4860,-1,-1,-1
222,12,398.06,566.01,87.74,249.92,0.7094,-1,-1,-1
222,16,901.48,140.65,69.28,187.23,0.4980,-1,-1,-1
222,2,99.64,550.98,68.15,150.00,0.3797,-1,-1,-1
222,9,210.57,503.41,62.11,200.85,0.5618,-1,-1,-1
222,19,131.03,668.76,102.47,251.80,0.7160,-1,-1,-1
222,20,508.40,336.84,71.11,218.96,0.5869,-1,-1,-1
222,21,76.94,633.27,69.91,223.09,0.5137,-1,-1,-1
223,1,429.69,193.65,73.04,201.21,0.3377,-1,-1,-1
223,3,936.94,904.59,67.78,175.44,0.7456,-1,-1,-1
223,4,1721.60,458.01,73.40,209.23,0.5424,-1,-1,-1
223,5,1355.56,571.66,82.65,220.89,0.4526,-1,-1,-1
223,12,398.03,564.10,86.42,246.80,0.7257,-1,-1,-1
223,16,900.96,140.54,68.83,185.93,0.4489,-1,-1,-1
223,2,101.04,551.92,66.85,143.58,0.4595,-1,-1,-1
223,9,210.06,502.30,62.28,200.30,0.5643,-1,-1,-1
223,19,135.04,670.39,105.00,255.92,0.6903,-1,-1,-1
223,20,508.97,337.45,70.62,218.68,0.5835,-1,-1,-1
223,21,78.48,634.54,71.32,224.15,0.5791,-1,-1,-1
224,1,430.79,193.32,72.99,202.01,0.3577,-1,-1,-1
224,3,936.25,904.31,68.19,175.72,0.7161,-1,-1,-1
224,4,1721.58,458.71,73.33,208.98,0.5487,-1,-1,-1
224,5,1355.85,571.62,85.06,226.57,0.4353,-1,-1,-1
224,12,397.89,560.96,84.48,241.67,0.7171,-1,-1,-1
224,16,902.68,138.11,69.17,186.33,0.4197,-1,-1,-1
224,2,101.47,552.53,67.68,142.86,0.3632,-1,-1,-1
224,9,210.38,500.78,62.17,201.40,0.5535,-1,-1,-1
224,19,138.91,674.38,107.30,258.67,0.7254,-1,-1,-1
224,20,509.96,338.20,70.29,218.38,0.5859,-1,-1,-1
224,21,80.00,635.72,71.58,222.41,0.5422,-1,-1,-1
225,1,430.09,192.07,73.46,203.80,0.3693,-1,-1,-1
225,3,935.67,903.41,68.77,176.56,0.7277,-1,-1,-1
225,4,1721.42,458.73,73.55,209.44,0.5840,-1,-1,-1
225,5,1355.97,572.08,86.75,230.47,0.4103,-1,-1,-1
225,12,397.04,557.99,83.01,238.03,0.7170,-1,-1,-1
225,16,904.40,137.23,69.21,185.73,0.3902,-1,-1,-1
225,2,100.78,553.12,70.34,147.25,0.3705,-1,-1,-1
225,9,210.54,499.43,61.78,200.96,0.6084,-1,-1,-1
225,19,140.65,677.36,109.81,262.78,0.7732,-1,-1,-1
225,20,511.13,338.79,70.07,217.81,0.5865,-1,-1,-1
225,21,82.42,638.71,72.75,225.25,0.5941,-1,-1,-1
226,1,430.36,190.55,73.68,204.97,0.3925,-1,-1,-1
226,3,934.37,902.32,69.64,177.68,0.7226,-1,-1,-1
226,4,1721.41,458.26,73.88,210.29,0.5769,-1,-1,-1
226,5,1357.19,573.40,86.11,227.02,0.4488,-1,-1,-1
226,12,394.66,555.52,83.24,237.96,0.7250,-1,-1,-1
226,16,905.48,135.63,68.66,184.93,0.3656,-1,-1,-1
226,2,101.01,554.17,72.96,151.81,0.4247,-1,-1,-1
226,9,208.75,499.05,62.44,201.50,0.6060,-1,-1,-1
226,19,142.08,680.13,111.16,264.70,0.7539,-1,-1,-1
226,20,510.72,339.59,70.25,217.32,0.6155,-1,-1,-1
226,21,86.40,640.53,73.47,226.54,0.6079,-1,-1,-1
227,1,430.87,188.79,74.23,207.20,0.4145,-1,-1,-1
227,3,933.64,901.94,70.07,178.07,0.7081,-1,-1,-1
227,4,1721.39,458.24,73.77,210.05,0.5957,-1,-1,-1
227,5,1356.97,573.89,86.21,226.23,0.4627,-1,-1,-1
227,12,392.62,553.14,83.71,238.73,0.7344,-1,-1,-1
227,16,906.49,133.98,68.66,186.62,0.3490,-1,-1,-1
227,2,101.69,554.57,74.96,155.30,0.4687,-1,-1,-1
227,9,208.56,498.03,63.23,203.22,0.6048,-1,-1,-1
227,19,144.27,682.61,112.64,268.13,0.7643,-1,-1,-1
227,20,511.12,342.39,69.62,213.92,0.6181,-1,-1,-1
227,21,92.21,639.83,73.96,227.73,0.5921,-1,-1,-1
228,1,431.70,188.21,74.14,207.61,0.4362,-1,-1,-1
228,3,933.23,901.13,70.56,178.87,0.6954,-1,-1,-1
228,4,1721.70,459.16,73.35,208.66,0.5956,-1,-1,-1
228,5,1357.65,575.25,88.13,229.27,0.4474,-1,-1,-1
228,12,389.94,551.81,84.50,239.41,0.7352,-1,-1,-1
228,16,909.10,132.85,67.08,182.34,0.3559,-1,-1,-1
228,2,104.07,555.02,72.74,148.89,0.4599,-1,-1,-1
228,9,208.86,496.90,63.64,203.70,0.6215,-1,-1,-1
228,19,145.81,686.57,111.39,266.96,0.7345,-1,-1,-1
228,20,510.50,342.06,69.76,213.85,0.6387,-1,-1,-1
228,21,96.97,640.31,75.03,230.38,0.6010,-1,-1,-1
229,1,432.22,187.81,74.08,208.59,0.4224,-1,-1,-1
229,3,932.57,900.35,71.07,179.66,0.7155,-1,-1,-1
229,4,1721.27,459.32,73.51,208.87,0.6028,-1,-1,-1
229,5,1357.59,575.97,86.71,223.77,0.4909,-1,-1,-1
229,12,387.51,549.61,85.92,241.68,0.7255,-1,-1,-1
229,16,912.34,131.99,65.76,178.53,0.3882,-1,-1,-1
229,2,106.48,555.96,71.02,143.03,0.4673,-1,-1,-1
229,9,208.17,495.83,64.28,204.91,0.5912,-1,-1,-1
229,19,146.09,689.74,110.03,265.90,0.7290,-1,-1,-1
229,20,510.67,343.67,69.67,212.49,0.6495,-1,-1,-1
229,21,103.36,642.91,73.86,226.22,0.5913,-1,-1,-1
230,1,433.64,187.42,73.12,206.72,0.4565,-1,-1,-1
230,3,932.47,899.69,71.41,180.32,0.7126,-1,-1,-1
230,4,1721.29,459.55,73.46,208.49,0.5841,-1,-1,-1
230,5,1357.76,575.43,88.92,227.59,0.4598,-1,-1,-1
230,12,385.33,546.68,87.94,245.78,0.7325,-1,-1,-1
230,16,915.80,130.60,64.68,175.25,0.3404,-1,-1,-1
230,2,109.40,556.49,68.04,133.27,0.4543,-1,-1,-1
230,9,207.46,494.59,64.63,204.76,0.5886,-1,-1,-1
230,19,147.28,693.01,109.38,264.75,0.7489,-1,-1,-1
230,20,510.77,344.44,70.12,213.21,0.6390,-1,-1,-1
230,21,109.03,645.19,71.59,218.49,0.5594,-1,-1,-1
231,1,435.04,186.88,72.33,204.84,0.4376,-1,-1,-1
231,3,932.06,899.29,71.71,180.67,0.7279,-1,-1,-1
231,4,1721.34,458.82,73.82,209.51,0.6109,-1,-1,-1
231,5,1358.40,577.29,88.58,224.60,0.4701,-1,-1,-1
231,12,383.29,545.13,89.25,247.75,0.7377,-1,-1,-1
231,16,918.07,129.56,65.55,177.18,0.3072,-1,-1,-1
231,2,109.99,556.80,67.47,128.86,0.4820,-1,-1,-1
231,9,209.82,493.31,64.52,204.50,0.5610,-1,-1,-1
231,19,150.02,695.36,108.10,263.28,0.7687,-1,-1,-1
231,20,510.04,345.43,70.41,213.02,0.6584,-1,-1,-1
231,21,119.64,644.75,57.96,170.05,0.4767,-1,-1,-1
232,1,436.14,186.46,72.26,205.34,0.4461,-1,-1,-1
232,3,932.03,899.25,71.88,180.74,0.7215,-1,-1,-1
232,4,1721.44,458.08,73.97,210.21,0.6170,-1,-1,-1
232,5,1358.66,578.33,90.54,228.18,0.4679,-1,-1,-1
232,12,380.78,544.56,90.26,248.30,0.7132,-1,-1,-1
232,16,919.51,127.19,66.60,179.67,0.3077,-1,-1,-1
232,2,109.67,557.18,68.69,128.71,0.4507,-1,-1,-1
232,9,213.15,492.22,63.78,203.51,0.5231,-1,-1,-1
232,19,155.70,697.68,105.73,260.51,0.7634,-1,-1,-1
232,20,508.82,345.95,71.07,215.08,0.6662,-1,-1,-1
232,21,116.13,647.46,71.56,212.56,0.5335,-1,-1,-1
233,1,437.23,184.76,72.51,207.11,0.4114,-1,-1,-1
233,3,932.29,898.96,71.95,181.04,0.7089,-1,-1,-1
233,4,1721.63,458.34,73.74,209.53,0.5951,-1,-1,-1
233,5,1358.34,577.79,93.16,233.52,0.4534,-1,-1,-1
233,12,378.98,544.19,90.62,247.15,0.6917,-1,-1,-1
233,2,109.40,557.85,71.20,131.59,0.4187,-1,-1,-1
233,9,213.03,490.66,64.02,203.60,0.5892,-1,-1,-1
233,19,160.28,699.88,103.51,258.01,0.7783,-1,-1,-1
233,20,507.77,346.85,72.00,218.19,0.6781,-1,-1,-1
233,21,116.05,648.59,73.84,221.72,0.5440,-1,-1,-1
234,1,438.58,183.59,72.62,208.30,0.4265,-1,-1,-1
234,3,933.29,899.80,71.31,180.20,0.6985,-1,-1,-1
234,4,1721.96,458.25,73.76,209.69,0.6140,-1,-1,-1
234,5,1357.77,576.31,95.57,238.11,0.5107,-1,-1,-1
234,12,377.68,542.74,90.75,245.23,0.7133,-1,-1,-1
234,2,94.17,558.77,102.97,198.00,0.3856,-1,-1,-1
234,9,214.78,488.68,63.06,200.37,0.5975,-1,-1,-1
234,19,163.05,701.25,102.10,257.11,0.7941,-1,-1,-1
234,20,506.54,347.78,72.47,220.32,0.6880,-1,-1,-1
234,21,115.94,650.52,74.21,223.78,0.4359,-1,-1,-1
235,1,440.47,182.40,72.06,207.64,0.4530,-1,-1,-1
235,3,933.31,900.36,70.72,179.65,0.6793,-1,-1,-1
235,4,1721.99,458.70,73.55,209.33,0.5925,-1,-1,-1
235,5,1359.18,576.48,96.41,238.38,0.4402,-1,-1,-1
235,12,376.04,541.54,91.30,245.30,0.7200,-1,-1,-1
235,2,102.77,559.36,87.27,165.48,0.4372,-1,-1,-1
235,9,215.97,486.20,62.39,198.47,0.5967,-1,-1,-1
235,19,166.51,702.64,99.76,254.47,0.7767,-1,-1,-1
235,20,505.71,350.07,72.41,220.86,0.6852,-1,-1,-1
235,21,117.75,653.01,73.16,221.63,0.5006,-1,-1,-1
236,1,442.46,182.35,70.62,204.10,0.4484,-1,-1,-1
236,3,933.66,900.37,70.27,179.64,0.6705,-1,-1,-1
236,4,1721.91,459.11,73.35,209.05,0.6041,-1,-1,-1
236,5,1360.59,576.63,97.19,238.74,0.4502,-1,-1,-1
236,12,375.21,540.79,91.31,244.25,0.7202,-1,-1,-1
236,2,107.42,560.14,80.53,151.18,0.5191,-1,-1,-1
236,9,216.83,483.97,62.08,197.04,0.5818,-1,-1,-1
236,19,169.80,703.16,98.21,253.90,0.7783,-1,-1,-1
236,20,505.20,352.73,71.56,219.06,0.6844,-1,-1,-1
236,21,121.07,656.68,72.43,220.21,0.5671,-1,-1,-1
237,1,443.37,181.50,69.76,201.48,0.3803,-1,-1,-1
237,3,933.95,900.37,69.74,179.63,0.6756,-1,-1,-1
237,4,1721.64,458.52,73.47,209.52,0.5917,-1,-1,-1
237,5,1362.97,577.43,97.70,238.88,0.4263,-1,-1,-1
237,12,374.83,538.01,91.61,244.86,0.7035,-1,-1,-1
237,2,109.06,560.32,78.67,146.64,0.5160,-1,-1,-1
237,9,218.00,482.45,61.95,196.40,0.5577,-1,-1,-1
237,19,173.12,703.80,96.29,251.74,0.7906,-1,-1,-1
237,20,504.07,355.39,70.97,217.38,0.6776,-1,-1,-1
237,21,124.78,655.48,72.62,221.93,0.6008,-1,-1,-1
238,1,443.77,180.46,69.58,200.60,0.3879,-1,-1,-1
238,3,933.68,900.37,69.16,179.63,0.6801,-1,-1,-1
238,4,1721.56,459.53,73.08,208.33,0.6043,-1,-1,-1
238,5,1366.17,578.58,98.46,239.70,0.4166,-1,-1,-1
238,12,375.64,535.62,91.14,243.86,0.7075,-1,-1,-1
238,2,98.05,560.97,105.62,203.42,0.4703,-1,-1,-1
238,9,218.05,480.35,62.22,196.98,0.5441,-1,-1,-1
238,19,176.97,703.96,95.56,252.59,0.7751,-1,-1,-1
238,20,502.87,356.95,71.12,218.12,0.6982,-1,-1,-1
238,21,131.69,658.34,70.42,216.95,0.4653,-1,-1,-1
239,1,444.64,179.14,69.70,200.37,0.4008,-1,-1,-1
239,3,933.53,900.17,68.60,179.84,0.7089,-1,-1,-1
239,4,1721.71,458.86,73.30,209.14,0.6240,-1,-1,-1
239,5,1364.52,577.33,100.06,240.58,0.4685,-1,-1,-1
239,12,377.87,531.61,89.58,240.74,0.7622,-1,-1,-1
239,2,94.60,561.65,114.36,227.68,0.4800,-1,-1,-1
239,9,218.53,479.54,62.41,197.47,0.5839,-1,-1,-1
239,19,181.02,705.60,94.28,251.40,0.7562,-1,-1,-1
239,20,501.81,357.98,70.71,216.69,0.6809,-1,-1,-1
239,21,136.07,657.86,70.51,218.52,0.5325,-1,-1,-1
240,1,445.06,177.60,70.34,201.16,0.3619,-1,-1,-1
240,3,933.78,900.28,67.75,179.32,0.7054,-1,-1,-1
240,4,1721.66,459.12,73.37,208.96,0.5960,-1,-1,-1
240,5,1363.98,576.64,101.29,240.42,0.4574,-1,-1,-1
240,12,380.87,528.64,87.47,236.85,0.7467,-1,-1,-1
240,9,218.39,478.26,62.94,199.06,0.5943,-1,-1,-1
240,19,185.64,707.06,95.15,253.86,0.7576,-1,-1,-1
240,20,500.26,358.65,71.34,217.95,0.6509,-1,-1,-1
240,21,141.11,655.91,71.11,221.00,0.5604,-1,-1,-1
241,1,446.15,178.04,70.58,200.72,0.3664,-1,-1,-1
241,3,933.51,900.25,67.21,179.60,0.7162,-1,-1,-1
241,4,1721.67,458.80,73.29,208.90,0.6290,-1,-1,-1
241,5,1364.30,573.62,103.69,241.97,0.5078,-1,-1,-1
241,12,383.35,526.04,85.80,234.38,0.7304,-1,-1,-1
241,9,218.06,476.68,63.67,201.42,0.6210,-1,-1,-1
241,19,190.02,709.38,96.43,256.26,0.7769,-1,-1,-1
241,20,498.57,359.14,71.83,218.85,0.6603,-1,-1,-1
241,21,153.83,653.42,56.52,167.97,0.4031,-1,-1,-1
242,1,446.73,177.16,71.33,202.64,0.3642,-1,-1,-1
242,3,933.85,900.62,66.63,179.33,0.7259,-1,-1,-1
242,4,1721.49,459.25,73.10,208.50,0.6144,-1,-1,-1
242,5,1364.19,571.06,105.98,243.58,0.5357,-1,-1,-1
242,12,384.33,523.08,85.02,233.81,0.6991,-1,-1,-1
242,9,218.06,475.15,63.79,201.81,0.5969,-1,-1,-1
242,19,194.50,711.82,96.66,256.45,0.7483,-1,-1,-1
242,20,497.03,360.81,71.80,217.95,0.6504,-1,-1,-1
242,21,158.44,650.89,57.72,168.41,0.4305,-1,-1,-1
243,1,447.50,176.31,71.69,204.10,0.3479,-1,-1,-1
243,3,933.47,900.44,66.19,179.55,0.7104,-1,-1,-1
243,4,1721.57,458.96,72.94,207.77,0.6317,-1,-1,-1
243,5,1362.94,568.79,108.13,245.94,0.5380,-1,-1,-1
243,12,385.19,520.21,84.76,235.23,0.6883,-1,-1,-1
243,9,217.94,474.34,64.04,202.42,0.6049,-1,-1,-1
243,19,198.71,716.39,96.78,255.89,0.6950,-1,-1,-1
243,20,495.05,361.03,72.07,218.37,0.6476,-1,-1,-1
243,21,163.39,651.07,57.70,163.37,0.4760,-1,-1,-1
244,1,448.33,175.78,72.15,204.37,0.3518,-1,-1,-1
244,3,933.72,901.02,65.66,178.98,0.7835,-1,-1,-1
244,4,1721.29,458.89,72.97,207.74,0.6061,-1,-1,-1
244,5,1362.13,569.60,108.62,244.74,0.5077,-1,-1,-1
244,12,385.86,518.00,84.58,236.62,0.6919,-1,-1,-1
244,9,217.76,472.68,63.43,200.09,0.5755,-1,-1,-1
244,19,201.78,725.37,95.37,250.93,0.7041,-1,-1,-1
244,20,493.29,361.76,71.56,216.28,0.6436,-1,-1,-1
244,21,170.08,653.08,58.65,158.48,0.5560,-1,-1,-1
245,1,448.72,175.67,72.20,203.90,0.3196,-1,-1,-1
245,3,934.05,902.25,65.09,177.75,0.7905,-1,-1,-1
245,4,1721.03,458.98,73.09,207.93,0.5892,-1,-1,-1
245,5,1362.98,569.84,109.20,244.63,0.4324,-1,-1,-1
245,12,386.37,517.62,84.35,237.42,0.6787,-1,-1,-1
245,9,217.36,471.32,63.72,200.89,0.5674,-1,-1,-1
245,19,201.28,729.07,95.71,250.64,0.7023,-1,-1,-1
245,20,491.90,362.06,72.26,218.45,0.6682,-1,-1,-1
245,21,174.25,654.88,58.48,152.23,0.5935,-1,-1,-1
245,2,98.66,568.34,117.51,245.06,0.6233,-1,-1,-1
246,1,449.05,176.05,72.53,204.22,0.3246,-1,-1,-1
246,3,934.74,903.23,64.68,176.77,0.7800,-1,-1,-1
246,4,1720.98,458.51,73.62,209.38,0.6068,-1,-1,-1
246,5,1366.89,571.27,108.16,242.92,0.4674,-1,-1,-1
246,12,386.86,517.07,84.46,238.91,0.6971,-1,-1,-1
246,9,218.49,470.28,64.30,203.49,0.5838,-1,-1,-1
246,19,202.19,731.16,96.93,254.66,0.6849,-1,-1,-1
246,20,490.17,363.39,71.67,215.77,0.6925,-1,-1,-1
246,21,179.18,655.25,59.62,151.15,0.6018,-1,-1,-1
246,2,102.16,566.73,113.67,247.11,0.6373,-1,-1,-1
247,1,449.66,175.57,73.08,204.68,0.3373,-1,-1,-1
247,3,935.25,903.75,64.41,176.26,0.7677,-1,-1,-1
247,4,1720.67,458.44,73.59,208.95,0.6209,-1,-1,-1
247,5,1368.66,568.68,109.61,247.22,0.5719,-1,-1,-1
247,12,387.37,516.79,84.52,240.20,0.7037,-1,-1,-1
247,9,218.33,468.94,64.62,205.32,0.5815,-1,-1,-1
247,19,203.88,733.28,97.27,256.07,0.6711,-1,-1,-1
247,20,488.71,364.42,71.69,215.10,0.7434,-1,-1,-1
247,21,185.43,656.45,59.75,145.72,0.4376,-1,-1,-1
247,2,105.62,565.65,111.35,250.21,0.6223,-1,-1,-1
247,22,584.31,372.20,61.96,203.77,0.6803,-1,-1,-1
248,1,449.58,173.88,74.73,208.77,0.3513,-1,-1,-1
248,3,936.10,904.86,64.06,175.07,0.7521,-1,-1,-1
248,4,1720.19,459.21,73.65,208.49,0.6282,-1,-1,-1
248,5,1371.61,569.46,108.61,246.33,0.5477,-1,-1,-1
248,12,387.73,516.45,84.30,240.55,0.6928,-1,-1,-1
248,9,218.91,467.61,63.80,203.91,0.5748,-1,-1,-1
248,19,203.25,735.06,97.43,257.37,0.5897,-1,-1,-1
248,20,487.59,365.85,71.67,214.91,0.7417,-1,-1,-1
248,21,189.43,661.55,61.44,144.95,0.3692,-1,-1,-1
248,2,110.22,565.23,107.62,249.01,0.6796,-1,-1,-1
248,22,583.37,374.21,62.61,206.06,0.6461,-1,-1,-1
249,1,450.07,172.17,75.45,210.34,0.3885,-1,-1,-1
249,3,936.78,905.31,64.08,174.67,0.7497,-1,-1,-1
249,4,1720.40,459.51,73.44,207.83,0.5910,-1,-1,-1
249,5,1374.48,569.92,107.50,247.34,0.5262,-1,-1,-1
249,12,387.94,515.74,84.18,240.37,0.6853,-1,-1,-1
249,9,219.83,466.78,61.62,197.38,0.5555,-1,-1,-1
249,19,203.98,740.53,95.17,252.95,0.4883,-1,-1,-1
249,20,486.68,367.20,71.92,215.67,0.7132,-1,-1,-1
249,2,113.27,565.47,104.99,250.04,0.6679,-1,-1,-1
249,22,582.59,378.04,62.22,205.01,0.6023,-1,-1,-1
250,1,450.15,170.50,75.84,211.30,0.3735,-1,-1,-1
250,3,937.46,905.73,64.21,174.26,0.7302,-1,-1,-1
250,4,1720.74,458.61,73.71,208.70,0.5973,-1,-1,-1
250,5,1377.46,569.70,105.52,246.84,0.5921,-1,-1,-1
250,12,388.63,515.51,83.89,239.32,0.6793,-1,-1,-1
250,9,221.07,465.04,60.98,195.86,0.5543,-1,-1,-1
250,19,209.07,745.66,92.55,246.41,0.4586,-1,-1,-1
250,20,486.13,368.90,72.56,217.82,0.6858,-1,-1,-1
250,2,117.56,566.87,101.54,247.59,0.6766,-1,-1,-1
250,22,581.88,381.11,61.56,202.93,0.6331,-1,-1,-1
251,1,449.97,168.61,75.77,211.55,0.3775,-1,-1,-1
251,3,938.82,907.17,63.94,172.82,0.7400,-1,-1,-1
251,4,1720.70,459.07,73.68,208.04,0.6042,-1,-1,-1
251,5,1379.99,568.89,104.12,247.30,0.6259,-1,-1,-1
251,12,388.76,513.05,84.12,239.65,0.6654,-1,-1,-1
251,9,221.38,461.92,61.06,196.69,0.5620,-1,-1,-1
251,19,210.07,745.53,92.55,247.48,0.5578,-1,-1,-1
251,20,486.61,369.37,73.84,223.70,0.6535,-1,-1,-1
251,2,121.57,566.53,99.85,249.00,0.7000,-1,-1,-1
251,22,581.11,383.27,61.50,202.92,0.6521,-1,-1,-1
252,1,450.15,167.40,74.92,209.21,0.3792,-1,-1,-1
252,3,939.66,907.95,63.97,172.05,0.7127,-1,-1,-1
252,4,1720.81,459.49,73.53,207.43,0.5840,-1,-1,-1
252,5,1381.34,569.56,101.60,244.38,0.5677,-1,-1,-1
252,12,389.20,510.34,84.33,240.63,0.6639,-1,-1,-1
252,9,220.46,457.24,61.92,200.43,0.5736,-1,-1,-1
252,19,211.58,743.27,93.58,249.22,0.6631,-1,-1,-1
252,20,486.60,371.81,74.10,226.36,0.6547,-1,-1,-1
252,2,125.78,567.03,97.71,247.81,0.7027,-1,-1,-1
252,22,580.36,384.15,61.92,204.43,0.6667,-1,-1,-1
253,1,450.83,166.64,74.29,208.32,0.3854,-1,-1,-1
253,3,940.42,908.26,64.28,171.74,0.7335,-1,-1,-1
253,4,1720.98,458.46,73.92,208.71,0.5705,-1,-1,-1
253,5,1382.32,570.20,100.94,246.10,0.6154,-1,-1,-1
253,12,389.13,507.63,84.07,240.06,0.6689,-1,-1,-1
253,9,221.22,456.57,61.58,199.09,0.6017,-1,-1,-1
253,19,215.20,740.19,93.91,250.85,0.7348,-1,-1,-1
253,20,486.78,374.06,73.66,226.28,0.6621,-1,-1,-1
253,2,129.78,566.92,95.86,246.33,0.6960,-1,-1,-1
253,22,578.77,384.23,62.65,206.99,0.6810,-1,-1,-1
254,1,451.58,165.96,73.08,205.51,0.3664,-1,-1,-1
254,3,941.43,909.33,64.30,170.67,0.7320,-1,-1,-1
254,4,1720.70,458.69,73.89,208.69,0.5815,-1,-1,-1
254,5,1383.78,570.07,99.61,245.94,0.6186,-1,-1,-1
254,12,389.23,504.98,83.31,238.76,0.6362,-1,-1,-1
254,9,221.32,455.74,61.57,198.80,0.5801,-1,-1,-1
254,19,218.46,738.34,94.07,253.18,0.7766,-1,-1,-1
254,20,486.22,374.21,74.14,229.48,0.6529,-1,-1,-1
254,2,132.83,566.68,94.21,244.52,0.6677,-1,-1,-1
254,22,577.69,385.91,62.73,207.26,0.6923,-1,-1,-1
255,1,452.60,165.35,71.28,202.22,0.3485,-1,-1,-1
255,3,942.08,909.70,64.58,169.74,0.7317,-1,-1,-1
255,4,1720.83,459.12,73.51,207.81,0.6054,-1,-1,-1
255,5,1384.72,569.58,99.23,248.21,0.6545,-1,-1,-1
255,12,390.67,502.42,81.74,234.38,0.6715,-1,-1,-1
255,9,221.55,455.22,61.53,198.06,0.6188,-1,-1,-1
255,19,219.58,736.69,95.77,259.08,0.7280,-1,-1,-1
255,20,485.98,374.92,74.02,230.54,0.6682,-1,-1,-1
255,2,135.46,565.17,93.07,243.94,0.6900,-1,-1,-1
255,22,576.55,386.33,62.86,207.80,0.7296,-1,-1,-1
256,1,453.38,164.49,70.11,199.61,0.3199,-1,-1,-1
256,3,942.34,909.96,65.27,169.83,0.7425,-1,-1,-1
256,4,1720.42,459.06,73.77,208.42,0.5660,-1,-1,-1
256,5,1387.08,568.87,97.69,246.85,0.6370,-1,-1,-1
256,12,391.17,499.02,80.72,231.80,0.6527,-1,-1,-1
256,9,221.76,454.60,61.32,196.83,0.5989,-1,-1,-1
256,19,222.75,736.77,96.93,265.06,0.7174,-1,-1,-1
256,20,486.67,375.63,73.39,230.38,0.6657,-1,-1,-1
256,2,137.59,565.20,92.03,243.05,0.6533,-1,-1,-1
256,22,575.81,387.13,62.76,207.50,0.7454,-1,-1,-1
257,1,454.35,163.35,69.09,197.23,0.3063,-1,-1,-1
257,3,942.86,910.96,65.72,168.78,0.7509,-1,-1,-1
257,4,1720.26,459.71,73.51,207.56,0.5789,-1,-1,-1
257,5,1389.40,567.81,96.14,245.34,0.6262,-1,-1,-1
257,12,391.71,495.07,80.71,231.99,0.6817,-1,-1,-1
257,9,221.78,453.93,61.84,197.51,0.5734,-1,-1,-1
257,19,227.57,743.24,96.43,266.97,0.7338,-1,-1,-1
257,20,486.67,378.12,72.55,228.43,0.6771,-1,-1,-1
257,2,139.61,565.05,91.75,242.95,0.6210,-1,-1,-1
257,22,575.08,387.53,62.45,206.45,0.7588,-1,-1,-1
258,1,455.38,163.03,68.67,196.19,0.3235,-1,-1,-1
258,3,943.09,912.42,65.79,166.60,0.7498,-1,-1,-1
258,4,1720.49,459.52,73.55,207.60,0.5669,-1,-1,-1
258,5,1391.59,566.87,94.07,242.06,0.6219,-1,-1,-1
258,12,390.65,492.67,81.02,233.04,0.6806,-1,-1,-1
258,9,222.39,452.96,62.07,197.51,0.5340,-1,-1,-1
258,19,229.19,747.55,96.29,269.44,0.7663,-1,-1,-1
258,20,487.11,377.64,72.26,228.94,0.6611,-1,-1,-1
258,2,141.68,564.94,92.38,245.17,0.5900,-1,-1,-1
258,22,574.92,388.10,61.98,205.02,0.7465,-1,-1,-1
259,1,457.70,162.36,68.79,196.99,0.3507,-1,-1,-1
259,3,943.63,913.85,66.20,164.85,0.7305,-1,-1,-1
259,4,1720.35,459.39,73.89,208.28,0.5631,-1,-1,-1
259,5,1395.20,566.56,91.67,238.46,0.5865,-1,-1,-1
259,12,389.42,491.39,81.33,233.47,0.6567,-1,-1,-1
259,9,223.01,452.15,61.88,196.73,0.5074,-1,-1,-1
259,19,231.38,752.94,94.39,265.97,0.7464,-1,-1,-1
259,20,486.69,380.78,71.15,225.50,0.6670,-1,-1,-1
259,2,144.43,565.87,92.21,244.37,0.6283,-1,-1,-1
259,22,574.76,389.56,61.50,202.91,0.7487,-1,-1,-1
260,1,458.09,162.18,69.01,197.51,0.3750,-1,-1,-1
260,3,944.97,914.78,66.66,162.83,0.7217,-1,-1,-1
260,4,1720.02,459.37,74.01,208.46,0.5879,-1,-1,-1
260,5,1397.43,565.90,90.73,239.28,0.5573,-1,-1,-1
260,12,386.85,490.18,82.32,234.79,0.6631,-1,-1,-1
260,9,223.25,451.32,61.56,195.18,0.5083,-1,-1,-1
260,19,233.40,756.85,93.84,266.90,0.7298,-1,-1,-1
260,20,487.83,380.72,70.96,226.00,0.6626,-1,-1,-1
260,2,148.51,565.37,92.05,245.23,0.6318,-1,-1,-1
260,22,574.29,390.86,60.90,200.44,0.7529,-1,-1,-1
261,1,456.00,161.05,70.76,200.73,0.3851,-1,-1,-1
261,3,945.46,915.16,68.05,163.05,0.7260,-1,-1,-1
261,4,1720.33,459.54,74.05,208.73,0.5983,-1,-1,-1
261,5,1401.25,565.68,89.26,239.61,0.5527,-1,-1,-1
261,12,383.26,488.25,83.93,236.93,0.6510,-1,-1,-1
261,9,223.22,450.15,61.41,194.12,0.4815,-1,-1,-1
261,19,236.23,762.28,90.85,260.36,0.6983,-1,-1,-1
261,20,487.35,383.43,69.88,222.40,0.6898,-1,-1,-1
261,2,152.86,565.34,91.41,246.87,0.6509,-1,-1,-1
261,22,574.22,392.58,60.24,197.78,0.7489,-1,-1,-1
261,21,231.15,684.04,59.86,127.13,0.6275,-1,-1,-1
262,1,457.81,161.59,70.13,199.21,0.3845,-1,-1,-1
262,3,945.13,916.95,68.52,160.41,0.7269,-1,-1,-1
262,4,1720.40,459.89,73.97,208.39,0.5945,-1,-1,-1
262,5,1404.37,564.18,88.30,240.04,0.5657,-1,-1,-1
262,12,381.09,486.96,85.03,237.53,0.6311,-1,-1,-1
262,9,223.24,448.94,61.35,193.30,0.5126,-1,-1,-1
262,19,238.51,764.51,91.27,263.29,0.6922,-1,-1,-1
262,20,487.54,384.74,69.34,220.84,0.7157,-1,-1,-1
262,2,157.36,565.60,91.37,249.29,0.6473,-1,-1,-1
262,22,573.86,394.90,60.01,196.55,0.7372,-1,-1,-1
262,21,232.27,686.87,62.96,125.95,0.5634,-1,-1,-1
263,1,455.74,160.45,70.81,201.38,0.3654,-1,-1,-1
263,3,944.59,918.17,69.48,158.73,0.7392,-1,-1,-1
263,4,1720.32,460.01,74.01,208.20,0.5727,-1,-1,-1
263,5,1406.08,564.85,86.38,237.49,0.5933,-1,-1,-1
263,12,379.53,485.54,86.12,238.51,0.6100,-1,-1,-1
263,9,224.26,446.64,60.94,191.58,0.5247,-1,-1,-1
263,19,240.73,767.94,90.69,262.98,0.6713,-1,-1,-1
263,20,487.49,385.24,69.09,220.07,0.6995,-1,-1,-1
263,2,160.66,565.64,90.62,250.60,0.6833,-1,-1,-1
263,22,573.25,396.52,60.60,198.01,0.7084,-1,-1,-1
263,21,233.77,688.63,65.54,124.74,0.4594,-1,-1,-1
264,1,457.21,160.35,70.01,200.20,0.3312,-1,-1,-1
264,3,944.62,919.53,70.13,156.67,0.7567,-1,-1,-1
264,4,1720.64,459.83,74.10,208.49,0.5835,-1,-1,-1
264,5,1408.03,565.12,85.67,237.00,0.6156,-1,-1,-1
264,12,378.07,484.75,86.86,238.45,0.6064,-1,-1,-1
264,9,225.96,447.15,59.99,188.17,0.5598,-1,-1,-1
264,19,244.09,771.57,89.85,261.33,0.7472,-1,-1,-1
264,20,487.11,385.51,68.83,218.59,0.6892,-1,-1,-1
264,2,163.69,564.94,89.85,252.08,0.6903,-1,-1,-1
264,22,571.77,397.50,61.15,199.41,0.6841,-1,-1,-1
264,21,238.22,691.58,65.24,120.96,0.6105,-1,-1,-1
265,1,457.60,160.99,69.19,199.47,0.3728,-1,-1,-1
265,3,944.97,920.07,71.33,156.24,0.7554,-1,-1,-1
265,4,1720.64,460.02,74.03,208.33,0.6007,-1,-1,-1
265,5,1408.41,565.44,85.71,239.01,0.5871,-1,-1,-1
265,12,376.92,483.99,87.58,238.54,0.6553,-1,-1,-1
265,9,227.02,444.64,60.11,188.45,0.5294,-1,-1,-1
265,19,245.58,772.45,89.51,261.38,0.7680,-1,-1,-1
265,20,486.53,385.71,68.82,218.35,0.6718,-1,-1,-1
265,2,166.71,565.53,88.96,253.62,0.6907,-1,-1,-1
265,22,571.02,398.96,61.20,198.88,0.7247,-1,-1,-1
265,21,241.53,694.67,65.44,120.11,0.5715,-1,-1,-1
266,1,458.13,160.21,69.16,201.05,0.3284,-1,-1,-1
266,3,944.82,920.58,72.54,155.86,0.7624,-1,-1,-1
266,4,1720.52,460.32,73.99,208.15,0.5899,-1,-1,-1
266,5,1408.57,565.49,86.35,242.92,0.5707,-1,-1,-1
266,12,376.57,483.50,87.93,237.70,0.6407,-1,-1,-1
266,9,227.15,443.96,59.15,184.31,0.4924,-1,-1,-1
266,19,250.40,774.46,89.25,259.48,0.7715,-1,-1,-1
266,20,484.97,385.45,69.26,219.85,0.6286,-1,-1,-1
266,2,170.38,566.21,88.43,255.35,0.6934,-1,-1,-1
266,22,569.25,400.82,62.19,201.42,0.6708,-1,-1,-1
266,21,246.56,698.11,64.43,118.13,0.5293,-1,-1,-1
267,1,459.18,159.64,68.76,201.22,0.3720,-1,-1,-1
267,3,944.90,920.55,73.83,156.13,0.7636,-1,-1,-1
267,4,1720.64,460.09,74.11,208.18,0.5666,-1,-1,-1
267,5,1408.99,565.29,86.07,244.31,0.5651,-1,-1,-1
267,12,375.68,481.37,88.58,238.24,0.6064,-1,-1,-1
267,9,226.37,441.57,59.78,184.85,0.4865,-1,-1,-1
267,19,250.99,773.49,90.17,261.00,0.7581,-1,-1,-1
267,20,482.58,386.00,69.79,221.30,0.6257,-1,-1,-1
267,2,173.37,567.16,88.55,259.07,0.6873,-1,-1,-1
267,22,567.93,402.26,63.14,204.06,0.6510,-1,-1,-1
267,21,250.76,701.36,63.29,115.02,0.5142,-1,-1,-1
268,1,459.91,157.65,68.90,202.83,0.3731,-1,-1,-1
268,3,945.43,920.38,74.84,156.50,0.7583,-1,-1,-1
268,4,1720.44,460.05,74.07,208.14,0.5799,-1,-1,-1
268,5,1409.45,564.74,85.55,245.07,0.5938,-1,-1,-1
268,12,374.79,479.55,88.99,238.80,0.6349,-1,-1,-1
268,9,225.75,439.78,60.55,186.22,0.5369,-1,-1,-1
268,19,251.03,771.13,90.71,263.43,0.7429,-1,-1,-1
268,20,480.61,387.94,70.51,222.85,0.6267,-1,-1,-1
268,2,176.61,568.69,87.31,258.89,0.7073,-1,-1,-1
268,22,566.86,403.31,63.82,205.53,0.6221,-1,-1,-1
268,21,255.13,704.05,62.52,112.88,0.5485,-1,-1,-1
269,1,460.88,158.60,67.74,199.87,0.4035,-1,-1,-1
269,3,946.53,920.52,75.60,156.69,0.7533,-1,-1,-1
269,4,1720.72,460.49,73.76,207.21,0.5951,-1,-1,-1
269,5,1410.92,566.01,84.64,244.15,0.5817,-1,-1,-1
269,12,374.86,477.79,89.21,239.18,0.6510,-1,-1,-1
269,9,225.82,437.64,61.56,188.72,0.5009,-1,-1,-1
269,19,252.51,773.49,90.00,261.17,0.7193,-1,-1,-1
269,20,478.53,389.47,70.78,222.11,0.6336,-1,-1,-1
269,2,180.63,570.95,85.38,254.59,0.7132,-1,-1,-1
269,22,566.32,401.34,64.90,208.38,0.6021,-1,-1,-1
269,21,258.72,705.84,62.97,112.85,0.5752,-1,-1,-1
270,1,460.21,155.52,67.70,201.67,0.3787,-1,-1,-1
270,3,947.07,920.85,76.33,157.16,0.7538,-1,-1,-1
270,4,1720.79,460.96,73.62,206.69,0.5596,-1,-1,-1
270,5,1414.27,569.04,83.47,241.52,0.5699,-1,-1,-1
270,12,375.45,475.61,88.36,236.70,0.6327,-1,-1,-1
270,9,225.92,436.48,62.06,190.06,0.4791,-1,-1,-1
270,19,254.80,770.78,90.23,263.16,0.7716,-1,-1,-1
270,20,477.07,391.92,71.06,221.56,0.6353,-1,-1,-1
270,2,184.66,572.25,83.65,249.21,0.6871,-1,-1,-1
270,22,565.40,401.72,66.04,211.38,0.6105,-1,-1,-1
270,21,263.01,706.75,62.07,109.39,0.5492,-1,-1,-1
271,1,461.13,155.83,67.19,201.03,0.3588,-1,-1,-1
271,3,947.86,921.50,76.55,156.66,0.7319,-1,-1,-1
271,4,1720.32,460.45,74.14,207.91,0.5710,-1,-1,-1
271,5,1417.96,572.47,82.45,239.26,0.5320,-1,-1,-1
271,12,377.85,472.56,86.26,231.32,0.6257,-1,-1,-1
271,9,226.78,435.41,61.17,187.11,0.4749,-1,-1,-1
271,19,257.23,771.96,89.34,261.74,0.7423,-1,-1,-1
271,20,476.01,393.60,71.15,220.13,0.6234,-1,-1,-1
271,2,187.89,574.13,83.00,246.39,0.6547,-1,-1,-1
271,22,565.21,402.47,65.69,209.99,0.6058,-1,-1,-1
271,21,265.57,708.04,64.56,112.49,0.4877,-1,-1,-1
272,1,462.26,154.42,67.12,201.15,0.3685,-1,-1,-1
272,3,948.08,921.78,76.85,156.42,0.7196,-1,-1,-1
272,4,1720.27,460.29,73.97,207.30,0.5510,-1,-1,-1
272,5,1420.43,574.70,82.58,240.47,0.5202,-1,-1,-1
272,12,382.28,469.01,84.44,227.62,0.5986,-1,-1,-1
272,9,227.53,433.73,60.92,186.76,0.4508,-1,-1,-1
272,19,259.44,778.77,88.43,258.85,0.7314,-1,-1,-1
272,20,474.63,395.14,71.49,219.58,0.5954,-1,-1,-1
272,2,190.60,574.54,83.30,246.01,0.6721,-1,-1,-1
272,22,564.30,402.93,66.35,212.34,0.5543,-1,-1,-1
272,21,269.58,708.44,67.36,116.76,0.5237,-1,-1,-1
273,1,462.68,152.87,66.52,199.98,0.4018,-1,-1,-1
273,3,947.98,922.09,77.22,156.28,0.7230,-1,-1,-1
273,4,1720.06,460.49,73.97,207.33,0.5611,-1,-1,-1
273,5,1422.38,579.11,81.09,237.03,0.4939,-1,-1,-1
273,12,384.68,465.59,83.34,226.30,0.5863,-1,-1,-1
273,9,228.52,432.67,60.06,184.54,0.4703,-1,-1,-1
273,19,259.62,781.28,89.53,261.07,0.7240,-1,-1,-1
273,20,473.18,396.37,71.58,218.79,0.6026,-1,-1,-1
273,2,193.47,575.38,83.88,245.59,0.6831,-1,-1,-1
273,22,562.96,404.13,66.51,212.54,0.5500,-1,-1,-1
273,21,273.46,708.66,71.52,123.93,0.5733,-1,-1,-1
274,1,462.70,152.09,65.31,196.77,0.4003,-1,-1,-1
274,3,947.86,922.31,77.63,156.37,0.7052,-1,-1,-1
274,4,1720.25,460.36,73.98,207.51,0.5941,-1,-1,-1
274,5,1423.72,579.37,81.47,239.14,0.5281,-1,-1,-1
274,12,385.07,462.24,83.29,227.56,0.6227,-1,-1,-1
274,9,228.62,431.67,59.58,183.34,0.4639,-1,-1,-1
274,19,263.14,785.34,90.28,262.14,0.7130,-1,-1,-1
274,20,471.91,397.42,71.78,218.68,0.6236,-1,-1,-1
274,2,195.98,576.36,84.92,246.74,0.6954,-1,-1,-1
274,22,560.98,404.98,66.37,211.84,0.5339,-1,-1,-1
274,21,274.87,708.91,77.92,136.10,0.6443,-1,-1,-1
275,1,463.06,151.09,64.63,194.82,0.4032,-1,-1,-1
275,3,947.32,922.38,78.17,156.46,0.7234,-1,-1,-1
275,4,1720.27,460.16,73.96,207.56,0.5895,-1,-1,-1
275,5,1426.08,580.09,81.20,239.59,0.5103,-1,-1,-1
275,12,385.29,461.17,82.65,226.66,0.6139,-1,-1,-1
275,9,228.02,430.50,60.97,188.05,0.3371,-1,-1,-1
275,19,266.16,783.37,91.85,266.97,0.7037,-1,-1,-1
275,20,470.89,397.77,71.39,216.98,0.6620,-1,-1,-1
275,2,198.34,577.96,86.57,249.15,0.6725,-1,-1,-1
275,22,559.93,405.79,65.73,209.46,0.5952,-1,-1,-1
275,21,277.99,711.32,80.59,140.26,0.4186,-1,-1,-1
276,1,463.18,149.85,64.60,194.24,0.4030,-1,-1,-1
276,3,946.78,922.83,78.57,156.11,0.7484,-1,-1,-1
276,4,1720.00,460.42,73.84,206.98,0.5906,-1,-1,-1
276,5,1428.52,579.50,81.14,241.47,0.5310,-1,-1,-1
276,12,385.72,459.73,82.34,226.92,0.6325,-1,-1,-1
276,9,227.31,428.64,61.77,191.37,0.3359,-1,-1,-1
276,19,269.66,783.63,92.94,270.88,0.6299,-1,-1,-1
276,20,469.42,398.78,71.49,216.75,0.6650,-1,-1,-1
276,2,199.58,577.99,87.30,249.00,0.6740,-1,-1,-1
276,22,558.89,407.17,65.22,206.96,0.6338,-1,-1,-1
276,21,281.43,714.56,82.01,141.93,0.3168,-1,-1,-1
277,1,463.69,147.68,65.04,195.29,0.3743,-1,-1,-1
277,3,946.59,923.45,78.68,155.10,0.7527,-1,-1,-1
277,4,1719.51,459.91,74.32,208.16,0.5905,-1,-1,-1
277,5,1430.99,580.00,80.74,242.51,0.4950,-1,-1,-1
277,12,386.62,458.89,82.20,227.61,0.6088,-1,-1,-1
277,9,228.10,426.64,60.12,186.55,0.3895,-1,-1,-1
277,19,270.31,784.08,94.05,276.31,0.6519,-1,-1,-1
277,20,467.43,400.78,71.43,216.35,0.6852,-1,-1,-1
277,2,198.93,577.38,87.70,249.53,0.6507,-1,-1,-1
277,22,558.07,409.39,64.65,204.53,0.6591,-1,-1,-1
277,21,285.21,718.03,83.43,142.99,0.5264,-1,-1,-1
278,1,463.92,146.77,65.15,195.91,0.3478,-1,-1,-1
278,3,946.43,923.71,78.86,154.28,0.7646,-1,-1,-1
278,4,1719.54,459.53,74.67,208.99,0.5593,-1,-1,-1
278,5,1433.20,582.07,80.08,242.27,0.4393,-1,-1,-1
278,12,387.51,458.67,81.74,226.85,0.5992,-1,-1,-1
278,9,229.05,424.74,58.21,180.01,0.4276,-1,-1,-1
278,19,271.02,788.32,92.45,274.73,0.6252,-1,-1,-1
278,20,465.62,401.43,71.43,216.75,0.6676,-1,-1,-1
278,2,198.04,576.54,87.81,250.78,0.6512,-1,-1,-1
278,22,556.62,411.05,64.87,204.43,0.6520,-1,-1,-1
278,21,289.33,721.12,85.69,144.41,0.6426,-1,-1,-1
279,1,463.80,146.54,65.30,196.51,0.3521,-1,-1,-1
279,3,945.86,923.99,79.33,154.02,0.7570,-1,-1,-1
279,4,1720.01,459.39,74.64,209.33,0.5667,-1,-1,-1
279,12,387.49,458.14,82.21,228.33,0.5898,-1,-1,-1
279,9,229.89,423.12,57.38,176.87,0.4414,-1,-1,-1
279,19,272.41,792.72,92.51,277.88,0.6414,-1,-1,-1
279,20,465.05,403.69,70.26,213.38,0.6848,-1,-1,-1
279,2,198.51,577.23,86.75,250.58,0.5896,-1,-1,-1
279,22,555.54,412.74,64.98,204.24,0.6604,-1,-1,-1
279,21,294.20,725.15,87.10,143.30,0.6490,-1,-1,-1
280,1,463.70,144.90,66.07,198.72,0.3234,-1,-1,-1
280,3,945.41,924.42,79.72,153.35,0.7599,-1,-1,-1
280,4,1720.01,459.11,74.53,209.49,0.5722,-1,-1,-1
280,12,387.63,457.32,82.57,229.99,0.6086,-1,-1,-1
280,9,229.81,421.14,57.84,178.18,0.4718,-1,-1,-1
280,19,273.31,796.37,91.89,278.73,0.6422,-1,-1,-1
280,20,464.39,404.99,69.76,212.86,0.7120,-1,-1,-1
280,2,201.13,581.45,83.10,245.22,0.5344,-1,-1,-1
280,22,554.39,414.84,65.61,206.16,0.6500,-1,-1,-1
280,21,298.13,726.83,89.32,143.64,0.6615,-1,-1,-1
281,1,463.82,143.92,66.46,199.79,0.3407,-1,-1,-1
281,3,944.52,923.99,80.69,154.06,0.7632,-1,-1,-1
281,4,1719.84,459.57,74.40,209.08,0.5691,-1,-1,-1
281,12,388.42,456.61,82.11,229.99,0.6385,-1,-1,-1
281,9,229.20,419.20,59.77,183.95,0.4025,-1,-1,-1
281,19,276.16,798.40,90.99,278.21,0.6532,-1,-1,-1
281,20,463.54,405.62,69.44,212.89,0.6512,-1,-1,-1
281,2,202.91,581.21,82.94,248.68,0.5730,-1,-1,-1
281,22,553.35,417.38,65.66,206.53,0.6400,-1,-1,-1
281,21,301.59,729.74,90.36,142.36,0.6484,-1,-1,-1
282,1,464.12,143.14,66.82,200.65,0.3178,-1,-1,-1
282,3,943.89,924.02,81.19,153.80,0.7612,-1,-1,-1
282,4,1719.57,460.18,74.34,209.10,0.6168,-1,-1,-1
282,12,388.35,455.37,81.27,229.08,0.6571,-1,-1,-1
282,9,228.53,416.67,61.28,188.70,0.4559,-1,-1,-1
282,19,278.67,800.32,90.06,277.19,0.7255,-1,-1,-1
282,20,463.36,406.32,68.54,211.43,0.6620,-1,-1,-1
282,2,207.54,584.25,80.02,245.00,0.6071,-1,-1,-1
282,22,552.31,419.17,65.15,205.03,0.6606,-1,-1,-1
282,21,305.05,733.19,93.17,144.62,0.6510,-1,-1,-1
283,1,464.59,143.71,66.73,199.95,0.3090,-1,-1,-1
283,3,943.61,923.88,81.78,153.77,0.7738,-1,-1,-1
283,4,1719.99,459.69,74.34,209.40,0.6041,-1,-1,-1
283,12,387.64,452.16,81.56,230.90,0.6525,-1,-1,-1
283,9,229.26,414.93,60.38,185.20,0.4088,-1,-1,-1
283,19,280.70,800.28,89.70,277.53,0.7057,-1,-1,-1
283,20,463.49,407.50,68.32,212.07,0.6540,-1,-1,-1
283,2,211.54,584.43,78.55,245.02,0.5963,-1,-1,-1
283,22,551.45,420.94,64.97,205.66,0.6496,-1,-1,-1
283,21,309.81,736.25,92.01,140.29,0.5674,-1,-1,-1
284,1,463.73,143.00,66.86,200.11,0.3431,-1,-1,-1
284,3,942.35,923.23,82.86,154.57,0.7676,-1,-1,-1
284,4,1720.11,460.02,74.21,209.04,0.5969,-1,-1,-1
284,12,388.40,449.70,81.26,232.02,0.6483,-1,-1,-1
284,9,229.76,412.74,58.66,179.20,0.3737,-1,-1,-1
284,19,281.95,801.26,89.34,277.12,0.7167,-1,-1,-1
284,20,463.10,409.10,68.96,214.86,0.6215,-1,-1,-1
284,2,215.01,581.19,79.08,251.98,0.5659,-1,-1,-1
284,22,550.74,423.16,65.59,208.54,0.6629,-1,-1,-1
284,21,313.22,738.63,92.01,138.51,0.5649,-1,-1,-1
285,1,462.88,142.90,66.70,200.10,0.3239,-1,-1,-1
285,3,941.21,922.61,83.67,154.95,0.7723,-1,-1,-1
285,4,1720.48,460.27,74.03,208.44,0.5914,-1,-1,-1
285,12,388.85,448.16,80.59,232.11,0.6452,-1,-1,-1
285,9,228.87,412.49,60.36,183.72,0.3838,-1,-1,-1
285,19,283.45,802.31,88.99,276.27,0.6994,-1,-1,-1
285,20,462.83,410.01,69.41,217.33,0.6051,-1,-1,-1
285,2,219.26,579.97,78.22,254.13,0.5491,-1,-1,-1
285,22,549.21,424.18,65.74,210.64,0.6517,-1,-1,-1
285,21,314.02,740.86,92.98,138.15,0.5574,-1,-1,-1
286,1,462.18,143.86,65.76,198.16,0.3005,-1,-1,-1
286,3,940.92,922.18,84.17,155.49,0.7622,-1,-1,-1
286,4,1720.51,460.07,73.93,208.51,0.6184,-1,-1,-1
286,12,389.18,445.96,79.68,231.35,0.6347,-1,-1,-1
286,9,227.90,411.28,63.98,195.93,0.3329,-1,-1,-1
286,19,285.48,804.18,88.59,273.79,0.7233,-1,-1,-1
286,20,461.99,411.10,70.44,222.01,0.6053,-1,-1,-1
286,2,223.66,578.54,77.36,256.16,0.5470,-1,-1,-1
286,22,547.54,425.35,65.75,211.48,0.6244,-1,-1,-1
286,21,313.97,742.82,93.79,137.79,0.5544,-1,-1,-1
287,1,461.43,143.52,65.65,198.15,0.3315,-1,-1,-1
287,3,940.41,922.17,84.44,155.70,0.7800,-1,-1,-1
287,4,1720.24,459.79,74.00,208.94,0.6068,-1,-1,-1
287,12,390.42,444.00,77.55,226.00,0.6042,-1,-1,-1
287,9,227.08,411.32,67.16,207.65,0.3092,-1,-1,-1
287,19,288.11,807.96,87.76,268.94,0.7517,-1,-1,-1
287,20,461.55,412.25,70.56,224.06,0.5960,-1,-1,-1
287,2,227.03,579.66,75.89,255.27,0.5447,-1,-1,-1
287,22,545.20,426.04,65.73,211.33,0.6319,-1,-1,-1
287,21,314.13,742.76,95.30,139.07,0.5582,-1,-1,-1
288,1,462.59,143.91,65.49,197.27,0.3234,-1,-1,-1
288,3,940.27,921.83,84.49,155.92,0.7600,-1,-1,-1
288,4,1720.24,460.02,73.80,208.59,0.6026,-1,-1,-1
288,12,391.38,441.59,76.10,222.79,0.6231,-1,-1,-1
288,9,228.69,410.56,65.58,203.32,0.3249,-1,-1,-1
288,19,289.71,811.43,87.98,267.35,0.7661,-1,-1,-1
288,20,459.78,409.61,71.11,227.49,0.5782,-1,-1,-1
288,2,229.43,579.47,75.18,255.62,0.5792,-1,-1,-1
288,22,543.31,426.65,65.73,210.78,0.6145,-1,-1,-1
288,21,312.73,743.39,95.31,138.84,0.5782,-1,-1,-1
289,1,462.36,143.59,65.55,197.88,0.3106,-1,-1,-1
289,3,939.72,921.28,84.32,156.30,0.7492,-1,-1,-1
289,4,1719.84,459.30,74.33,210.16,0.5915,-1,-1,-1
289,12,391.98,439.39,75.34,221.37,0.6236,-1,-1,-1
289,9,231.43,409.25,61.75,191.01,0.4105,-1,-1,-1
289,19,292.26,812.68,88.55,266.79,0.7543,-1,-1,-1
289,20,459.18,411.41,70.66,227.87,0.6396,-1,-1,-1
289,2,232.25,580.14,74.26,254.20,0.5509,-1,-1,-1
289,22,541.69,427.40,65.86,210.37,0.6193,-1,-1,-1
289,21,311.20,743.67,97.47,142.07,0.5943,-1,-1,-1
290,3,939.28,920.47,83.92,156.65,0.7535,-1,-1,-1
290,4,1720.09,459.42,74.13,209.60,0.5992,-1,-1,-1
290,12,390.12,437.41,76.15,223.64,0.6009,-1,-1,-1
290,9,233.48,408.64,59.80,184.82,0.4551,-1,-1,-1
290,19,294.61,815.67,88.76,264.66,0.7199,-1,-1,-1
290,20,458.00,411.84,70.98,230.49,0.6796,-1,-1,-1
290,2,233.99,581.41,73.41,253.34,0.5761,-1,-1,-1
290,22,540.41,427.62,66.00,210.03,0.6300,-1,-1,-1
290,21,310.36,744.51,98.04,144.07,0.6312,-1,-1,-1
291,3,939.13,919.92,83.43,156.92,0.7535,-1,-1,-1
291,4,1720.92,459.75,73.87,209.06,0.5849,-1,-1,-1
291,12,387.68,435.45,77.35,226.06,0.5969,-1,-1,-1
291,9,233.95,408.08,59.33,182.73,0.4341,-1,-1,-1
291,19,296.76,819.74,88.31,260.86,0.7040,-1,-1,-1
291,20,457.97,412.70,70.73,231.07,0.6569,-1,-1,-1
291,2,236.21,581.11,73.06,254.01,0.5583,-1,-1,-1
291,22,538.35,428.19,66.16,209.57,0.6354,-1,-1,-1
291,21,310.31,746.21,97.33,144.09,0.6181,-1,-1,-1
292,3,938.81,919.71,82.90,157.37,0.7396,-1,-1,-1
292,4,1720.54,460.39,73.82,208.64,0.5782,-1,-1,-1
292,12,385.99,434.82,78.09,227.26,0.5705,-1,-1,-1
292,9,233.34,407.39,59.66,183.50,0.4539,-1,-1,-1
292,19,300.91,825.97,87.31,253.60,0.6388,-1,-1,-1
292,20,458.25,414.09,70.22,230.69,0.5968,-1,-1,-1
292,2,240.19,581.31,72.93,253.33,0.5465,-1,-1,-1
292,22,538.31,429.69,65.96,208.03,0.6525,-1,-1,-1
292,21,311.99,748.90,95.25,142.26,0.5284,-1,-1,-1
293,3,937.62,918.79,82.43,158.76,0.7357,-1,-1,-1
293,4,1720.71,460.72,73.58,208.03,0.5612,-1,-1,-1
293,12,384.12,433.21,78.91,228.36,0.5399,-1,-1,-1
293,9,232.83,406.15,59.82,183.65,0.5320,-1,-1,-1
293,19,300.88,831.18,85.96,247.33,0.6655,-1,-1,-1
293,20,458.85,415.09,69.42,228.43,0.5789,-1,-1,-1
293,2,245.13,581.88,73.93,253.64,0.5522,-1,-1,-1
293,22,537.06,432.04,65.92,206.82,0.6788,-1,-1,-1
293,21,313.37,751.59,92.14,138.31,0.4064,-1,-1,-1
294,3,936.24,918.03,81.55,159.96,0.7533,-1,-1,-1
294,4,1720.38,459.92,74.10,209.45,0.5845,-1,-1,-1
294,12,382.02,432.64,79.84,229.65,0.5556,-1,-1,-1
294,9,233.11,404.82,59.27,181.30,0.5104,-1,-1,-1
294,19,301.96,836.05,85.02,242.53,0.7191,-1,-1,-1
294,20,458.88,415.65,69.13,227.35,0.6217,-1,-1,-1
294,2,248.49,582.56,75.23,253.49,0.6085,-1,-1,-1
294,22,536.33,434.16,66.68,208.51,0.6737,-1,-1,-1
294,21,318.25,754.97,89.60,136.63,0.4974,-1,-1,-1
295,3,934.80,916.88,80.83,161.60,0.7396,-1,-1,-1
295,4,1720.13,460.19,74.12,209.33,0.5886,-1,-1,-1
295,12,379.95,432.78,80.84,230.49,0.5365,-1,-1,-1
295,9,232.23,402.16,59.88,183.06,0.4393,-1,-1,-1
295,19,303.46,839.81,84.53,239.55,0.7003,-1,-1,-1
295,20,459.15,416.19,68.59,225.53,0.6009,-1,-1,-1
295,2,250.77,582.93,76.67,252.65,0.6484,-1,-1,-1
295,22,534.89,436.09,67.26,209.90,0.6699,-1,-1,-1
295,21,321.36,759.01,88.92,137.81,0.5066,-1,-1,-1
296,3,933.71,915.93,79.57,162.50,0.7561,-1,-1,-1
296,4,1720.12,460.08,74.04,209.22,0.5955,-1,-1,-1
296,12,378.54,431.25,81.80,232.13,0.5342,-1,-1,-1
296,9,232.80,400.72,59.80,181.92,0.5077,-1,-1,-1
296,19,305.36,842.90,84.20,236.53,0.7255,-1,-1,-1
296,20,459.26,418.45,68.40,223.79,0.6248,-1,-1,-1
296,2,251.15,583.40,77.85,251.89,0.6710,-1,-1,-1
296,22,535.09,438.51,66.46,206.96,0.6740,-1,-1,-1
296,21,323.75,761.69,88.39,138.71,0.4921,-1,-1,-1
297,3,933.29,915.13,78.51,163.86,0.7560,-1,-1,-1
297,4,1719.75,460.33,73.94,208.98,0.5756,-1,-1,-1
297,12,377.84,429.95,82.39,233.19,0.5012,-1,-1,-1
297,9,233.52,399.84,60.13,182.67,0.5714,-1,-1,-1
297,19,306.72,843.86,84.67,235.94,0.7409,-1,-1,-1
297,20,458.30,419.52,68.07,222.31,0.6301,-1,-1,-1
297,2,251.81,584.82,78.81,250.81,0.6618,-1,-1,-1
297,22,534.45,440.81,66.03,205.88,0.6665,-1,-1,-1
297,21,326.27,764.97,87.77,139.50,0.5168,-1,-1,-1
298,3,933.30,914.59,77.51,164.96,0.7687,-1,-1,-1
298,4,1720.56,460.80,73.66,208.30,0.5996,-1,-1,-1
298,12,377.61,429.42,81.84,230.61,0.5243,-1,-1,-1
298,9,234.30,398.56,60.63,184.14,0.5572,-1,-1,-1
298,19,308.45,845.34,85.08,234.79,0.7523,-1,-1,-1
298,20,457.50,420.07,67.98,221.70,0.6303,-1,-1,-1
298,2,251.98,584.92,79.70,250.06,0.6280,-1,-1,-1
298,22,534.60,442.81,65.09,202.87,0.6479,-1,-1,-1
298,21,328.57,767.48,88.81,142.93,0.5770,-1,-1,-1
299,3,932.92,913.76,76.25,165.50,0.7748,-1,-1,-1
299,4,1720.55,461.37,73.46,207.71,0.5952,-1,-1,-1
299,12,378.07,428.31,81.35,228.83,0.5592,-1,-1,-1
299,9,234.27,397.55,60.69,183.97,0.5951,-1,-1,-1
299,19,309.59,846.56,85.49,233.68,0.7641,-1,-1,-1
299,20,456.77,421.08,68.40,223.18,0.6464,-1,-1,-1
299,2,252.98,584.08,80.54,250.37,0.6829,-1,-1,-1
299,22,534.51,444.40,65.04,203.17,0.6516,-1,-1,-1
299,21,332.97,770.47,88.47,144.25,0.6277,-1,-1,-1
300,3,933.05,913.85,74.66,165.28,0.7696,-1,-1,-1
300,4,1720.98,460.90,73.48,208.22,0.5807,-1,-1,-1
300,12,379.56,426.13,80.12,225.23,0.5439,-1,-1,-1
300,9,234.05,397.33,60.64,183.94,0.5750,-1,-1,-1
300,19,311.19,847.36,86.08,232.89,0.7498,-1,-1,-1
300,20,456.26,423.16,68.57,223.82,0.6617,-1,-1,-1
300,2,254.25,583.67,81.21,249.70,0.6895,-1,-1,-1
300,22,534.15,445.77,65.21,204.06,0.6557,-1,-1,-1
300,21,337.27,772.70,88.21,146.04,0.6383,-1,-1,-1
301,3,933.70,913.97,73.04,165.32,0.7693,-1,-1,-1
301,4,1720.90,460.93,73.31,207.94,0.5919,-1,-1,-1
301,12,380.89,423.14,79.58,224.56,0.5512,-1,-1,-1
301,9,234.00,396.77,60.61,184.29,0.5645,-1,-1,-1
301,19,312.04,848.07,86.72,232.17,0.7489,-1,-1,-1
301,20,456.27,426.56,68.09,222.21,0.6715,-1,-1,-1
301,2,255.41,582.06,82.19,250.41,0.6660,-1,-1,-1
301,22,533.97,446.44,65.57,205.87,0.6671,-1,-1,-1
301,21,341.83,774.73,86.28,144.27,0.5974,-1,-1,-1
301,5,1474.65,586.93,86.53,244.65,0.6005,-1,-1,-1
302,3,933.76,912.65,72.17,167.14,0.7518,-1,-1,-1
302,4,1720.95,460.22,73.58,209.16,0.5722,-1,-1,-1
302,12,383.30,421.97,77.53,220.17,0.5318,-1,-1,-1
302,9,233.29,396.33,60.76,185.11,0.5497,-1,-1,-1
302,19,314.00,848.22,87.70,231.99,0.7381,-1,-1,-1
302,20,456.08,428.84,67.96,221.85,0.6197,-1,-1,-1
302,2,257.05,580.92,83.18,251.65,0.6766,-1,-1,-1
302,22,534.02,447.13,65.17,205.06,0.6401,-1,-1,-1
302,21,345.11,776.04,87.35,147.10,0.6332,-1,-1,-1
302,5,1475.29,589.06,88.91,242.16,0.5663,-1,-1,-1
303,3,933.57,912.71,70.75,167.26,0.7241,-1,-1,-1
303,4,1720.85,460.11,73.54,209.36,0.5830,-1,-1,-1
303,12,384.56,416.94,76.29,218.43,0.5974,-1,-1,-1
303,9,232.99,395.33,61.04,186.64,0.5517,-1,-1,-1
303,19,315.95,848.68,88.48,231.51,0.7381,-1,-1,-1
303,20,455.51,430.50,67.64,221.44,0.6295,-1,-1,-1
303,2,259.89,579.75,84.07,253.13,0.6385,-1,-1,-1
303,22,533.82,447.67,65.81,207.59,0.6541,-1,-1,-1
303,21,348.88,777.00,88.59,149.54,0.6873,-1,-1,-1
303,5,1476.51,586.61,91.62,244.63,0.4843,-1,-1,-1
304,3,933.44,911.99,69.89,168.05,0.7402,-1,-1,-1
304,4,1720.95,460.01,73.67,210.08,0.5905,-1,-1,-1
304,12,385.11,412.85,76.20,220.37,0.5725,-1,-1,-1
304,9,233.46,394.00,61.23,188.06,0.5433,-1,-1,-1
304,19,317.38,849.87,89.02,230.29,0.7474,-1,-1,-1
304,20,454.69,432.33,67.07,220.14,0.6324,-1,-1,-1
304,2,264.38,579.86,83.73,251.85,0.6160,-1,-1,-1
304,22,533.84,448.36,65.65,207.22,0.6425,-1,-1,-1
304,21,352.97,778.02,89.86,152.05,0.6167,-1,-1,-1
304,5,1477.33,582.93,94.11,248.83,0.5025,-1,-1,-1
305,3,932.67,910.33,69.64,169.73,0.7406,-1,-1,-1
305,4,1720.59,460.28,73.42,209.59,0.5762,-1,-1,-1
305,12,385.86,409.46,76.08,222.28,0.5620,-1,-1,-1
305,9,232.44,391.39,61.92,191.24,0.5357,-1,-1,-1
305,19,319.77,851.57,89.20,228.58,0.7613,-1,-1,-1
305,20,453.89,434.76,66.69,219.31,0.6627,-1,-1,-1
305,2,270.83,580.84,82.47,249.54,0.5991,-1,-1,-1
305,22,533.71,448.89,65.82,207.97,0.6385,-1,-1,-1
305,21,355.21,779.13,92.56,156.58,0.6138,-1,-1,-1
305,5,1478.68,586.07,94.22,246.82,0.4534,-1,-1,-1
306,3,932.51,909.34,69.50,170.69,0.7182,-1,-1,-1
306,4,1720.70,460.57,73.22,209.13,0.5687,-1,-1,-1
306,12,386.21,407.72,75.40,222.43,0.5313,-1,-1,-1
306,9,231.61,389.60,62.42,193.47,0.5649,-1,-1,-1
306,19,321.94,857.08,87.58,223.05,0.7690,-1,-1,-1
306,20,452.62,436.39,66.43,219.15,0.6821,-1,-1,-1
306,2,279.25,581.59,80.90,248.04,0.5436,-1,-1,-1
306,22,533.47,449.42,65.04,205.13,0.6218,-1,-1,-1
306,21,358.83,780.55,91.66,154.14,0.6553,-1,-1,-1
306,5,1481.54,588.08,94.43,245.84,0.5165,-1,-1,-1
307,3,932.21,908.24,69.57,171.70,0.7119,-1,-1,-1
307,4,1720.67,459.91,73.41,209.81,0.5595,-1,-1,-1
307,12,387.57,407.16,74.64,222.29,0.5570,-1,-1,-1
307,9,231.42,387.84,62.17,193.46,0.5266,-1,-1,-1
307,19,323.77,861.13,86.85,218.98,0.7755,-1,-1,-1
307,20,451.18,438.50,66.00,217.83,0.6757,-1,-1,-1
307,2,288.95,581.04,79.26,246.03,0.5695,-1,-1,-1
307,22,532.64,449.80,65.13,205.28,0.6415,-1,-1,-1
307,21,361.83,781.96,93.00,155.12,0.6473,-1,-1,-1
307,5,1483.51,588.83,94.50,245.43,0.5470,-1,-1,-1
308,3,931.54,907.89,69.71,172.13,0.7209,-1,-1,-1
308,4,1720.71,459.33,73.46,210.27,0.5808,-1,-1,-1
308,12,388.24,406.13,74.57,223.57,0.5705,-1,-1,-1
308,9,230.68,386.07,61.75,191.79,0.5575,-1,-1,-1
308,19,326.50,866.26,85.86,213.84,0.7753,-1,-1,-1
308,20,449.77,440.52,65.35,215.96,0.6790,-1,-1,-1
308,2,298.20,580.50,77.99,244.56,0.6439,-1,-1,-1
308,22,531.48,451.37,65.17,204.46,0.6571,-1,-1,-1
308,21,364.97,784.55,94.51,155.98,0.6934,-1,-1,-1
308,5,1485.21,592.11,93.67,242.57,0.6302,-1,-1,-1
309,3,930.70,907.27,70.08,172.72,0.7368,-1,-1,-1
309,4,1720.37,458.67,73.68,211.21,0.5735,-1,-1,-1
309,12,388.91,406.34,73.94,222.47,0.5209,-1,-1,-1
309,9,230.72,383.95,61.29,190.03,0.5283,-1,-1,-1
309,19,328.67,871.09,84.86,209.00,0.7802,-1,-1,-1
309,20,447.89,441.94,65.32,216.14,0.6596,-1,-1,-1
309,2,305.77,579.92,78.51,246.89,0.6485,-1,-1,-1
309,22,529.98,454.25,66.05,206.71,0.6705,-1,-1,-1
309,21,369.70,789.14,94.38,153.56,0.6760,-1,-1,-1
309,5,1486.66,590.35,94.42,244.31,0.5929,-1,-1,-1
309,23,1001.79,81.63,62.20,175.39,0.6234,-1,-1,-1
310,3,929.99,907.49,70.42,172.53,0.7483,-1,-1,-1
310,4,1720.34,458.41,73.46,210.88,0.5750,-1,-1,-1
310,12,389.24,405.70,74.22,225.23,0.5017,-1,-1,-1
310,9,230.77,381.13,60.31,187.31,0.5567,-1,-1,-1
310,19,331.34,873.66,84.72,206.41,0.7566,-1,-1,-1
310,20,446.27,439.98,66.27,220.60,0.6519,-1,-1,-1
310,2,311.51,579.56,79.09,248.72,0.6942,-1,-1,-1
310,22,528.62,455.97,66.95,209.36,0.6984,-1,-1,-1
310,21,372.65,793.59,94.28,151.14,0.6772,-1,-1,-1
310,5,1488.18,588.86,94.82,244.93,0.5556,-1,-1,-1
310,23,1001.09,80.37,62.48,176.20,0.6478,-1,-1,-1
311,3,929.38,907.07,70.99,172.96,0.7625,-1,-1,-1
311,4,1720.42,458.27,73.37,210.77,0.5783,-1,-1,-1
311,12,389.87,406.69,73.50,224.04,0.4722,-1,-1,-1
311,9,230.84,379.13,59.85,186.69,0.5299,-1,-1,-1
311,19,334.73,876.39,84.71,203.67,0.7339,-1,-1,-1
311,20,444.79,440.23,66.38,221.70,0.6842,-1,-1,-1
311,2,316.82,579.68,79.21,247.81,0.7417,-1,-1,-1
311,22,527.44,457.44,67.62,211.73,0.6759,-1,-1,-1
311,21,375.30,798.01,93.98,148.05,0.6622,-1,-1,-1
311,5,1491.09,589.27,95.46,244.29,0.5832,-1,-1,-1
311,23,1000.64,79.92,62.24,175.48,0.6266,-1,-1,-1
312,3,929.02,906.12,71.70,173.91,0.7517,-1,-1,-1
312,4,1720.94,458.65,73.04,209.98,0.5817,-1,-1,-1
312,12,390.63,407.19,72.47,221.95,0.4320,-1,-1,-1
312,9,230.47,376.47,59.98,187.71,0.5372,-1,-1,-1
312,19,338.52,879.19,84.83,200.86,0.7442,-1,-1,-1
312,20,443.52,441.88,66.19,221.62,0.6668,-1,-1,-1
312,2,322.08,580.97,79.48,245.00,0.7537,-1,-1,-1
312,22,526.50,460.33,68.41,214.84,0.6739,-1,-1,-1
312,21,375.06,801.29,95.44,148.20,0.6513,-1,-1,-1
312,5,1493.11,592.06,94.92,240.58,0.6264,-1,-1,-1
312,23,1000.85,79.99,62.00,174.67,0.6073,-1,-1,-1
313,3,928.76,905.48,72.31,174.55,0.7549,-1,-1,-1
313,4,1721.46,457.97,73.03,210.33,0.5767,-1,-1,-1
313,12,391.02,406.06,72.54,223.65,0.4085,-1,-1,-1
313,9,230.16,374.69,60.13,188.85,0.5227,-1,-1,-1
313,19,343.07,882.57,84.96,197.48,0.7359,-1,-1,-1
313,20,441.73,446.11,66.15,221.87,0.6858,-1,-1,-1
313,2,325.53,583.35,80.28,241.91,0.7642,-1,-1,-1
313,22,526.35,463.04,68.24,214.96,0.6592,-1,-1,-1
313,21,375.53,804.79,96.18,147.25,0.6929,-1,-1,-1
313,5,1495.92,596.67,94.31,236.05,0.6175,-1,-1,-1
313,23,1000.91,80.39,61.56,173.32,0.5993,-1,-1,-1
314,3,929.00,905.15,72.85,174.88,0.7554,-1,-1,-1
314,4,1721.77,457.86,73.03,210.96,0.5739,-1,-1,-1
314,12,390.67,404.40,72.01,224.05,0.3840,-1,-1,-1
314,9,229.89,373.82,60.15,189.29,0.5528,-1,-1,-1
314,19,346.60,886.39,84.57,193.65,0.7245,-1,-1,-1
314,20,440.39,447.43,66.13,221.88,0.6997,-1,-1,-1
314,2,326.99,584.57,81.76,240.55,0.7642,-1,-1,-1
314,22,525.92,464.72,68.20,215.60,0.6575,-1,-1,-1
314,21,376.28,808.14,97.84,147.78,0.6970,-1,-1,-1
314,5,1498.19,599.14,94.33,234.04,0.5484,-1,-1,-1
314,23,999.69,80.10,61.32,172.98,0.5512,-1,-1,-1
315,3,928.26,904.87,73.41,175.16,0.7592,-1,-1,-1
315,4,1721.64,457.70,73.01,211.40,0.5547,-1,-1,-1
315,9,230.05,373.44,60.29,189.40,0.5637,-1,-1,-1
315,19,349.28,889.31,84.60,190.73,0.7273,-1,-1,-1
315,20,438.79,448.18,66.29,221.85,0.7304,-1,-1,-1
315,2,329.04,585.26,84.19,240.25,0.7693,-1,-1,-1
315,22,525.16,466.47,67.78,216.06,0.6693,-1,-1,-1
315,21,376.69,809.14,99.21,148.26,0.6414,-1,-1,-1
315,5,1499.77,601.67,93.70,231.71,0.5579,-1,-1,-1
315,23,998.35,79.70,61.34,173.62,0.5357,-1,-1,-1
316,3,928.05,905.08,73.69,174.95,0.7542,-1,-1,-1
316,4,1721.46,458.14,73.06,211.75,0.5329,-1,-1,-1
316,9,230.66,372.70,60.39,189.15,0.5838,-1,-1,-1
316,19,351.03,892.27,84.42,187.76,0.7154,-1,-1,-1
316,20,437.19,449.36,66.66,222.39,0.7150,-1,-1,-1
316,2,330.96,585.41,86.70,239.64,0.7697,-1,-1,-1
316,22,523.94,469.04,67.93,218.59,0.6475,-1,-1,-1
316,21,376.23,809.97,101.82,151.50,0.6638,-1,-1,-1
316,5,1501.79,602.28,93.75,232.28,0.6161,-1,-1,-1
316,23,997.73,80.24,61.17,173.84,0.5942,-1,-1,-1
317,3,928.25,905.55,73.93,174.47,0.7524,-1,-1,-1
317,4,1721.45,458.13,73.06,211.93,0.5641,-1,-1,-1
317,9,230.80,372.06,60.27,188.26,0.5717,-1,-1,-1
317,19,351.19,890.07,86.11,189.95,0.7233,-1,-1,-1
317,20,435.48,449.94,66.24,219.95,0.7120,-1,-1,-1
317,2,331.43,584.96,89.89,241.07,0.7698,-1,-1,-1
317,22,522.08,471.79,67.72,219.25,0.6927,-1,-1,-1
317,21,376.65,812.94,101.76,151.18,0.5635,-1,-1,-1
317,5,1505.23,609.24,90.76,226.11,0.5588,-1,-1,-1
317,23,996.21,79.69,60.94,173.72,0.5707,-1,-1,-1
318,3,928.03,905.49,74.34,174.52,0.7456,-1,-1,-1
318,4,1721.62,458.39,72.82,211.33,0.5710,-1,-1,-1
318,9,231.00,371.52,59.83,186.84,0.5601,-1,-1,-1
318,19,353.66,890.27,86.90,189.76,0.7071,-1,-1,-1
318,20,434.74,451.39,66.24,219.13,0.7241,-1,-1,-1
318,2,331.06,585.22,91.83,240.72,0.7562,-1,-1,-1
318,22,520.67,472.15,67.28,218.58,0.6656,-1,-1,-1
318,21,376.14,813.18,102.89,153.52,0.6272,-1,-1,-1
318,5,1507.54,603.96,92.61,233.20,0.5667,-1,-1,-1
318,23,994.50,78.58,61.10,174.28,0.5958,-1,-1,-1
319,3,928.44,905.61,74.48,174.41,0.7319,-1,-1,-1
319,4,1722.05,458.91,72.43,210.82,0.5789,-1,-1,-1
319,9,231.08,370.68,60.18,188.33,0.5898,-1,-1,-1
319,19,355.60,891.41,87.32,188.61,0.7008,-1,-1,-1
319,20,434.18,454.49,66.40,218.79,0.7253,-1,-1,-1
319,2,330.65,584.34,94.07,241.51,0.7529,-1,-1,-1
319,22,518.46,470.44,67.51,218.30,0.6753,-1,-1,-1
319,21,375.99,813.29,103.47,155.51,0.6723,-1,-1,-1
319,5,1510.06,602.69,92.56,236.23,0.5144,-1,-1,-1
319,23,993.39,77.45,61.16,174.67,0.5780,-1,-1,-1
320,3,929.77,905.96,74.32,174.06,0.7356,-1,-1,-1
320,4,1722.18,458.66,72.27,210.58,0.6019,-1,-1,-1
320,9,231.65,370.29,60.08,188.54,0.5843,-1,-1,-1
320,19,358.52,894.90,87.04,185.11,0.7051,-1,-1,-1
320,20,434.22,459.40,66.09,216.62,0.7187,-1,-1,-1
320,2,332.41,583.77,95.55,240.79,0.7204,-1,-1,-1
320,22,516.00,470.81,67.94,218.82,0.6947,-1,-1,-1
320,21,377.02,814.16,101.06,152.95,0.6427,-1,-1,-1
320,5,1512.77,603.45,90.63,233.95,0.3640,-1,-1,-1
320,23,992.34,77.84,60.91,174.17,0.5754,-1,-1,-1
321,3,930.17,906.88,73.91,172.94,0.7303,-1,-1,-1
321,4,1721.91,458.72,72.28,210.77,0.5723,-1,-1,-1
321,9,232.32,369.95,59.68,188.23,0.5606,-1,-1,-1
321,19,362.13,898.06,87.17,181.95,0.7175,-1,-1,-1
321,20,431.21,459.37,68.52,224.04,0.6417,-1,-1,-1
321,2,332.24,582.75,96.74,241.34,0.6803,-1,-1,-1
321,22,513.82,471.09,68.52,220.17,0.6686,-1,-1,-1
321,21,379.16,816.28,98.27,150.31,0.6005,-1,-1,-1
321,23,991.78,77.45,61.27,174.88,0.5977,-1,-1,-1
322,3,931.24,906.95,73.66,172.99,0.7237,-1,-1,-1
322,4,1721.72,459.24,71.95,209.68,0.5999,-1,-1,-1
322,9,233.00,368.29,59.57,189.12,0.5620,-1,-1,-1
322,19,364.11,902.82,86.32,177.19,0.7082,-1,-1,-1
322,20,429.94,460.30,69.14,224.97,0.6778,-1,-1,-1
322,2,332.23,580.73,97.54,243.61,0.7095,-1,-1,-1
322,22,512.42,470.91,68.49,219.38,0.7140,-1,-1,-1
322,21,382.04,817.50,96.51,149.90,0.5596,-1,-1,-1
322,23,990.41,76.40,61.18,174.76,0.6150,-1,-1,-1
323,3,932.41,906.64,73.07,173.19,0.6961,-1,-1,-1
323,4,1721.82,458.94,72.12,210.11,0.6019,-1,-1,-1
323,9,232.78,364.89,60.07,191.51,0.5719,-1,-1,-1
323,19,365.54,906.00,85.75,173.73,0.7787,-1,-1,-1
323,20,429.41,462.31,69.56,225.52,0.6871,-1,-1,-1
323,2,335.96,579.58,96.76,244.18,0.6237,-1,-1,-1
323,22,512.04,471.01,68.81,219.72,0.7252,-1,-1,-1
323,21,384.33,820.27,94.63,149.53,0.5613,-1,-1,-1
323,23,990.20,75.37,60.81,173.47,0.6174,-1,-1,-1
324,3,932.57,905.75,72.58,174.19,0.7032,-1,-1,-1
324,4,1721.71,459.01,72.00,209.78,0.6027,-1,-1,-1
324,9,232.67,362.34,60.00,191.89,0.5171,-1,-1,-1
324,19,367.02,909.73,84.90,169.50,0.7840,-1,-1,-1
324,20,428.22,463.47,70.47,226.84,0.7029,-1,-1,-1
324,2,341.30,580.35,94.80,242.83,0.6271,-1,-1,-1
324,22,511.00,471.39,69.13,219.61,0.7513,-1,-1,-1
324,21,388.22,824.01,92.22,148.26,0.5875,-1,-1,-1
324,23,989.50,73.75,60.82,173.28,0.5738,-1,-1,-1
325,3,933.79,907.29,71.18,172.36,0.7032,-1,-1,-1
325,4,1721.94,459.26,71.73,208.71,0.6108,-1,-1,-1
325,9,232.89,360.27,59.32,189.74,0.4478,-1,-1,-1
325,19,370.53,914.39,83.88,164.71,0.7716,-1,-1,-1
325,20,427.94,463.18,71.36,228.49,0.7081,-1,-1,-1
325,2,346.92,580.32,92.37,241.32,0.6582,-1,-1,-1
325,22,510.29,473.77,68.95,218.01,0.7633,-1,-1,-1
325,21,393.34,829.26,87.14,142.37,0.5963,-1,-1,-1
325,23,989.07,72.36,60.81,172.75,0.5539,-1,-1,-1
326,3,934.37,907.93,69.98,171.94,0.6765,-1,-1,-1
326,4,1721.99,459.48,71.80,208.51,0.6200,-1,-1,-1
326,9,233.19,358.54,59.01,189.12,0.5024,-1,-1,-1
326,19,372.13,917.22,83.91,162.43,0.7177,-1,-1,-1
326,20,428.09,466.11,71.12,226.98,0.7035,-1,-1,-1
326,2,357.48,578.82,90.61,242.05,0.6431,-1,-1,-1
326,22,509.89,475.94,69.07,217.32,0.7602,-1,-1,-1
326,21,396.37,832.94,85.59,142.03,0.5904,-1,-1,-1
326,23,987.43,71.32,60.88,172.61,0.5740,-1,-1,-1
327,3,935.74,909.16,68.28,170.72,0.6689,-1,-1,-1
327,4,1722.11,459.67,71.60,207.67,0.6306,-1,-1,-1
327,9,233.52,356.98,59.00,189.05,0.5189,-1,-1,-1
327,19,374.41,918.30,84.91,161.59,0.7018,-1,-1,-1
327,20,427.48,467.07,71.23,226.52,0.7145,-1,-1,-1
327,2,364.82,576.77,89.08,243.59,0.5869,-1,-1,-1
327,22,510.17,477.63,69.75,218.85,0.7048,-1,-1,-1
327,21,399.73,836.76,84.12,141.53,0.5759,-1,-1,-1
327,23,987.29,70.28,60.63,171.46,0.5282,-1,-1,-1
328,3,936.11,909.79,66.82,169.67,0.6784,-1,-1,-1
328,4,1722.32,460.41,71.52,207.23,0.6374,-1,-1,-1
328,9,232.76,356.03,58.76,187.63,0.5472,-1,-1,-1
328,19,375.28,921.10,84.68,158.87,0.6851,-1,-1,-1
328,20,426.56,467.84,70.85,222.67,0.7039,-1,-1,-1
328,2,372.81,575.07,87.82,246.01,0.5859,-1,-1,-1
328,22,509.43,479.01,70.44,221.07,0.7042,-1,-1,-1
328,21,403.12,839.72,85.42,146.08,0.5482,-1,-1,-1
328,23,985.98,68.36,61.11,172.59,0.4955,-1,-1,-1
329,3,938.50,911.82,65.11,167.29,0.6978,-1,-1,-1
329,4,1722.20,459.18,71.94,208.55,0.6111,-1,-1,-1
329,9,232.79,355.53,58.53,186.39,0.5482,-1,-1,-1
329,19,376.78,923.42,84.77,156.59,0.6869,-1,-1,-1
329,20,424.71,469.30,70.97,219.44,0.6909,-1,-1,-1
329,2,379.00,577.24,86.23,246.65,0.5797,-1,-1,-1
329,22,508.76,482.31,70.39,221.17,0.7129,-1,-1,-1
329,21,407.69,843.18,85.29,147.43,0.5571,-1,-1,-1
329,23,985.79,68.28,60.37,170.79,0.4625,-1,-1,-1
330,3,939.81,913.79,63.86,164.95,0.6933,-1,-1,-1
330,4,1722.37,459.81,71.79,207.95,0.6315,-1,-1,-1
330,9,232.55,354.70,58.16,185.16,0.5660,-1,-1,-1
330,19,378.02,924.67,84.61,154.37,0.6374,-1,-1,-1
330,20,420.58,469.96,73.62,222.74,0.6676,-1,-1,-1
330,2,385.56,591.74,81.06,234.02,0.3995,-1,-1,-1
330,22,508.59,485.14,69.98,220.21,0.7320,-1,-1,-1
330,21,398.09,845.30,113.06,203.68,0.5932,-1,-1,-1
330,23,984.42,67.53,60.75,172.19,0.4712,-1,-1,-1
331,3,939.97,913.58,63.78,165.28,0.7369,-1,-1,-1
331,4,1722.33,458.08,72.50,209.97,0.6495,-1,-1,-1
331,9,231.51,353.97,58.89,187.68,0.5210,-1,-1,-1
331,19,379.71,924.78,83.34,149.91,0.6460,-1,-1,-1
331,22,507.82,487.71,69.65,219.87,0.7408,-1,-1,-1
331,21,399.23,847.66,118.85,222.38,0.6612,-1,-1,-1
331,23,983.15,67.10,61.36,173.96,0.5001,-1,-1,-1
332,3,941.09,914.71,62.93,163.45,0.7210,-1,-1,-1
332,4,1722.70,458.63,72.61,210.21,0.6395,-1,-1,-1
332,9,230.67,352.68,59.55,189.40,0.5018,-1,-1,-1
332,19,381.39,925.44,82.10,145.91,0.6350,-1,-1,-1
332,22,507.54,489.87,69.73,220.32,0.7418,-1,-1,-1
332,21,403.57,849.54,118.33,229.03,0.6643,-1,-1,-1
332,23,982.37,67.31,61.71,175.06,0.5243,-1,-1,-1
332,2,387.91,498.89,112.01,328.24,0.6044,-1,-1,-1
333,3,942.28,915.14,62.41,162.72,0.7332,-1,-1,-1
333,4,1723.14,458.92,72.45,209.95,0.6222,-1,-1,-1
333,9,229.89,352.11,59.84,190.54,0.5167,-1,-1,-1
333,19,383.90,925.52,83.53,146.38,0.6697,-1,-1,-1
333,22,506.94,491.46,69.94,221.17,0.7448,-1,-1,-1
333,23,982.06,66.49,61.80,176.91,0.5050,-1,-1,-1
333,2,389.41,480.75,117.14,347.21,0.6423,-1,-1,-1
334,3,943.58,916.30,61.71,161.18,0.7180,-1,-1,-1
334,4,1722.52,459.63,72.34,209.54,0.6197,-1,-1,-1
334,9,229.86,351.82,59.25,188.54,0.4715,-1,-1,-1
334,19,386.42,927.90,83.48,143.92,0.6547,-1,-1,-1
334,22,506.38,492.26,70.17,222.48,0.7312,-1,-1,-1
334,23,981.56,66.64,61.23,176.55,0.4840,-1,-1,-1
334,2,391.69,473.23,119.16,355.77,0.6301,-1,-1,-1
335,3,944.78,917.96,61.23,159.95,0.7188,-1,-1,-1
335,4,1722.59,459.78,72.07,208.79,0.6220,-1,-1,-1
335,9,228.92,350.43,60.16,190.81,0.4945,-1,-1,-1
335,19,389.61,930.89,83.56,141.50,0.6631,-1,-1,-1
335,22,505.39,493.06,70.12,222.72,0.7262,-1,-1,-1
335,23,981.20,66.54,60.63,175.59,0.4756,-1,-1,-1
335,2,392.41,472.25,119.96,357.78,0.6712,-1,-1,-1
336,3,945.62,918.91,61.14,159.52,0.7165,-1,-1,-1
336,4,1722.16,459.44,72.20,208.86,0.6377,-1,-1,-1
336,9,228.04,349.11,61.06,193.17,0.5092,-1,-1,-1
336,19,392.85,935.70,81.39,135.27,0.6730,-1,-1,-1
336,22,504.67,493.40,69.92,222.13,0.7201,-1,-1,-1
336,23,980.39,66.15,60.41,176.03,0.4611,-1,-1,-1
336,2,397.93,475.15,118.76,353.72,0.7020,-1,-1,-1
337,3,947.53,919.58,60.75,158.83,0.6831,-1,-1,-1
337,4,1722.45,459.34,71.99,208.11,0.6125,-1,-1,-1
337,9,227.39,348.10,60.52,190.37,0.4995,-1,-1,-1
337,19,395.12,940.91,81.27,132.26,0.6905,-1,-1,-1
337,22,504.24,493.58,69.79,221.78,0.7002,-1,-1,-1
337,23,979.66,64.98,60.31,176.71,0.4472,-1,-1,-1
337,2,403.54,479.26,118.14,348.76,0.7104,-1,-1,-1
337,5,1537.39,616.08,90.09,238.66,0.6444,-1,-1,-1
338,3,948.98,921.26,60.20,157.01,0.7041,-1,-1,-1
338,4,1722.43,458.97,72.12,208.23,0.5862,-1,-1,-1
338,9,226.94,347.06,60.29,188.52,0.5266,-1,-1,-1
338,19,397.11,944.55,81.51,130.03,0.7150,-1,-1,-1
338,22,503.83,493.62,69.61,221.14,0.6971,-1,-1,-1
338,23,979.20,64.21,60.07,176.88,0.4421,-1,-1,-1
338,2,406.52,481.78,118.05,345.63,0.7124,-1,-1,-1
338,5,1538.77,616.09,88.87,240.94,0.6080,-1,-1,-1
338,21,443.06,863.09,89.47,165.45,0.6328,-1,-1,-1
339,3,951.13,922.30,59.83,155.21,0.7037,-1,-1,-1
339,4,1722.45,459.62,72.08,207.52,0.6069,-1,-1,-1
339,9,226.19,346.06,59.75,185.22,0.5265,-1,-1,-1
339,19,399.79,948.44,81.51,127.36,0.7279,-1,-1,-1
339,22,502.92,494.24,69.48,221.12,0.6891,-1,-1,-1
339,23,978.49,62.04,60.32,178.31,0.4544,-1,-1,-1
339,2,407.28,482.96,117.89,343.27,0.7391,-1,-1,-1
339,5,1540.00,616.56,87.98,242.54,0.6253,-1,-1,-1
339,21,448.32,867.19,88.52,158.27,0.6151,-1,-1,-1
340,3,952.39,923.08,59.76,154.16,0.6989,-1,-1,-1
340,4,1721.97,458.43,72.68,209.21,0.6069,-1,-1,-1
340,9,224.91,344.31,59.63,183.32,0.5185,-1,-1,-1
340,19,402.10,950.95,82.56,126.86,0.7110,-1,-1,-1
340,22,501.98,496.44,68.86,218.16,0.6595,-1,-1,-1
340,23,977.69,60.97,60.29,179.12,0.4919,-1,-1,-1
340,2,408.29,484.24,118.12,341.86,0.6977,-1,-1,-1
340,5,1541.52,616.06,87.20,243.95,0.6002,-1,-1,-1
340,21,452.40,872.20,88.17,151.36,0.6901,-1,-1,-1
341,3,953.02,924.04,59.73,153.12,0.7038,-1,-1,-1
341,4,1721.88,458.67,72.68,209.07,0.6055,-1,-1,-1
341,9,224.24,342.53,60.03,183.03,0.5232,-1,-1,-1
341,19,405.74,954.73,82.14,123.91,0.6939,-1,-1,-1
341,22,500.25,498.40,68.44,216.03,0.6819,-1,-1,-1
341,23,976.92,59.25,60.09,180.02,0.4666,-1,-1,-1
341,2,409.12,485.23,117.98,340.92,0.3958,-1,-1,-1
341,5,1542.74,616.34,86.41,243.70,0.6541,-1,-1,-1
341,21,454.66,876.25,88.77,146.50,0.6956,-1,-1,-1
342,3,953.88,924.39,60.17,152.77,0.6960,-1,-1,-1
342,4,1722.51,457.62,73.22,210.83,0.6238,-1,-1,-1
342,9,222.55,341.05,61.07,184.61,0.5138,-1,-1,-1
342,19,410.09,959.97,80.88,119.24,0.7165,-1,-1,-1
342,22,499.29,500.56,68.11,213.67,0.6917,-1,-1,-1
342,23,976.37,58.00,59.89,180.64,0.3981,-1,-1,-1
342,5,1544.02,617.67,85.16,241.15,0.6389,-1,-1,-1
342,21,455.85,879.47,90.44,143.82,0.6867,-1,-1,-1
343,3,954.40,925.06,60.32,151.68,0.7070,-1,-1,-1
343,4,1722.33,457.88,72.78,209.65,0.5943,-1,-1,-1
343,9,221.69,339.89,61.90,185.01,0.5042,-1,-1,-1
343,19,412.99,963.07,80.82,116.40,0.7208,-1,-1,-1
343,22,497.64,502.15,68.54,213.33,0.6723,-1,-1,-1
343,23,975.61,57.77,58.77,177.96,0.3676,-1,-1,-1
343,5,1544.95,617.89,84.93,240.85,0.5991,-1,-1,-1
343,21,455.39,882.42,92.80,142.44,0.6736,-1,-1,-1
343,24,978.96,401.60,62.16,193.42,0.6358,-1,-1,-1
344,3,954.98,925.22,60.76,151.00,0.6952,-1,-1,-1
344,4,1722.02,458.89,72.29,207.86,0.6047,-1,-1,-1
344,9,221.35,339.12,62.45,185.74,0.5436,-1,-1,-1
344,19,415.66,964.98,80.49,113.61,0.7272,-1,-1,-1
344,22,497.22,503.43,68.23,211.58,0.6449,-1,-1,-1
344,23,975.98,56.28,58.19,176.90,0.3815,-1,-1,-1
344,5,1546.46,617.85,84.41,238.99,0.5899,-1,-1,-1
344,21,456.79,884.23,95.65,143.26,0.6799,-1,-1,-1
344,24,982.38,405.26,61.68,191.77,0.5797,-1,-1,-1
344,20,398.51,486.59,79.26,241.27,0.6259,-1,-1,-1
345,3,955.75,925.77,61.11,149.99,0.6993,-1,-1,-1
345,4,1721.73,458.67,72.21,207.14,0.6117,-1,-1,-1
345,9,220.66,338.49,62.61,185.54,0.5140,-1,-1,-1
345,19,418.50,965.35,81.47,112.66,0.7052,-1,-1,-1
345,22,496.99,505.46,67.89,210.81,0.5651,-1,-1,-1
345,23,976.20,54.22,56.99,173.64,0.4170,-1,-1,-1
345,5,1547.17,618.65,84.69,239.77,0.5660,-1,-1,-1
345,21,457.09,885.68,100.23,147.78,0.6598,-1,-1,-1
345,24,984.82,407.17,62.22,193.27,0.5287,-1,-1,-1
345,20,398.47,487.69,78.49,238.80,0.6667,-1,-1,-1
346,3,956.28,926.41,61.66,149.38,0.7130,-1,-1,-1
346,4,1722.08,458.01,72.46,207.70,0.6133,-1,-1,-1
346,9,220.52,337.54,63.39,186.68,0.5116,-1,-1,-1
346,19,422.02,965.76,83.94,112.95,0.7048,-1,-1,-1
346,22,491.90,507.62,67.90,207.41,0.5514,-1,-1,-1
346,23,975.38,54.25,57.26,174.51,0.3620,-1,-1,-1
346,5,1551.24,620.16,83.09,237.13,0.5691,-1,-1,-1
346,21,457.96,886.44,103.31,151.29,0.6693,-1,-1,-1
346,24,986.58,408.14,62.82,194.79,0.4623,-1,-1,-1
346,20,397.56,487.68,78.13,236.21,0.7008,-1,-1,-1
347,3,956.61,927.29,62.28,148.44,0.7031,-1,-1,-1
347,4,1722.57,458.16,72.73,208.70,0.6247,-1,-1,-1
347,9,219.89,336.74,63.90,187.19,0.4517,-1,-1,-1
347,19,422.82,966.26,85.57,112.84,0.6975,-1,-1,-1
347,22,488.93,510.47,67.55,202.49,0.5342,-1,-1,-1
347,23,975.07,53.97,57.23,174.32,0.3638,-1,-1,-1
347,5,1551.66,621.25,82.78,235.66,0.5572,-1,-1,-1
347,21,458.20,888.00,104.83,153.14,0.6729,-1,-1,-1
347,24,989.84,409.58,62.54,193.63,0.5305,-1,-1,-1
347,20,397.30,488.94,77.97,233.92,0.7110,-1,-1,-1
348,3,956.26,927.56,63.20,148.57,0.7289,-1,-1,-1
348,4,1722.55,457.92,72.85,208.90,0.6153,-1,-1,-1
348,9,219.22,336.16,63.95,186.29,0.4055,-1,-1,-1
348,19,424.07,967.46,86.20,111.55,0.7086,-1,-1,-1
348,22,489.35,512.52,66.15,195.49,0.4439,-1,-1,-1
348,23,974.50,52.33,56.52,172.59,0.3428,-1,-1,-1
348,5,1553.63,621.84,82.22,233.56,0.5380,-1,-1,-1
348,21,455.05,890.51,108.40,159.33,0.6440,-1,-1,-1
348,24,993.71,410.43,62.31,193.03,0.5836,-1,-1,-1
348,20,395.83,489.83,78.29,233.30,0.7211,-1,-1,-1
349,3,956.88,927.94,64.02,147.78,0.7385,-1,-1,-1
349,4,1722.65,457.85,72.71,208.54,0.6026,-1,-1,-1
349,9,218.65,334.21,64.71,187.88,0.4351,-1,-1,-1
349,19,425.33,969.43,86.50,109.92,0.7049,-1,-1,-1
349,23,973.56,51.65,56.58,173.34,0.4554,-1,-1,-1
349,5,1554.01,622.22,83.47,236.25,0.5481,-1,-1,-1
349,21,454.25,892.64,109.48,162.74,0.6408,-1,-1,-1
349,24,996.51,411.45,62.40,193.12,0.6044,-1,-1,-1
349,20,394.29,489.83,78.48,233.47,0.7185,-1,-1,-1
349,2,469.79,573.42,83.86,245.78,0.6646,-1,-1,-1
350,3,957.00,928.67,64.87,146.87,0.7283,-1,-1,-1
350,4,1722.55,457.73,72.56,207.73,0.6070,-1,-1,-1
350,9,217.31,333.19,64.77,187.17,0.3941,-1,-1,-1
350,19,427.08,972.10,86.56,107.69,0.6934,-1,-1,-1
350,23,972.82,50.09,57.05,175.75,0.3872,-1,-1,-1
350,5,1555.21,623.19,84.75,239.18,0.5350,-1,-1,-1
350,21,456.13,894.86,106.04,159.96,0.6168,-1,-1,-1
350,24,1000.27,411.16,62.74,194.02,0.6154,-1,-1,-1
350,20,392.49,491.26,78.47,232.90,0.6654,-1,-1,-1
350,2,476.54,579.03,81.28,240.10,0.5704,-1,-1,-1
351,3,957.29,929.70,66.12,146.61,0.7362,-1,-1,-1
351,4,1722.41,457.91,72.79,208.49,0.5800,-1,-1,-1
351,9,215.28,330.47,65.05,187.17,0.3092,-1,-1,-1
351,19,428.96,975.54,85.72,104.24,0.6975,-1,-1,-1
351,23,972.17,49.37,57.15,176.99,0.4682,-1,-1,-1
351,5,1555.76,623.87,85.24,237.48,0.5587,-1,-1,-1
351,21,458.99,898.09,101.81,156.03,0.5868,-1,-1,-1
351,24,1002.35,409.56,63.07,194.95,0.5936,-1,-1,-1
351,20,391.58,493.52,78.40,233.39,0.6816,-1,-1,-1
351,2,478.31,541.18,92.44,276.31,0.6589,-1,-1,-1
352,3,957.00,930.03,67.60,147.04,0.7255,-1,-1,-1
352,4,1722.70,457.27,73.03,209.22,0.5956,-1,-1,-1
352,9,213.00,328.16,65.71,188.41,0.3164,-1,-1,-1
352,19,432.57,979.46,85.11,100.46,0.6904,-1,-1,-1
352,23,970.98,47.94,57.34,178.35,0.4319,-1,-1,-1
352,5,1555.07,625.54,86.45,238.52,0.5540,-1,-1,-1
352,21,461.85,900.32,97.74,151.98,0.5720,-1,-1,-1
352,24,1006.47,410.14,62.80,194.31,0.5951,-1,-1,-1
352,20,390.64,495.17,78.45,234.30,0.7085,-1,-1,-1
352,2,486.94,555.15,89.68,261.05,0.6566,-1,-1,-1
353,3,957.06,930.39,69.00,147.25,0.7475,-1,-1,-1
353,4,1722.23,457.88,73.18,209.64,0.6057,-1,-1,-1
353,9,212.46,325.62,65.71,188.26,0.3040,-1,-1,-1
353,19,434.44,983.26,84.57,96.77,0.6864,-1,-1,-1
353,23,969.31,47.20,57.68,179.28,0.3711,-1,-1,-1
353,5,1560.65,625.08,86.45,239.89,0.5149,-1,-1,-1
353,21,462.73,902.54,96.21,151.21,0.4819,-1,-1,-1
353,24,1009.55,410.93,62.97,194.35,0.6474,-1,-1,-1
353,20,389.79,496.83,78.48,235.37,0.7021,-1,-1,-1
353,2,493.00,569.51,88.01,245.91,0.7219,-1,-1,-1
354,3,957.03,930.84,70.06,147.01,0.7472,-1,-1,-1
354,4,1722.10,458.04,73.19,209.88,0.5894,-1,-1,-1
354,9,213.01,324.18,65.06,186.91,0.3003,-1,-1,-1
354,19,437.26,988.90,82.23,91.17,0.6513,-1,-1,-1
354,23,967.51,46.91,57.94,179.03,0.3174,-1,-1,-1
354,5,1563.70,626.00,87.52,244.27,0.5241,-1,-1,-1
354,21,465.12,907.28,93.58,149.12,0.5197,-1,-1,-1
354,24,1013.12,413.18,63.16,194.01,0.5958,-1,-1,-1
354,20,389.16,498.45,78.59,235.50,0.6843,-1,-1,-1
354,2,494.76,576.00,88.89,239.19,0.7361,-1,-1,-1
355,3,956.76,930.14,71.52,147.63,0.7464,-1,-1,-1
355,4,1722.32,458.18,72.72,208.98,0.6057,-1,-1,-1
355,19,441.53,993.93,79.15,85.32,0.6170,-1,-1,-1
355,5,1566.47,627.92,87.60,245.55,0.5546,-1,-1,-1
355,21,465.05,910.38,96.97,157.31,0.5779,-1,-1,-1
355,24,1016.30,416.26,62.86,191.96,0.5705,-1,-1,-1
355,20,388.55,500.69,79.05,236.34,0.6944,-1,-1,-1
355,2,494.57,579.87,90.64,235.91,0.7571,-1,-1,-1
356,3,956.45,929.34,72.41,147.58,0.7432,-1,-1,-1
356,4,1722.22,458.25,72.54,208.74,0.6058,-1,-1,-1
356,19,444.73,998.06,77.14,81.05,0.6165,-1,-1,-1
356,5,1568.05,627.86,87.68,246.42,0.5845,-1,-1,-1
356,21,467.34,914.90,95.80,157.37,0.5490,-1,-1,-1
356,24,1018.68,418.37,63.06,190.88,0.5037,-1,-1,-1
356,20,386.93,503.17,79.15,236.45,0.6989,-1,-1,-1
356,2,493.84,578.07,93.81,237.66,0.7304,-1,-1,-1
357,3,956.44,928.28,73.64,148.61,0.7290,-1,-1,-1
357,4,1722.38,458.29,72.23,208.06,0.5888,-1,-1,-1
357,19,448.90,1003.03,74.38,76.00,0.5528,-1,-1,-1
357,5,1570.00,629.98,86.96,244.77,0.5878,-1,-1,-1
357,21,471.66,919.32,94.23,156.91,0.5160,-1,-1,-1
357,24,1022.69,420.55,64.86,193.06,0.4390,-1,-1,-1
357,20,385.27,505.00,79.32,236.87,0.6875,-1,-1,-1
357,2,494.22,575.90,96.97,239.98,0.7084,-1,-1,-1
358,3,956.35,927.65,75.24,151.27,0.7234,-1,-1,-1
358,4,1722.70,458.10,72.17,208.14,0.5798,-1,-1,-1
358,19,449.87,1006.76,72.60,72.41,0.5573,-1,-1,-1
358,5,1570.76,632.24,86.24,243.08,0.5366,-1,-1,-1
358,21,478.02,921.74,92.56,155.28,0.5998,-1,-1,-1
358,24,1023.87,422.74,66.26,193.62,0.5047,-1,-1,-1
358,20,383.53,506.33,80.32,240.14,0.6983,-1,-1,-1
358,2,495.81,578.76,97.83,236.86,0.7534,-1,-1,-1
359,3,956.77,927.36,75.23,150.24,0.7142,-1,-1,-1
359,4,1722.41,457.36,72.45,208.97,0.5837,-1,-1,-1
359,19,453.51,1010.99,71.13,68.66,0.5407,-1,-1,-1
359,5,1570.89,634.65,86.13,242.65,0.5839,-1,-1,-1
359,21,480.87,923.29,91.29,153.85,0.5679,-1,-1,-1
359,24,1025.72,425.50,67.08,192.78,0.5000,-1,-1,-1
359,20,382.10,507.35,80.85,242.02,0.6909,-1,-1,-1
359,2,495.93,580.04,98.72,235.26,0.7390,-1,-1,-1
360,3,956.95,926.87,75.69,150.61,0.7148,-1,-1,-1
360,4,1722.52,457.56,72.19,208.22,0.6175,-1,-1,-1
360,19,454.90,1012.70,71.42,67.17,0.5192,-1,-1,-1
360,5,1569.75,635.45,86.22,244.05,0.5803,-1,-1,-1
360,21,485.38,924.64,90.61,153.65,0.6046,-1,-1,-1
360,24,1027.99,425.97,69.22,196.71,0.5173,-1,-1,-1
360,20,380.56,508.30,81.13,242.54,0.7215,-1,-1,-1
360,2,497.14,581.50,99.37,234.13,0.6955,-1,-1,-1
360,22,471.60,528.36,71.76,218.82,0.6201,-1,-1,-1
361,3,957.40,926.44,76.14,151.16,0.7188,-1,-1,-1
361,4,1722.74,457.69,72.30,208.63,0.6122,-1,-1,-1
361,19,457.26,1015.19,70.69,64.22,0.4415,-1,-1,-1
361,5,1568.57,636.07,85.86,243.62,0.6137,-1,-1,-1
361,21,489.74,925.14,90.83,155.12,0.6524,-1,-1,-1
361,24,1030.77,428.25,69.70,196.31,0.4507,-1,-1,-1
361,20,379.14,509.08,80.98,242.65,0.7080,-1,-1,-1
361,2,499.99,579.23,100.27,236.34,0.6562,-1,-1,-1
361,22,470.88,529.16,73.14,227.02,0.6367,-1,-1,-1
362,3,958.24,926.24,76.13,151.44,0.6825,-1,-1,-1
362,4,1722.88,457.86,72.39,208.70,0.5889,-1,-1,-1
362,19,457.04,1017.81,68.68,61.00,0.4468,-1,-1,-1
362,5,1569.58,635.41,85.92,244.91,0.5535,-1,-1,-1
362,21,494.86,927.06,90.44,153.85,0.6729,-1,-1,-1
362,24,1032.95,429.57,70.01,195.57,0.4730,-1,-1,-1
362,20,377.30,510.06,80.36,241.28,0.6908,-1,-1,-1
362,2,506.94,578.48,98.72,234.86,0.6012,-1,-1,-1
362,22,469.03,527.39,73.98,233.62,0.6950,-1,-1,-1
363,3,959.25,926.06,75.90,151.52,0.6450,-1,-1,-1
363,4,1722.98,458.08,72.34,208.46,0.5977,-1,-1,-1
363,19,459.15,1018.74,70.16,60.50,0.5111,-1,-1,-1
363,5,1570.99,635.25,85.53,244.58,0.5802,-1,-1,-1
363,21,499.46,928.91,90.39,152.14,0.6548,-1,-1,-1
363,24,1035.76,430.04,70.18,195.71,0.5349,-1,-1,-1
363,20,375.83,510.28,80.06,240.58,0.7083,-1,-1,-1
363,2,513.18,577.66,97.39,233.21,0.6178,-1,-1,-1
363,22,469.47,533.23,72.14,229.53,0.7131,-1,-1,-1
364,3,960.50,925.44,76.01,152.49,0.6626,-1,-1,-1
364,4,1722.47,458.01,72.43,208.33,0.5894,-1,-1,-1
364,19,460.44,1019.02,71.99,60.74,0.4987,-1,-1,-1
364,5,1571.30,634.33,85.42,245.96,0.5528,-1,-1,-1
364,21,504.67,931.91,89.85,149.11,0.6698,-1,-1,-1
364,24,1039.83,430.43,69.81,194.64,0.6047,-1,-1,-1
364,20,374.01,511.42,79.79,239.93,0.6917,-1,-1,-1
364,2,519.65,576.90,96.83,234.73,0.6583,-1,-1,-1
364,22,468.89,537.92,70.60,226.21,0.7209,-1,-1,-1
365,3,961.01,924.00,76.40,154.32,0.6770,-1,-1,-1
365,4,1722.51,457.17,72.69,209.22,0.5713,-1,-1,-1
365,19,460.60,1017.76,74.64,62.19,0.4654,-1,-1,-1
365,5,1572.39,635.26,84.22,243.92,0.6048,-1,-1,-1
365,21,509.50,934.15,89.93,146.78,0.6750,-1,-1,-1
365,24,1043.53,431.07,69.53,194.00,0.6229,-1,-1,-1
365,20,371.30,512.56,79.42,238.52,0.6926,-1,-1,-1
365,2,528.11,574.77,95.67,236.44,0.6433,-1,-1,-1
365,22,468.04,538.26,70.47,227.62,0.7146,-1,-1,-1
366,3,962.34,923.10,76.44,155.55,0.7050,-1,-1,-1
366,4,1722.20,457.30,72.66,209.18,0.5805,-1,-1,-1
366,19,459.61,1017.92,74.77,62.10,0.3916,-1,-1,-1
366,5,1573.45,633.99,84.73,246.07,0.5604,-1,-1,-1
366,21,514.57,936.73,89.88,144.09,0.6744,-1,-1,-1
366,24,1046.47,430.84,69.78,195.13,0.6339,-1,-1,-1
366,20,368.07,512.68,79.37,237.66,0.7386,-1,-1,-1
366,2,534.18,573.48,94.20,238.33,0.7075,-1,-1,-1
366,22,466.69,539.38,70.72,230.94,0.7373,-1,-1,-1
367,3,963.43,921.79,76.27,156.39,0.7096,-1,-1,-1
367,4,1721.79,457.54,72.66,209.45,0.5755,-1,-1,-1
367,19,462.82,1020.98,71.12,59.05,0.3442,-1,-1,-1
367,5,1576.55,639.26,83.91,241.82,0.5770,-1,-1,-1
367,21,516.38,940.55,89.47,140.17,0.6848,-1,-1,-1
367,24,1049.71,431.07,69.42,194.62,0.6265,-1,-1,-1
367,20,365.34,514.33,79.42,235.99,0.7544,-1,-1,-1
367,2,537.67,572.61,93.24,241.25,0.6913,-1,-1,-1
367,22,465.25,540.34,70.69,233.07,0.7385,-1,-1,-1
368,3,964.92,921.29,76.08,157.11,0.6915,-1,-1,-1
368,4,1722.43,457.86,72.37,208.13,0.5794,-1,-1,-1
368,5,1578.49,643.50,83.03,236.64,0.5187,-1,-1,-1
368,21,519.41,943.25,89.73,137.37,0.6921,-1,-1,-1
368,24,1053.11,432.06,69.90,196.78,0.6633,-1,-1,-1
368,20,363.02,515.25,79.94,235.21,0.7695,-1,-1,-1
368,2,541.29,572.16,91.61,241.03,0.6900,-1,-1,-1
368,22,463.92,541.02,70.48,233.71,0.7517,-1,-1,-1
369,3,966.32,920.94,75.98,157.89,0.7150,-1,-1,-1
369,4,1723.22,458.12,72.28,206.90,0.5701,-1,-1,-1
369,5,1578.48,645.10,83.47,236.44,0.5141,-1,-1,-1
369,21,523.36,946.12,90.08,134.41,0.6971,-1,-1,-1
369,24,1056.84,432.92,69.30,195.11,0.6209,-1,-1,-1
369,20,360.21,516.14,81.75,238.10,0.7539,-1,-1,-1
369,2,543.58,572.50,90.46,240.85,0.6850,-1,-1,-1
369,22,462.92,541.39,70.00,233.44,0.7328,-1,-1,-1
370,3,967.32,919.84,76.06,158.62,0.7278,-1,-1,-1
370,4,1722.95,457.74,72.67,207.81,0.5860,-1,-1,-1
370,5,1578.53,645.05,83.88,235.63,0.4653,-1,-1,-1
370,21,527.64,950.76,89.73,129.70,0.6847,-1,-1,-1
370,24,1059.08,434.61,69.98,197.82,0.6176,-1,-1,-1
370,20,356.68,518.44,83.59,241.36,0.7171,-1,-1,-1
370,2,545.41,572.67,89.79,240.69,0.6620,-1,-1,-1
370,22,461.78,541.72,69.67,233.08,0.7271,-1,-1,-1
371,3,968.56,918.06,76.56,160.30,0.7223,-1,-1,-1
371,4,1723.11,457.74,72.78,207.57,0.5573,-1,-1,-1
371,5,1579.16,640.24,85.97,239.42,0.3970,-1,-1,-1
371,21,530.34,954.52,90.00,125.88,0.6957,-1,-1,-1
371,24,1062.15,435.88,70.30,198.95,0.6657,-1,-1,-1
371,20,353.23,521.54,84.70,242.05,0.6988,-1,-1,-1
371,2,549.69,572.44,90.51,241.19,0.6371,-1,-1,-1
371,22,460.52,542.08,69.41,232.81,0.7148,-1,-1,-1
372,3,970.25,917.22,76.99,161.18,0.7405,-1,-1,-1
372,4,1723.13,458.50,72.96,206.95,0.5365,-1,-1,-1
372,5,1578.47,644.72,85.22,234.80,0.4455,-1,-1,-1
372,21,532.59,958.66,89.81,121.68,0.6824,-1,-1,-1
372,24,1064.17,438.41,71.30,202.21,0.6598,-1,-1,-1
372,20,351.53,524.30,85.77,242.79,0.7195,-1,-1,-1
372,2,555.41,571.57,92.61,242.37,0.6555,-1,-1,-1
372,22,459.50,542.47,68.94,231.33,0.7108,-1,-1,-1
373,3,971.84,915.93,77.51,162.17,0.7324,-1,-1,-1
373,4,1722.95,458.15,73.70,207.69,0.5363,-1,-1,-1
373,5,1577.94,645.48,85.15,232.57,0.4215,-1,-1,-1
373,21,533.60,962.33,89.99,117.96,0.6650,-1,-1,-1
373,24,1066.88,440.75,71.52,203.02,0.6469,-1,-1,-1
373,20,350.08,526.61,85.79,240.70,0.6988,-1,-1,-1
373,2,558.26,571.24,94.47,242.77,0.6639,-1,-1,-1
373,22,458.45,543.45,68.45,230.12,0.7047,-1,-1,-1
374,3,972.75,915.40,77.88,162.84,0.7307,-1,-1,-1
374,4,1722.23,457.25,74.25,207.88,0.5488,-1,-1,-1
374,5,1577.18,645.97,86.01,232.67,0.4282,-1,-1,-1
374,21,534.58,964.77,90.57,115.48,0.6549,-1,-1,-1
374,24,1070.87,442.76,70.84,202.29,0.6222,-1,-1,-1
374,20,348.11,527.82,85.76,238.93,0.7001,-1,-1,-1
374,2,561.19,570.05,96.06,243.72,0.6560,-1,-1,-1
374,22,457.27,545.11,67.64,227.16,0.7049,-1,-1,-1
375,3,973.27,914.38,78.63,164.37,0.7215,-1,-1,-1
375,4,1720.99,457.09,74.81,208.39,0.5773,-1,-1,-1
375,21,535.57,966.83,91.01,113.38,0.6393,-1,-1,-1
375,24,1074.98,444.11,70.78,203.07,0.5902,-1,-1,-1
375,20,346.54,528.87,86.10,238.19,0.6902,-1,-1,-1
375,2,565.43,568.53,97.60,244.93,0.6324,-1,-1,-1
375,22,456.63,546.75,67.10,223.97,0.7348,-1,-1,-1
376,3,974.10,912.92,79.37,166.19,0.7171,-1,-1,-1
376,4,1720.38,456.85,75.10,209.34,0.6119,-1,-1,-1
376,21,537.45,969.33,90.59,110.85,0.6359,-1,-1,-1
376,24,1078.48,445.01,70.21,201.83,0.5825,-1,-1,-1
376,20,344.34,531.40,86.12,236.55,0.6838,-1,-1,-1
376,2,568.47,565.65,99.69,248.78,0.5840,-1,-1,-1
376,22,455.19,548.94,67.16,223.73,0.7416,-1,-1,-1
377,3,974.07,911.74,80.23,167.46,0.7053,-1,-1,-1
377,4,1720.28,456.74,74.92,209.05,0.6236,-1,-1,-1
377,21,537.67,970.16,91.19,110.00,0.6485,-1,-1,-1
377,24,1080.59,446.98,69.88,201.19,0.5975,-1,-1,-1
377,20,342.10,533.78,85.55,233.00,0.6855,-1,-1,-1
377,2,571.32,564.75,100.40,249.39,0.5901,-1,-1,-1
377,22,453.70,550.64,68.04,226.70,0.7338,-1,-1,-1
378,3,974.67,910.34,81.25,169.42,0.7159,-1,-1,-1
378,4,1720.28,456.52,75.06,209.34,0.6188,-1,-1,-1
378,21,538.76,971.73,90.93,108.41,0.6423,-1,-1,-1
378,24,1084.08,449.06,68.93,198.76,0.6358,-1,-1,-1
378,20,340.26,534.94,85.36,231.24,0.6962,-1,-1,-1
378,2,573.19,563.49,100.06,249.00,0.5010,-1,-1,-1
378,22,452.33,552.81,68.75,229.12,0.7250,-1,-1,-1
378,28,448.74,302.99,69.02,210.02,0.6321,-1,-1,-1
379,3,975.46,909.66,81.82,170.06,0.7198,-1,-1,-1
379,4,1720.50,456.90,75.03,208.70,0.6199,-1,-1,-1
379,21,539.89,973.19,90.48,106.93,0.6109,-1,-1,-1
379,24,1088.54,449.07,68.76,199.86,0.6337,-1,-1,-1
379,20,339.31,536.16,84.75,228.55,0.6948,-1,-1,-1
379,2,576.03,562.36,99.05,248.88,0.4036,-1,-1,-1
379,22,451.05,554.86,69.67,232.18,0.7144,-1,-1,-1
379,28,449.05,301.47,68.64,208.62,0.6428,-1,-1,-1
380,3,976.17,908.81,82.32,170.63,0.7103,-1,-1,-1
380,4,1720.28,456.55,75.31,209.37,0.6107,-1,-1,-1
380,21,541.25,974.55,89.98,105.55,0.6081,-1,-1,-1
380,24,1091.17,449.50,68.33,199.36,0.6023,-1,-1,-1
380,20,338.26,537.25,84.65,227.22,0.7025,-1,-1,-1
380,22,449.59,558.02,69.40,231.15,0.7314,-1,-1,-1
380,28,449.65,299.36,67.85,205.75,0.5915,-1,-1,-1
381,3,976.67,907.90,82.86,171.50,0.7045,-1,-1,-1
381,4,1719.90,456.37,75.25,209.49,0.6324,-1,-1,-1
381,21,543.64,977.27,88.26,102.81,0.6081,-1,-1,-1
381,24,1093.31,449.67,67.97,198.59,0.6688,-1,-1,-1
381,20,336.12,537.92,86.46,232.55,0.7547,-1,-1,-1
381,22,448.38,560.92,69.88,233.40,0.7347,-1,-1,-1
381,28,449.97,297.75,67.18,203.09,0.6312,-1,-1,-1
382,3,977.07,907.16,83.18,171.83,0.7193,-1,-1,-1
382,4,1719.41,456.73,74.85,208.42,0.6005,-1,-1,-1
382,21,546.54,980.43,86.08,99.65,0.5994,-1,-1,-1
382,24,1095.10,449.25,68.18,199.61,0.6667,-1,-1,-1
382,20,334.83,539.26,86.97,234.85,0.7804,-1,-1,-1
382,22,447.38,562.26,70.19,234.93,0.7429,-1,-1,-1
382,28,450.46,294.89,67.42,202.99,0.6233,-1,-1,-1
383,3,978.02,906.30,83.32,172.29,0.6950,-1,-1,-1
383,4,1719.20,456.54,74.98,209.17,0.6006,-1,-1,-1
383,21,550.74,987.68,80.81,92.38,0.5859,-1,-1,-1
383,24,1097.69,449.38,67.83,198.62,0.6580,-1,-1,-1
383,20,333.83,540.18,86.85,235.22,0.7797,-1,-1,-1
383,22,446.66,562.05,70.77,236.62,0.7658,-1,-1,-1
383,28,450.90,292.08,67.96,203.58,0.5802,-1,-1,-1
384,3,978.91,906.07,83.42,172.59,0.6984,-1,-1,-1
384,4,1718.87,456.75,74.44,208.52,0.5856,-1,-1,-1
384,21,555.20,992.68,77.52,87.37,0.5777,-1,-1,-1
384,24,1100.87,452.89,67.88,197.70,0.6481,-1,-1,-1
384,20,332.88,540.83,86.95,236.91,0.7748,-1,-1,-1
384,22,445.21,564.13,70.72,235.55,0.7714,-1,-1,-1
384,28,450.82,289.97,68.79,205.11,0.6012,-1,-1,-1
385,3,979.62,905.68,83.36,172.94,0.7089,-1,-1,-1
385,4,1718.31,456.91,74.15,208.20,0.6486,-1,-1,-1
385,21,558.92,997.24,74.78,82.81,0.5668,-1,-1,-1
385,24,1103.66,454.23,68.93,199.65,0.5821,-1,-1,-1
385,20,332.13,541.57,87.21,238.65,0.7686,-1,-1,-1
385,22,444.54,564.51,71.01,235.99,0.7674,-1,-1,-1
385,28,449.38,288.80,69.89,206.93,0.5651,-1,-1,-1
386,3,980.56,905.03,83.10,173.34,0.6759,-1,-1,-1
386,4,1718.80,457.27,73.81,207.62,0.5985,-1,-1,-1
386,21,563.71,1001.92,72.02,78.12,0.5119,-1,-1,-1
386,24,1108.19,455.92,69.36,200.04,0.5336,-1,-1,-1
386,20,331.53,543.84,87.25,239.02,0.7442,-1,-1,-1
386,22,443.10,565.45,71.07,235.74,0.7521,-1,-1,-1
386,28,448.44,287.85,70.93,207.96,0.5690,-1,-1,-1
387,3,981.67,904.52,82.58,173.39,0.6608,-1,-1,-1
387,4,1719.02,458.06,73.45,206.72,0.5508,-1,-1,-1
387,21,567.24,1005.56,70.27,74.47,0.5012,-1,-1,-1
387,24,1112.27,458.13,70.20,199.49,0.5176,-1,-1,-1
387,20,330.51,545.46,88.34,242.60,0.7475,-1,-1,-1
387,22,441.07,565.69,71.07,235.89,0.7457,-1,-1,-1
387,28,448.46,287.65,71.81,208.15,0.5789,-1,-1,-1
388,3,982.45,904.25,82.41,173.78,0.6202,-1,-1,-1
388,4,1718.85,457.48,73.43,207.08,0.5456,-1,-1,-1
388,21,570.64,1010.12,67.75,69.90,0.4464,-1,-1,-1
388,24,1114.83,461.75,71.21,198.63,0.5451,-1,-1,-1
388,20,328.30,549.17,89.64,246.23,0.7585,-1,-1,-1
388,22,439.59,567.25,70.77,234.82,0.7461,-1,-1,-1
388,28,448.10,287.21,72.76,208.49,0.5925,-1,-1,-1
389,3,983.31,904.40,82.22,173.74,0.6536,-1,-1,-1
389,4,1719.27,457.47,73.62,208.09,0.5552,-1,-1,-1
389,21,572.80,1013.14,66.64,66.88,0.4309,-1,-1,-1
389,24,1117.81,463.47,73.30,200.38,0.4800,-1,-1,-1
389,20,326.96,551.72,89.81,246.18,0.7756,-1,-1,-1
389,22,438.53,568.20,70.62,233.45,0.7651,-1,-1,-1
389,28,447.00,286.73,73.80,208.96,0.6108,-1,-1,-1
390,3,983.52,904.30,82.18,173.75,0.6174,-1,-1,-1
390,4,1719.12,456.89,73.62,208.72,0.5492,-1,-1,-1
390,21,575.66,1015.81,65.78,64.21,0.3864,-1,-1,-1
390,24,1121.47,464.62,74.26,201.36,0.4757,-1,-1,-1
390,20,324.92,553.59,89.80,245.84,0.7912,-1,-1,-1
390,22,437.41,569.25,70.56,232.31,0.7766,-1,-1,-1
390,28,446.30,286.59,74.62,209.10,0.6382,-1,-1,-1
391,3,982.65,904.52,82.50,174.43,0.6166,-1,-1,-1
391,4,1719.15,456.81,73.98,210.05,0.5625,-1,-1,-1
391,21,578.55,1017.36,65.86,62.42,0.3882,-1,-1,-1
391,24,1123.79,465.89,74.85,201.95,0.4453,-1,-1,-1
391,20,323.29,556.07,89.98,245.83,0.7920,-1,-1,-1
391,22,436.24,571.86,70.34,230.12,0.8020,-1,-1,-1
391,28,446.07,284.97,75.32,209.28,0.6376,-1,-1,-1
392,3,982.21,904.76,82.46,173.81,0.6710,-1,-1,-1
392,4,1720.20,456.81,73.53,209.41,0.5862,-1,-1,-1
392,21,579.62,1017.57,67.55,62.36,0.4018,-1,-1,-1
392,24,1127.82,467.63,74.06,199.72,0.5122,-1,-1,-1
392,20,321.62,557.33,90.87,247.60,0.8024,-1,-1,-1
392,22,435.32,573.79,70.71,229.89,0.8104,-1,-1,-1
392,28,445.95,283.08,76.07,210.44,0.6669,-1,-1,-1
392,29,922.74,528.40,71.91,209.27,0.6076,-1,-1,-1
393,3,981.93,905.44,82.29,172.86,0.6830,-1,-1,-1
393,4,1720.61,456.68,73.40,209.73,0.5854,-1,-1,-1
393,21,581.25,1018.05,68.70,61.93,0.4238,-1,-1,-1
393,24,1131.36,467.14,74.32,201.30,0.5165,-1,-1,-1
393,20,320.66,559.43,91.31,247.85,0.7958,-1,-1,-1
393,22,433.89,576.42,71.19,230.57,0.8171,-1,-1,-1
393,28,446.52,280.08,76.52,211.61,0.6620,-1,-1,-1
393,29,924.36,529.19,72.35,210.54,0.6582,-1,-1,-1
394,3,982.25,906.38,81.93,171.71,0.6815,-1,-1,-1
394,4,1719.78,456.31,73.51,210.60,0.5811,-1,-1,-1
394,21,582.79,1018.52,69.92,61.48,0.4425,-1,-1,-1
394,24,1135.98,467.47,73.91,201.69,0.5342,-1,-1,-1
394,20,320.05,560.77,91.54,247.96,0.7911,-1,-1,-1
394,22,432.66,579.20,71.20,230.43,0.8000,-1,-1,-1
394,28,447.44,277.75,76.52,212.06,0.6724,-1,-1,-1
394,29,925.32,525.16,73.12,213.05,0.6616,-1,-1,-1
395,3,982.82,906.69,82.00,171.36,0.6671,-1,-1,-1
395,4,1719.65,456.10,73.54,211.39,0.5830,-1,-1,-1
395,21,584.09,1019.94,70.09,60.07,0.4024,-1,-1,-1
395,24,1139.38,468.85,73.38,200.99,0.4431,-1,-1,-1
395,20,318.37,561.15,91.83,248.81,0.7875,-1,-1,-1
395,22,431.38,582.54,71.43,231.50,0.7920,-1,-1,-1
395,28,448.63,275.75,75.77,210.53,0.6572,-1,-1,-1
395,29,927.13,524.81,72.95,212.52,0.6760,-1,-1,-1
396,3,982.81,907.45,81.98,170.67,0.6858,-1,-1,-1
396,4,1720.12,457.24,72.88,209.75,0.6232,-1,-1,-1
396,24,1144.22,469.14,72.61,199.87,0.4849,-1,-1,-1
396,20,315.86,562.33,91.49,248.95,0.7875,-1,-1,-1
396,22,430.49,585.13,71.31,231.19,0.7760,-1,-1,-1
396,28,449.63,274.05,74.41,207.32,0.6752,-1,-1,-1
396,29,928.23,525.55,72.83,212.32,0.6931,-1,-1,-1
397,3,982.69,908.05,82.14,170.36,0.7022,-1,-1,-1
397,4,1720.31,457.63,72.76,209.38,0.6301,-1,-1,-1
397,24,1147.75,471.44,71.80,197.86,0.4756,-1,-1,-1
397,20,313.81,562.64,91.14,249.47,0.7930,-1,-1,-1
397,22,429.43,587.45,71.21,231.39,0.7713,-1,-1,-1
397,28,450.90,272.10,72.84,203.44,0.6855,-1,-1,-1
397,29,929.41,527.16,72.07,209.99,0.6868,-1,-1,-1
397,30,857.37,519.47,65.51,209.50,0.6179,-1,-1,-1
398,3,982.68,908.19,82.14,170.31,0.7214,-1,-1,-1
398,4,1720.33,458.47,72.50,208.53,0.5912,-1,-1,-1
398,24,1151.74,470.28,72.57,199.57,0.5295,-1,-1,-1
398,20,311.72,563.30,90.45,248.99,0.7893,-1,-1,-1
398,22,427.52,589.12,71.64,234.88,0.7511,-1,-1,-1
398,28,451.59,270.36,72.12,201.15,0.6636,-1,-1,-1
398,29,930.80,529.84,70.91,207.04,0.6510,-1,-1,-1
398,30,856.99,519.25,69.54,222.32,0.6068,-1,-1,-1
399,3,983.00,908.53,82.34,170.97,0.7311,-1,-1,-1
399,4,1720.48,458.59,72.38,208.25,0.5767,-1,-1,-1
399,24,1155.03,468.17,74.27,204.14,0.5756,-1,-1,-1
399,20,310.49,563.74,89.44,247.42,0.7838,-1,-1,-1
399,22,426.64,591.07,71.55,236.34,0.7535,-1,-1,-1
399,28,452.53,267.43,72.50,202.13,0.6445,-1,-1,-1
399,29,932.45,531.18,70.55,206.18,0.6660,-1,-1,-1
399,30,857.50,519.95,70.08,223.76,0.6084,-1,-1,-1
400,3,983.67,909.25,81.89,170.31,0.7246,-1,-1,-1
400,4,1720.41,457.98,72.38,208.33,0.5436,-1,-1,-1
400,24,1157.63,469.97,74.55,205.36,0.5751,-1,-1,-1
400,20,310.11,565.13,87.94,244.22,0.7863,-1,-1,-1
400,22,425.84,592.67,71.19,237.04,0.7664,-1,-1,-1
400,28,452.67,266.25,72.84,202.82,0.6444,-1,-1,-1
400,29,932.06,532.88,70.63,206.09,0.6484,-1,-1,-1
400,30,858.05,520.94,70.62,225.23,0.6055,-1,-1,-1
401,3,983.29,910.57,81.02,168.95,0.7077,-1,-1,-1
401,4,1720.19,456.83,72.63,209.83,0.5082,-1,-1,-1
401,24,1161.78,471.23,74.77,206.89,0.6032,-1,-1,-1
401,20,309.50,566.64,86.53,240.35,0.7850,-1,-1,-1
401,22,425.61,593.92,70.86,237.33,0.7536,-1,-1,-1
401,28,452.62,265.65,73.11,202.85,0.6432,-1,-1,-1
401,29,934.05,534.69,70.52,206.16,0.6574,-1,-1,-1
401,30,857.96,520.86,71.72,228.45,0.6110,-1,-1,-1
402,3,983.70,912.05,80.09,167.72,0.7041,-1,-1,-1
402,4,1720.32,455.93,72.85,210.91,0.5201,-1,-1,-1
402,24,1166.62,474.41,73.45,202.07,0.5433,-1,-1,-1
402,20,308.40,568.40,86.68,240.59,0.7815,-1,-1,-1
402,22,425.34,595.11,70.23,236.81,0.7496,-1,-1,-1
402,28,452.90,264.93,73.70,203.98,0.6368,-1,-1,-1
402,29,934.65,536.04,71.21,208.25,0.6376,-1,-1,-1
402,30,857.81,521.91,72.05,228.97,0.6058,-1,-1,-1
403,3,983.68,913.46,78.93,165.95,0.7161,-1,-1,-1
403,4,1721.10,458.47,72.11,208.83,0.5068,-1,-1,-1
403,24,1170.96,478.33,72.75,199.21,0.3751,-1,-1,-1
403,20,306.53,570.87,87.44,243.50,0.7803,-1,-1,-1
403,22,424.46,596.36,69.62,236.33,0.7420,-1,-1,-1
403,28,453.26,264.63,74.09,204.53,0.6439,-1,-1,-1
403,29,934.72,537.80,71.02,207.16,0.6351,-1,-1,-1
403,30,858.47,522.68,72.14,228.49,0.6415,-1,-1,-1
404,3,983.94,915.37,77.66,164.00,0.6959,-1,-1,-1
404,4,1721.08,459.67,71.59,207.50,0.4495,-1,-1,-1
404,24,1174.13,481.89,73.48,199.69,0.4733,-1,-1,-1
404,20,305.22,573.76,87.80,245.63,0.7799,-1,-1,-1
404,22,423.88,597.19,69.12,235.54,0.7299,-1,-1,-1
404,28,453.37,263.79,74.67,206.21,0.6609,-1,-1,-1
404,29,933.55,539.67,72.32,211.07,0.6119,-1,-1,-1
404,30,858.89,522.97,72.21,227.87,0.6506,-1,-1,-1
405,3,984.10,917.66,76.28,161.60,0.6974,-1,-1,-1
405,4,1721.81,457.52,72.13,208.74,0.4621,-1,-1,-1
405,24,1176.23,483.80,74.53,200.76,0.5425,-1,-1,-1
405,20,303.58,575.59,88.13,248.23,0.7703,-1,-1,-1
405,22,422.40,598.49,68.81,234.52,0.7476,-1,-1,-1
405,28,453.48,263.44,74.72,206.12,0.6715,-1,-1,-1
405,29,934.32,541.13,72.81,213.23,0.6423,-1,-1,-1
405,30,860.73,523.72,72.70,228.01,0.6712,-1,-1,-1
406,3,983.91,918.81,75.74,160.44,0.7103,-1,-1,-1
406,4,1722.46,457.17,72.43,209.11,0.4898,-1,-1,-1
406,24,1179.57,485.84,75.78,203.07,0.4504,-1,-1,-1
406,20,302.67,577.59,87.95,249.47,0.7537,-1,-1,-1
406,22,420.73,600.18,68.35,232.63,0.7347,-1,-1,-1
406,28,453.99,262.87,74.56,204.61,0.6597,-1,-1,-1
406,29,933.79,543.63,73.18,213.75,0.6615,-1,-1,-1
406,30,862.02,525.56,73.06,227.76,0.6863,-1,-1,-1
407,3,983.43,920.37,74.95,158.58,0.6981,-1,-1,-1
407,4,1722.95,458.48,72.19,207.60,0.4469,-1,-1,-1
407,24,1182.88,487.05,75.81,202.60,0.3584,-1,-1,-1
407,20,302.13,579.85,87.15,248.83,0.7589,-1,-1,-1
407,22,418.28,600.69,67.99,231.80,0.7571,-1,-1,-1
407,28,454.55,262.60,74.55,203.98,0.6780,-1,-1,-1
407,29,933.09,545.62,73.82,216.16,0.6853,-1,-1,-1
407,30,860.24,526.22,75.51,234.46,0.6437,-1,-1,-1
408,3,983.20,922.45,73.81,155.61,0.7116,-1,-1,-1
408,4,1721.55,456.29,73.18,210.83,0.4582,-1,-1,-1
408,24,1186.39,487.15,76.25,204.47,0.4291,-1,-1,-1
408,20,300.74,582.77,86.98,249.94,0.7557,-1,-1,-1
408,22,417.81,603.48,67.97,230.84,0.7636,-1,-1,-1
408,28,454.74,261.28,75.02,204.94,0.6792,-1,-1,-1
408,29,932.25,547.34,73.55,215.01,0.6936,-1,-1,-1
408,30,860.14,527.10,76.84,238.31,0.6623,-1,-1,-1
409,3,983.03,924.01,73.36,153.90,0.6881,-1,-1,-1
409,4,1720.99,453.95,73.67,212.84,0.5249,-1,-1,-1
409,24,1192.90,487.57,75.39,204.19,0.4698,-1,-1,-1
409,20,299.36,585.20,86.54,250.25,0.7667,-1,-1,-1
409,22,416.44,607.51,68.26,231.13,0.7629,-1,-1,-1
409,28,456.16,260.12,74.45,203.43,0.6621,-1,-1,-1
409,29,932.94,548.85,72.97,213.27,0.6870,-1,-1,-1
409,30,860.59,529.69,77.67,240.59,0.6322,-1,-1,-1
410,3,982.79,925.20,73.08,152.60,0.6906,-1,-1,-1
410,4,1720.68,450.90,74.46,216.17,0.5461,-1,-1,-1
410,24,1199.79,488.39,73.63,202.96,0.4730,-1,-1,-1
410,20,297.15,586.55,86.72,251.30,0.7945,-1,-1,-1
410,22,414.45,609.72,68.98,233.54,0.7295,-1,-1,-1
410,28,457.63,259.24,73.36,200.49,0.6667,-1,-1,-1
410,29,933.57,550.63,72.56,212.48,0.7032,-1,-1,-1
410,30,859.73,532.18,78.26,243.17,0.6341,-1,-1,-1
411,3,982.19,925.81,73.26,151.73,0.6895,-1,-1,-1
411,4,1720.45,449.37,74.98,218.62,0.5377,-1,-1,-1
411,24,1204.40,487.50,73.40,204.99,0.4238,-1,-1,-1
411,20,295.73,587.86,86.03,250.14,0.7970,-1,-1,-1
411,22,412.46,612.41,69.07,233.84,0.7072,-1,-1,-1
411,28,458.15,257.48,72.36,197.63,0.6786,-1,-1,-1
411,29,933.74,551.54,71.99,211.19,0.6876,-1,-1,-1
411,30,860.14,534.96,78.04,244.09,0.6578,-1,-1,-1
412,3,981.85,925.94,74.13,152.02,0.7054,-1,-1,-1
412,4,1720.54,448.38,74.99,219.57,0.5731,-1,-1,-1
412,24,1208.03,487.02,72.82,205.68,0.5110,-1,-1,-1
412,20,294.09,588.53,85.44,249.38,0.7994,-1,-1,-1
412,22,408.64,614.39,69.81,235.53,0.7283,-1,-1,-1
412,28,457.56,254.66,72.44,197.52,0.6563,-1,-1,-1
412,29,934.95,552.99,71.27,209.97,0.6720,-1,-1,-1
412,30,861.42,537.79,76.12,238.62,0.6554,-1,-1,-1
413,3,981.56,926.92,74.40,150.68,0.6954,-1,-1,-1
413,4,1721.40,450.20,74.22,217.94,0.5495,-1,-1,-1
413,24,1213.05,493.20,70.12,199.98,0.5866,-1,-1,-1
413,20,292.36,589.90,84.88,247.74,0.7894,-1,-1,-1
413,22,407.11,616.43,69.91,235.37,0.7389,-1,-1,-1
413,28,456.79,251.90,72.86,198.40,0.6538,-1,-1,-1
413,29,936.50,553.44,70.81,209.57,0.6480,-1,-1,-1
413,30,861.96,539.54,76.08,239.90,0.6424,-1,-1,-1
414,3,981.33,927.40,75.10,150.10,0.7040,-1,-1,-1
414,4,1721.79,455.91,72.37,212.45,0.4780,-1,-1,-1
414,24,1218.12,488.39,71.29,204.78,0.5254,-1,-1,-1
414,20,291.24,590.46,84.72,247.35,0.7820,-1,-1,-1
414,22,406.12,618.40,70.20,236.16,0.7248,-1,-1,-1
414,28,454.99,249.46,73.79,200.42,0.6629,-1,-1,-1
414,29,935.07,555.64,70.54,206.53,0.6700,-1,-1,-1
414,30,862.32,540.70,76.30,242.67,0.6481,-1,-1,-1
415,3,982.05,928.50,75.70,148.93,0.7249,-1,-1,-1
415,4,1721.91,452.91,73.19,215.09,0.4946,-1,-1,-1
415,24,1222.17,492.89,70.64,202.41,0.5825,-1,-1,-1
415,20,290.34,591.99,84.26,245.82,0.7816,-1,-1,-1
415,22,404.04,620.02,70.66,237.67,0.7211,-1,-1,-1
415,28,453.82,248.93,73.95,199.32,0.6195,-1,-1,-1
415,29,935.74,557.15,70.95,205.65,0.6420,-1,-1,-1
415,30,863.01,542.19,76.08,244.02,0.6306,-1,-1,-1
416,3,981.71,928.94,76.69,148.50,0.7303,-1,-1,-1
416,4,1721.83,452.44,73.33,215.19,0.4781,-1,-1,-1
416,24,1228.03,489.89,72.68,206.59,0.4214,-1,-1,-1
416,20,290.32,593.12,83.47,243.35,0.7907,-1,-1,-1
416,22,402.22,621.32,70.96,238.13,0.7395,-1,-1,-1
416,28,452.36,248.67,74.47,198.93,0.6009,-1,-1,-1
416,29,936.19,558.68,71.65,206.29,0.6430,-1,-1,-1
416,30,863.54,543.23,75.32,243.52,0.6034,-1,-1,-1
417,3,981.68,929.91,77.33,147.40,0.7107,-1,-1,-1
417,4,1721.36,454.32,72.75,213.57,0.4830,-1,-1,-1
417,24,1233.66,490.86,74.30,207.91,0.5257,-1,-1,-1
417,20,290.20,595.53,82.97,241.03,0.7693,-1,-1,-1
417,22,400.32,623.58,70.58,235.57,0.7413,-1,-1,-1
417,28,450.80,249.41,74.92,197.95,0.5980,-1,-1,-1
417,29,937.00,560.80,71.65,204.51,0.6163,-1,-1,-1
417,30,864.93,544.39,71.57,232.50,0.5605,-1,-1,-1
418,3,981.21,930.57,78.45,147.03,0.7074,-1,-1,-1
418,4,1720.80,453.86,73.09,214.45,0.4690,-1,-1,-1
418,24,1236.93,491.00,76.95,210.77,0.5416,-1,-1,-1
418,20,289.47,597.24,83.36,241.49,0.7827,-1,-1,-1
418,22,397.53,624.02,70.91,235.61,0.7810,-1,-1,-1
418,28,449.45,249.30,75.88,198.38,0.5497,-1,-1,-1
418,29,938.13,562.34,72.17,204.99,0.6010,-1,-1,-1
418,30,866.88,545.81,68.25,221.30,0.5149,-1,-1,-1
419,3,980.79,931.30,79.49,146.26,0.7164,-1,-1,-1
419,4,1720.25,449.63,74.30,218.49,0.5305,-1,-1,-1
419,24,1238.18,492.78,78.68,211.47,0.4787,-1,-1,-1
419,20,288.53,599.23,84.50,244.34,0.7873,-1,-1,-1
419,22,395.14,624.00,71.29,236.15,0.7939,-1,-1,-1
419,28,449.04,249.08,76.77,198.96,0.5466,-1,-1,-1
419,29,940.39,563.98,73.77,211.19,0.5486,-1,-1,-1
419,30,868.28,546.67,66.76,215.72,0.5412,-1,-1,-1
420,3,980.82,931.45,81.00,146.39,0.7010,-1,-1,-1
420,4,1721.53,449.56,73.75,216.87,0.4990,-1,-1,-1
420,24,1237.41,491.67,81.15,215.79,0.4168,-1,-1,-1
420,20,287.51,601.02,85.72,247.84,0.7782,-1,-1,-1
420,22,393.67,624.75,71.55,235.83,0.7863,-1,-1,-1
420,28,449.44,248.79,77.14,198.63,0.5255,-1,-1,-1
420,29,942.29,567.09,73.43,211.10,0.5340,-1,-1,-1
420,30,868.77,546.01,67.45,217.30,0.5591,-1,-1,-1
421,3,980.27,932.04,82.03,146.07,0.7085,-1,-1,-1
421,4,1722.43,454.22,72.99,214.02,0.4893,-1,-1,-1
421,24,1239.75,497.17,81.24,212.45,0.3862,-1,-1,-1
421,20,286.30,602.76,87.29,252.24,0.7641,-1,-1,-1
421,22,392.26,625.23,71.81,235.58,0.7875,-1,-1,-1
421,28,448.46,247.12,78.04,199.35,0.5855,-1,-1,-1
421,29,943.93,570.80,73.49,212.15,0.4534,-1,-1,-1
421,30,868.97,546.86,68.24,218.80,0.5200,-1,-1,-1
422,3,979.94,931.72,83.23,146.42,0.7210,-1,-1,-1
422,4,1722.13,458.19,71.42,208.55,0.5261,-1,-1,-1
422,24,1243.98,500.96,80.70,208.73,0.3871,-1,-1,-1
422,20,285.74,604.61,89.13,256.64,0.7470,-1,-1,-1
422,22,391.94,627.06,71.61,233.41,0.7814,-1,-1,-1
422,28,447.91,245.30,78.69,200.90,0.6082,-1,-1,-1
422,29,945.46,574.29,72.27,210.01,0.5531,-1,-1,-1
422,30,869.49,548.78,69.88,223.68,0.4379,-1,-1,-1
423,3,980.21,931.31,84.22,146.57,0.6958,-1,-1,-1
423,4,1722.10,458.81,71.37,207.70,0.5458,-1,-1,-1
423,20,285.92,607.09,89.83,257.70,0.7405,-1,-1,-1
423,22,390.90,629.49,71.97,233.14,0.7808,-1,-1,-1
423,28,447.47,243.25,78.80,201.41,0.5941,-1,-1,-1
423,29,946.18,576.35,71.79,209.46,0.5579,-1,-1,-1
423,30,875.27,549.55,56.70,172.00,0.3624,-1,-1,-1
424,3,980.31,931.74,84.69,146.06,0.7093,-1,-1,-1
424,4,1722.14,460.74,71.13,206.17,0.5562,-1,-1,-1
424,20,285.32,609.39,89.92,257.40,0.7514,-1,-1,-1
424,22,389.56,631.78,73.57,235.40,0.7808,-1,-1,-1
424,28,446.84,242.55,78.67,201.69,0.5972,-1,-1,-1
424,29,947.28,578.04,71.65,209.22,0.5913,-1,-1,-1
424,30,870.22,550.98,68.57,208.11,0.3868,-1,-1,-1
424,31,738.29,560.16,68.08,230.90,0.6618,-1,-1,-1
425,3,981.15,931.86,85.37,146.13,0.6975,-1,-1,-1
425,4,1721.73,460.46,71.66,207.00,0.5447,-1,-1,-1
425,20,284.87,611.35,90.67,258.70,0.7281,-1,-1,-1
425,22,388.00,633.50,74.92,237.39,0.7597,-1,-1,-1
425,28,446.36,239.92,78.60,202.25,0.6361,-1,-1,-1
425,29,948.66,577.15,71.75,208.36,0.5781,-1,-1,-1
425,30,875.44,552.00,58.26,168.61,0.3482,-1,-1,-1
425,31,741.24,559.41,69.75,236.08,0.6251,-1,-1,-1
426,3,982.15,931.91,86.15,146.51,0.7120,-1,-1,-1
426,4,1722.31,460.18,72.14,207.33,0.5635,-1,-1,-1
426,20,284.30,613.58,90.89,259.01,0.7227,-1,-1,-1
426,22,386.69,635.38,75.85,238.60,0.7307,-1,-1,-1
426,28,446.36,237.92,77.30,199.46,0.6273,-1,-1,-1
426,29,949.62,577.54,72.06,208.12,0.6223,-1,-1,-1
426,30,870.59,555.16,70.90,205.54,0.4857,-1,-1,-1
426,31,743.85,559.81,70.88,239.16,0.6269,-1,-1,-1
427,3,982.87,931.06,87.20,147.67,0.7067,-1,-1,-1
427,4,1721.36,461.71,72.04,206.05,0.5424,-1,-1,-1
427,20,283.35,615.10,91.47,259.82,0.7049,-1,-1,-1
427,22,387.03,637.75,77.54,240.37,0.6814,-1,-1,-1
427,28,446.95,236.94,75.93,196.17,0.6148,-1,-1,-1
427,29,950.91,578.30,72.67,208.90,0.6070,-1,-1,-1
427,30,869.47,557.16,74.66,217.09,0.5286,-1,-1,-1
427,31,745.45,560.17,72.15,242.66,0.5611,-1,-1,-1
428,3,983.71,930.37,88.00,148.42,0.7258,-1,-1,-1
428,4,1720.18,462.50,72.26,205.01,0.5272,-1,-1,-1
428,20,282.72,617.66,91.64,259.35,0.7028,-1,-1,-1
428,22,382.77,641.28,76.64,238.35,0.7222,-1,-1,-1
428,28,447.29,235.02,74.97,193.88,0.6391,-1,-1,-1
428,29,952.54,578.76,73.26,210.15,0.6468,-1,-1,-1
428,30,869.64,560.01,77.66,226.60,0.6007,-1,-1,-1
428,31,748.87,561.31,72.97,243.81,0.6019,-1,-1,-1
429,3,984.56,930.38,88.24,148.38,0.7322,-1,-1,-1
429,4,1720.79,461.49,73.31,206.88,0.5470,-1,-1,-1
429,20,281.95,618.41,91.33,257.27,0.7233,-1,-1,-1
429,22,380.49,644.17,76.24,238.13,0.7132,-1,-1,-1
429,28,447.12,234.12,74.56,192.54,0.5974,-1,-1,-1
429,29,954.55,579.61,73.12,209.96,0.6488,-1,-1,-1
429,30,870.72,562.85,77.41,226.09,0.6410,-1,-1,-1
429,31,752.31,562.22,74.63,247.43,0.6671,-1,-1,-1
430,3,986.58,929.77,88.39,148.90,0.7070,-1,-1,-1
430,4,1722.00,463.97,72.63,203.75,0.5222,-1,-1,-1
430,20,280.56,620.23,91.17,256.18,0.7242,-1,-1,-1
430,22,377.76,646.71,76.65,240.92,0.7087,-1,-1,-1
430,28,446.55,232.34,74.88,193.13,0.5610,-1,-1,-1
430,29,956.80,580.91,72.67,208.17,0.6310,-1,-1,-1
430,30,871.52,564.51,77.38,226.44,0.5902,-1,-1,-1
430,31,755.53,563.20,75.11,246.43,0.6755,-1,-1,-1
431,3,987.82,929.03,88.50,149.58,0.6962,-1,-1,-1
431,4,1721.87,462.50,73.47,206.74,0.5384,-1,-1,-1
431,20,280.38,621.58,90.77,254.63,0.7542,-1,-1,-1
431,22,375.95,648.77,76.22,240.48,0.7412,-1,-1,-1
431,28,445.57,230.59,75.21,193.98,0.5680,-1,-1,-1
431,29,958.91,582.00,72.21,207.08,0.6157,-1,-1,-1
431,30,872.28,566.55,77.43,226.42,0.6155,-1,-1,-1
431,31,757.86,563.51,75.70,245.80,0.6968,-1,-1,-1
432,3,988.97,927.70,88.70,150.89,0.7002,-1,-1,-1
432,4,1721.55,462.40,73.20,206.18,0.5636,-1,-1,-1
432,20,279.90,623.17,90.09,252.01,0.7414,-1,-1,-1
432,22,375.67,650.30,75.75,239.45,0.7334,-1,-1,-1
432,28,444.72,228.56,75.88,195.80,0.5819,-1,-1,-1
432,29,960.16,583.12,72.27,207.17,0.6274,-1,-1,-1
432,30,872.85,569.06,76.98,225.70,0.6105,-1,-1,-1
432,31,759.20,564.25,76.73,246.68,0.7274,-1,-1,-1
433,3,990.54,927.72,88.09,150.65,0.6875,-1,-1,-1
433,4,1722.70,463.13,72.97,204.91,0.5227,-1,-1,-1
433,20,279.21,623.22,89.36,249.92,0.7520,-1,-1,-1
433,22,374.93,651.98,75.34,238.52,0.7008,-1,-1,-1
433,28,444.34,227.29,76.30,196.93,0.6027,-1,-1,-1
433,29,961.77,583.94,72.79,209.40,0.5926,-1,-1,-1
433,30,874.87,570.50,76.04,223.11,0.6065,-1,-1,-1
433,31,759.85,564.81,78.06,248.94,0.7079,-1,-1,-1
434,3,992.65,927.87,87.42,150.23,0.7308,-1,-1,-1
434,4,1723.72,464.34,72.38,203.24,0.4749,-1,-1,-1
434,20,278.81,624.08,88.94,248.66,0.7393,-1,-1,-1
434,22,373.81,653.01,75.27,237.69,0.7259,-1,-1,-1
434,28,444.40,226.43,76.54,197.92,0.5977,-1,-1,-1
434,29,962.73,585.90,73.23,211.02,0.6025,-1,-1,-1
434,30,877.42,571.53,75.73,222.76,0.6033,-1,-1,-1
434,31,760.41,566.11,78.77,249.57,0.7276,-1,-1,-1
435,3,994.49,926.87,87.42,151.14,0.7072,-1,-1,-1
435,4,1723.97,464.82,72.48,203.51,0.4895,-1,-1,-1
435,20,278.17,624.88,88.88,248.46,0.7551,-1,-1,-1
435,22,371.74,653.38,75.71,238.51,0.7217,-1,-1,-1
435,28,444.18,225.63,76.75,198.85,0.5998,-1,-1,-1
435,29,963.33,587.19,74.36,215.82,0.6062,-1,-1,-1
435,30,879.25,572.45,75.21,220.79,0.6096,-1,-1,-1
435,31,760.86,566.48,79.18,250.11,0.7064,-1,-1,-1
436,3,996.70,926.47,87.14,151.27,0.6918,-1,-1,-1
436,4,1724.55,465.97,71.89,201.82,0.4643,-1,-1,-1
436,20,276.76,625.73,89.68,250.92,0.7627,-1,-1,-1
436,22,369.58,654.10,75.61,237.82,0.7305,-1,-1,-1
436,28,443.95,224.95,76.97,199.91,0.6232,-1,-1,-1
436,29,964.53,588.06,75.64,221.62,0.6187,-1,-1,-1
436,30,881.09,573.66,72.93,213.02,0.6295,-1,-1,-1
436,31,761.08,566.75,79.53,250.93,0.6867,-1,-1,-1
437,3,998.63,925.35,87.41,152.41,0.7146,-1,-1,-1
437,4,1724.52,465.96,71.71,200.75,0.5036,-1,-1,-1
437,20,274.93,627.51,91.02,255.21,0.7763,-1,-1,-1
437,22,368.52,655.11,75.31,236.46,0.7367,-1,-1,-1
437,28,444.44,223.78,76.61,199.91,0.6121,-1,-1,-1
437,29,964.82,589.74,75.64,223.69,0.6094,-1,-1,-1
437,30,881.53,574.52,73.97,215.99,0.6402,-1,-1,-1
437,31,761.53,566.92,79.80,251.53,0.6855,-1,-1,-1
438,3,1001.51,925.49,87.02,152.40,0.7073,-1,-1,-1
438,4,1723.03,464.53,72.46,203.39,0.5341,-1,-1,-1
438,20,272.73,630.07,92.19,259.45,0.7686,-1,-1,-1
438,22,367.12,656.45,75.10,236.09,0.7399,-1,-1,-1
438,28,445.17,224.16,75.86,198.74,0.6165,-1,-1,-1
438,29,965.36,591.69,75.82,225.38,0.5798,-1,-1,-1
438,30,881.22,575.24,75.92,222.08,0.6689,-1,-1,-1
438,31,762.35,567.37,79.84,252.12,0.6778,-1,-1,-1
439,3,1004.13,925.51,86.92,152.68,0.6935,-1,-1,-1
439,4,1722.25,462.48,72.75,204.74,0.5582,-1,-1,-1
439,20,271.76,631.56,92.26,261.87,0.7550,-1,-1,-1
439,22,365.71,657.25,75.17,236.16,0.7629,-1,-1,-1
439,28,445.90,223.93,75.74,199.55,0.6157,-1,-1,-1
439,29,965.72,594.66,75.51,225.34,0.5633,-1,-1,-1
439,30,882.01,576.05,76.96,225.32,0.6671,-1,-1,-1
439,31,763.69,568.51,79.40,251.35,0.6470,-1,-1,-1
440,3,1006.36,925.36,86.90,152.88,0.6972,-1,-1,-1
440,4,1722.40,461.47,72.70,205.24,0.6071,-1,-1,-1
440,20,270.56,633.73,92.11,262.17,0.7626,-1,-1,-1
440,22,365.03,657.48,76.00,240.23,0.7498,-1,-1,-1
440,28,446.03,223.06,75.43,199.38,0.6124,-1,-1,-1
440,29,966.48,596.67,75.30,224.86,0.5853,-1,-1,-1
440,30,883.05,576.75,77.11,225.70,0.6684,-1,-1,-1
440,31,765.53,568.90,78.85,250.57,0.6693,-1,-1,-1
441,3,1008.44,924.52,87.32,154.10,0.7325,-1,-1,-1
441,4,1722.37,460.16,72.82,206.29,0.5941,-1,-1,-1
441,20,269.59,636.23,91.41,260.24,0.7676,-1,-1,-1
441,22,363.46,659.36,76.91,244.78,0.7757,-1,-1,-1
441,28,445.79,220.82,75.31,199.89,0.6134,-1,-1,-1
441,29,966.35,598.89,74.86,222.67,0.5202,-1,-1,-1
441,30,885.24,577.17,74.96,219.90,0.6603,-1,-1,-1
441,31,767.21,569.88,78.08,250.80,0.6537,-1,-1,-1
442,3,1010.58,924.31,87.20,154.18,0.7427,-1,-1,-1
442,4,1722.71,459.50,72.80,207.45,0.5854,-1,-1,-1
442,20,266.91,638.59,91.45,260.57,0.7724,-1,-1,-1
442,22,361.81,662.14,76.84,245.32,0.7717,-1,-1,-1
442,28,446.06,218.88,74.34,197.82,0.5449,-1,-1,-1
442,29,967.13,599.90,74.61,221.54,0.5358,-1,-1,-1
442,30,886.55,578.05,74.31,218.01,0.6405,-1,-1,-1
442,31,769.53,570.67,77.26,251.32,0.6382,-1,-1,-1
443,3,1012.42,924.34,87.31,154.54,0.7337,-1,-1,-1
443,4,1723.06,459.42,72.46,207.57,0.5816,-1,-1,-1
443,20,263.44,640.78,91.57,260.82,0.7559,-1,-1,-1
443,22,359.52,665.14,76.89,245.60,0.7663,-1,-1,-1
443,28,447.01,217.42,73.19,194.95,0.5325,-1,-1,-1
443,29,967.36,601.49,74.43,221.03,0.4738,-1,-1,-1
443,30,885.12,580.16,77.15,226.53,0.6011,-1,-1,-1
443,31,772.19,570.86,76.21,250.38,0.6221,-1,-1,-1
444,3,1014.45,924.75,87.04,154.43,0.7497,-1,-1,-1
444,4,1723.44,459.00,72.30,208.20,0.5788,-1,-1,-1
444,20,260.83,643.28,91.20,258.90,0.7690,-1,-1,-1
444,22,358.01,667.97,77.09,246.71,0.7725,-1,-1,-1
444,28,446.90,215.64,72.26,191.95,0.5111,-1,-1,-1
444,29,967.62,602.79,74.34,220.17,0.4638,-1,-1,-1
444,30,884.95,582.59,77.84,229.52,0.6191,-1,-1,-1
444,31,774.58,571.00,75.87,252.11,0.6432,-1,-1,-1
445,3,1015.38,923.94,87.37,155.48,0.7426,-1,-1,-1
445,4,1723.20,458.29,72.05,208.30,0.5721,-1,-1,-1
445,20,258.18,644.20,91.08,257.65,0.7529,-1,-1,-1
445,22,357.52,671.71,76.16,244.09,0.7518,-1,-1,-1
445,28,445.99,214.07,72.12,191.13,0.5377,-1,-1,-1
445,29,967.62,602.88,74.88,221.16,0.5778,-1,-1,-1
445,30,884.68,584.44,77.73,229.66,0.6495,-1,-1,-1
445,31,777.11,571.49,75.37,251.97,0.6488,-1,-1,-1
446,3,1017.34,923.58,86.80,155.17,0.7476,-1,-1,-1
446,4,1723.19,457.81,71.92,208.98,0.5625,-1,-1,-1
446,20,255.66,645.56,91.16,256.34,0.7522,-1,-1,-1
446,22,355.85,674.47,76.22,244.96,0.7413,-1,-1,-1
446,28,445.04,212.33,72.47,191.84,0.5334,-1,-1,-1
446,29,966.94,603.64,74.74,219.48,0.5974,-1,-1,-1
446,30,883.77,586.26,79.21,234.78,0.6286,-1,-1,-1
446,31,780.45,572.10,74.67,250.39,0.6330,-1,-1,-1
447,3,1018.06,922.20,87.32,157.07,0.7501,-1,-1,-1
447,4,1722.00,458.06,72.05,209.46,0.5636,-1,-1,-1
447,20,254.50,647.26,91.34,255.10,0.7632,-1,-1,-1
447,22,354.52,676.55,76.02,244.68,0.7557,-1,-1,-1
447,28,444.33,210.89,72.99,193.32,0.5186,-1,-1,-1
447,29,969.06,607.11,72.89,212.63,0.5581,-1,-1,-1
447,30,883.52,588.63,79.33,235.87,0.6176,-1,-1,-1
447,31,783.57,572.42,74.20,249.21,0.6364,-1,-1,-1
448,3,1019.35,921.42,86.98,157.70,0.7502,-1,-1,-1
448,4,1720.97,457.96,72.28,209.74,0.5695,-1,-1,-1
448,20,253.15,648.03,91.45,253.93,0.7706,-1,-1,-1
448,22,353.12,678.48,75.57,243.74,0.7585,-1,-1,-1
448,28,443.16,210.09,73.05,193.41,0.5446,-1,-1,-1
448,29,969.32,608.27,73.05,212.09,0.6531,-1,-1,-1
448,30,882.34,590.66,80.99,241.24,0.6489,-1,-1,-1
448,31,786.62,572.26,74.31,248.77,0.6536,-1,-1,-1
449,3,1020.61,921.77,86.22,157.34,0.7503,-1,-1,-1
449,4,1722.96,457.34,72.49,209.77,0.5459,-1,-1,-1
449,20,252.81,648.44,91.52,253.04,0.7614,-1,-1,-1
449,22,350.93,679.35,75.46,243.11,0.7629,-1,-1,-1
449,28,442.68,209.61,72.96,193.31,0.5240,-1,-1,-1
449,29,969.27,609.94,73.32,211.05,0.6526,-1,-1,-1
449,30,881.82,593.19,82.17,245.01,0.6599,-1,-1,-1
449,31,788.38,572.83,74.37,247.97,0.6551,-1,-1,-1
450,3,1021.53,920.79,85.84,157.93,0.7473,-1,-1,-1
450,4,1723.42,457.29,72.62,209.89,0.5642,-1,-1,-1
450,20,251.81,649.99,91.05,250.07,0.7589,-1,-1,-1
450,22,349.11,679.44,75.72,243.11,0.7609,-1,-1,-1
450,28,442.10,209.13,73.09,194.11,0.5358,-1,-1,-1
450,29,970.17,611.31,73.64,211.28,0.6552,-1,-1,-1
450,30,881.88,594.39,82.57,246.03,0.6518,-1,-1,-1
450,31,789.61,573.58,74.43,246.92,0.6372,-1,-1,-1
451,3,1022.79,921.60,85.08,157.89,0.7439,-1,-1,-1
451,4,1721.12,457.87,72.58,209.08,0.5199,-1,-1,-1
451,20,251.10,651.83,90.26,247.22,0.7250,-1,-1,-1
451,22,347.00,680.49,76.05,243.74,0.7554,-1,-1,-1
451,28,441.05,208.91,73.09,193.96,0.5076,-1,-1,-1
451,29,971.22,612.45,74.94,215.23,0.6075,-1,-1,-1
451,30,881.88,596.96,82.14,244.55,0.6080,-1,-1,-1
451,31,790.74,575.06,73.97,244.75,0.6333,-1,-1,-1
452,3,1023.83,921.83,84.40,158.02,0.7638,-1,-1,-1
452,4,1720.20,458.28,72.72,208.77,0.5371,-1,-1,-1
452,20,249.89,653.47,91.02,249.34,0.7525,-1,-1,-1
452,22,345.05,680.83,76.05,242.33,0.7864,-1,-1,-1
452,28,440.44,208.13,73.51,194.92,0.4617,-1,-1,-1
452,29,972.25,614.00,76.26,219.12,0.6030,-1,-1,-1
452,30,883.28,598.25,81.94,244.69,0.6392,-1,-1,-1
452,31,792.58,575.56,74.14,245.01,0.6450,-1,-1,-1
453,3,1024.52,921.53,83.90,158.46,0.7543,-1,-1,-1
453,4,1719.59,458.72,72.94,208.52,0.5330,-1,-1,-1
453,20,248.61,655.92,91.74,251.83,0.7495,-1,-1,-1
453,22,343.51,681.02,76.29,241.63,0.7834,-1,-1,-1
453,28,439.98,208.08,73.55,195.53,0.4324,-1,-1,-1
453,29,972.85,616.65,76.78,220.59,0.6078,-1,-1,-1
453,30,885.97,599.79,80.81,242.81,0.6336,-1,-1,-1
453,31,795.17,576.99,74.28,244.91,0.6387,-1,-1,-1
454,3,1024.66,921.10,83.54,158.94,0.7552,-1,-1,-1
454,4,1718.42,458.01,73.39,208.55,0.5616,-1,-1,-1
454,20,247.33,657.37,92.65,254.72,0.7521,-1,-1,-1
454,22,342.54,681.73,76.72,240.91,0.7978,-1,-1,-1
454,28,441.13,207.76,73.29,196.68,0.4458,-1,-1,-1
454,29,975.09,618.71,76.36,220.38,0.6455,-1,-1,-1
454,30,885.19,600.76,80.66,241.56,0.6417,-1,-1,-1
454,31,796.49,578.01,73.99,244.08,0.6215,-1,-1,-1
455,3,1025.71,921.66,82.70,158.39,0.7529,-1,-1,-1
455,4,1717.53,457.82,74.21,209.61,0.5581,-1,-1,-1
455,20,246.32,658.48,93.79,258.03,0.7569,-1,-1,-1
455,22,340.98,683.05,77.33,242.06,0.7862,-1,-1,-1
455,28,440.58,204.95,73.43,197.65,0.4556,-1,-1,-1
455,29,977.20,621.52,75.50,217.40,0.6435,-1,-1,-1
455,30,886.33,601.59,79.52,237.60,0.6320,-1,-1,-1
455,31,797.97,579.40,73.80,242.88,0.6459,-1,-1,-1
456,3,1026.58,921.79,82.20,158.26,0.7448,-1,-1,-1
456,4,1717.41,457.90,74.55,209.74,0.5721,-1,-1,-1
456,20,245.05,660.43,94.64,260.86,0.7581,-1,-1,-1
456,22,338.63,684.43,78.61,245.57,0.7767,-1,-1,-1
456,28,440.73,203.84,73.01,198.15,0.5163,-1,-1,-1
456,29,978.73,623.64,76.16,219.34,0.6811,-1,-1,-1
456,30,887.09,602.12,79.69,236.59,0.6556,-1,-1,-1
456,31,799.07,580.88,73.49,241.55,0.6527,-1,-1,-1
457,3,1026.99,921.99,81.74,158.06,0.7306,-1,-1,-1
457,4,1717.02,458.01,74.85,209.41,0.6010,-1,-1,-1
457,20,244.02,662.53,94.99,261.86,0.7619,-1,-1,-1
457,22,336.18,687.56,79.38,248.17,0.7935,-1,-1,-1
457,28,441.30,201.80,72.39,198.34,0.5362,-1,-1,-1
457,29,979.50,625.05,76.63,221.26,0.6708,-1,-1,-1
457,30,888.15,602.85,80.27,237.25,0.6549,-1,-1,-1
457,31,799.93,581.53,73.28,241.40,0.6690,-1,-1,-1
458,3,1027.40,921.69,81.69,158.35,0.7396,-1,-1,-1
458,4,1716.70,458.10,75.44,210.00,0.5700,-1,-1,-1
458,20,243.34,665.23,95.29,262.27,0.7638,-1,-1,-1
458,22,334.91,690.93,79.29,247.98,0.7933,-1,-1,-1
458,28,442.47,199.97,70.89,196.08,0.5317,-1,-1,-1
458,29,980.60,625.80,77.03,222.14,0.6740,-1,-1,-1
458,30,891.64,603.98,80.41,238.57,0.6841,-1,-1,-1
458,31,802.24,583.25,73.23,240.76,0.6576,-1,-1,-1
459,3,1027.43,921.33,81.71,158.62,0.7310,-1,-1,-1
459,4,1717.52,458.28,75.40,209.62,0.5413,-1,-1,-1
459,20,242.32,667.69,96.14,264.69,0.7719,-1,-1,-1
459,22,333.65,694.65,78.73,246.73,0.8080,-1,-1,-1
459,28,443.16,197.39,69.69,194.12,0.4999,-1,-1,-1
459,29,981.94,627.60,77.19,221.80,0.6877,-1,-1,-1
459,30,894.11,605.52,80.05,238.42,0.6813,-1,-1,-1
459,31,804.81,584.03,73.46,240.56,0.6422,-1,-1,-1
460,3,1027.65,921.35,81.64,158.64,0.7354,-1,-1,-1
460,4,1717.63,457.30,75.88,211.01,0.5457,-1,-1,-1
460,20,241.71,668.64,96.87,266.92,0.7748,-1,-1,-1
460,22,333.74,698.17,77.78,243.74,0.8116,-1,-1,-1
460,28,443.75,195.54,68.49,191.27,0.5144,-1,-1,-1
460,29,983.07,628.56,77.12,221.15,0.6722,-1,-1,-1
460,30,896.27,607.01,80.31,239.92,0.7076,-1,-1,-1
460,31,807.50,584.21,73.96,240.66,0.6625,-1,-1,-1
461,3,1027.87,921.63,81.52,158.38,0.7365,-1,-1,-1
461,4,1718.68,457.52,75.52,210.39,0.5476,-1,-1,-1
461,20,241.89,670.14,96.96,266.69,0.7844,-1,-1,-1
461,22,333.60,701.66,77.94,244.57,0.8070,-1,-1,-1
461,28,443.81,193.58,67.94,190.30,0.5138,-1,-1,-1
461,29,983.90,629.58,77.25,221.06,0.6586,-1,-1,-1
461,30,897.83,609.44,80.27,240.20,0.7093,-1,-1,-1
461,31,809.96,583.61,74.41,240.44,0.6707,-1,-1,-1
462,3,1027.67,921.60,81.46,158.37,0.7498,-1,-1,-1
462,4,1719.12,455.83,76.14,212.84,0.5332,-1,-1,-1
462,20,241.31,671.72,96.21,265.28,0.7662,-1,-1,-1
462,22,332.52,703.77,78.78,247.15,0.8079,-1,-1,-1
462,28,443.52,192.63,67.59,189.53,0.5091,-1,-1,-1
462,29,985.21,630.86,77.07,219.69,0.6686,-1,-1,-1
462,30,899.00,611.33,80.06,239.77,0.7144,-1,-1,-1
462,31,812.25,583.63,75.47,241.75,0.6680,-1,-1,-1
463,3,1027.44,921.38,81.54,158.62,0.7400,-1,-1,-1
463,4,1719.30,456.42,75.67,211.81,0.5607,-1,-1,-1
463,20,240.83,673.54,95.80,264.99,0.7677,-1,-1,-1
463,22,331.76,704.66,79.33,248.98,0.8071,-1,-1,-1
463,28,443.99,193.34,67.27,188.43,0.4822,-1,-1,-1
463,29,987.31,631.48,76.21,216.56,0.6904,-1,-1,-1
463,30,900.80,613.49,79.12,236.93,0.7067,-1,-1,-1
463,31,814.56,583.65,76.62,242.67,0.6871,-1,-1,-1
464,3,1027.07,921.09,81.68,158.93,0.7489,-1,-1,-1
464,4,1718.97,455.85,75.75,212.25,0.5242,-1,-1,-1
464,20,240.89,675.37,95.74,264.61,0.7494,-1,-1,-1
464,22,332.10,705.91,79.37,250.34,0.8035,-1,-1,-1
464,28,444.78,191.75,68.06,189.94,0.4858,-1,-1,-1
464,29,987.22,632.34,76.50,216.96,0.6616,-1,-1,-1
464,30,902.38,615.85,78.34,234.73,0.6802,-1,-1,-1
464,31,816.73,584.47,78.17,244.08,0.6955,-1,-1,-1
465,3,1026.67,921.72,81.37,158.29,0.7429,-1,-1,-1
465,4,1719.40,456.02,75.59,212.34,0.5301,-1,-1,-1
465,20,240.62,677.44,94.89,261.80,0.7564,-1,-1,-1
465,22,331.96,706.98,78.80,250.66,0.7918,-1,-1,-1
465,28,444.67,191.18,68.82,190.98,0.5128,-1,-1,-1
465,29,988.55,634.66,76.16,215.79,0.6505,-1,-1,-1
465,30,904.03,618.07,77.59,232.00,0.6821,-1,-1,-1
465,31,818.22,585.27,79.28,243.62,0.6829,-1,-1,-1
466,3,1026.62,922.17,81.18,157.84,0.7224,-1,-1,-1
466,4,1719.96,455.95,75.03,211.67,0.5422,-1,-1,-1
466,20,238.60,679.44,92.99,257.88,0.7708,-1,-1,-1
466,22,331.72,707.30,78.05,249.96,0.7793,-1,-1,-1
466,28,444.93,190.80,69.02,190.59,0.5269,-1,-1,-1
466,29,989.44,637.00,76.69,217.71,0.6281,-1,-1,-1
466,30,904.93,620.45,77.75,232.02,0.6907,-1,-1,-1
466,31,818.63,584.90,80.58,243.37,0.7228,-1,-1,-1
467,3,1026.80,922.26,80.68,156.50,0.7228,-1,-1,-1
467,4,1719.87,454.74,75.41,213.57,0.5504,-1,-1,-1
467,20,237.88,680.85,91.04,252.83,0.7722,-1,-1,-1
467,22,331.65,707.46,77.41,249.86,0.7877,-1,-1,-1
467,28,445.99,190.83,69.17,189.97,0.5819,-1,-1,-1
467,29,990.29,637.96,77.11,219.38,0.5957,-1,-1,-1
467,30,905.04,621.65,78.87,235.46,0.7204,-1,-1,-1
467,31,817.71,584.77,82.35,244.64,0.7365,-1,-1,-1
468,3,1027.10,922.50,80.40,155.78,0.7187,-1,-1,-1
468,4,1719.96,455.53,74.78,212.32,0.5397,-1,-1,-1
468,20,236.46,681.64,90.62,251.95,0.7835,-1,-1,-1
468,22,331.71,708.63,76.18,247.28,0.7651,-1,-1,-1
468,28,447.59,190.66,69.00,189.27,0.5440,-1,-1,-1
468,29,990.82,640.36,76.94,219.00,0.5687,-1,-1,-1
468,30,906.54,622.68,78.34,233.63,0.6928,-1,-1,-1
468,31,817.28,584.84,84.37,246.46,0.7377,-1,-1,-1
469,3,1027.21,922.75,80.16,155.54,0.7272,-1,-1,-1
469,4,1720.12,454.49,74.64,212.61,0.5332,-1,-1,-1
469,20,234.89,683.51,90.84,252.19,0.7806,-1,-1,-1
469,22,331.43,710.53,75.84,247.05,0.7775,-1,-1,-1
469,28,448.84,189.50,68.85,188.83,0.5631,-1,-1,-1
469,29,991.28,642.61,75.33,212.87,0.5474,-1,-1,-1
469,30,908.23,623.63,77.65,231.26,0.6868,-1,-1,-1
469,31,816.75,584.95,86.53,248.71,0.7287,-1,-1,-1
470,3,1026.42,922.46,80.40,156.04,0.7225,-1,-1,-1
470,4,1720.57,455.15,74.17,211.78,0.5311,-1,-1,-1
470,20,233.45,685.83,91.60,254.29,0.7879,-1,-1,-1
470,22,330.53,712.21,75.32,245.89,0.7976,-1,-1,-1
470,28,448.83,188.39,69.26,189.49,0.5750,-1,-1,-1
470,29,990.77,644.40,76.35,215.73,0.4770,-1,-1,-1
470,30,910.31,624.73,76.78,228.50,0.6452,-1,-1,-1
470,31,815.56,585.07,88.87,251.83,0.7260,-1,-1,-1
471,3,1025.64,923.41,80.35,156.05,0.7271,-1,-1,-1
471,4,1720.35,455.19,74.39,212.85,0.5355,-1,-1,-1
471,20,231.77,687.84,93.17,258.47,0.7879,-1,-1,-1
471,22,328.93,714.26,75.14,245.00,0.8037,-1,-1,-1
471,28,449.33,185.85,70.11,192.44,0.5805,-1,-1,-1
471,29,989.79,646.41,78.05,220.27,0.4884,-1,-1,-1
471,30,912.77,625.32,75.35,223.15,0.5912,-1,-1,-1
471,31,815.01,585.55,91.17,254.84,0.7076,-1,-1,-1
472,3,1025.27,924.09,80.07,155.73,0.7042,-1,-1,-1
472,4,1719.97,455.30,74.54,213.37,0.5548,-1,-1,-1
472,20,229.82,690.06,94.64,262.85,0.7863,-1,-1,-1
472,22,327.91,716.37,75.46,245.67,0.8164,-1,-1,-1
472,28,449.91,184.21,70.40,194.31,0.5978,-1,-1,-1
472,29,989.48,647.68,79.07,223.24,0.5033,-1,-1,-1
472,30,914.24,626.13,75.00,221.63,0.6320,-1,-1,-1
472,31,813.95,586.41,92.80,256.95,0.7262,-1,-1,-1
473,3,1024.68,925.16,79.70,154.80,0.7215,-1,-1,-1
473,4,1719.31,454.66,75.26,215.39,0.5501,-1,-1,-1
473,20,228.15,693.04,95.22,264.49,0.7660,-1,-1,-1
473,22,326.17,720.02,76.11,247.20,0.8012,-1,-1,-1
473,28,450.84,181.81,69.54,192.14,0.5696,-1,-1,-1
473,29,989.69,648.90,79.19,223.87,0.5336,-1,-1,-1
473,30,914.71,627.27,76.38,225.50,0.6851,-1,-1,-1
473,31,812.43,587.03,93.72,257.78,0.7552,-1,-1,-1
474,3,1024.62,925.06,79.55,154.62,0.7101,-1,-1,-1
474,4,1718.34,454.92,75.43,215.30,0.5399,-1,-1,-1
474,20,226.28,694.74,96.26,267.54,0.7615,-1,-1,-1
474,22,324.45,723.08,77.06,249.87,0.7889,-1,-1,-1
474,28,452.24,179.39,68.80,190.61,0.5176,-1,-1,-1
474,29,989.88,650.14,79.62,225.88,0.5512,-1,-1,-1
474,30,915.37,628.02,76.94,226.29,0.6430,-1,-1,-1
474,31,811.29,587.70,94.14,257.63,0.7578,-1,-1,-1
475,3,1024.39,925.35,79.24,154.35,0.7104,-1,-1,-1
475,4,1718.00,455.39,75.89,214.84,0.5218,-1,-1,-1
475,20,224.31,697.03,96.90,269.80,0.7566,-1,-1,-1
475,22,322.94,726.11,77.59,251.18,0.7796,-1,-1,-1
475,28,452.99,179.91,67.20,186.79,0.5141,-1,-1,-1
475,29,991.04,652.29,79.21,225.24,0.5985,-1,-1,-1
475,30,915.68,629.61,78.41,231.22,0.6726,-1,-1,-1
475,31,810.24,588.52,94.07,256.76,0.7549,-1,-1,-1
476,3,1024.15,926.20,78.81,153.53,0.7218,-1,-1,-1
476,4,1716.72,455.96,76.46,214.12,0.4998,-1,-1,-1
476,20,223.30,699.92,96.65,269.42,0.7453,-1,-1,-1
476,22,321.93,728.24,77.47,250.48,0.7718,-1,-1,-1
476,28,453.25,179.53,66.49,185.09,0.5311,-1,-1,-1
476,29,993.13,654.35,78.08,223.43,0.5613,-1,-1,-1
476,30,916.27,631.19,78.40,231.11,0.6058,-1,-1,-1
476,31,808.71,589.07,93.90,256.43,0.7432,-1,-1,-1
477,3,1023.84,926.78,78.61,153.13,0.7135,-1,-1,-1
477,4,1716.47,456.85,76.73,212.69,0.5110,-1,-1,-1
477,20,222.23,701.95,95.94,267.65,0.7464,-1,-1,-1
477,22,320.32,730.44,77.80,251.63,0.7649,-1,-1,-1
477,28,451.91,176.10,67.62,187.92,0.5386,-1,-1,-1
477,29,994.45,656.08,77.09,222.28,0.5793,-1,-1,-1
477,30,917.00,633.35,78.46,230.54,0.6560,-1,-1,-1
477,31,807.78,589.84,93.29,255.45,0.7750,-1,-1,-1
478,3,1023.47,928.10,78.02,151.89,0.7246,-1,-1,-1
478,4,1714.90,456.98,77.56,212.03,0.4684,-1,-1,-1
478,20,220.66,703.54,95.60,266.47,0.7401,-1,-1,-1
478,22,319.78,732.86,78.05,252.64,0.7587,-1,-1,-1
478,28,453.11,177.04,66.74,185.52,0.5338,-1,-1,-1
478,29,995.97,656.82,76.11,220.91,0.5603,-1,-1,-1
478,30,916.19,635.24,78.61,229.58,0.6714,-1,-1,-1
478,31,806.23,590.39,92.70,255.13,0.7848,-1,-1,-1
479,3,1022.57,929.31,77.47,150.71,0.7199,-1,-1,-1
479,4,1714.99,457.40,78.07,211.04,0.4743,-1,-1,-1
479,20,220.65,704.47,95.36,265.25,0.7293,-1,-1,-1
479,22,318.29,734.81,78.72,254.33,0.7569,-1,-1,-1
479,28,452.73,176.67,66.98,185.87,0.5666,-1,-1,-1
479,29,995.81,657.20,76.19,222.11,0.6304,-1,-1,-1
479,30,915.72,638.43,79.34,231.47,0.7042,-1,-1,-1
479,31,804.56,591.11,91.78,254.41,0.7851,-1,-1,-1
480,3,1021.66,931.49,76.61,148.53,0.7371,-1,-1,-1
480,4,1708.91,456.96,80.37,210.41,0.3887,-1,-1,-1
480,20,219.38,704.85,94.76,263.79,0.7455,-1,-1,-1
480,22,315.33,736.67,78.98,253.67,0.7508,-1,-1,-1
480,28,449.75,173.47,69.26,190.45,0.5275,-1,-1,-1
480,29,996.67,658.22,75.22,220.75,0.6105,-1,-1,-1
480,30,914.08,640.87,81.45,237.09,0.6699,-1,-1,-1
480,31,803.29,591.98,91.04,254.01,0.7775,-1,-1,-1
481,3,1020.65,931.32,76.88,148.70,0.7375,-1,-1,-1
481,4,1710.35,457.72,81.59,210.21,0.3960,-1,-1,-1
481,20,218.39,705.12,94.34,263.22,0.7620,-1,-1,-1
481,22,310.58,737.76,80.18,254.75,0.7765,-1,-1,-1
481,28,448.59,171.58,70.50,192.48,0.5352,-1,-1,-1
481,29,994.52,660.04,75.33,220.85,0.5935,-1,-1,-1
481,30,912.47,643.76,81.78,236.70,0.6780,-1,-1,-1
481,31,802.34,593.19,90.18,253.51,0.7920,-1,-1,-1
482,3,1020.49,932.54,76.50,147.48,0.7318,-1,-1,-1
482,4,1710.91,458.52,82.33,210.00,0.4341,-1,-1,-1
482,20,218.10,706.43,93.52,261.69,0.7567,-1,-1,-1
482,22,308.70,738.74,81.01,255.73,0.7730,-1,-1,-1
482,28,450.70,174.33,69.16,188.15,0.5106,-1,-1,-1
482,29,994.85,662.35,75.39,221.63,0.6288,-1,-1,-1
482,30,909.96,645.89,84.73,244.37,0.6959,-1,-1,-1
482,31,801.41,594.13,89.48,253.33,0.7817,-1,-1,-1
483,3,1020.22,933.06,76.51,146.96,0.7341,-1,-1,-1
483,4,1706.65,458.22,84.34,209.87,0.3725,-1,-1,-1
483,20,218.01,707.53,92.76,259.83,0.7560,-1,-1,-1
483,22,305.87,739.74,81.56,255.84,0.7747,-1,-1,-1
483,28,452.38,173.36,69.12,188.49,0.5149,-1,-1,-1
483,29,996.46,664.33,75.11,221.86,0.6214,-1,-1,-1
483,30,909.59,648.44,85.45,246.16,0.7108,-1,-1,-1
483,31,800.09,595.18,88.73,252.48,0.7749,-1,-1,-1
484,3,1019.95,933.53,76.66,146.49,0.7211,-1,-1,-1
484,4,1703.76,458.39,86.49,210.35,0.3799,-1,-1,-1
484,20,217.82,709.08,91.87,257.66,0.7553,-1,-1,-1
484,22,304.37,740.96,81.64,254.83,0.7661,-1,-1,-1
484,28,453.67,172.86,68.62,188.81,0.5114,-1,-1,-1
484,29,997.22,667.14,75.26,223.31,0.6051,-1,-1,-1
484,30,909.43,649.51,86.44,249.35,0.7006,-1,-1,-1
484,31,799.66,596.29,88.18,251.36,0.7704,-1,-1,-1
485,3,1019.91,933.94,76.88,146.07,0.7110,-1,-1,-1
485,4,1696.12,457.92,89.54,209.37,0.3766,-1,-1,-1
485,20,217.58,710.87,91.46,256.70,0.7631,-1,-1,-1
485,22,302.75,742.26,81.56,253.16,0.7637,-1,-1,-1
485,28,454.01,171.08,68.58,190.23,0.5326,-1,-1,-1
485,29,997.68,668.81,75.75,225.66,0.6333,-1,-1,-1
485,30,910.10,650.46,85.76,248.18,0.7237,-1,-1,-1
485,31,799.19,597.10,87.95,250.72,0.7825,-1,-1,-1
486,3,1019.39,934.34,77.18,145.67,0.7146,-1,-1,-1
486,20,216.35,712.67,91.96,258.52,0.7752,-1,-1,-1
486,22,301.65,742.88,81.56,252.02,0.7718,-1,-1,-1
486,28,454.52,164.99,69.69,196.12,0.5532,-1,-1,-1
486,29,999.22,671.04,74.55,223.11,0.6571,-1,-1,-1
486,30,910.24,651.38,84.99,246.23,0.7323,-1,-1,-1
486,31,799.09,597.58,88.19,251.13,0.7894,-1,-1,-1
487,3,1019.72,935.00,77.32,145.01,0.7063,-1,-1,-1
487,20,215.95,713.79,93.05,262.28,0.7684,-1,-1,-1
487,22,301.80,744.37,81.20,250.68,0.7635,-1,-1,-1
487,28,455.05,163.40,68.69,196.12,0.5256,-1,-1,-1
487,29,1001.40,673.16,74.07,223.59,0.6621,-1,-1,-1
487,30,911.11,652.19,83.93,242.85,0.7372,-1,-1,-1
487,31,799.54,598.27,88.63,251.09,0.7921,-1,-1,-1
488,3,1020.04,936.04,77.27,143.97,0.7178,-1,-1,-1
488,20,214.97,715.79,94.84,268.52,0.7674,-1,-1,-1
488,22,300.79,747.69,80.47,247.73,0.7647,-1,-1,-1
488,28,456.44,160.72,67.26,195.67,0.4915,-1,-1,-1
488,29,1003.50,675.42,73.65,224.04,0.6982,-1,-1,-1
488,30,912.23,653.24,83.63,241.28,0.7077,-1,-1,-1
488,31,799.47,599.70,88.78,249.92,0.7807,-1,-1,-1
489,3,1019.95,936.53,77.60,143.48,0.7169,-1,-1,-1
489,20,214.17,717.95,95.40,271.50,0.7681,-1,-1,-1
489,22,299.88,749.95,81.17,249.78,0.7600,-1,-1,-1
489,28,457.65,159.81,64.99,192.43,0.4754,-1,-1,-1
489,29,1005.46,677.09,73.53,225.20,0.6841,-1,-1,-1
489,30,913.44,654.28,83.35,239.20,0.6961,-1,-1,-1
489,31,799.02,600.64,89.66,251.46,0.7879,-1,-1,-1
490,3,1019.05,937.03,78.13,142.97,0.6999,-1,-1,-1
490,20,213.34,720.49,96.25,274.81,0.7642,-1,-1,-1
490,22,298.98,751.82,81.55,251.60,0.7510,-1,-1,-1
490,28,459.76,159.86,62.23,187.02,0.4464,-1,-1,-1
490,29,1007.41,678.23,73.51,226.53,0.7207,-1,-1,-1
490,30,915.72,655.62,82.07,234.48,0.6985,-1,-1,-1
490,31,798.53,601.19,91.08,254.64,0.7887,-1,-1,-1
491,3,1019.48,937.72,78.35,142.29,0.6963,-1,-1,-1
491,20,212.41,722.89,96.78,277.36,0.7583,-1,-1,-1
491,22,297.10,754.00,83.27,257.48,0.7472,-1,-1,-1
491,28,459.75,158.00,61.68,186.38,0.4018,-1,-1,-1
491,29,1009.36,679.69,73.12,226.22,0.6897,-1,-1,-1
491,30,918.01,659.58,82.99,238.26,0.7045,-1,-1,-1
491,31,798.49,602.09,92.41,257.80,0.7815,-1,-1,-1
492,3,1019.57,938.10,78.68,141.90,0.7052,-1,-1,-1
492,20,212.00,724.89,97.40,279.45,0.7728,-1,-1,-1
492,22,296.44,756.46,83.12,257.90,0.7411,-1,-1,-1
492,28,461.53,157.87,60.84,186.02,0.3149,-1,-1,-1
492,29,1011.57,682.00,72.64,224.71,0.6817,-1,-1,-1
492,30,918.99,661.48,83.13,239.62,0.7229,-1,-1,-1
492,31,799.22,603.38,92.79,258.26,0.7873,-1,-1,-1
493,3,1019.51,938.28,79.13,141.73,0.6854,-1,-1,-1
493,20,211.50,727.83,96.90,278.39,0.7795,-1,-1,-1
493,22,297.61,759.35,82.40,256.00,0.7377,-1,-1,-1
493,29,1013.85,682.48,73.11,226.21,0.6374,-1,-1,-1
493,30,919.35,663.44,83.58,241.70,0.7047,-1,-1,-1
493,31,800.41,604.55,92.88,258.13,0.7696,-1,-1,-1
494,3,1019.51,938.64,79.44,141.37,0.6785,-1,-1,-1
494,20,211.65,730.08,96.73,278.42,0.7788,-1,-1,-1
494,22,297.59,762.75,81.90,255.38,0.7432,-1,-1,-1
494,29,1016.60,684.41,72.25,222.22,0.6311,-1,-1,-1
494,30,920.70,665.90,83.00,240.42,0.6696,-1,-1,-1
494,31,801.58,605.82,92.59,256.79,0.7555,-1,-1,-1
495,3,1019.77,938.10,80.15,141.90,0.6710,-1,-1,-1
495,20,211.19,732.29,95.97,276.79,0.7754,-1,-1,-1
495,22,296.91,766.46,82.39,258.30,0.7373,-1,-1,-1
495,29,1019.14,685.51,72.34,221.54,0.5849,-1,-1,-1
495,30,920.64,667.87,83.83,243.60,0.6567,-1,-1,-1
495,31,803.21,606.35,91.75,254.81,0.7531,-1,-1,-1
495,4,1713.24,451.26,89.81,217.15,0.6053,-1,-1,-1
496,3,1020.74,939.00,79.96,141.00,0.6835,-1,-1,-1
496,20,211.09,735.35,95.03,274.14,0.7731,-1,-1,-1
496,22,296.02,768.72,82.48,259.12,0.7489,-1,-1,-1
496,29,1020.04,686.88,72.43,221.01,0.5953,-1,-1,-1
496,30,922.17,670.72,82.36,239.14,0.6905,-1,-1,-1
496,31,806.06,606.39,89.94,251.15,0.7422,-1,-1,-1
496,4,1716.64,451.63,87.30,217.32,0.5829,-1,-1,-1
497,3,1021.47,939.13,80.00,140.88,0.6768,-1,-1,-1
497,20,211.71,736.91,93.62,270.77,0.7466,-1,-1,-1
497,22,294.59,770.48,82.60,259.25,0.7609,-1,-1,-1
497,29,1021.12,687.81,72.53,221.20,0.5564,-1,-1,-1
497,30,923.09,673.47,81.87,237.79,0.6546,-1,-1,-1
497,31,809.53,606.57,88.26,248.79,0.7183,-1,-1,-1
497,4,1718.71,452.33,84.90,217.18,0.5619,-1,-1,-1
498,3,1021.45,938.51,80.47,141.49,0.6604,-1,-1,-1
498,20,212.00,738.56,92.38,267.63,0.7399,-1,-1,-1
498,22,294.47,772.21,82.24,258.03,0.7493,-1,-1,-1
498,29,1022.11,689.34,73.04,221.01,0.5130,-1,-1,-1
498,30,924.07,675.54,82.15,239.10,0.6437,-1,-1,-1
498,31,811.93,606.68,86.98,247.28,0.7065,-1,-1,-1
498,4,1721.18,453.23,82.55,215.93,0.5067,-1,-1,-1
499,3,1022.19,937.88,80.66,142.12,0.6733,-1,-1,-1
499,20,211.84,740.74,91.73,265.89,0.7516,-1,-1,-1
499,22,294.05,773.34,81.99,257.00,0.7413,-1,-1,-1
499,29,1023.93,693.23,72.39,218.97,0.5118,-1,-1,-1
499,30,924.98,677.82,81.85,238.36,0.6096,-1,-1,-1
499,31,814.75,607.51,85.65,246.34,0.6843,-1,-1,-1
500,3,1023.47,936.50,81.06,143.50,0.6737,-1,-1,-1
500,20,210.21,742.17,92.15,266.63,0.7710,-1,-1,-1
500,22,293.53,774.16,81.63,255.88,0.7339,-1,-1,-1
500,29,1025.06,696.93,70.63,213.13,0.4809,-1,-1,-1
500,30,924.73,679.35,84.32,245.67,0.6173,-1,-1,-1
500,31,816.82,607.91,84.31,245.03,0.6898,-1,-1,-1
501,3,1025.35,935.63,81.00,144.37,0.6431,-1,-1,-1
501,20,209.76,743.45,91.44,263.74,0.7791,-1,-1,-1
501,22,292.91,774.99,81.35,255.42,0.7207,-1,-1,-1
501,29,1025.49,698.85,70.57,212.10,0.5119,-1,-1,-1
501,30,926.08,680.09,85.54,250.55,0.6007,-1,-1,-1
501,31,818.22,608.65,83.40,244.97,0.7016,-1,-1,-1
502,3,1026.80,934.98,80.90,145.02,0.6754,-1,-1,-1
502,20,209.40,744.96,91.34,262.70,0.7750,-1,-1,-1
502,22,292.44,775.60,81.01,254.34,0.7334,-1,-1,-1
502,29,1027.12,701.19,69.88,208.73,0.5835,-1,-1,-1
502,30,926.19,681.73,86.62,254.63,0.6319,-1,-1,-1
502,31,818.75,609.11,82.88,245.99,0.7026,-1,-1,-1
503,3,1028.16,934.26,80.84,145.75,0.6440,-1,-1,-1
503,20,208.97,746.55,91.71,263.51,0.7599,-1,-1,-1
503,22,289.61,776.46,81.06,254.52,0.7495,-1,-1,-1
503,29,1028.55,703.72,68.64,203.43,0.5887,-1,-1,-1
503,30,927.65,683.16,86.18,253.73,0.6169,-1,-1,-1
503,31,818.96,609.38,82.30,246.43,0.7175,-1,-1,-1
504,3,1029.71,933.45,80.67,146.55,0.6368,-1,-1,-1
504,20,208.75,747.93,92.92,268.02,0.7556,-1,-1,-1
504,22,287.06,777.50,80.83,253.53,0.7734,-1,-1,-1
504,29,1028.53,705.05,71.01,211.39,0.5908,-1,-1,-1
504,30,928.22,684.29,85.89,252.13,0.5844,-1,-1,-1
504,31,819.00,609.71,81.83,247.35,0.6927,-1,-1,-1
505,3,1030.79,933.75,79.99,146.26,0.6742,-1,-1,-1
505,20,207.27,749.81,93.90,272.60,0.7347,-1,-1,-1
505,22,284.85,778.93,81.31,253.35,0.7731,-1,-1,-1
505,29,1029.03,706.53,72.12,215.86,0.6070,-1,-1,-1
505,30,928.64,684.83,85.86,251.82,0.5511,-1,-1,-1
505,31,819.18,610.06,81.52,248.72,0.6718,-1,-1,-1
506,3,1032.18,932.96,79.86,147.04,0.6656,-1,-1,-1
506,20,205.92,751.49,94.69,277.37,0.7277,-1,-1,-1
506,22,282.53,780.45,82.47,254.92,0.7597,-1,-1,-1
506,29,1029.60,707.64,73.01,219.43,0.6350,-1,-1,-1
506,30,926.04,686.48,86.06,248.63,0.6131,-1,-1,-1
506,31,819.44,610.23,81.38,250.20,0.6797,-1,-1,-1
507,3,1034.18,933.70,79.09,146.30,0.6482,-1,-1,-1
507,20,205.15,753.45,94.42,278.94,0.7257,-1,-1,-1
507,22,280.82,782.11,84.38,259.30,0.7620,-1,-1,-1
507,29,1029.44,708.85,73.73,222.41,0.6134,-1,-1,-1
507,30,929.68,687.48,85.55,246.24,0.6068,-1,-1,-1
507,31,820.17,611.24,80.41,249.55,0.6979,-1,-1,-1
508,3,1035.63,933.51,78.89,146.49,0.6493,-1,-1,-1
508,20,204.92,755.51,93.86,279.07,0.7430,-1,-1,-1
508,22,279.58,784.02,86.17,263.12,0.7674,-1,-1,-1
508,29,1029.67,710.27,73.97,223.69,0.6238,-1,-1,-1
508,30,928.37,688.59,86.84,247.50,0.6068,-1,-1,-1
508,31,821.36,611.61,79.51,249.19,0.7005,-1,-1,-1
509,3,1037.15,933.24,78.71,146.76,0.6428,-1,-1,-1
509,20,204.03,758.20,92.23,275.88,0.7324,-1,-1,-1
509,22,279.61,787.48,85.63,261.13,0.7676,-1,-1,-1
509,29,1030.57,710.72,75.36,228.08,0.6290,-1,-1,-1
509,30,931.06,690.33,87.57,248.77,0.6219,-1,-1,-1
509,31,822.27,611.73,78.89,249.62,0.7007,-1,-1,-1
510,3,1038.91,934.09,78.13,145.91,0.6352,-1,-1,-1
510,20,202.12,761.31,91.15,275.83,0.7396,-1,-1,-1
510,22,280.11,791.03,84.69,257.65,0.7570,-1,-1,-1
510,29,1031.20,711.84,75.97,228.21,0.5969,-1,-1,-1
510,30,931.36,692.00,88.47,249.66,0.6185,-1,-1,-1
510,31,822.88,611.82,78.20,249.89,0.7005,-1,-1,-1
511,3,1039.86,932.47,78.61,147.53,0.6252,-1,-1,-1
511,20,202.07,763.33,91.16,276.77,0.7621,-1,-1,-1
511,22,280.06,795.95,83.78,255.29,0.7810,-1,-1,-1
511,29,1033.07,713.64,74.01,220.38,0.5886,-1,-1,-1
511,30,933.39,694.83,90.58,255.86,0.6370,-1,-1,-1
511,31,823.64,612.10,77.49,249.73,0.6950,-1,-1,-1
512,3,1040.42,931.79,78.60,148.15,0.6333,-1,-1,-1
512,20,202.35,765.92,91.06,276.11,0.7600,-1,-1,-1
512,22,279.08,798.53,84.44,258.44,0.7715,-1,-1,-1
512,29,1034.34,715.39,72.88,215.56,0.5685,-1,-1,-1
512,30,934.36,697.42,92.10,260.58,0.6314,-1,-1,-1
512,31,824.17,612.26,76.74,249.39,0.6945,-1,-1,-1
513,3,1041.13,932.61,77.82,146.87,0.6101,-1,-1,-1
513,20,201.69,767.41,91.05,275.69,0.7576,-1,-1,-1
513,22,277.81,800.60,85.12,262.38,0.7784,-1,-1,-1
513,29,1034.94,717.30,75.18,222.86,0.5635,-1,-1,-1
513,30,935.43,700.79,91.54,260.51,0.6128,-1,-1,-1
513,31,824.36,611.93,76.29,250.19,0.6786,-1,-1,-1
514,3,1041.50,932.17,77.63,147.02,0.6357,-1,-1,-1
514,20,199.69,769.74,91.05,275.00,0.7548,-1,-1,-1
514,22,276.16,801.42,84.88,263.64,0.7985,-1,-1,-1
514,29,1035.44,718.75,75.81,225.30,0.5792,-1,-1,-1
514,30,938.64,703.86,90.56,260.66,0.6248,-1,-1,-1
514,31,824.50,611.79,75.78,250.42,0.6590,-1,-1,-1
515,3,1042.16,932.28,77.29,146.78,0.6428,-1,-1,-1
515,20,198.79,771.21,90.92,273.18,0.7595,-1,-1,-1
515,22,274.47,802.21,84.63,263.85,0.8024,-1,-1,-1
515,29,1034.80,719.99,77.17,229.59,0.6182,-1,-1,-1
515,30,938.04,706.23,89.59,257.38,0.5981,-1,-1,-1
515,31,824.91,611.92,75.10,250.23,0.6516,-1,-1,-1
516,3,1042.86,932.36,77.04,146.85,0.6137,-1,-1,-1
516,20,196.89,772.79,90.83,270.83,0.7638,-1,-1,-1
516,22,272.71,802.66,84.15,263.06,0.8159,-1,-1,-1
516,29,1034.40,721.53,79.31,237.87,0.6360,-1,-1,-1
516,30,939.31,708.89,88.58,253.87,0.6531,-1,-1,-1
516,31,825.36,612.26,74.32,249.85,0.6382,-1,-1,-1
517,3,1043.27,931.79,76.93,147.27,0.6179,-1,-1,-1
517,20,195.30,775.10,89.73,266.19,0.7599,-1,-1,-1
517,22,271.99,803.73,83.77,262.60,0.8187,-1,-1,-1
517,29,1034.96,723.76,78.84,238.74,0.6404,-1,-1,-1
517,30,939.61,711.22,88.86,253.90,0.6462,-1,-1,-1
517,31,825.15,611.78,74.07,250.60,0.6499,-1,-1,-1
518,3,1042.97,930.21,77.16,148.65,0.6506,-1,-1,-1
518,20,193.19,776.70,89.20,263.84,0.7939,-1,-1,-1
518,22,271.02,804.18,83.41,261.60,0.8227,-1,-1,-1
518,29,1036.94,726.26,76.50,233.34,0.6212,-1,-1,-1
518,30,941.13,712.87,90.02,257.47,0.6353,-1,-1,-1
518,31,825.18,611.20,73.63,251.07,0.6394,-1,-1,-1
519,3,1042.74,929.20,77.11,149.49,0.6273,-1,-1,-1
519,20,191.76,778.46,88.96,262.11,0.7920,-1,-1,-1
519,22,270.23,805.38,83.08,260.49,0.8200,-1,-1,-1
519,29,1037.46,730.28,74.16,226.45,0.5525,-1,-1,-1
519,30,942.25,714.20,90.26,259.02,0.6377,-1,-1,-1
519,31,825.21,610.80,73.05,251.09,0.6207,-1,-1,-1
520,3,1042.34,926.99,77.80,151.92,0.6478,-1,-1,-1
520,20,190.68,780.01,89.15,261.73,0.7899,-1,-1,-1
520,22,269.42,807.63,82.85,259.08,0.8219,-1,-1,-1
520,29,1040.93,733.44,70.14,211.51,0.5963,-1,-1,-1
520,30,942.58,715.17,90.06,259.53,0.6922,-1,-1,-1
520,31,825.36,608.70,72.81,251.89,0.5866,-1,-1,-1
521,3,1042.55,927.32,77.37,151.99,0.6577,-1,-1,-1
521,20,189.92,780.75,91.04,266.37,0.7921,-1,-1,-1
521,22,268.19,810.15,82.78,258.17,0.8145,-1,-1,-1
521,29,1043.20,735.64,68.41,203.65,0.6012,-1,-1,-1
521,30,945.42,717.65,88.99,257.90,0.6590,-1,-1,-1
521,31,825.69,608.01,72.53,253.07,0.6094,-1,-1,-1
522,3,1042.69,928.51,76.55,151.13,0.6439,-1,-1,-1
522,20,189.54,782.02,92.66,270.29,0.7774,-1,-1,-1
522,22,268.24,812.95,82.40,256.54,0.7974,-1,-1,-1
522,29,1044.33,738.74,68.90,202.81,0.6260,-1,-1,-1
522,30,946.52,719.21,88.23,256.39,0.6857,-1,-1,-1
522,31,825.59,607.10,72.22,254.08,0.6268,-1,-1,-1
523,3,1042.82,929.15,75.76,150.26,0.6096,-1,-1,-1
523,20,188.92,783.52,94.05,273.64,0.7728,-1,-1,-1
523,22,267.34,816.25,82.43,255.69,0.8006,-1,-1,-1
523,29,1045.58,740.27,70.17,206.03,0.6184,-1,-1,-1
523,30,948.53,720.05,87.89,256.11,0.6343,-1,-1,-1
523,31,825.90,607.37,71.68,254.12,0.6329,-1,-1,-1
524,3,1042.92,929.97,74.95,149.33,0.5853,-1,-1,-1
524,20,187.89,785.13,94.34,275.51,0.7695,-1,-1,-1
524,22,264.85,819.23,83.22,256.54,0.8094,-1,-1,-1
524,29,1045.11,742.63,73.54,216.17,0.6168,-1,-1,-1
524,30,951.42,720.69,85.95,251.16,0.5977,-1,-1,-1
524,31,825.28,607.95,70.99,253.42,0.6287,-1,-1,-1
525,3,1043.24,931.25,74.35,148.44,0.5426,-1,-1,-1
525,20,187.43,786.18,95.72,280.03,0.7708,-1,-1,-1
525,22,264.60,822.08,83.49,256.60,0.8099,-1,-1,-1
525,29,1045.19,743.69,76.12,224.27,0.6214,-1,-1,-1
525,30,956.43,721.36,82.10,240.35,0.5087,-1,-1,-1
525,31,825.19,607.83,70.53,253.28,0.6574,-1,-1,-1
526,3,1042.70,929.99,74.76,149.92,0.6021,-1,-1,-1
526,20,187.05,788.14,95.69,281.00,0.7714,-1,-1,-1
526,22,263.19,824.74,83.54,254.90,0.8044,-1,-1,-1
526,29,1049.29,743.97,73.84,217.09,0.5205,-1,-1,-1
526,30,956.51,719.64,82.88,245.35,0.4979,-1,-1,-1
526,31,824.91,606.73,70.53,254.67,0.6678,-1,-1,-1
527,3,1041.80,927.82,75.45,152.16,0.6514,-1,-1,-1
527,20,186.92,789.08,96.02,283.06,0.7836,-1,-1,-1
527,22,262.26,827.09,83.36,252.37,0.7869,-1,-1,-1
527,29,1053.75,744.61,70.58,205.43,0.5252,-1,-1,-1
527,30,957.25,722.70,81.96,244.03,0.4360,-1,-1,-1
527,31,825.00,606.04,69.78,252.93,0.6680,-1,-1,-1
528,3,1040.59,924.72,76.27,155.29,0.6971,-1,-1,-1
528,20,186.54,790.61,95.37,283.00,0.7786,-1,-1,-1
528,22,260.91,828.55,83.53,250.62,0.7950,-1,-1,-1
528,29,1056.66,745.42,69.28,199.42,0.5259,-1,-1,-1
528,30,967.51,725.70,64.54,184.16,0.4188,-1,-1,-1
528,31,824.98,605.53,69.46,252.60,0.6926,-1,-1,-1
529,3,1039.72,924.81,75.78,155.21,0.7088,-1,-1,-1
529,20,187.27,791.92,94.38,282.14,0.7743,-1,-1,-1
529,22,259.96,829.63,83.46,248.55,0.7873,-1,-1,-1
529,29,1058.28,746.19,70.39,201.32,0.5672,-1,-1,-1
529,30,961.24,728.53,82.24,237.89,0.4716,-1,-1,-1
529,31,824.71,605.51,69.16,252.12,0.7107,-1,-1,-1
530,3,1039.24,926.51,74.76,153.52,0.6416,-1,-1,-1
530,20,187.87,793.05,93.57,281.62,0.7637,-1,-1,-1
530,22,259.45,831.56,83.46,246.37,0.7871,-1,-1,-1
530,29,1059.44,747.84,70.43,199.49,0.5644,-1,-1,-1
530,30,961.40,731.55,84.87,248.07,0.6288,-1,-1,-1
530,31,823.31,604.98,68.92,251.94,0.7131,-1,-1,-1
531,3,1038.93,928.89,73.53,151.13,0.6540,-1,-1,-1
531,20,188.57,794.77,92.52,280.11,0.7521,-1,-1,-1
531,22,259.15,832.97,83.67,245.27,0.7844,-1,-1,-1
531,29,1059.93,749.28,72.40,204.52,0.5973,-1,-1,-1
531,30,962.21,733.13,85.53,252.33,0.6366,-1,-1,-1
531,31,821.44,604.18,69.08,252.74,0.7079,-1,-1,-1
532,3,1039.84,934.48,70.99,145.54,0.6097,-1,-1,-1
532,20,189.37,796.57,91.22,277.31,0.7768,-1,-1,-1
532,22,259.07,834.01,84.00,244.57,0.7899,-1,-1,-1
532,29,1059.98,750.67,74.04,208.66,0.6405,-1,-1,-1
532,30,964.64,735.86,85.96,254.39,0.6743,-1,-1,-1
532,31,819.27,603.32,68.96,251.83,0.7099,-1,-1,-1
533,3,1041.10,942.39,67.72,137.63,0.5311,-1,-1,-1
533,20,189.96,798.05,90.50,274.99,0.7658,-1,-1,-1
533,22,258.83,835.32,84.24,243.76,0.7916,-1,-1,-1
533,29,1061.36,753.03,74.77,210.17,0.6015,-1,-1,-1
533,30,968.20,738.73,85.15,251.28,0.6902,-1,-1,-1
533,31,815.01,602.68,69.48,253.61,0.7122,-1,-1,-1
533,32,1714.29,458.66,75.37,211.46,0.6038,-1,-1,-1
534,3,1041.30,947.41,66.05,132.61,0.4488,-1,-1,-1
534,20,190.71,799.51,89.75,271.71,0.7755,-1,-1,-1
534,22,259.15,836.59,84.29,242.09,0.7829,-1,-1,-1
534,29,1062.75,754.94,75.67,213.52,0.5560,-1,-1,-1
534,30,969.30,740.67,85.13,249.78,0.6799,-1,-1,-1
534,31,810.97,601.56,70.16,255.91,0.7300,-1,-1,-1
534,32,1714.02,458.80,75.16,210.77,0.5888,-1,-1,-1
535,20,191.21,800.02,90.19,271.63,0.7963,-1,-1,-1
535,22,259.42,837.68,84.37,240.49,0.7887,-1,-1,-1
535,29,1061.21,757.36,78.80,222.99,0.4514,-1,-1,-1
535,30,970.28,742.93,84.99,248.18,0.6599,-1,-1,-1
535,31,807.14,600.27,70.30,255.15,0.7457,-1,-1,-1
535,32,1713.67,457.43,75.75,212.50,0.6176,-1,-1,-1
536,20,191.18,800.75,91.23,273.98,0.8008,-1,-1,-1
536,22,259.31,838.91,84.40,239.36,0.7894,-1,-1,-1
536,29,1061.98,760.67,78.54,222.34,0.4686,-1,-1,-1
536,30,972.48,743.53,85.98,250.99,0.6402,-1,-1,-1
536,31,804.34,599.77,70.33,254.07,0.7305,-1,-1,-1
536,32,1714.34,458.43,75.19,210.92,0.6237,-1,-1,-1
537,20,191.49,801.61,92.21,276.94,0.7857,-1,-1,-1
537,22,259.02,840.92,84.13,237.75,0.7763,-1,-1,-1
537,29,1062.88,762.66,79.48,226.30,0.5254,-1,-1,-1
537,30,974.36,745.76,85.92,249.37,0.6561,-1,-1,-1
537,31,801.07,599.68,71.17,254.99,0.7274,-1,-1,-1
537,32,1715.25,459.85,74.85,210.08,0.6184,-1,-1,-1
538,20,192.36,802.95,92.22,277.06,0.7956,-1,-1,-1
538,22,258.34,843.70,83.86,235.78,0.7830,-1,-1,-1
538,29,1062.35,764.84,79.44,226.39,0.5723,-1,-1,-1
538,30,976.77,747.64,85.67,247.01,0.6989,-1,-1,-1
538,31,799.71,600.00,71.71,254.60,0.7362,-1,-1,-1
538,32,1715.96,460.68,74.37,209.04,0.6259,-1,-1,-1
539,20,193.12,804.67,91.83,275.84,0.7848,-1,-1,-1
539,22,257.16,846.34,83.60,233.49,0.7834,-1,-1,-1
539,29,1061.69,767.26,80.19,228.02,0.6095,-1,-1,-1
539,30,977.94,748.97,85.50,245.25,0.7038,-1,-1,-1
539,31,797.57,599.83,72.37,254.93,0.7297,-1,-1,-1
539,32,1715.92,460.54,74.27,208.88,0.6110,-1,-1,-1
540,20,193.41,806.12,91.32,273.98,0.7671,-1,-1,-1
540,22,256.38,848.71,82.86,230.10,0.7685,-1,-1,-1
540,29,1063.19,769.33,78.90,223.24,0.5426,-1,-1,-1
540,30,979.73,749.47,85.32,243.43,0.6745,-1,-1,-1
540,31,795.60,599.67,72.91,254.39,0.7462,-1,-1,-1
540,32,1715.76,459.73,74.46,209.63,0.6306,-1,-1,-1
541,20,195.61,808.76,90.43,271.44,0.7777,-1,-1,-1
541,22,256.46,850.52,82.65,228.37,0.7680,-1,-1,-1
541,29,1060.05,770.30,79.95,223.36,0.6325,-1,-1,-1
541,30,982.35,751.03,84.19,239.80,0.6863,-1,-1,-1
541,31,794.62,599.72,73.01,252.58,0.7224,-1,-1,-1
541,32,1715.85,459.02,74.41,209.74,0.6412,-1,-1,-1
542,20,198.43,810.55,89.58,269.87,0.7557,-1,-1,-1
542,22,256.99,852.67,82.22,226.73,0.7469,-1,-1,-1
542,29,1065.05,771.64,79.71,224.00,0.5655,-1,-1,-1
542,30,984.27,751.49,83.73,239.47,0.6710,-1,-1,-1
542,31,792.91,599.22,73.38,252.08,0.7132,-1,-1,-1
542,32,1715.54,458.21,74.62,210.55,0.5984,-1,-1,-1
543,20,201.01,811.87,88.81,268.60,0.7123,-1,-1,-1
543,22,257.05,856.67,81.05,223.10,0.7136,-1,-1,-1
543,29,1067.35,772.56,80.32,227.38,0.5949,-1,-1,-1
543,30,988.07,753.14,81.73,233.63,0.6377,-1,-1,-1
543,31,791.20,599.13,73.97,251.64,0.7077,-1,-1,-1
543,32,1715.08,457.07,75.00,211.58,0.5699,-1,-1,-1
544,20,203.71,813.17,87.95,267.28,0.7178,-1,-1,-1
544,22,257.57,861.51,79.47,217.70,0.6976,-1,-1,-1
544,29,1069.31,773.14,80.02,227.39,0.5996,-1,-1,-1
544,30,990.23,755.18,80.42,227.88,0.6524,-1,-1,-1
544,31,788.36,598.88,74.96,252.11,0.7251,-1,-1,-1
544,32,1714.63,456.92,75.22,212.02,0.5608,-1,-1,-1
545,20,205.89,814.72,86.96,265.69,0.6978,-1,-1,-1
545,22,256.54,865.46,78.61,213.64,0.7242,-1,-1,-1
545,29,1070.14,775.51,79.61,226.11,0.5953,-1,-1,-1
545,30,992.71,756.91,79.89,225.46,0.6540,-1,-1,-1
545,31,783.57,598.45,76.69,253.05,0.7364,-1,-1,-1
545,32,1714.39,457.88,74.59,209.78,0.6114,-1,-1,-1
546,20,207.78,815.87,86.20,264.49,0.6788,-1,-1,-1
546,22,255.09,868.58,78.21,210.97,0.7188,-1,-1,-1
546,29,1071.85,776.92,79.97,227.60,0.6101,-1,-1,-1
546,30,994.58,759.22,80.29,225.34,0.6304,-1,-1,-1
546,31,779.21,598.32,78.30,253.04,0.7461,-1,-1,-1
546,32,1713.25,457.54,75.26,210.76,0.6235,-1,-1,-1
547,20,209.69,817.35,85.45,262.97,0.6817,-1,-1,-1
547,22,254.96,872.18,77.70,207.75,0.6903,-1,-1,-1
547,29,1073.23,779.02,80.48,229.73,0.6291,-1,-1,-1
547,30,997.83,761.53,79.34,220.60,0.6357,-1,-1,-1
547,31,777.05,597.95,80.13,254.63,0.7605,-1,-1,-1
547,32,1714.55,457.12,76.09,211.12,0.5921,-1,-1,-1
548,20,211.05,818.57,84.70,261.71,0.6488,-1,-1,-1
548,22,254.17,875.23,77.01,204.82,0.6880,-1,-1,-1
548,29,1070.83,781.30,83.06,235.70,0.6415,-1,-1,-1
548,30,998.66,765.08,79.04,217.24,0.6599,-1,-1,-1
548,31,775.14,597.98,81.70,255.62,0.7462,-1,-1,-1
548,32,1715.27,458.17,75.80,210.84,0.5886,-1,-1,-1
549,20,212.58,820.00,84.02,260.25,0.5254,-1,-1,-1
549,22,251.68,874.67,77.54,205.42,0.6309,-1,-1,-1
549,29,1069.90,783.30,85.23,241.45,0.6419,-1,-1,-1
549,30,1000.03,768.16,77.94,212.59,0.5850,-1,-1,-1
549,31,774.13,598.77,82.53,254.71,0.7488,-1,-1,-1
549,32,1717.55,458.87,74.65,209.30,0.6295,-1,-1,-1
550,20,214.60,821.85,83.38,258.36,0.4100,-1,-1,-1
550,22,249.31,874.73,77.85,205.36,0.5721,-1,-1,-1
550,29,1069.72,786.31,86.50,244.21,0.5967,-1,-1,-1
550,30,1002.31,772.24,74.49,201.27,0.5128,-1,-1,-1
550,31,772.60,599.57,83.31,253.44,0.7335,-1,-1,-1
550,32,1717.36,458.62,74.49,209.71,0.6131,-1,-1,-1
551,20,217.99,823.48,83.13,256.71,0.3523,-1,-1,-1
551,22,245.49,874.98,78.85,205.11,0.5715,-1,-1,-1
551,29,1074.20,789.50,86.02,242.92,0.5681,-1,-1,-1
551,30,1006.19,773.53,71.43,190.50,0.4895,-1,-1,-1
551,31,770.78,598.86,84.54,254.65,0.7295,-1,-1,-1
551,32,1718.33,459.05,73.82,209.26,0.6051,-1,-1,-1
552,22,241.59,875.48,80.12,204.60,0.6563,-1,-1,-1
552,29,1075.60,792.61,86.24,241.84,0.5720,-1,-1,-1
552,30,1011.09,775.59,68.02,178.70,0.4712,-1,-1,-1
552,31,769.67,598.19,85.15,254.32,0.7420,-1,-1,-1
552,32,1720.10,458.57,72.83,208.75,0.6062,-1,-1,-1
553,22,239.78,876.13,80.97,203.94,0.6737,-1,-1,-1
553,29,1076.61,794.95,87.66,243.42,0.5789,-1,-1,-1
553,30,1014.69,777.90,64.85,167.78,0.5104,-1,-1,-1
553,31,768.87,596.51,85.81,254.41,0.7524,-1,-1,-1
553,32,1720.10,458.75,72.14,208.22,0.5768,-1,-1,-1
554,22,233.53,847.91,91.91,232.15,0.6351,-1,-1,-1
554,29,1081.67,797.17,87.81,242.98,0.5158,-1,-1,-1
554,30,1013.90,781.08,64.76,165.84,0.3104,-1,-1,-1
554,31,767.88,595.86,85.44,252.42,0.7511,-1,-1,-1
554,32,1720.39,458.97,71.53,207.84,0.5985,-1,-1,-1
555,22,232.24,838.68,95.51,241.38,0.7003,-1,-1,-1
555,29,1085.97,799.05,86.75,240.29,0.6162,-1,-1,-1
555,30,1017.00,783.53,62.68,158.27,0.3537,-1,-1,-1
555,31,766.50,595.82,85.48,251.47,0.7344,-1,-1,-1
555,32,1720.50,457.72,71.35,208.92,0.6001,-1,-1,-1
556,22,238.03,862.50,87.24,217.38,0.6131,-1,-1,-1
556,29,1091.76,799.77,86.00,239.50,0.5739,-1,-1,-1
556,30,1016.13,784.94,69.35,175.70,0.3027,-1,-1,-1
556,31,764.40,594.31,85.40,250.54,0.7562,-1,-1,-1
556,32,1720.80,456.49,70.55,208.23,0.6181,-1,-1,-1
557,22,237.60,845.33,93.94,234.64,0.7365,-1,-1,-1
557,29,1097.18,800.98,84.48,236.95,0.5541,-1,-1,-1
557,31,762.19,593.77,84.79,247.98,0.7159,-1,-1,-1
557,32,1722.59,457.36,69.96,207.23,0.6170,-1,-1,-1
558,22,238.96,839.92,96.32,240.10,0.7190,-1,-1,-1
558,29,1100.37,801.15,83.53,235.08,0.6042,-1,-1,-1
558,31,759.43,593.85,84.15,245.08,0.7109,-1,-1,-1
558,32,1720.55,456.30,70.23,209.05,0.6835,-1,-1,-1
559,22,244.40,871.08,85.85,208.95,0.7282,-1,-1,-1
559,29,1102.44,801.93,83.34,234.07,0.6068,-1,-1,-1
559,31,755.52,593.41,83.42,243.20,0.6848,-1,-1,-1
559,32,1722.65,457.58,69.02,206.50,0.6567,-1,-1,-1
560,22,246.32,885.12,81.65,194.91,0.7417,-1,-1,-1
560,29,1103.98,802.42,83.13,232.98,0.5581,-1,-1,-1
560,31,751.51,591.48,83.24,243.89,0.6902,-1,-1,-1
560,32,1724.11,458.48,67.78,203.65,0.6607,-1,-1,-1
561,22,248.29,892.69,79.78,187.26,0.6748,-1,-1,-1
561,29,1105.15,803.29,82.92,232.47,0.5990,-1,-1,-1
561,31,747.07,590.95,81.91,242.37,0.6932,-1,-1,-1
561,32,1723.15,458.29,67.28,203.31,0.6692,-1,-1,-1
562,22,250.18,897.67,78.93,181.92,0.6623,-1,-1,-1
562,29,1106.66,805.20,83.75,234.14,0.6008,-1,-1,-1
562,31,743.93,592.32,79.52,237.69,0.6951,-1,-1,-1
562,32,1721.79,457.32,67.54,205.37,0.6457,-1,-1,-1
562,3,1004.26,939.11,79.38,140.54,0.6194,-1,-1,-1
562,30,1019.56,791.23,77.68,195.61,0.6257,-1,-1,-1
563,22,248.52,902.03,77.63,177.78,0.6873,-1,-1,-1
563,29,1108.14,808.57,84.78,235.96,0.5827,-1,-1,-1
563,31,739.39,591.20,79.78,239.95,0.7023,-1,-1,-1
563,32,1722.30,456.59,68.43,206.80,0.6362,-1,-1,-1
563,3,999.39,936.91,86.07,142.17,0.5193,-1,-1,-1
563,30,1017.40,793.02,84.97,215.02,0.5468,-1,-1,-1
564,22,248.34,905.56,76.49,174.36,0.7043,-1,-1,-1
564,29,1107.45,811.34,86.38,240.46,0.5645,-1,-1,-1
564,31,735.11,590.02,80.16,241.68,0.6926,-1,-1,-1
564,32,1721.04,454.67,68.87,208.16,0.6452,-1,-1,-1
564,3,995.73,936.08,90.87,142.74,0.5763,-1,-1,-1
564,30,1014.92,795.61,92.92,240.31,0.5989,-1,-1,-1
565,22,249.55,907.30,76.00,172.45,0.7141,-1,-1,-1
565,29,1107.83,813.88,87.29,242.39,0.6163,-1,-1,-1
565,31,732.66,589.37,80.20,242.11,0.6092,-1,-1,-1
565,32,1721.57,455.94,69.37,207.73,0.6391,-1,-1,-1
565,3,992.36,936.36,93.28,142.01,0.4413,-1,-1,-1
565,30,1013.83,797.59,98.42,259.26,0.6417,-1,-1,-1
565,33,374.59,235.43,66.50,191.03,0.6520,-1,-1,-1
566,22,250.42,909.31,75.59,170.60,0.7456,-1,-1,-1
566,29,1106.13,816.79,88.48,243.67,0.6226,-1,-1,-1
566,31,731.62,590.13,79.49,240.87,0.6116,-1,-1,-1
566,32,1720.96,456.06,70.14,208.19,0.6350,-1,-1,-1
566,3,988.83,933.80,96.52,145.10,0.5274,-1,-1,-1
566,30,1014.87,800.33,99.40,266.32,0.5945,-1,-1,-1
566,33,374.28,235.19,66.64,191.59,0.6633,-1,-1,-1
566,20,279.09,846.29,80.04,232.64,0.6399,-1,-1,-1
567,22,250.95,911.44,75.09,168.54,0.7539,-1,-1,-1
567,29,1110.55,819.65,87.46,241.65,0.4847,-1,-1,-1
567,31,729.37,590.38,79.70,242.00,0.5696,-1,-1,-1
567,32,1720.54,456.63,71.41,209.44,0.6463,-1,-1,-1
567,3,986.78,932.06,97.91,146.53,0.6045,-1,-1,-1
567,30,1018.69,804.11,96.72,263.41,0.4887,-1,-1,-1
567,33,373.68,236.06,66.54,191.55,0.6653,-1,-1,-1
567,20,280.50,847.98,84.00,231.66,0.6446,-1,-1,-1
568,22,251.58,913.34,74.88,166.66,0.7605,-1,-1,-1
568,29,1112.38,822.00,86.92,240.72,0.4960,-1,-1,-1
568,31,728.08,589.38,79.88,243.67,0.6217,-1,-1,-1
568,32,1719.62,456.59,72.19,210.14,0.6965,-1,-1,-1
568,3,986.26,932.76,97.33,144.93,0.3815,-1,-1,-1
568,30,1021.19,807.74,95.35,263.03,0.4812,-1,-1,-1
568,33,374.13,237.44,66.12,190.58,0.6409,-1,-1,-1
568,20,281.75,849.33,87.11,230.26,0.6575,-1,-1,-1
569,22,251.91,914.84,74.85,165.17,0.7553,-1,-1,-1
569,29,1114.04,824.92,86.38,240.11,0.4755,-1,-1,-1
569,31,725.70,588.28,80.34,245.28,0.6255,-1,-1,-1
569,32,1718.77,457.18,72.75,209.90,0.6937,-1,-1,-1
569,30,1025.25,809.85,94.78,265.21,0.5718,-1,-1,-1
569,33,374.39,236.97,66.66,192.27,0.6382,-1,-1,-1
569,20,285.67,851.14,89.34,228.57,0.6480,-1,-1,-1
570,22,251.86,916.24,74.81,163.77,0.7440,-1,-1,-1
570,29,1117.15,826.61,86.54,241.39,0.5841,-1,-1,-1
570,31,723.75,586.85,81.21,248.19,0.6121,-1,-1,-1
570,32,1717.94,457.09,73.24,209.55,0.6843,-1,-1,-1
570,30,1027.90,811.83,93.88,266.40,0.6019,-1,-1,-1
570,33,374.84,237.13,66.74,192.62,0.6360,-1,-1,-1
570,20,288.73,852.63,91.41,227.31,0.6638,-1,-1,-1
571,22,251.27,918.84,74.38,161.17,0.7474,-1,-1,-1
571,29,1121.94,828.64,85.76,242.38,0.6648,-1,-1,-1
571,31,721.29,587.24,81.42,247.39,0.5525,-1,-1,-1
571,32,1717.98,456.10,73.94,209.46,0.6716,-1,-1,-1
571,30,1032.21,813.77,92.12,265.76,0.6702,-1,-1,-1
571,33,375.08,236.57,66.60,192.14,0.6212,-1,-1,-1
571,20,290.56,855.06,92.45,224.96,0.6721,-1,-1,-1
572,22,252.30,919.59,74.70,160.27,0.7480,-1,-1,-1
572,29,1122.09,830.00,85.09,241.84,0.6073,-1,-1,-1
572,31,718.00,586.86,82.66,249.17,0.5177,-1,-1,-1
572,32,1717.93,457.20,74.28,208.58,0.6369,-1,-1,-1
572,30,1036.21,816.54,89.73,262.11,0.6373,-1,-1,-1
572,33,376.50,238.12,65.48,189.07,0.6144,-1,-1,-1
572,20,296.24,857.04,92.45,223.00,0.6897,-1,-1,-1
573,22,252.16,924.19,73.66,155.76,0.7368,-1,-1,-1
573,29,1122.28,831.68,85.25,244.27,0.6401,-1,-1,-1
573,31,715.30,586.92,83.31,249.60,0.6433,-1,-1,-1
573,32,1717.87,457.07,75.37,209.83,0.6214,-1,-1,-1
573,30,1040.37,818.81,87.53,257.68,0.6230,-1,-1,-1
573,33,377.29,239.82,64.31,185.64,0.6200,-1,-1,-1
573,20,296.06,859.08,91.83,220.56,0.6913,-1,-1,-1
573,3,984.92,929.80,97.06,148.85,0.6001,-1,-1,-1
574,22,252.67,927.70,73.07,152.29,0.7365,-1,-1,-1
574,29,1123.06,832.62,85.04,244.90,0.6194,-1,-1,-1
574,31,712.32,585.78,83.94,249.62,0.6973,-1,-1,-1
574,32,1718.26,457.56,75.44,208.54,0.6429,-1,-1,-1
574,30,1043.76,819.88,86.01,254.41,0.6010,-1,-1,-1
574,33,377.70,240.90,63.86,184.46,0.6426,-1,-1,-1
574,20,299.00,860.82,91.88,219.08,0.6987,-1,-1,-1
574,3,986.89,929.04,94.63,149.45,0.6000,-1,-1,-1
575,22,252.48,926.82,74.11,153.18,0.7335,-1,-1,-1
575,29,1123.64,834.37,85.28,244.33,0.6431,-1,-1,-1
575,31,710.62,584.57,84.45,249.53,0.6841,-1,-1,-1
575,32,1718.00,456.78,75.94,208.65,0.6428,-1,-1,-1
575,30,1045.55,820.73,85.72,254.14,0.6199,-1,-1,-1
575,33,377.72,240.77,64.46,186.31,0.6438,-1,-1,-1
575,20,300.25,862.92,91.46,217.06,0.6977,-1,-1,-1
575,3,989.59,928.48,91.88,149.53,0.5780,-1,-1,-1
576,22,252.97,929.63,73.63,150.37,0.7418,-1,-1,-1
576,29,1125.89,835.47,85.23,242.78,0.5978,-1,-1,-1
576,31,708.76,583.23,85.34,250.86,0.7062,-1,-1,-1
576,32,1718.16,456.71,76.72,209.52,0.6138,-1,-1,-1
576,30,1046.59,821.43,85.15,253.40,0.5828,-1,-1,-1
576,33,377.71,243.37,64.66,186.97,0.6619,-1,-1,-1
576,20,300.32,865.50,90.73,214.42,0.6981,-1,-1,-1
576,3,992.75,927.93,88.61,149.54,0.4797,-1,-1,-1
577,22,253.88,934.42,72.49,145.59,0.7432,-1,-1,-1
577,29,1126.66,837.70,85.55,240.14,0.5126,-1,-1,-1
577,31,706.78,581.33,85.38,249.64,0.7005,-1,-1,-1
577,32,1718.43,457.45,76.88,208.82,0.5880,-1,-1,-1
577,30,1048.34,823.06,83.87,250.49,0.5016,-1,-1,-1
577,33,378.04,246.54,64.64,187.22,0.6273,-1,-1,-1
577,20,302.13,869.45,89.97,210.33,0.6998,-1,-1,-1
577,3,994.72,927.18,86.37,150.06,0.5718,-1,-1,-1
578,22,254.63,939.60,71.18,140.41,0.7391,-1,-1,-1
578,29,1125.93,839.68,84.62,238.56,0.4747,-1,-1,-1
578,31,705.04,578.03,85.00,247.36,0.6775,-1,-1,-1
578,32,1718.24,458.22,77.36,209.25,0.5575,-1,-1,-1
578,30,1051.05,824.19,82.44,247.44,0.4853,-1,-1,-1
578,33,377.56,249.03,64.79,187.98,0.6461,-1,-1,-1
578,20,302.01,871.90,89.53,207.53,0.6970,-1,-1,-1
578,3,996.99,926.60,84.79,150.63,0.5379,-1,-1,-1
579,22,254.73,943.67,70.39,136.34,0.7279,-1,-1,-1
579,29,1129.57,840.15,85.06,237.93,0.5749,-1,-1,-1
579,31,704.13,575.83,81.65,236.76,0.5908,-1,-1,-1
579,32,1718.26,458.86,77.58,209.11,0.5637,-1,-1,-1
579,30,1052.83,826.04,82.69,248.22,0.4999,-1,-1,-1
579,33,377.45,250.44,64.66,187.88,0.6678,-1,-1,-1
579,20,301.88,873.86,89.22,205.04,0.6986,-1,-1,-1
579,3,1000.03,925.68,83.64,151.11,0.5378,-1,-1,-1
580,22,253.75,946.15,70.27,133.46,0.7220,-1,-1,-1
580,29,1129.12,841.58,84.84,237.95,0.5564,-1,-1,-1
580,31,701.31,575.14,83.87,245.22,0.5795,-1,-1,-1
580,32,1717.81,459.02,78.32,210.80,0.5831,-1,-1,-1
580,30,1054.49,828.24,82.17,247.13,0.4887,-1,-1,-1
580,33,377.27,252.42,64.35,187.29,0.6868,-1,-1,-1
580,20,300.01,874.96,89.75,204.65,0.7240,-1,-1,-1
580,3,1002.12,925.60,82.89,150.93,0.5670,-1,-1,-1
580,35,1562.60,601.80,113.19,225.76,0.6064,-1,-1,-1
581,22,253.89,948.09,70.44,131.59,0.7270,-1,-1,-1
581,29,1134.02,841.96,86.02,238.22,0.5224,-1,-1,-1
581,31,699.11,573.92,83.86,248.32,0.6000,-1,-1,-1
581,32,1717.68,458.31,78.19,210.75,0.5733,-1,-1,-1
581,30,1057.84,830.97,81.02,243.53,0.5535,-1,-1,-1
581,33,377.20,254.63,63.76,185.45,0.6495,-1,-1,-1
581,20,299.52,876.23,90.31,203.59,0.7253,-1,-1,-1
581,3,1003.50,925.30,82.56,151.13,0.5918,-1,-1,-1
581,35,1562.78,601.11,113.39,226.11,0.5761,-1,-1,-1
582,22,253.12,949.11,71.01,130.59,0.7115,-1,-1,-1
582,29,1135.28,844.60,86.47,235.91,0.5294,-1,-1,-1
582,31,698.94,571.76,81.17,242.69,0.4719,-1,-1,-1
582,32,1719.14,458.10,77.39,208.65,0.5333,-1,-1,-1
582,30,1060.83,834.33,79.19,237.58,0.5550,-1,-1,-1
582,33,376.53,255.75,63.99,186.01,0.6421,-1,-1,-1
582,20,300.89,877.77,90.76,202.19,0.7379,-1,-1,-1
582,3,1004.42,925.39,83.21,152.05,0.6060,-1,-1,-1
582,35,1563.91,602.63,112.42,224.09,0.5262,-1,-1,-1
583,22,251.92,949.67,71.85,130.19,0.7088,-1,-1,-1
583,29,1140.91,845.83,86.31,234.75,0.6566,-1,-1,-1
583,31,698.32,570.33,77.48,234.09,0.4284,-1,-1,-1
583,32,1719.39,457.79,77.27,208.63,0.5856,-1,-1,-1
583,30,1063.42,837.87,79.18,237.82,0.6572,-1,-1,-1
583,33,375.54,256.82,64.75,187.88,0.6739,-1,-1,-1
583,20,301.63,879.66,90.69,200.35,0.7513,-1,-1,-1
583,3,1003.91,925.97,82.89,152.10,0.5773,-1,-1,-1
583,35,1560.30,605.30,112.35,223.99,0.4246,-1,-1,-1
584,22,250.62,950.46,72.38,129.50,0.7005,-1,-1,-1
584,29,1142.23,847.96,86.05,232.60,0.6701,-1,-1,-1
584,32,1718.80,455.10,78.39,211.57,0.6184,-1,-1,-1
584,30,1063.38,841.34,79.49,237.73,0.6877,-1,-1,-1
584,33,373.94,257.60,65.39,189.40,0.6968,-1,-1,-1
584,20,302.44,881.38,90.52,198.64,0.7555,-1,-1,-1
584,3,998.69,926.18,81.07,152.25,0.5637,-1,-1,-1
584,35,1560.72,603.30,112.63,224.61,0.5065,-1,-1,-1
585,22,250.16,951.50,72.61,128.30,0.7086,-1,-1,-1
585,29,1143.42,851.08,85.40,229.43,0.7216,-1,-1,-1
585,32,1719.37,456.02,77.34,209.07,0.6331,-1,-1,-1
585,30,1062.89,843.80,79.00,236.11,0.7316,-1,-1,-1
585,33,373.03,258.19,65.43,189.21,0.7123,-1,-1,-1
585,20,302.63,883.30,90.21,196.72,0.7540,-1,-1,-1
585,3,997.08,926.96,78.88,151.11,0.5902,-1,-1,-1
585,35,1559.59,605.48,112.37,224.12,0.4350,-1,-1,-1
586,22,249.21,952.90,72.90,126.91,0.7044,-1,-1,-1
586,29,1146.80,854.18,84.65,226.27,0.6960,-1,-1,-1
586,32,1719.03,456.53,76.38,207.00,0.6221,-1,-1,-1
586,30,1063.84,846.08,78.28,233.16,0.7109,-1,-1,-1
586,33,372.32,258.44,65.53,189.58,0.7196,-1,-1,-1
586,20,303.55,885.92,89.54,194.10,0.7595,-1,-1,-1
586,3,996.78,927.81,76.70,150.32,0.6019,-1,-1,-1
586,35,1562.70,603.97,112.44,224.09,0.5337,-1,-1,-1
587,22,250.30,954.95,72.71,124.99,0.7236,-1,-1,-1
587,29,1150.76,857.64,83.88,222.76,0.6704,-1,-1,-1
587,32,1719.61,455.43,76.73,209.06,0.6410,-1,-1,-1
587,30,1066.00,847.83,77.60,230.72,0.7135,-1,-1,-1
587,33,371.51,258.81,65.50,189.46,0.7010,-1,-1,-1
587,20,304.96,888.34,88.97,191.56,0.7587,-1,-1,-1
587,3,996.84,928.85,74.88,149.31,0.6297,-1,-1,-1
587,35,1560.72,603.19,113.60,226.65,0.5409,-1,-1,-1
588,22,251.01,957.44,72.31,122.54,0.7202,-1,-1,-1
588,29,1153.39,858.42,84.46,221.93,0.6634,-1,-1,-1
588,32,1717.95,453.63,76.91,212.36,0.6281,-1,-1,-1
588,30,1067.34,849.70,76.73,227.96,0.7055,-1,-1,-1
588,33,371.27,258.99,65.53,189.53,0.7073,-1,-1,-1
588,20,305.59,890.91,88.41,189.06,0.7552,-1,-1,-1
588,3,996.44,929.83,73.83,149.47,0.6196,-1,-1,-1
588,35,1562.33,602.84,112.91,225.27,0.5299,-1,-1,-1
589,22,251.89,960.58,71.65,119.42,0.7211,-1,-1,-1
589,29,1156.87,858.71,84.94,221.60,0.6849,-1,-1,-1
589,32,1720.35,455.11,75.36,209.46,0.6433,-1,-1,-1
589,30,1068.26,851.02,76.61,226.95,0.7150,-1,-1,-1
589,33,370.83,259.96,65.02,187.84,0.7045,-1,-1,-1
589,20,306.01,894.31,87.55,185.69,0.7672,-1,-1,-1
589,3,996.68,930.52,72.53,149.28,0.6252,-1,-1,-1
589,35,1560.03,603.32,113.36,226.33,0.5504,-1,-1,-1
590,22,251.78,963.09,71.31,116.91,0.6994,-1,-1,-1
590,29,1159.66,861.40,84.47,218.87,0.6945,-1,-1,-1
590,32,1721.16,455.58,75.00,209.15,0.6039,-1,-1,-1
590,30,1069.69,852.49,76.76,225.99,0.7313,-1,-1,-1
590,33,370.38,261.37,64.60,186.42,0.7152,-1,-1,-1
590,20,307.48,895.97,87.14,183.65,0.7620,-1,-1,-1
590,3,996.62,931.00,71.35,148.98,0.6389,-1,-1,-1
590,35,1559.27,603.74,113.21,226.20,0.5481,-1,-1,-1
591,22,251.89,966.24,70.65,113.76,0.7018,-1,-1,-1
591,29,1161.77,863.10,84.43,217.13,0.6913,-1,-1,-1
591,32,1721.90,457.04,74.12,207.33,0.6259,-1,-1,-1
591,30,1071.30,853.52,77.10,225.32,0.7235,-1,-1,-1
591,33,369.82,262.63,64.44,185.30,0.7217,-1,-1,-1
591,20,308.94,898.04,86.18,180.34,0.7609,-1,-1,-1
591,3,996.28,931.92,69.84,148.13,0.6280,-1,-1,-1
591,35,1559.64,603.72,113.01,225.92,0.5709,-1,-1,-1
592,22,253.61,968.84,70.32,111.16,0.7213,-1,-1,-1
592,29,1162.36,865.65,84.44,214.56,0.6864,-1,-1,-1
592,32,1721.62,457.29,73.73,206.87,0.6256,-1,-1,-1
592,30,1072.33,854.77,76.79,223.04,0.7154,-1,-1,-1
592,33,369.40,264.27,63.82,182.82,0.7176,-1,-1,-1
592,20,310.50,901.42,85.18,177.00,0.7391,-1,-1,-1
592,3,996.11,932.74,68.54,147.33,0.5837,-1,-1,-1
592,35,1559.77,603.25,113.26,226.62,0.5074,-1,-1,-1
593,22,255.07,971.39,70.02,108.61,0.7289,-1,-1,-1
593,29,1164.72,868.17,84.08,212.01,0.6762,-1,-1,-1
593,32,1719.17,455.47,74.71,211.20,0.6501,-1,-1,-1
593,30,1073.56,855.78,76.62,221.43,0.7240,-1,-1,-1
593,33,368.64,265.25,64.28,183.59,0.7253,-1,-1,-1
593,20,311.90,906.68,83.99,172.76,0.7728,-1,-1,-1
593,3,996.51,933.33,67.28,146.44,0.5825,-1,-1,-1
593,35,1559.84,603.33,113.01,226.48,0.4749,-1,-1,-1
593,36,1655.95,235.82,73.51,185.82,0.6653,-1,-1,-1
594,22,257.32,974.82,69.56,105.18,0.7218,-1,-1,-1
594,29,1166.26,870.38,83.80,209.78,0.6682,-1,-1,-1
594,32,1718.47,455.06,74.65,212.47,0.6487,-1,-1,-1
594,30,1074.29,856.90,76.90,221.61,0.7187,-1,-1,-1
594,33,367.64,266.70,64.91,185.40,0.7209,-1,-1,-1
594,20,313.83,909.96,83.65,169.86,0.7756,-1,-1,-1
594,3,997.04,934.68,65.94,145.28,0.5750,-1,-1,-1
594,35,1560.57,605.03,111.79,224.36,0.4861,-1,-1,-1
594,36,1656.07,233.51,73.81,186.72,0.6364,-1,-1,-1
595,22,257.65,978.26,68.80,101.75,0.7018,-1,-1,-1
595,29,1167.92,872.12,83.59,208.02,0.6596,-1,-1,-1
595,32,1718.75,454.00,74.53,213.31,0.6796,-1,-1,-1
595,30,1075.69,858.74,77.01,220.93,0.7198,-1,-1,-1
595,33,366.48,269.05,65.69,187.63,0.7235,-1,-1,-1
595,20,315.51,911.88,83.97,168.07,0.7620,-1,-1,-1
595,3,996.88,935.41,64.84,144.61,0.5936,-1,-1,-1
595,35,1561.16,605.27,111.42,224.00,0.4457,-1,-1,-1
595,36,1656.19,231.22,74.38,188.43,0.6287,-1,-1,-1
596,22,258.58,981.12,68.47,98.89,0.7023,-1,-1,-1
596,29,1170.36,873.93,82.92,206.19,0.6872,-1,-1,-1
596,32,1718.08,453.31,74.80,214.53,0.7018,-1,-1,-1
596,30,1076.72,860.87,76.94,219.21,0.7210,-1,-1,-1
596,33,365.22,269.97,66.65,190.69,0.7263,-1,-1,-1
596,20,317.01,913.14,84.43,166.86,0.7688,-1,-1,-1
596,3,996.97,935.33,63.70,143.34,0.5730,-1,-1,-1
596,35,1561.39,606.00,111.15,223.84,0.4586,-1,-1,-1
596,36,1656.03,229.68,74.10,188.04,0.6107,-1,-1,-1
597,22,258.88,982.74,68.91,97.26,0.6963,-1,-1,-1
597,29,1172.41,875.74,82.25,204.36,0.6498,-1,-1,-1
597,32,1717.69,454.00,74.55,213.68,0.6876,-1,-1,-1
597,30,1077.52,863.22,76.35,216.99,0.6754,-1,-1,-1
597,33,364.39,271.65,66.80,191.16,0.7106,-1,-1,-1
597,20,318.50,913.73,85.08,166.29,0.7388,-1,-1,-1
597,3,997.22,935.81,62.77,142.10,0.6177,-1,-1,-1
597,35,1561.29,608.12,110.31,221.96,0.4109,-1,-1,-1
597,36,1656.35,227.65,74.24,188.87,0.5942,-1,-1,-1
598,22,259.25,984.36,69.29,95.65,0.6773,-1,-1,-1
598,29,1172.49,877.68,82.12,202.41,0.6631,-1,-1,-1
598,32,1716.80,453.85,74.72,213.50,0.7063,-1,-1,-1
598,30,1079.01,865.02,76.12,215.22,0.6628,-1,-1,-1
598,33,363.92,272.68,66.72,190.91,0.7063,-1,-1,-1
598,20,319.89,914.26,85.80,165.11,0.7353,-1,-1,-1
598,3,998.52,936.43,62.36,141.25,0.6250,-1,-1,-1
598,35,1561.12,610.59,109.47,219.71,0.3846,-1,-1,-1
598,36,1655.34,226.59,74.22,189.43,0.5918,-1,-1,-1
599,22,258.92,985.50,69.49,94.50,0.6593,-1,-1,-1
599,29,1174.04,880.43,81.53,199.65,0.6585,-1,-1,-1
599,32,1716.11,453.81,75.08,213.20,0.7033,-1,-1,-1
599,30,1081.04,867.23,75.99,213.00,0.6202,-1,-1,-1
599,33,363.99,273.13,66.86,191.63,0.6714,-1,-1,-1
599,20,320.98,916.02,86.26,162.85,0.7269,-1,-1,-1
599,3,998.03,936.84,62.01,140.78,0.6461,-1,-1,-1
599,35,1560.69,609.36,110.40,221.26,0.3645,-1,-1,-1
599,36,1653.23,226.99,73.77,188.73,0.5505,-1,-1,-1
600,22,259.60,986.50,70.12,93.50,0.6489,-1,-1,-1
600,29,1177.42,883.91,80.16,196.15,0.6587,-1,-1,-1
600,32,1716.06,453.87,75.13,212.06,0.7201,-1,-1,-1
600,30,1082.77,869.36,75.87,210.85,0.6532,-1,-1,-1
600,33,364.26,274.73,66.87,192.03,0.6770,-1,-1,-1
600,20,322.90,918.00,86.73,160.09,0.7043,-1,-1,-1
600,3,998.11,938.25,61.34,139.45,0.6405,-1,-1,-1
600,35,1561.19,608.04,110.60,221.30,0.3525,-1,-1,-1
600,36,1651.53,226.72,72.69,186.09,0.5433,-1,-1,-1
601,22,259.89,986.87,71.22,93.14,0.6263,-1,-1,-1
601,29,1177.93,886.43,79.59,193.63,0.6561,-1,-1,-1
601,32,1716.05,453.93,75.87,212.91,0.7016,-1,-1,-1
601,30,1085.15,871.92,75.96,208.27,0.6059,-1,-1,-1
601,33,363.06,274.93,67.84,195.73,0.7021,-1,-1,-1
601,20,323.02,919.73,87.50,158.37,0.7216,-1,-1,-1
601,3,997.77,939.54,60.56,138.16,0.6213,-1,-1,-1
601,35,1561.24,603.91,111.83,224.15,0.3923,-1,-1,-1
601,36,1648.65,226.51,72.82,186.36,0.5767,-1,-1,-1
602,22,260.32,988.59,71.35,91.41,0.6100,-1,-1,-1
602,29,1178.32,888.55,79.35,191.50,0.6497,-1,-1,-1
602,32,1715.24,454.94,76.33,212.23,0.6954,-1,-1,-1
602,30,1085.66,874.89,76.16,205.28,0.6725,-1,-1,-1
602,33,363.16,274.83,67.72,196.60,0.6821,-1,-1,-1
602,20,324.24,921.48,88.01,156.10,0.7223,-1,-1,-1
602,3,996.50,940.32,60.27,137.51,0.6516,-1,-1,-1
602,35,1562.63,600.55,112.91,225.92,0.5916,-1,-1,-1
602,36,1647.81,227.01,71.95,184.07,0.5898,-1,-1,-1
603,22,260.99,991.00,70.94,89.00,0.6235,-1,-1,-1
603,29,1178.81,890.87,78.85,189.17,0.6049,-1,-1,-1
603,32,1714.29,455.18,77.53,213.68,0.7157,-1,-1,-1
603,30,1086.53,877.76,76.32,202.39,0.6606,-1,-1,-1
603,33,363.06,276.30,67.31,195.68,0.6959,-1,-1,-1
603,20,324.79,924.23,88.40,153.80,0.7365,-1,-1,-1
603,3,995.81,940.93,59.93,136.91,0.6627,-1,-1,-1
603,35,1562.74,600.08,113.20,226.71,0.4890,-1,-1,-1
603,36,1646.56,227.70,71.43,183.10,0.6220,-1,-1,-1
604,22,261.56,992.81,70.98,87.19,0.6277,-1,-1,-1
604,29,1179.91,893.17,78.06,186.86,0.5312,-1,-1,-1
604,32,1713.44,454.82,77.88,212.33,0.7131,-1,-1,-1
604,30,1087.41,880.66,76.79,199.46,0.6017,-1,-1,-1
604,33,363.46,276.85,67.22,196.28,0.6813,-1,-1,-1
604,20,325.75,926.92,88.64,151.30,0.7546,-1,-1,-1
604,3,996.19,942.18,59.52,136.02,0.6399,-1,-1,-1
604,35,1562.76,599.08,113.62,227.82,0.4353,-1,-1,-1
604,36,1646.60,227.60,70.63,182.19,0.6060,-1,-1,-1
605,22,261.88,994.68,71.01,85.32,0.6278,-1,-1,-1
605,29,1181.43,895.92,76.55,184.12,0.5162,-1,-1,-1
605,32,1713.44,454.33,78.82,213.25,0.7033,-1,-1,-1
605,30,1090.35,883.09,77.12,197.02,0.5588,-1,-1,-1
605,33,363.21,276.99,67.14,196.04,0.6851,-1,-1,-1
605,20,326.64,929.77,88.43,148.68,0.7468,-1,-1,-1
605,3,996.39,943.37,59.19,135.30,0.6214,-1,-1,-1
605,35,1562.76,601.42,112.13,225.57,0.3535,-1,-1,-1
605,36,1646.53,228.05,69.35,179.55,0.5553,-1,-1,-1
606,22,261.77,997.35,70.40,82.66,0.6128,-1,-1,-1
606,29,1181.75,898.17,75.69,181.86,0.5178,-1,-1,-1
606,32,1713.90,454.70,79.29,213.05,0.6995,-1,-1,-1
606,30,1093.50,885.84,76.87,194.26,0.5627,-1,-1,-1
606,33,362.96,277.44,66.98,195.49,0.6935,-1,-1,-1
606,20,327.47,932.88,88.18,146.46,0.7544,-1,-1,-1
606,3,995.99,944.56,58.91,134.76,0.5915,-1,-1,-1
606,35,1561.59,605.49,111.06,223.51,0.5028,-1,-1,-1
606,36,1645.86,228.15,68.58,178.06,0.5478,-1,-1,-1
607,22,261.38,1000.07,69.60,79.93,0.6117,-1,-1,-1
607,29,1182.29,898.38,75.65,181.64,0.4722,-1,-1,-1
607,32,1713.41,455.06,79.85,212.61,0.7107,-1,-1,-1
607,30,1097.41,887.43,76.91,192.65,0.5634,-1,-1,-1
607,33,363.28,278.18,66.61,194.49,0.6974,-1,-1,-1
607,20,327.83,935.70,87.68,144.11,0.7348,-1,-1,-1
607,3,995.61,945.34,58.69,134.21,0.5981,-1,-1,-1
607,35,1562.61,608.81,109.65,220.79,0.4497,-1,-1,-1
607,36,1645.09,227.49,68.17,177.63,0.5484,-1,-1,-1
608,22,261.12,1002.27,69.32,77.73,0.6197,-1,-1,-1
608,29,1183.23,899.35,75.06,180.67,0.5002,-1,-1,-1
608,32,1713.01,454.63,80.67,213.17,0.7104,-1,-1,-1
608,30,1100.72,889.37,76.54,190.70,0.5824,-1,-1,-1
608,33,362.60,278.12,66.41,193.75,0.6765,-1,-1,-1
608,20,328.66,939.94,86.43,140.04,0.7450,-1,-1,-1
608,3,995.47,945.76,58.73,134.13,0.5930,-1,-1,-1
608,35,1562.63,610.30,108.84,219.14,0.4514,-1,-1,-1
608,36,1643.55,226.44,68.58,180.09,0.5322,-1,-1,-1
609,22,261.41,1005.09,68.34,74.74,0.6135,-1,-1,-1
609,29,1185.13,900.33,75.30,179.69,0.5185,-1,-1,-1
609,32,1713.31,454.48,80.81,212.59,0.7434,-1,-1,-1
609,30,1102.80,890.31,76.57,189.76,0.5874,-1,-1,-1
609,33,362.40,277.70,66.45,193.98,0.6860,-1,-1,-1
609,20,328.36,942.74,84.97,135.12,0.7327,-1,-1,-1
609,3,994.90,946.57,58.67,133.44,0.6183,-1,-1,-1
609,35,1561.83,608.54,109.73,221.41,0.4508,-1,-1,-1
609,36,1640.99,223.87,70.10,185.03,0.5487,-1,-1,-1
610,22,261.01,1008.22,66.60,71.17,0.5548,-1,-1,-1
610,29,1185.48,900.75,75.58,179.27,0.5102,-1,-1,-1
610,32,1713.37,454.34,81.04,212.27,0.7385,-1,-1,-1
610,30,1103.85,890.65,76.81,189.41,0.5694,-1,-1,-1
610,33,361.89,278.32,66.41,193.82,0.6984,-1,-1,-1
610,20,328.10,945.43,84.21,131.69,0.7272,-1,-1,-1
610,3,993.80,946.57,58.94,133.49,0.6246,-1,-1,-1
610,35,1563.17,600.99,111.99,226.25,0.3978,-1,-1,-1
610,36,1639.52,222.02,69.44,183.77,0.5339,-1,-1,-1
611,22,260.48,1011.51,64.54,67.64,0.5000,-1,-1,-1
611,29,1186.06,902.11,75.65,177.91,0.5078,-1,-1,-1
611,32,1712.82,454.54,81.68,212.96,0.7411,-1,-1,-1
611,30,1105.52,891.33,77.12,188.72,0.5769,-1,-1,-1
611,33,361.48,279.94,66.32,193.03,0.7044,-1,-1,-1
611,20,326.15,948.15,84.83,130.82,0.7304,-1,-1,-1
611,3,992.80,946.40,59.29,133.67,0.6313,-1,-1,-1
611,35,1564.09,596.60,113.16,228.97,0.5345,-1,-1,-1
611,36,1638.31,219.22,69.26,184.05,0.5441,-1,-1,-1
612,22,260.06,1014.59,63.48,65.04,0.4775,-1,-1,-1
612,29,1185.40,904.03,75.71,175.98,0.5083,-1,-1,-1
612,32,1712.07,453.94,82.22,213.13,0.7544,-1,-1,-1
612,30,1107.47,892.49,76.89,187.55,0.5754,-1,-1,-1
612,33,360.65,282.26,66.26,192.29,0.6710,-1,-1,-1
612,20,325.27,949.46,85.57,130.22,0.7591,-1,-1,-1
612,3,992.12,946.30,59.62,133.76,0.6087,-1,-1,-1
612,35,1565.08,600.22,111.41,225.79,0.4832,-1,-1,-1
612,36,1636.70,216.59,69.54,185.42,0.5590,-1,-1,-1
612,31,587.26,548.21,83.50,234.66,0.6284,-1,-1,-1
613,22,260.16,1017.23,62.53,62.62,0.3951,-1,-1,-1
613,29,1187.12,906.67,75.43,173.34,0.3367,-1,-1,-1
613,32,1712.21,453.49,82.50,213.44,0.7486,-1,-1,-1
613,30,1108.50,893.61,76.77,186.43,0.5127,-1,-1,-1
613,33,360.00,285.29,66.46,192.95,0.6754,-1,-1,-1
613,20,325.01,951.78,85.29,128.16,0.7302,-1,-1,-1
613,3,991.29,947.05,59.67,133.01,0.6227,-1,-1,-1
613,35,1563.75,604.62,110.13,223.51,0.5298,-1,-1,-1
613,36,1635.11,213.81,70.21,187.97,0.5704,-1,-1,-1
613,31,584.48,548.07,87.11,234.94,0.6566,-1,-1,-1
614,22,260.80,1020.10,61.21,59.86,0.3781,-1,-1,-1
614,29,1189.06,910.00,74.61,170.01,0.4906,-1,-1,-1
614,32,1712.41,453.13,82.56,213.41,0.7400,-1,-1,-1
614,30,1110.49,896.26,76.42,183.78,0.5913,-1,-1,-1
614,33,358.67,285.84,67.47,196.08,0.6760,-1,-1,-1
614,20,324.93,953.12,85.55,126.91,0.7285,-1,-1,-1
614,3,989.96,946.51,60.32,133.54,0.6450,-1,-1,-1
614,35,1563.05,607.78,109.22,221.67,0.4839,-1,-1,-1
614,36,1633.99,212.17,69.42,185.96,0.5782,-1,-1,-1
614,31,581.43,548.33,89.89,235.47,0.6421,-1,-1,-1
615,22,258.79,1023.68,58.97,56.32,0.3560,-1,-1,-1
615,29,1192.30,913.49,73.71,166.52,0.4067,-1,-1,-1
615,32,1712.27,452.52,83.03,214.74,0.7523,-1,-1,-1
615,30,1110.56,898.31,76.17,181.72,0.5788,-1,-1,-1
615,33,357.42,286.68,67.88,197.39,0.6712,-1,-1,-1
615,20,324.87,955.67,84.88,124.38,0.7235,-1,-1,-1
615,3,988.86,946.25,60.75,133.80,0.6479,-1,-1,-1
615,35,1562.33,607.20,109.60,222.48,0.4943,-1,-1,-1
615,36,1632.35,210.42,69.18,185.13,0.5846,-1,-1,-1
615,31,579.71,548.21,91.39,235.32,0.6234,-1,-1,-1
616,22,259.95,1023.93,59.63,56.07,0.3791,-1,-1,-1
616,29,1196.91,915.65,73.07,164.13,0.4821,-1,-1,-1
616,32,1712.54,452.23,83.29,215.77,0.7282,-1,-1,-1
616,30,1112.72,900.97,75.91,179.06,0.6107,-1,-1,-1
616,33,356.59,287.24,68.07,197.45,0.6786,-1,-1,-1
616,20,325.16,958.47,84.03,121.59,0.7305,-1,-1,-1
616,3,987.18,947.00,60.77,133.04,0.6756,-1,-1,-1
616,35,1561.76,606.13,110.25,223.68,0.5195,-1,-1,-1
616,36,1631.30,209.70,68.92,183.92,0.5463,-1,-1,-1
616,31,578.72,547.37,91.16,232.93,0.5548,-1,-1,-1
617,22,258.83,1025.99,58.40,54.02,0.3569,-1,-1,-1
617,29,1197.59,918.17,72.72,161.75,0.3866,-1,-1,-1
617,32,1712.93,452.58,82.95,215.01,0.7014,-1,-1,-1
617,30,1113.11,902.94,75.65,177.08,0.6094,-1,-1,-1
617,33,355.52,289.89,67.72,196.37,0.6572,-1,-1,-1
617,20,325.94,960.68,83.64,119.37,0.7207,-1,-1,-1
617,3,984.97,946.14,61.57,133.90,0.6921,-1,-1,-1
617,35,1560.94,602.70,111.84,226.86,0.5699,-1,-1,-1
617,36,1630.05,208.93,69.62,185.33,0.5325,-1,-1,-1
617,31,573.02,545.62,88.45,232.33,0.4812,-1,-1,-1
618,22,258.22,1027.32,57.65,52.69,0.3309,-1,-1,-1
618,29,1197.46,920.35,72.59,159.63,0.4311,-1,-1,-1
618,32,1713.67,453.22,81.99,212.88,0.6878,-1,-1,-1
618,30,1114.14,906.46,74.58,173.56,0.6349,-1,-1,-1
618,33,354.62,291.54,67.60,195.97,0.6649,-1,-1,-1
618,20,326.24,963.23,83.15,116.82,0.7010,-1,-1,-1
618,3,983.16,945.40,62.25,134.63,0.6971,-1,-1,-1
618,35,1561.40,603.16,111.31,226.12,0.4444,-1,-1,-1
618,36,1628.72,208.60,70.11,185.74,0.4843,-1,-1,-1
618,31,568.23,542.32,86.86,234.21,0.5767,-1,-1,-1
619,22,257.20,1028.57,56.56,51.44,0.3195,-1,-1,-1
619,29,1198.52,922.10,72.78,157.62,0.5310,-1,-1,-1
619,32,1713.91,452.80,82.00,213.56,0.6913,-1,-1,-1
619,30,1115.23,910.35,73.55,169.66,0.6639,-1,-1,-1
619,33,353.31,294.09,67.50,195.69,0.6102,-1,-1,-1
619,20,326.87,965.85,82.68,114.20,0.6981,-1,-1,-1
619,3,980.24,944.21,63.08,135.82,0.7036,-1,-1,-1
619,35,1561.43,607.64,109.58,222.18,0.3766,-1,-1,-1
619,36,1626.62,208.01,71.68,188.79,0.4458,-1,-1,-1
619,31,565.01,541.04,85.51,236.32,0.6149,-1,-1,-1
620,22,256.96,1028.54,55.80,51.02,0.3048,-1,-1,-1
620,29,1198.19,922.81,73.74,157.02,0.5654,-1,-1,-1
620,32,1714.39,453.10,81.47,212.59,0.6928,-1,-1,-1
620,30,1115.87,913.68,72.62,166.33,0.6598,-1,-1,-1
620,33,352.60,294.78,67.69,196.90,0.5667,-1,-1,-1
620,20,328.16,968.63,81.91,110.97,0.6984,-1,-1,-1
620,3,977.44,943.70,63.60,136.32,0.6942,-1,-1,-1
620,35,1562.02,606.52,109.90,223.40,0.4069,-1,-1,-1
620,36,1625.60,208.14,72.00,187.96,0.4151,-1,-1,-1
620,31,564.18,539.62,84.34,237.23,0.6439,-1,-1,-1
621,22,258.04,1030.21,54.07,49.51,0.3094,-1,-1,-1
621,29,1198.24,924.13,74.19,155.38,0.4723,-1,-1,-1
621,32,1714.46,452.39,81.43,213.04,0.7084,-1,-1,-1
621,30,1115.63,916.00,71.95,164.00,0.6781,-1,-1,-1
621,33,351.53,294.53,67.85,197.61,0.6335,-1,-1,-1
621,20,328.93,971.68,81.31,107.69,0.6487,-1,-1,-1
621,3,975.01,943.27,64.01,136.76,0.6659,-1,-1,-1
621,35,1562.34,607.52,109.18,221.95,0.4362,-1,-1,-1
621,36,1624.65,209.00,71.62,185.08,0.4494,-1,-1,-1
621,31,562.33,538.37,82.77,237.68,0.6566,-1,-1,-1
622,22,261.07,1035.72,48.96,44.19,0.3253,-1,-1,-1
622,29,1198.79,925.05,74.55,153.97,0.3598,-1,-1,-1
622,32,1715.17,452.25,80.91,212.59,0.6977,-1,-1,-1
622,30,1115.57,917.70,71.30,162.07,0.6790,-1,-1,-1
622,33,350.68,294.71,67.77,197.66,0.5798,-1,-1,-1
622,20,329.42,974.89,80.85,104.73,0.6335,-1,-1,-1
622,3,972.11,943.03,64.15,136.99,0.6660,-1,-1,-1
622,35,1562.93,609.83,107.97,219.28,0.3877,-1,-1,-1
622,36,1624.41,209.48,71.61,183.27,0.4798,-1,-1,-1
622,31,558.09,537.29,80.70,238.23,0.7016,-1,-1,-1
623,22,262.78,1039.69,44.98,40.07,0.3110,-1,-1,-1
623,29,1200.44,926.22,75.26,152.39,0.3888,-1,-1,-1
623,32,1715.94,452.37,80.54,212.59,0.6935,-1,-1,-1
623,30,1116.90,919.04,71.11,160.43,0.6545,-1,-1,-1
623,33,348.38,294.10,67.79,197.74,0.5878,-1,-1,-1
623,20,329.91,978.70,79.81,101.18,0.6840,-1,-1,-1
623,3,969.69,943.45,63.97,136.57,0.6761,-1,-1,-1
623,35,1562.79,612.14,107.20,217.27,0.3152,-1,-1,-1
623,36,1623.84,209.85,71.67,182.11,0.4723,-1,-1,-1
623,31,553.73,537.54,79.58,241.54,0.6762,-1,-1,-1
624,29,1201.65,927.56,75.74,150.54,0.4411,-1,-1,-1
624,32,1716.34,452.12,80.32,212.95,0.6891,-1,-1,-1
624,30,1117.24,920.42,71.18,159.39,0.6740,-1,-1,-1
624,33,346.72,294.44,67.73,196.96,0.5785,-1,-1,-1
624,20,330.77,981.89,78.93,98.08,0.6977,-1,-1,-1
624,3,965.66,942.57,64.49,137.45,0.6751,-1,-1,-1
624,35,1562.48,610.66,108.11,218.80,0.4427,-1,-1,-1
624,36,1623.74,208.70,72.10,182.24,0.4558,-1,-1,-1
624,31,551.47,537.17,77.99,242.25,0.6919,-1,-1,-1
625,29,1202.73,930.84,75.30,147.17,0.5396,-1,-1,-1
625,32,1716.75,452.19,80.46,214.11,0.6915,-1,-1,-1
625,30,1118.06,922.12,71.04,157.82,0.6685,-1,-1,-1
625,33,345.89,294.37,67.71,196.75,0.5616,-1,-1,-1
625,20,331.15,984.86,78.16,95.15,0.6973,-1,-1,-1
625,3,962.24,939.88,65.62,140.13,0.6794,-1,-1,-1
625,35,1562.09,608.62,109.05,220.88,0.3744,-1,-1,-1
625,36,1623.06,207.94,72.94,184.26,0.4251,-1,-1,-1
625,31,548.03,537.34,76.59,242.27,0.7065,-1,-1,-1
626,29,1202.56,932.30,76.01,146.07,0.4685,-1,-1,-1
626,32,1717.16,451.97,80.13,213.98,0.6842,-1,-1,-1
626,30,1118.34,922.20,71.74,157.78,0.6546,-1,-1,-1
626,33,344.32,294.70,67.80,196.69,0.6188,-1,-1,-1
626,20,331.70,987.86,77.45,92.16,0.6837,-1,-1,-1
626,3,958.78,938.64,66.15,141.37,0.6710,-1,-1,-1
626,35,1561.70,606.73,109.83,222.84,0.4676,-1,-1,-1
626,36,1623.66,206.07,72.18,181.88,0.4388,-1,-1,-1
626,31,543.50,537.99,75.56,241.12,0.6980,-1,-1,-1
627,29,1201.57,933.78,76.97,144.70,0.6068,-1,-1,-1
627,32,1717.51,452.81,79.80,213.56,0.6828,-1,-1,-1
627,30,1118.82,923.35,71.83,156.65,0.6883,-1,-1,-1
627,33,343.67,295.46,67.71,195.98,0.6238,-1,-1,-1
627,20,333.14,990.85,76.72,89.17,0.6585,-1,-1,-1
627,3,956.88,937.56,66.32,142.45,0.6849,-1,-1,-1
627,35,1561.02,605.25,110.23,224.22,0.3559,-1,-1,-1
627,36,1624.55,205.80,71.90,181.93,0.4339,-1,-1,-1
627,31,534.27,538.69,77.47,241.70,0.6546,-1,-1,-1
628,29,1202.04,934.90,77.94,144.06,0.5781,-1,-1,-1
628,32,1716.84,452.07,80.05,215.24,0.6621,-1,-1,-1
628,30,1119.23,924.40,72.26,155.61,0.6672,-1,-1,-1
628,33,343.05,295.64,67.81,195.91,0.6479,-1,-1,-1
628,20,333.50,992.39,77.17,87.63,0.6304,-1,-1,-1
628,3,954.25,936.31,66.40,143.70,0.6828,-1,-1,-1
628,35,1561.52,604.11,110.24,225.13,0.3661,-1,-1,-1
628,36,1624.03,202.35,73.33,186.93,0.3919,-1,-1,-1
628,31,525.19,538.58,80.24,241.27,0.7207,-1,-1,-1
629,29,1202.29,936.35,79.22,143.19,0.6305,-1,-1,-1
629,32,1717.17,451.70,79.93,215.75,0.6913,-1,-1,-1
629,30,1119.54,924.93,72.98,155.08,0.7073,-1,-1,-1
629,33,342.77,296.46,67.74,195.54,0.6597,-1,-1,-1
629,20,333.59,994.83,76.93,85.18,0.6706,-1,-1,-1
629,3,951.80,934.97,66.49,145.04,0.6796,-1,-1,-1
629,35,1561.70,601.72,110.93,227.61,0.4912,-1,-1,-1
629,36,1624.43,202.26,73.13,187.13,0.4385,-1,-1,-1
629,31,518.61,538.08,83.38,240.56,0.7400,-1,-1,-1
630,29,1203.32,939.80,79.02,139.53,0.5785,-1,-1,-1
630,32,1717.21,450.96,79.85,215.72,0.6904,-1,-1,-1
630,30,1120.23,926.28,73.52,153.73,0.7034,-1,-1,-1
630,33,341.57,296.79,68.28,196.89,0.6676,-1,-1,-1
630,20,333.97,997.73,76.44,82.28,0.6843,-1,-1,-1
630,3,949.58,933.60,66.38,146.41,0.6849,-1,-1,-1
630,35,1562.46,603.80,109.41,225.06,0.4069,-1,-1,-1
630,36,1624.49,201.06,72.61,186.71,0.5137,-1,-1,-1
630,31,513.73,537.84,86.19,239.22,0.7698,-1,-1,-1
631,29,1204.38,942.55,78.38,135.73,0.5439,-1,-1,-1
631,32,1716.86,450.92,80.05,216.64,0.6824,-1,-1,-1
631,30,1121.31,927.74,74.20,152.27,0.6888,-1,-1,-1
631,33,340.49,297.78,69.29,199.81,0.6773,-1,-1,-1
631,20,333.88,998.97,77.25,81.05,0.6658,-1,-1,-1
631,3,947.34,932.20,66.19,147.55,0.6879,-1,-1,-1
631,35,1562.40,603.43,109.19,224.92,0.4547,-1,-1,-1
631,36,1625.27,199.74,71.34,184.05,0.5342,-1,-1,-1
631,31,511.45,539.00,88.54,237.30,0.7585,-1,-1,-1
632,29,1204.52,944.46,78.08,133.00,0.5040,-1,-1,-1
632,32,1717.07,451.37,79.99,216.34,0.7065,-1,-1,-1
632,30,1123.51,930.31,74.86,149.37,0.7012,-1,-1,-1
632,33,339.25,298.17,70.25,202.96,0.6922,-1,-1,-1
632,20,333.90,1001.32,77.18,78.69,0.6477,-1,-1,-1
632,3,945.33,930.79,66.18,149.12,0.7065,-1,-1,-1
632,35,1562.94,606.41,107.78,222.11,0.3836,-1,-1,-1
632,36,1625.83,197.08,70.37,182.16,0.5563,-1,-1,-1
632,31,507.85,539.77,91.81,237.23,0.7760,-1,-1,-1
633,29,1206.21,947.80,76.53,128.79,0.3319,-1,-1,-1
633,32,1717.41,451.15,79.90,216.14,0.7134,-1,-1,-1
633,30,1125.64,933.51,75.46,145.77,0.6815,-1,-1,-1
633,33,338.55,299.03,70.48,204.29,0.6827,-1,-1,-1
633,20,334.10,1002.25,77.75,77.40,0.6305,-1,-1,-1
633,3,943.66,929.65,66.01,150.32,0.6643,-1,-1,-1
633,35,1564.05,603.62,108.40,223.67,0.4567,-1,-1,-1
633,36,1625.79,194.67,69.94,182.26,0.5706,-1,-1,-1
633,31,505.02,540.00,94.45,236.93,0.7857,-1,-1,-1
634,29,1207.36,950.88,75.37,125.94,0.3175,-1,-1,-1
634,32,1717.24,450.38,79.91,215.96,0.7251,-1,-1,-1
634,30,1126.21,937.49,75.95,141.71,0.7034,-1,-1,-1
634,33,338.07,299.93,70.56,205.16,0.7077,-1,-1,-1
634,20,334.54,1004.46,77.15,74.75,0.6331,-1,-1,-1
634,3,942.14,928.60,65.72,151.30,0.6844,-1,-1,-1
634,35,1562.42,601.72,109.70,226.84,0.4650,-1,-1,-1
634,36,1625.77,192.69,69.68,182.85,0.5690,-1,-1,-1
634,31,503.64,540.04,96.96,236.82,0.7749,-1,-1,-1
635,29,1206.74,954.32,74.56,123.30,0.3275,-1,-1,-1
635,32,1717.09,450.52,79.82,215.40,0.7383,-1,-1,-1
635,30,1126.05,940.11,77.33,139.44,0.6974,-1,-1,-1
635,33,337.77,301.99,70.29,205.37,0.7039,-1,-1,-1
635,20,335.08,1007.26,76.10,71.70,0.6349,-1,-1,-1
635,3,939.53,928.26,65.57,151.71,0.6760,-1,-1,-1
635,35,1562.22,603.73,108.91,225.50,0.3776,-1,-1,-1
635,36,1625.04,191.87,69.24,182.66,0.5665,-1,-1,-1
635,31,501.98,538.83,99.78,238.27,0.7706,-1,-1,-1
636,29,1205.49,956.81,74.27,121.55,0.4316,-1,-1,-1
636,32,1716.95,450.85,80.04,215.60,0.7288,-1,-1,-1
636,30,1125.83,943.02,78.45,136.83,0.6897,-1,-1,-1
636,33,337.66,305.17,69.92,204.69,0.7111,-1,-1,-1
636,20,335.67,1010.37,74.87,68.78,0.6310,-1,-1,-1
636,3,938.01,928.44,64.82,151.22,0.6554,-1,-1,-1
636,35,1562.22,604.93,108.49,224.56,0.3686,-1,-1,-1
636,36,1624.28,190.59,69.06,183.31,0.5488,-1,-1,-1
636,31,500.78,538.80,101.05,237.80,0.7661,-1,-1,-1
637,29,1205.03,957.73,74.16,120.57,0.4507,-1,-1,-1
637,32,1716.85,450.68,80.36,216.29,0.7386,-1,-1,-1
637,30,1126.54,946.48,79.35,133.47,0.6872,-1,-1,-1
637,33,337.99,307.27,69.62,204.29,0.7040,-1,-1,-1
637,20,336.59,1014.07,73.29,65.65,0.6051,-1,-1,-1
637,3,936.22,928.56,64.21,150.37,0.6502,-1,-1,-1
637,36,1623.37,189.52,68.95,184.22,0.5964,-1,-1,-1
637,31,500.80,538.79,101.85,236.95,0.7360,-1,-1,-1
638,29,1203.48,959.92,73.51,119.15,0.3872,-1,-1,-1
638,32,1716.82,450.90,80.11,215.68,0.7214,-1,-1,-1
638,30,1127.72,949.39,80.60,130.60,0.6372,-1,-1,-1
638,33,337.81,308.70,69.82,205.43,0.7074,-1,-1,-1
638,20,337.87,1018.96,70.01,60.96,0.5722,-1,-1,-1
638,3,934.87,928.77,63.85,150.42,0.6523,-1,-1,-1
638,36,1623.02,190.19,68.04,182.99,0.5917,-1,-1,-1
638,31,498.04,539.15,101.67,236.44,0.7293,-1,-1,-1
639,29,1202.11,961.65,72.93,118.08,0.3352,-1,-1,-1
639,32,1716.86,451.58,80.14,215.92,0.7479,-1,-1,-1
639,30,1130.34,951.56,82.62,128.44,0.5282,-1,-1,-1
639,33,337.64,309.83,69.76,205.88,0.7234,-1,-1,-1
639,20,339.19,1023.72,66.39,56.27,0.5290,-1,-1,-1
639,3,932.64,928.39,63.78,151.09,0.6439,-1,-1,-1
639,36,1622.77,190.48,67.38,182.40,0.6118,-1,-1,-1
639,31,496.37,539.72,100.72,235.82,0.7100,-1,-1,-1
640,29,1200.35,963.10,72.52,116.87,0.3441,-1,-1,-1
640,32,1716.73,451.87,79.96,215.25,0.7387,-1,-1,-1
640,30,1129.66,954.09,83.46,125.92,0.5273,-1,-1,-1
640,33,337.72,310.47,69.88,206.58,0.7183,-1,-1,-1
640,20,339.11,1027.73,62.63,52.28,0.4231,-1,-1,-1
640,3,930.62,928.11,63.81,151.70,0.6263,-1,-1,-1
640,36,1622.69,190.78,66.68,182.13,0.6058,-1,-1,-1
640,31,494.09,539.78,99.43,236.04,0.7166,-1,-1,-1
641,29,1198.91,962.96,72.78,116.74,0.4449,-1,-1,-1
641,32,1716.83,452.12,79.81,214.43,0.7378,-1,-1,-1
641,30,1127.62,956.31,83.37,123.70,0.6075,-1,-1,-1
641,33,337.60,311.42,69.42,205.36,0.7134,-1,-1,-1
641,3,929.10,927.77,63.78,152.07,0.6147,-1,-1,-1
641,36,1622.32,189.28,66.20,182.20,0.5626,-1,-1,-1
641,31,491.91,539.53,97.73,236.12,0.7124,-1,-1,-1
642,29,1197.19,964.34,72.78,115.60,0.5282,-1,-1,-1
642,32,1716.60,452.51,79.85,214.41,0.7294,-1,-1,-1
642,30,1126.19,957.87,82.77,122.14,0.6291,-1,-1,-1
642,33,337.80,311.67,69.28,204.95,0.7162,-1,-1,-1
642,3,926.48,927.56,63.78,152.39,0.6153,-1,-1,-1
642,36,1622.45,189.84,64.93,180.39,0.5612,-1,-1,-1
642,31,487.29,539.03,96.10,237.33,0.7326,-1,-1,-1
643,29,1196.95,966.35,72.04,113.41,0.3805,-1,-1,-1
643,32,1716.28,453.64,79.67,213.48,0.7248,-1,-1,-1
643,30,1125.53,959.03,82.12,120.98,0.5928,-1,-1,-1
643,33,337.97,312.55,68.97,203.88,0.6934,-1,-1,-1
643,3,924.78,927.38,63.42,151.89,0.6340,-1,-1,-1
643,36,1621.40,189.62,64.95,182.31,0.5622,-1,-1,-1
643,31,481.58,539.03,93.32,236.53,0.7055,-1,-1,-1
643,37,1408.03,970.17,77.36,109.83,0.6171,-1,-1,-1
644,29,1198.15,966.83,72.01,113.12,0.3692,-1,-1,-1
644,32,1716.01,452.84,79.93,213.82,0.7200,-1,-1,-1
644,30,1125.33,960.18,81.77,119.82,0.5938,-1,-1,-1
644,33,337.83,313.39,68.77,202.68,0.7101,-1,-1,-1
644,3,922.84,927.93,63.09,151.51,0.6790,-1,-1,-1
644,36,1621.07,188.80,63.72,180.60,0.6121,-1,-1,-1
644,31,474.44,539.26,90.98,237.24,0.7517,-1,-1,-1
644,37,1404.11,966.82,79.72,113.18,0.6073,-1,-1,-1
645,32,1716.23,452.89,80.04,213.85,0.7229,-1,-1,-1
645,30,1126.05,961.14,82.08,118.87,0.4906,-1,-1,-1
645,33,338.05,314.69,68.33,200.73,0.6924,-1,-1,-1
645,3,921.20,928.44,62.79,150.85,0.6906,-1,-1,-1
645,36,1620.69,188.16,62.68,179.23,0.6223,-1,-1,-1
645,31,468.07,539.72,89.28,238.11,0.7676,-1,-1,-1
645,37,1399.67,963.69,81.84,116.31,0.6027,-1,-1,-1
646,32,1716.22,453.81,80.05,213.34,0.7332,-1,-1,-1
646,30,1124.71,962.52,80.89,117.49,0.5773,-1,-1,-1
646,33,337.85,316.92,67.93,198.66,0.7010,-1,-1,-1
646,3,919.32,928.33,62.77,150.82,0.6762,-1,-1,-1
646,36,1620.46,186.55,62.04,178.52,0.6405,-1,-1,-1
646,31,463.37,539.04,88.29,239.04,0.7732,-1,-1,-1
646,37,1394.32,959.60,84.66,120.40,0.6705,-1,-1,-1
647,32,1716.24,453.33,80.42,213.88,0.7302,-1,-1,-1
647,30,1123.86,963.73,79.47,116.27,0.5147,-1,-1,-1
647,33,337.13,319.61,67.67,197.29,0.7115,-1,-1,-1
647,3,916.10,928.49,62.88,150.23,0.6718,-1,-1,-1
647,36,1620.09,184.45,62.37,180.62,0.6471,-1,-1,-1
647,31,460.56,538.54,87.28,239.43,0.7619,-1,-1,-1
647,37,1389.62,955.31,87.52,124.43,0.7061,-1,-1,-1
648,32,1716.56,453.17,80.18,213.05,0.7300,-1,-1,-1
648,30,1124.52,965.70,78.02,114.30,0.5521,-1,-1,-1
648,33,336.52,320.52,67.88,197.78,0.7189,-1,-1,-1
648,3,913.69,929.11,63.23,149.51,0.6892,-1,-1,-1
648,36,1619.82,182.75,61.25,177.68,0.6567,-1,-1,-1
648,31,457.64,537.98,86.56,239.60,0.7499,-1,-1,-1
648,37,1386.18,951.89,89.63,127.48,0.7037,-1,-1,-1
649,32,1717.44,453.57,80.48,213.21,0.7300,-1,-1,-1
649,30,1125.77,967.96,76.89,112.04,0.5285,-1,-1,-1
649,33,335.24,321.41,68.43,199.55,0.7241,-1,-1,-1
649,3,910.33,929.46,63.81,149.17,0.7042,-1,-1,-1
649,36,1618.97,181.43,61.36,178.15,0.6595,-1,-1,-1
649,31,455.80,538.49,85.52,238.31,0.7665,-1,-1,-1
649,37,1382.59,950.20,90.35,128.60,0.6953,-1,-1,-1
649,39,1463.25,933.92,93.07,143.85,0.6274,-1,-1,-1
650,32,1717.39,453.44,80.32,212.91,0.7358,-1,-1,-1
650,30,1125.71,970.78,74.62,108.85,0.4842,-1,-1,-1
650,33,333.97,322.53,69.28,202.97,0.7115,-1,-1,-1
650,3,907.82,931.03,63.89,147.54,0.7192,-1,-1,-1
650,36,1618.39,180.10,61.68,178.96,0.6244,-1,-1,-1
650,31,453.18,537.35,85.37,238.80,0.7775,-1,-1,-1
650,37,1377.18,947.37,91.84,131.15,0.7016,-1,-1,-1
650,39,1457.51,930.29,95.58,147.72,0.6492,-1,-1,-1
651,32,1717.50,453.70,80.19,212.53,0.7262,-1,-1,-1
651,30,1126.85,972.68,74.02,107.19,0.5221,-1,-1,-1
651,33,332.96,323.30,69.59,204.61,0.7222,-1,-1,-1
651,3,905.50,931.24,64.63,147.64,0.7264,-1,-1,-1
651,36,1617.92,177.91,61.72,178.31,0.6217,-1,-1,-1
651,31,451.89,537.17,85.05,238.65,0.7802,-1,-1,-1
651,37,1371.07,945.52,93.02,133.10,0.6956,-1,-1,-1
651,39,1454.29,927.52,97.99,151.68,0.6642,-1,-1,-1
652,32,1717.16,453.79,80.03,212.41,0.7171,-1,-1,-1
652,30,1124.76,975.57,71.55,104.39,0.4874,-1,-1,-1
652,33,332.17,325.23,69.50,205.26,0.7090,-1,-1,-1
652,3,903.22,931.01,65.06,147.23,0.6997,-1,-1,-1
652,36,1617.34,175.39,62.02,178.58,0.6510,-1,-1,-1
652,31,450.83,536.76,84.93,238.61,0.7725,-1,-1,-1
652,37,1366.99,943.55,94.24,135.10,0.6665,-1,-1,-1
652,39,1451.24,924.00,99.71,154.83,0.6132,-1,-1,-1
653,32,1717.64,453.24,80.10,212.94,0.7314,-1,-1,-1
653,30,1125.71,979.53,69.20,100.26,0.5599,-1,-1,-1
653,33,331.77,326.96,69.17,205.52,0.7245,-1,-1,-1
653,3,900.89,931.55,65.00,146.24,0.6970,-1,-1,-1
653,36,1617.45,174.61,61.65,176.21,0.6819,-1,-1,-1
653,31,450.06,536.57,84.93,238.33,0.7784,-1,-1,-1
653,37,1363.49,941.55,95.19,136.77,0.7052,-1,-1,-1
653,39,1445.97,918.29,103.15,161.02,0.6484,-1,-1,-1
654,32,1718.19,452.88,79.95,212.83,0.7316,-1,-1,-1
654,30,1125.01,982.78,66.99,96.73,0.5158,-1,-1,-1
654,33,331.49,328.62,68.81,206.11,0.7105,-1,-1,-1
654,3,898.91,932.23,64.67,145.49,0.6881,-1,-1,-1
654,36,1617.02,173.67,62.34,176.88,0.6421,-1,-1,-1
654,31,450.71,536.32,84.92,238.48,0.7813,-1,-1,-1
654,37,1359.58,939.86,95.40,137.45,0.6924,-1,-1,-1
654,39,1442.62,914.77,104.80,164.77,0.6315,-1,-1,-1
655,32,1718.04,452.65,79.99,213.21,0.7276,-1,-1,-1
655,30,1127.39,985.91,66.05,93.50,0.5832,-1,-1,-1
655,33,331.07,330.31,68.09,205.27,0.6950,-1,-1,-1
655,3,895.98,932.28,64.68,145.28,0.6859,-1,-1,-1
655,36,1616.23,169.43,64.11,180.82,0.5920,-1,-1,-1
655,31,450.79,536.17,84.72,238.59,0.7840,-1,-1,-1
655,37,1357.00,938.12,96.21,139.21,0.6731,-1,-1,-1
655,39,1439.48,914.17,104.69,165.77,0.6456,-1,-1,-1
656,32,1718.01,452.27,80.05,213.89,0.7408,-1,-1,-1
656,30,1126.82,988.34,64.64,90.35,0.5592,-1,-1,-1
656,33,330.29,331.62,68.02,206.02,0.6912,-1,-1,-1
656,3,892.92,932.45,64.75,144.93,0.7028,-1,-1,-1
656,36,1615.84,167.11,64.76,181.32,0.5936,-1,-1,-1
656,31,451.43,535.15,84.51,239.40,0.7881,-1,-1,-1
656,37,1355.10,935.89,97.19,141.44,0.6797,-1,-1,-1
656,39,1435.30,911.20,105.85,168.77,0.6134,-1,-1,-1
657,32,1718.17,452.15,80.00,213.91,0.7387,-1,-1,-1
657,30,1124.64,990.11,63.47,88.22,0.5343,-1,-1,-1
657,33,329.08,332.96,67.76,205.99,0.6783,-1,-1,-1
657,3,889.53,932.11,65.35,145.60,0.6986,-1,-1,-1
657,36,1615.72,167.77,64.63,178.78,0.6008,-1,-1,-1
657,31,451.77,535.04,84.02,239.62,0.7761,-1,-1,-1
657,37,1353.90,933.14,98.47,144.54,0.6722,-1,-1,-1
657,39,1430.50,907.90,106.90,171.51,0.6414,-1,-1,-1
658,32,1718.10,451.98,80.04,214.69,0.7164,-1,-1,-1
658,30,1122.89,990.73,63.72,87.46,0.5450,-1,-1,-1
658,33,327.71,333.78,67.49,205.78,0.6805,-1,-1,-1
658,3,886.94,932.42,65.75,145.71,0.7055,-1,-1,-1
658,36,1615.29,167.48,64.91,177.02,0.5999,-1,-1,-1
658,31,450.77,534.07,83.81,240.54,0.7578,-1,-1,-1
658,37,1350.65,929.67,99.70,147.64,0.6750,-1,-1,-1
658,39,1426.90,905.72,107.15,173.27,0.6657,-1,-1,-1
659,32,1718.09,452.15,80.03,214.67,0.7405,-1,-1,-1
659,30,1123.46,991.89,64.46,86.55,0.6017,-1,-1,-1
659,33,325.66,333.20,67.81,206.40,0.7248,-1,-1,-1
659,3,884.15,932.66,65.78,145.23,0.7052,-1,-1,-1
659,36,1615.34,167.10,65.65,176.50,0.6066,-1,-1,-1
659,31,449.73,531.81,83.75,241.71,0.7662,-1,-1,-1
659,37,1347.64,926.82,100.72,150.58,0.6723,-1,-1,-1
659,39,1424.23,904.67,106.55,173.67,0.6155,-1,-1,-1
659,29,1206.71,999.04,57.71,81.13,0.6217,-1,-1,-1
660,32,1717.79,451.88,79.90,214.59,0.7281,-1,-1,-1
660,30,1122.29,993.60,64.68,84.94,0.6365,-1,-1,-1
660,33,323.87,333.45,67.82,205.87,0.7227,-1,-1,-1
660,3,881.49,932.29,65.94,145.30,0.6978,-1,-1,-1
660,36,1615.74,166.51,66.85,177.89,0.6504,-1,-1,-1
660,31,447.37,530.63,82.76,240.56,0.7579,-1,-1,-1
660,37,1345.22,923.60,101.37,153.00,0.6752,-1,-1,-1
660,39,1422.46,902.64,106.97,175.43,0.6228,-1,-1,-1
660,29,1205.45,1001.84,60.62,78.23,0.6206,-1,-1,-1
661,32,1718.19,451.89,79.58,213.61,0.7519,-1,-1,-1
661,30,1118.31,994.24,65.24,84.48,0.5997,-1,-1,-1
661,33,322.59,333.83,67.67,204.81,0.6933,-1,-1,-1
661,3,878.61,931.45,66.54,146.97,0.6722,-1,-1,-1
661,36,1617.12,166.43,66.89,175.88,0.6517,-1,-1,-1
661,31,443.38,530.51,81.20,239.67,0.7663,-1,-1,-1
661,37,1342.58,920.80,101.73,155.38,0.6756,-1,-1,-1
661,39,1421.01,900.84,107.15,176.86,0.6329,-1,-1,-1
661,29,1204.16,1004.85,62.79,75.20,0.5822,-1,-1,-1
662,32,1718.09,451.76,79.64,213.67,0.7496,-1,-1,-1
662,30,1116.74,996.13,64.84,82.61,0.6012,-1,-1,-1
662,33,321.51,333.95,67.76,204.61,0.7002,-1,-1,-1
662,3,875.39,930.28,67.05,148.71,0.6624,-1,-1,-1
662,36,1617.32,165.83,67.62,175.72,0.6382,-1,-1,-1
662,31,439.09,530.16,80.25,240.02,0.7829,-1,-1,-1
662,37,1338.32,916.32,102.99,159.93,0.6168,-1,-1,-1
662,39,1419.27,898.48,108.08,179.54,0.4911,-1,-1,-1
662,29,1203.47,1005.81,65.16,73.87,0.5335,-1,-1,-1
663,32,1718.68,452.29,79.64,212.97,0.7377,-1,-1,-1
663,30,1113.64,997.78,63.92,80.91,0.5350,-1,-1,-1
663,33,321.02,334.26,67.68,204.14,0.7130,-1,-1,-1
663,3,872.98,929.65,66.86,149.21,0.6632,-1,-1,-1
663,36,1618.38,164.89,67.98,175.16,0.6153,-1,-1,-1
663,31,434.70,529.30,79.03,239.59,0.8057,-1,-1,-1
663,37,1333.78,911.63,104.79,165.70,0.6731,-1,-1,-1
663,39,1416.58,895.99,109.21,183.32,0.6283,-1,-1,-1
663,29,1202.83,1007.83,65.90,71.40,0.5120,-1,-1,-1
664,32,1718.81,452.57,80.03,213.36,0.7252,-1,-1,-1
664,30,1111.13,1000.27,62.39,78.60,0.5255,-1,-1,-1
664,33,320.53,335.09,67.42,203.17,0.7015,-1,-1,-1
664,3,870.89,929.54,66.41,148.67,0.6802,-1,-1,-1
664,36,1618.58,163.90,69.46,178.05,0.6268,-1,-1,-1
664,31,430.03,528.19,78.26,240.71,0.7957,-1,-1,-1
664,37,1330.64,907.79,105.65,170.42,0.6328,-1,-1,-1
664,39,1413.95,892.94,109.79,186.86,0.6074,-1,-1,-1
664,29,1202.24,1009.72,66.74,69.78,0.4593,-1,-1,-1
665,32,1718.99,452.44,80.17,213.24,0.7288,-1,-1,-1
665,30,1111.70,1001.96,63.00,77.50,0.5655,-1,-1,-1
665,33,318.82,335.04,67.65,203.14,0.6931,-1,-1,-1
665,3,868.48,930.27,66.26,148.47,0.6747,-1,-1,-1
665,36,1618.66,162.50,71.12,182.14,0.5983,-1,-1,-1
665,31,425.21,526.78,77.46,243.11,0.7424,-1,-1,-1
665,37,1327.35,904.35,105.45,173.94,0.6500,-1,-1,-1
665,39,1410.35,886.92,111.99,193.06,0.6325,-1,-1,-1
665,29,1200.21,1012.41,65.42,67.43,0.4696,-1,-1,-1
666,32,1718.59,452.17,80.54,213.97,0.7037,-1,-1,-1
666,30,1111.83,1004.54,62.52,74.73,0.5717,-1,-1,-1
666,33,316.17,335.64,68.38,203.66,0.6713,-1,-1,-1
666,3,866.69,930.17,66.15,148.28,0.6917,-1,-1,-1
666,36,1619.22,161.11,71.51,182.99,0.6059,-1,-1,-1
666,31,421.73,526.49,76.94,246.16,0.7489,-1,-1,-1
666,37,1323.76,902.41,104.30,175.79,0.6548,-1,-1,-1
666,39,1407.55,882.97,113.18,197.08,0.6420,-1,-1,-1
666,29,1198.78,1014.71,64.15,65.26,0.4931,-1,-1,-1
667,32,1718.13,452.61,80.81,214.11,0.6936,-1,-1,-1
667,30,1109.22,1007.02,60.94,71.59,0.5468,-1,-1,-1
667,33,313.37,337.76,69.41,203.50,0.7022,-1,-1,-1
667,3,864.38,929.95,66.21,148.41,0.6827,-1,-1,-1
667,36,1619.97,159.65,71.87,183.96,0.6140,-1,-1,-1
667,31,419.28,526.18,76.04,247.69,0.7494,-1,-1,-1
667,37,1320.71,899.71,103.93,179.07,0.6582,-1,-1,-1
667,39,1402.61,880.18,113.37,199.89,0.6887,-1,-1,-1
667,29,1198.46,1017.21,62.29,62.80,0.5358,-1,-1,-1
668,32,1718.28,452.66,81.09,214.09,0.7211,-1,-1,-1
668,30,1109.02,1009.69,59.21,68.16,0.5577,-1,-1,-1
668,33,312.75,340.61,70.23,204.02,0.6965,-1,-1,-1
668,3,862.29,929.66,66.30,148.56,0.6842,-1,-1,-1
668,36,1621.72,157.26,71.68,183.30,0.5986,-1,-1,-1
668,31,417.38,526.54,74.54,246.26,0.7642,-1,-1,-1
668,37,1319.66,898.36,102.65,180.45,0.6540,-1,-1,-1
668,39,1399.31,876.78,113.78,203.30,0.6790,-1,-1,-1
668,29,1197.83,1019.98,59.72,59.78,0.5497,-1,-1,-1
669,32,1718.35,452.02,81.67,215.38,0.6930,-1,-1,-1
669,30,1107.43,1012.76,56.22,64.23,0.4825,-1,-1,-1
669,33,312.98,344.30,70.69,203.99,0.7222,-1,-1,-1
669,3,859.91,930.02,66.35,148.43,0.6618,-1,-1,-1
669,36,1622.57,154.22,72.09,184.28,0.6092,-1,-1,-1
669,31,414.59,526.89,74.15,246.49,0.7522,-1,-1,-1
669,37,1318.70,897.36,101.07,181.35,0.6975,-1,-1,-1
669,39,1396.95,874.38,113.60,205.69,0.7231,-1,-1,-1
669,29,1198.43,1024.47,55.85,55.27,0.4728,-1,-1,-1
670,32,1718.20,452.13,81.81,214.99,0.7121,-1,-1,-1
670,30,1108.60,1016.01,54.17,60.75,0.4967,-1,-1,-1
670,33,312.54,346.27,71.31,205.19,0.7317,-1,-1,-1
670,3,857.88,929.65,66.74,149.03,0.6724,-1,-1,-1
670,36,1623.77,153.10,72.02,184.15,0.6214,-1,-1,-1
670,31,410.75,527.41,74.14,245.72,0.7736,-1,-1,-1
670,37,1316.88,895.98,99.89,182.86,0.7181,-1,-1,-1
670,39,1395.08,871.04,114.24,209.02,0.6869,-1,-1,-1
670,29,1199.27,1028.15,52.25,51.03,0.4299,-1,-1,-1
671,32,1718.21,452.54,82.00,214.55,0.7191,-1,-1,-1
671,30,1105.81,1019.79,51.38,57.42,0.5073,-1,-1,-1
671,33,311.79,347.69,72.23,207.60,0.7608,-1,-1,-1
671,3,856.11,929.95,66.74,148.68,0.6828,-1,-1,-1
671,36,1624.91,152.04,71.38,182.71,0.6195,-1,-1,-1
671,31,407.38,527.39,74.56,245.68,0.7843,-1,-1,-1
671,37,1314.92,894.94,98.43,184.00,0.7093,-1,-1,-1
671,39,1393.26,866.80,115.02,213.10,0.6959,-1,-1,-1
671,29,1199.11,1031.78,49.16,47.70,0.3961,-1,-1,-1
672,32,1717.95,451.97,82.32,214.76,0.7041,-1,-1,-1
672,30,1106.01,1024.29,48.31,54.03,0.4839,-1,-1,-1
672,33,311.57,348.84,72.25,207.70,0.7650,-1,-1,-1
672,3,854.49,929.31,66.95,149.11,0.6779,-1,-1,-1
672,36,1626.72,154.73,69.21,177.15,0.5869,-1,-1,-1
672,31,405.18,528.29,74.84,244.48,0.7850,-1,-1,-1
672,37,1311.74,894.03,97.63,185.45,0.7340,-1,-1,-1
672,39,1392.31,862.36,115.81,217.63,0.7246,-1,-1,-1
672,29,1198.61,1034.44,46.87,45.27,0.3781,-1,-1,-1
673,32,1717.99,452.49,82.70,214.80,0.7261,-1,-1,-1
673,30,1107.50,1028.92,45.07,50.36,0.4311,-1,-1,-1
673,33,311.38,350.76,72.25,207.92,0.7739,-1,-1,-1
673,3,853.14,929.56,66.99,149.41,0.6823,-1,-1,-1
673,36,1627.27,155.58,68.66,175.90,0.5827,-1,-1,-1
673,31,403.51,529.87,75.31,243.50,0.7856,-1,-1,-1
673,37,1308.97,891.96,97.33,187.89,0.7126,-1,-1,-1
673,39,1391.95,860.63,114.68,219.38,0.6946,-1,-1,-1
673,29,1197.09,1036.15,45.03,43.64,0.3754,-1,-1,-1
674,32,1717.91,452.52,83.28,215.02,0.7271,-1,-1,-1
674,30,1108.43,1031.56,43.14,48.28,0.4071,-1,-1,-1
674,33,310.96,351.81,72.53,208.79,0.7630,-1,-1,-1
674,3,850.68,929.20,67.19,150.31,0.6870,-1,-1,-1
674,36,1627.84,156.02,67.88,173.99,0.5283,-1,-1,-1
674,31,401.40,530.33,76.21,243.57,0.7802,-1,-1,-1
674,37,1305.59,889.13,97.30,190.82,0.7251,-1,-1,-1
674,39,1389.98,858.81,113.49,221.22,0.5804,-1,-1,-1
674,29,1196.29,1037.35,43.82,42.60,0.3225,-1,-1,-1
675,32,1717.88,452.50,83.37,214.03,0.7088,-1,-1,-1
675,30,1109.70,1035.51,40.01,44.52,0.3530,-1,-1,-1
675,33,311.16,353.04,72.79,209.88,0.7547,-1,-1,-1
675,3,849.35,930.05,66.58,149.82,0.6792,-1,-1,-1
675,36,1627.61,155.99,67.83,174.08,0.5498,-1,-1,-1
675,31,398.81,529.27,77.74,244.92,0.7812,-1,-1,-1
675,37,1300.62,886.33,97.33,193.32,0.7486,-1,-1,-1
675,39,1389.89,860.53,112.25,219.50,0.5470,-1,-1,-1
675,29,1197.26,1040.98,40.53,39.02,0.3339,-1,-1,-1
676,32,1718.11,453.02,83.35,213.10,0.7210,-1,-1,-1
676,33,311.15,355.00,72.45,209.38,0.7454,-1,-1,-1
676,3,847.52,930.49,65.99,149.51,0.6678,-1,-1,-1
676,36,1626.64,155.11,69.17,178.53,0.5772,-1,-1,-1
676,31,396.26,530.31,78.97,244.41,0.7890,-1,-1,-1
676,37,1296.23,883.36,97.55,196.55,0.7680,-1,-1,-1
676,39,1381.82,860.80,111.68,219.23,0.6201,-1,-1,-1
676,29,1198.32,1043.22,38.86,36.80,0.3280,-1,-1,-1
677,32,1717.86,453.14,83.76,213.21,0.7146,-1,-1,-1
677,33,311.20,355.59,72.45,209.41,0.7470,-1,-1,-1
677,3,846.20,930.44,65.63,149.49,0.6736,-1,-1,-1
677,36,1626.29,155.93,67.95,175.82,0.5569,-1,-1,-1
677,31,392.20,530.73,80.72,244.39,0.7918,-1,-1,-1
677,37,1293.24,879.71,97.62,199.41,0.7790,-1,-1,-1
677,39,1373.44,859.28,111.89,220.75,0.6728,-1,-1,-1
677,29,1199.84,1045.29,37.70,34.73,0.3254,-1,-1,-1
678,32,1717.75,453.28,84.15,213.42,0.6945,-1,-1,-1
678,33,311.23,356.68,72.33,209.23,0.7369,-1,-1,-1
678,3,844.97,929.58,65.63,150.15,0.6766,-1,-1,-1
678,36,1625.56,156.32,67.28,174.05,0.5405,-1,-1,-1
678,31,388.38,531.32,82.71,243.83,0.7888,-1,-1,-1
678,37,1287.75,876.72,98.18,202.98,0.7790,-1,-1,-1
678,39,1368.88,858.98,111.65,221.04,0.6415,-1,-1,-1
678,29,1200.87,1047.74,36.51,32.28,0.3037,-1,-1,-1
679,32,1717.15,452.69,84.18,212.96,0.6947,-1,-1,-1
679,33,310.95,356.43,72.19,209.73,0.7147,-1,-1,-1
679,3,843.71,927.80,66.39,152.14,0.6984,-1,-1,-1
679,36,1625.05,156.54,67.07,173.58,0.5725,-1,-1,-1
679,31,383.83,531.38,85.13,243.90,0.7829,-1,-1,-1
679,37,1283.38,873.95,98.69,205.97,0.7926,-1,-1,-1
679,39,1366.72,857.81,111.46,222.21,0.6364,-1,-1,-1
680,32,1717.33,453.03,84.65,213.36,0.7332,-1,-1,-1
680,33,310.77,356.91,71.81,208.56,0.7214,-1,-1,-1
680,3,842.65,927.45,66.31,152.56,0.7235,-1,-1,-1
680,36,1624.69,155.51,66.78,172.88,0.5885,-1,-1,-1
680,31,379.32,530.76,87.79,244.61,0.7842,-1,-1,-1
680,37,1279.93,871.08,99.01,208.92,0.7654,-1,-1,-1
680,39,1363.37,856.89,110.88,223.13,0.6466,-1,-1,-1
681,32,1717.69,453.26,84.79,213.28,0.7224,-1,-1,-1
681,33,311.19,357.13,71.43,207.56,0.7005,-1,-1,-1
681,3,841.80,926.17,66.84,153.46,0.7214,-1,-1,-1
681,36,1623.83,156.36,66.40,171.97,0.6201,-1,-1,-1
681,31,373.73,530.64,90.77,244.79,0.8075,-1,-1,-1
681,37,1275.50,868.34,99.15,211.23,0.7400,-1,-1,-1
681,39,1361.46,854.42,110.49,225.59,0.6771,-1,-1,-1
682,32,1717.29,453.33,85.04,213.53,0.7354,-1,-1,-1
682,33,310.74,357.94,71.40,207.15,0.7168,-1,-1,-1
682,3,840.12,924.67,67.77,154.85,0.7307,-1,-1,-1
682,36,1623.29,155.56,66.86,173.38,0.5939,-1,-1,-1
682,31,370.57,530.59,93.39,244.33,0.8010,-1,-1,-1
682,37,1272.36,865.49,99.54,214.10,0.7595,-1,-1,-1
682,39,1360.53,851.07,110.04,228.95,0.7170,-1,-1,-1
683,32,1717.49,453.79,85.05,213.18,0.7296,-1,-1,-1
683,33,310.33,357.61,71.38,207.27,0.7243,-1,-1,-1
683,3,838.50,924.14,68.49,155.35,0.7290,-1,-1,-1
683,36,1621.43,155.31,67.52,175.71,0.5770,-1,-1,-1
683,31,366.63,530.40,96.34,244.81,0.7991,-1,-1,-1
683,37,1268.74,863.53,99.82,215.99,0.7655,-1,-1,-1
683,39,1357.50,846.14,110.35,233.87,0.7204,-1,-1,-1
684,32,1716.66,453.45,85.34,213.82,0.7205,-1,-1,-1
684,33,309.77,357.87,71.18,207.00,0.7256,-1,-1,-1
684,3,836.73,923.45,69.41,156.08,0.7274,-1,-1,-1
684,36,1619.65,155.28,67.78,177.33,0.5948,-1,-1,-1
684,31,363.32,528.55,99.26,246.66,0.7919,-1,-1,-1
684,37,1265.09,861.53,99.80,216.80,0.7917,-1,-1,-1
684,39,1352.53,841.31,110.84,238.70,0.7312,-1,-1,-1
685,32,1715.90,452.87,85.46,214.22,0.7321,-1,-1,-1
685,33,309.48,359.26,70.95,206.69,0.7166,-1,-1,-1
685,3,834.28,923.39,70.37,156.09,0.7385,-1,-1,-1
685,36,1618.21,154.24,68.49,180.66,0.5787,-1,-1,-1
685,31,360.61,527.83,101.70,248.10,0.7988,-1,-1,-1
685,37,1262.65,859.73,99.53,217.77,0.7938,-1,-1,-1
685,39,1349.54,838.24,110.32,241.77,0.7493,-1,-1,-1
686,32,1715.72,452.02,85.73,214.79,0.7436,-1,-1,-1
686,33,308.54,362.15,70.68,206.65,0.7138,-1,-1,-1
686,3,832.80,922.51,71.48,156.42,0.7459,-1,-1,-1
686,36,1617.28,152.39,68.46,181.60,0.5285,-1,-1,-1
686,31,358.39,528.41,103.04,248.00,0.8008,-1,-1,-1
686,37,1260.56,857.61,100.04,220.30,0.7990,-1,-1,-1
686,39,1347.14,834.44,109.99,245.33,0.7473,-1,-1,-1
687,32,1716.01,451.94,85.64,214.32,0.7522,-1,-1,-1
687,33,308.30,365.40,70.33,206.81,0.7049,-1,-1,-1
687,3,831.49,922.59,72.37,156.36,0.7347,-1,-1,-1
687,36,1615.94,150.55,68.22,182.18,0.5445,-1,-1,-1
687,31,355.71,528.95,103.73,248.32,0.7980,-1,-1,-1
687,37,1257.52,855.92,100.39,223.32,0.7733,-1,-1,-1
687,39,1343.91,830.72,109.67,248.88,0.7660,-1,-1,-1
688,32,1716.29,452.62,85.86,214.28,0.7611,-1,-1,-1
688,33,308.18,368.15,69.92,206.96,0.7048,-1,-1,-1
688,3,829.68,922.94,73.28,155.94,0.7342,-1,-1,-1
688,36,1614.45,148.10,66.54,177.99,0.5620,-1,-1,-1
688,31,353.96,528.82,104.13,249.07,0.8145,-1,-1,-1
688,37,1255.26,853.57,100.36,226.18,0.7828,-1,-1,-1
688,39,1340.34,829.65,108.50,250.20,0.7935,-1,-1,-1
689,32,1715.52,452.07,86.07,214.86,0.7512,-1,-1,-1
689,33,308.08,369.56,69.19,206.46,0.7069,-1,-1,-1
689,3,827.89,923.57,74.13,155.33,0.7300,-1,-1,-1
689,36,1613.67,145.57,66.35,177.82,0.5713,-1,-1,-1
689,31,354.18,529.35,103.77,248.80,0.8144,-1,-1,-1
689,37,1252.78,851.11,100.08,228.83,0.7728,-1,-1,-1
689,39,1337.79,827.32,108.12,252.63,0.7898,-1,-1,-1
690,32,1715.76,451.32,86.71,216.38,0.7242,-1,-1,-1
690,33,307.54,372.04,68.81,207.23,0.6977,-1,-1,-1
690,3,827.37,924.94,74.53,153.53,0.7442,-1,-1,-1
690,36,1612.41,143.80,66.43,178.25,0.5981,-1,-1,-1
690,31,354.55,529.24,103.42,249.86,0.8186,-1,-1,-1
690,37,1251.15,848.35,99.92,231.66,0.7244,-1,-1,-1
690,39,1333.72,824.40,107.80,255.59,0.7714,-1,-1,-1
691,32,1716.02,451.75,86.88,216.66,0.7420,-1,-1,-1
691,33,307.20,374.65,68.43,207.61,0.7123,-1,-1,-1
691,3,827.21,925.74,74.96,152.26,0.7384,-1,-1,-1
691,36,1610.46,141.93,66.48,178.77,0.6323,-1,-1,-1
691,31,356.95,530.76,101.87,249.42,0.8249,-1,-1,-1
691,37,1249.67,845.49,99.32,233.67,0.7877,-1,-1,-1
691,39,1330.26,823.11,107.35,256.89,0.7799,-1,-1,-1
692,32,1716.49,452.41,86.53,215.54,0.7367,-1,-1,-1
692,33,306.32,375.05,68.77,210.28,0.7244,-1,-1,-1
692,3,827.14,927.47,74.66,149.61,0.7439,-1,-1,-1
692,36,1608.97,140.63,66.60,179.22,0.6501,-1,-1,-1
692,31,359.90,532.89,100.11,249.23,0.8117,-1,-1,-1
692,37,1248.20,842.19,98.70,236.11,0.7949,-1,-1,-1
692,39,1327.09,822.33,106.60,257.68,0.7622,-1,-1,-1
693,32,1716.15,451.62,86.75,216.21,0.7273,-1,-1,-1
693,33,305.02,374.86,69.21,213.39,0.7135,-1,-1,-1
693,3,827.05,928.00,75.14,148.88,0.7416,-1,-1,-1
693,36,1607.98,138.79,66.41,178.91,0.6570,-1,-1,-1
693,31,362.64,534.07,98.43,250.22,0.8112,-1,-1,-1
693,37,1245.67,838.76,98.75,240.51,0.8201,-1,-1,-1
693,39,1323.90,820.59,106.04,259.41,0.7656,-1,-1,-1
694,32,1715.94,451.58,87.05,216.92,0.7418,-1,-1,-1
694,33,303.94,375.12,69.32,215.12,0.7027,-1,-1,-1
694,3,827.04,928.51,75.82,148.28,0.7642,-1,-1,-1
694,36,1606.56,136.35,66.49,179.18,0.6390,-1,-1,-1
694,31,365.97,534.82,96.07,249.80,0.8163,-1,-1,-1
694,37,1243.66,835.23,98.25,243.77,0.8163,-1,-1,-1
694,39,1321.64,818.98,105.50,261.02,0.7709,-1,-1,-1
695,32,1716.63,452.13,86.62,215.91,0.7253,-1,-1,-1
695,33,303.54,375.08,69.03,215.42,0.6669,-1,-1,-1
695,3,827.03,930.07,76.22,147.09,0.7505,-1,-1,-1
695,36,1605.97,135.37,66.32,178.94,0.6304,-1,-1,-1
695,31,368.43,535.18,93.88,249.98,0.8111,-1,-1,-1
695,37,1241.36,831.70,97.67,246.70,0.7898,-1,-1,-1
695,39,1320.73,817.58,104.77,262.34,0.7505,-1,-1,-1
696,32,1717.06,452.13,86.33,215.14,0.7146,-1,-1,-1
696,33,302.62,375.31,68.84,215.03,0.6333,-1,-1,-1
696,3,827.15,931.19,76.80,146.59,0.7368,-1,-1,-1
696,36,1604.89,134.58,66.50,179.67,0.6069,-1,-1,-1
696,31,370.13,535.44,91.79,250.68,0.8032,-1,-1,-1
696,37,1237.85,829.63,96.76,248.33,0.7861,-1,-1,-1
696,39,1319.21,815.48,104.38,264.49,0.7582,-1,-1,-1
697,32,1716.94,452.42,86.35,214.90,0.7071,-1,-1,-1
697,33,300.98,375.83,69.04,214.96,0.6338,-1,-1,-1
697,3,827.81,932.45,77.03,145.65,0.7474,-1,-1,-1
697,36,1603.36,134.70,66.34,178.66,0.5440,-1,-1,-1
697,31,371.76,536.35,89.46,250.28,0.7921,-1,-1,-1
697,37,1235.21,828.05,96.00,250.03,0.7670,-1,-1,-1
697,39,1316.70,812.65,104.49,267.34,0.7815,-1,-1,-1
698,32,1717.22,452.49,86.20,214.66,0.7369,-1,-1,-1
698,33,300.26,376.32,69.17,214.52,0.6217,-1,-1,-1
698,3,828.37,932.08,77.84,146.33,0.7641,-1,-1,-1
698,36,1602.95,134.46,66.33,178.34,0.5203,-1,-1,-1
698,31,373.63,537.20,87.09,249.27,0.7955,-1,-1,-1
698,37,1232.33,826.97,95.08,250.97,0.7712,-1,-1,-1
698,39,1313.85,809.84,104.67,270.16,0.7908,-1,-1,-1
699,32,1717.21,452.36,86.19,215.08,0.7188,-1,-1,-1
699,33,299.70,376.47,69.21,213.56,0.6502,-1,-1,-1
699,3,829.01,932.48,78.16,146.02,0.7653,-1,-1,-1
699,36,1601.21,133.79,67.34,180.51,0.4055,-1,-1,-1
699,31,374.61,537.67,84.78,248.47,0.7807,-1,-1,-1
699,37,1228.95,824.97,94.86,252.69,0.7672,-1,-1,-1
699,39,1310.89,805.89,104.41,273.08,0.8004,-1,-1,-1
700,32,1717.38,452.57,85.73,214.18,0.7238,-1,-1,-1
700,33,298.54,376.42,69.42,213.17,0.6560,-1,-1,-1
700,3,830.29,932.78,78.47,145.90,0.7654,-1,-1,-1
700,36,1600.00,133.56,67.79,180.75,0.3628,-1,-1,-1
700,31,375.80,538.75,82.63,247.64,0.7897,-1,-1,-1
700,37,1226.85,823.08,94.31,253.11,0.7665,-1,-1,-1
700,39,1308.34,802.55,103.64,274.58,0.7930,-1,-1,-1
701,32,1717.22,452.44,86.16,215.26,0.7201,-1,-1,-1
701,33,298.10,377.29,69.38,211.39,0.6498,-1,-1,-1
701,3,831.92,932.41,79.17,146.06,0.7711,-1,-1,-1
701,36,1599.30,134.40,68.14,180.45,0.3538,-1,-1,-1
701,31,376.61,539.23,80.45,246.50,0.7570,-1,-1,-1
701,37,1224.37,820.13,94.87,256.01,0.8024,-1,-1,-1
701,39,1307.50,798.85,102.61,274.44,0.7865,-1,-1,-1
702,32,1717.25,451.73,86.35,215.66,0.7401,-1,-1,-1
702,33,297.62,376.78,69.97,211.96,0.6840,-1,-1,-1
702,3,833.79,933.14,79.22,145.45,0.7707,-1,-1,-1
702,36,1599.09,134.69,68.29,180.18,0.3889,-1,-1,-1
702,31,377.30,539.83,78.27,245.43,0.7414,-1,-1,-1
702,37,1220.92,817.48,95.41,257.68,0.7633,-1,-1,-1
702,39,1307.22,794.05,99.33,266.86,0.7726,-1,-1,-1
703,32,1717.12,451.67,86.63,216.47,0.7372,-1,-1,-1
703,33,297.01,377.14,70.73,213.10,0.6903,-1,-1,-1
703,3,835.77,933.70,79.21,144.68,0.7770,-1,-1,-1
703,36,1599.34,131.67,69.59,184.28,0.4385,-1,-1,-1
703,31,378.34,540.37,76.27,244.83,0.7364,-1,-1,-1
703,37,1218.65,815.68,95.23,258.48,0.7740,-1,-1,-1
703,39,1306.56,789.68,97.56,263.07,0.7814,-1,-1,-1
704,32,1717.37,451.48,86.29,215.23,0.7352,-1,-1,-1
704,33,296.14,378.52,71.49,214.29,0.6915,-1,-1,-1
704,3,837.90,933.95,79.55,144.38,0.7790,-1,-1,-1
704,36,1598.98,132.75,69.11,183.14,0.5396,-1,-1,-1
704,31,379.47,540.68,74.90,245.70,0.7335,-1,-1,-1
704,37,1216.74,814.12,95.02,259.78,0.7759,-1,-1,-1
704,39,1305.93,786.32,97.12,263.65,0.7792,-1,-1,-1
705,32,1717.84,452.13,85.72,213.61,0.7269,-1,-1,-1
705,33,296.34,379.13,72.95,218.20,0.7031,-1,-1,-1
705,3,839.98,934.10,79.91,144.35,0.7726,-1,-1,-1
705,36,1599.96,131.79,69.27,184.27,0.5506,-1,-1,-1
705,31,381.08,540.60,73.58,246.47,0.7420,-1,-1,-1
705,37,1214.79,812.17,95.00,262.21,0.7859,-1,-1,-1
705,39,1305.79,784.28,96.68,265.15,0.7673,-1,-1,-1
706,32,1717.61,452.27,85.87,213.88,0.7145,-1,-1,-1
706,33,295.64,382.40,73.76,219.28,0.7099,-1,-1,-1
706,3,841.25,933.70,80.64,145.16,0.7781,-1,-1,-1
706,36,1600.52,130.53,69.08,184.75,0.5993,-1,-1,-1
706,31,382.60,540.87,72.03,245.60,0.7464,-1,-1,-1
706,37,1212.00,808.85,95.60,266.33,0.7791,-1,-1,-1
706,39,1304.11,782.70,95.93,266.09,0.7691,-1,-1,-1
707,32,1717.89,452.77,85.67,213.41,0.7274,-1,-1,-1
707,33,295.63,386.94,73.20,216.74,0.7153,-1,-1,-1
707,3,843.17,934.11,81.17,145.52,0.7790,-1,-1,-1
707,36,1601.17,129.29,67.95,182.42,0.6222,-1,-1,-1
707,31,383.41,541.29,70.82,245.52,0.7635,-1,-1,-1
707,37,1210.22,806.28,94.07,264.29,0.7616,-1,-1,-1
707,39,1301.96,781.73,95.12,266.49,0.7674,-1,-1,-1
708,32,1717.63,452.71,85.80,213.72,0.7246,-1,-1,-1
708,33,295.53,389.85,72.87,215.35,0.7162,-1,-1,-1
708,3,844.59,934.27,81.63,145.65,0.7764,-1,-1,-1
708,36,1601.85,128.57,66.12,177.64,0.6095,-1,-1,-1
708,31,384.49,541.71,69.70,246.02,0.7498,-1,-1,-1
708,37,1208.24,803.04,93.28,264.14,0.7514,-1,-1,-1
708,39,1299.64,780.43,94.26,265.96,0.7722,-1,-1,-1
709,32,1717.71,451.89,85.94,214.08,0.7199,-1,-1,-1
709,33,295.20,392.21,72.61,214.53,0.7234,-1,-1,-1
709,3,845.84,934.39,82.05,145.63,0.7834,-1,-1,-1
709,36,1602.41,127.05,64.99,174.41,0.6340,-1,-1,-1
709,31,386.14,542.26,68.42,245.00,0.7567,-1,-1,-1
709,37,1205.60,799.89,91.77,261.95,0.7683,-1,-1,-1
709,39,1296.65,780.48,93.55,263.94,0.7591,-1,-1,-1
710,32,1718.22,452.02,85.86,213.93,0.7332,-1,-1,-1
710,33,295.15,393.91,72.69,215.10,0.7364,-1,-1,-1
710,3,846.83,935.29,81.95,144.77,0.7713,-1,-1,-1
710,36,1602.42,125.76,64.76,173.90,0.6536,-1,-1,-1
710,31,387.67,542.66,67.33,243.29,0.7451,-1,-1,-1
710,37,1203.06,796.09,90.70,261.21,0.7846,-1,-1,-1
710,39,1291.16,780.26,94.13,264.12,0.7588,-1,-1,-1
711,32,1718.36,452.38,85.81,213.73,0.7142,-1,-1,-1
711,33,294.44,394.51,73.47,218.36,0.7365,-1,-1,-1
711,3,847.29,934.68,82.56,145.38,0.7832,-1,-1,-1
711,36,1602.29,123.41,64.71,173.86,0.6322,-1,-1,-1
711,31,389.23,543.54,66.75,241.92,0.7452,-1,-1,-1
711,37,1200.54,793.62,89.74,259.96,0.7883,-1,-1,-1
711,39,1283.57,780.05,95.68,265.33,0.7515,-1,-1,-1
712,32,1717.87,451.71,86.67,215.79,0.7092,-1,-1,-1
712,33,295.24,395.69,73.51,219.28,0.7126,-1,-1,-1
712,3,848.35,934.55,82.83,145.52,0.7795,-1,-1,-1
712,36,1602.40,122.39,64.76,174.36,0.6190,-1,-1,-1
712,31,390.71,544.09,66.51,241.11,0.7232,-1,-1,-1
712,37,1197.62,791.42,88.54,257.97,0.7992,-1,-1,-1
712,39,1279.42,779.34,96.52,265.92,0.7513,-1,-1,-1
713,32,1717.99,451.73,86.26,214.84,0.6983,-1,-1,-1
713,33,295.31,398.84,73.81,221.43,0.6889,-1,-1,-1
713,3,849.57,934.31,83.07,145.75,0.7793,-1,-1,-1
713,36,1602.03,121.48,64.68,174.72,0.6737,-1,-1,-1
713,31,393.27,544.50,66.58,239.71,0.6744,-1,-1,-1
713,37,1193.50,790.00,88.71,259.06,0.7920,-1,-1,-1
713,39,1277.25,778.43,95.98,263.76,0.7623,-1,-1,-1
714,32,1718.16,451.65,86.23,214.69,0.6926,-1,-1,-1
714,33,295.81,400.89,73.66,221.62,0.6887,-1,-1,-1
714,3,851.41,934.43,82.96,145.62,0.7793,-1,-1,-1
714,36,1601.47,120.49,64.73,175.49,0.6533,-1,-1,-1
714,31,394.76,544.92,67.30,239.15,0.6888,-1,-1,-1
714,37,1190.07,787.98,89.44,261.73,0.7901,-1,-1,-1
714,39,1275.14,776.55,94.80,259.88,0.7389,-1,-1,-1
714,41,1569.87,597.24,107.70,226.87,0.6241,-1,-1,-1
715,32,1717.72,451.99,86.20,214.77,0.6745,-1,-1,-1
715,33,296.39,401.81,73.33,221.45,0.6818,-1,-1,-1
715,3,852.23,934.80,82.63,145.25,0.7796,-1,-1,-1
715,36,1600.66,119.87,65.18,177.25,0.6154,-1,-1,-1
715,31,396.65,544.73,68.54,239.54,0.6993,-1,-1,-1
715,37,1187.00,786.54,89.03,262.91,0.7981,-1,-1,-1
715,39,1273.15,772.64,93.53,256.83,0.7946,-1,-1,-1
715,41,1570.56,597.88,107.55,226.72,0.6117,-1,-1,-1
716,32,1717.43,452.30,86.00,214.05,0.6653,-1,-1,-1
716,33,296.89,402.24,73.03,221.10,0.6748,-1,-1,-1
716,3,853.01,935.28,82.27,144.76,0.7728,-1,-1,-1
716,36,1599.83,119.45,65.49,179.11,0.6098,-1,-1,-1
716,31,398.32,545.68,69.90,239.25,0.7121,-1,-1,-1
716,37,1184.84,785.68,88.70,264.23,0.7998,-1,-1,-1
716,39,1271.20,769.21,92.85,255.76,0.8010,-1,-1,-1
716,41,1570.25,598.52,107.10,226.00,0.5770,-1,-1,-1
717,32,1718.07,451.74,86.03,214.24,0.6949,-1,-1,-1
717,33,297.91,403.06,72.67,220.08,0.6754,-1,-1,-1
717,3,853.67,935.50,81.93,144.53,0.7801,-1,-1,-1
717,36,1599.03,119.11,65.25,179.49,0.5446,-1,-1,-1
717,31,398.89,546.01,71.47,239.14,0.7082,-1,-1,-1
717,37,1183.13,784.56,88.29,264.59,0.8038,-1,-1,-1
717,39,1268.88,764.12,93.20,257.81,0.7825,-1,-1,-1
717,41,1570.39,598.95,107.03,225.89,0.5809,-1,-1,-1
718,32,1718.25,450.84,86.21,214.87,0.6957,-1,-1,-1
718,33,298.37,403.57,72.50,219.44,0.6785,-1,-1,-1
718,3,853.75,935.71,81.73,144.33,0.7747,-1,-1,-1
718,36,1598.36,118.76,65.24,180.78,0.5508,-1,-1,-1
718,31,398.87,546.46,73.03,239.40,0.7149,-1,-1,-1
718,37,1181.47,783.35,88.11,265.64,0.7978,-1,-1,-1
718,39,1265.71,759.97,92.05,255.88,0.7455,-1,-1,-1
718,41,1570.58,599.78,106.42,224.65,0.5935,-1,-1,-1
719,32,1717.99,451.41,86.10,214.56,0.7019,-1,-1,-1
719,33,299.58,403.88,71.05,214.55,0.6651,-1,-1,-1
719,3,853.54,936.11,81.47,143.92,0.7828,-1,-1,-1
719,36,1597.97,117.98,64.67,180.89,0.4605,-1,-1,-1
719,31,398.96,547.00,74.90,240.65,0.6979,-1,-1,-1
719,37,1180.21,782.62,87.38,264.96,0.7967,-1,-1,-1
719,39,1262.89,755.99,91.99,257.39,0.7407,-1,-1,-1
719,41,1568.86,596.95,107.84,227.67,0.5237,-1,-1,-1
720,32,1718.08,451.59,85.98,214.44,0.7063,-1,-1,-1
720,33,300.48,405.66,70.07,210.69,0.7027,-1,-1,-1
720,3,853.29,937.45,80.82,142.57,0.7854,-1,-1,-1
720,36,1597.92,118.09,63.75,179.70,0.4613,-1,-1,-1
720,31,398.91,547.81,76.25,240.65,0.6963,-1,-1,-1
720,37,1178.77,781.25,87.16,265.60,0.7844,-1,-1,-1
720,39,1260.22,751.42,92.28,260.55,0.7350,-1,-1,-1
720,41,1572.07,600.25,106.31,226.20,0.5020,-1,-1,-1
721,32,1718.47,451.23,86.31,215.35,0.6963,-1,-1,-1
721,33,300.77,407.62,70.31,210.56,0.7199,-1,-1,-1
721,3,853.01,938.00,80.66,142.02,0.7845,-1,-1,-1
721,36,1598.08,118.87,62.49,177.27,0.5483,-1,-1,-1
721,31,400.50,548.75,78.05,241.45,0.6839,-1,-1,-1
721,37,1176.86,779.35,86.66,265.87,0.7743,-1,-1,-1
721,39,1257.95,748.57,92.67,264.19,0.7339,-1,-1,-1
721,41,1569.58,598.66,106.48,226.61,0.5818,-1,-1,-1
722,32,1718.61,451.95,85.98,214.24,0.7177,-1,-1,-1
722,33,300.25,409.14,71.10,212.52,0.7359,-1,-1,-1
722,3,852.44,938.50,80.61,141.52,0.7859,-1,-1,-1
722,36,1598.24,119.31,61.43,175.49,0.5212,-1,-1,-1
722,31,401.76,549.97,79.50,241.23,0.7127,-1,-1,-1
722,37,1174.21,774.85,86.46,267.83,0.7862,-1,-1,-1
722,39,1254.86,747.19,91.68,262.30,0.7685,-1,-1,-1
722,41,1568.52,596.19,107.53,228.96,0.5764,-1,-1,-1
723,32,1718.23,451.39,86.31,215.39,0.7177,-1,-1,-1
723,33,299.69,410.28,72.12,215.37,0.7556,-1,-1,-1
723,3,851.85,938.60,80.62,141.41,0.7832,-1,-1,-1
723,36,1597.91,118.23,61.18,176.27,0.3252,-1,-1,-1
723,31,402.31,551.02,81.16,242.01,0.7217,-1,-1,-1
723,37,1172.85,771.31,84.33,262.88,0.7740,-1,-1,-1
723,39,1251.37,745.61,92.60,266.45,0.7719,-1,-1,-1
723,41,1566.76,594.80,108.26,230.46,0.5543,-1,-1,-1
724,32,1718.64,451.69,86.25,215.40,0.6992,-1,-1,-1
724,33,299.12,411.85,72.78,217.44,0.7636,-1,-1,-1
724,3,850.73,939.00,80.60,141.02,0.7879,-1,-1,-1
724,36,1597.18,117.03,61.18,177.78,0.3472,-1,-1,-1
724,31,402.62,551.60,82.48,242.91,0.7247,-1,-1,-1
724,37,1171.98,768.17,80.39,251.50,0.7736,-1,-1,-1
724,39,1246.90,744.31,92.29,267.31,0.7717,-1,-1,-1
724,41,1566.03,593.21,108.89,231.82,0.5174,-1,-1,-1
725,32,1718.45,451.91,86.11,215.01,0.6960,-1,-1,-1
725,33,299.35,414.09,72.81,217.47,0.7556,-1,-1,-1
725,3,849.90,940.68,79.97,139.33,0.7785,-1,-1,-1
725,36,1596.87,116.31,60.56,177.08,0.3819,-1,-1,-1
725,31,405.05,551.57,83.26,242.58,0.7175,-1,-1,-1
725,37,1170.17,764.56,79.32,249.07,0.7729,-1,-1,-1
725,39,1242.92,744.09,92.28,267.99,0.7701,-1,-1,-1
725,41,1566.01,594.72,108.14,229.99,0.5284,-1,-1,-1
726,32,1717.96,452.17,85.88,214.34,0.6996,-1,-1,-1
726,33,299.19,415.83,72.80,217.58,0.7589,-1,-1,-1
726,3,848.72,941.99,79.70,138.02,0.7846,-1,-1,-1
726,36,1596.45,115.53,59.96,176.57,0.4359,-1,-1,-1
726,31,407.43,552.38,84.25,242.71,0.7400,-1,-1,-1
726,37,1169.10,760.56,78.69,247.59,0.7817,-1,-1,-1
726,39,1239.93,743.34,92.39,269.43,0.7933,-1,-1,-1
726,41,1565.50,593.76,108.65,230.72,0.5158,-1,-1,-1
727,32,1718.52,451.91,85.75,214.40,0.7039,-1,-1,-1
727,33,299.44,418.27,72.52,216.82,0.7686,-1,-1,-1
727,3,847.43,942.87,79.65,137.14,0.7869,-1,-1,-1
727,36,1596.04,113.68,59.70,177.26,0.4516,-1,-1,-1
727,31,407.84,552.73,85.68,244.17,0.7689,-1,-1,-1
727,37,1167.57,756.70,77.77,244.40,0.7972,-1,-1,-1
727,39,1238.24,742.11,92.23,269.22,0.8175,-1,-1,-1
727,41,1565.29,596.51,108.16,229.11,0.4516,-1,-1,-1
728,32,1718.69,452.22,85.40,213.53,0.7057,-1,-1,-1
728,33,298.70,419.30,73.42,219.69,0.7556,-1,-1,-1
728,3,845.86,942.71,80.21,137.30,0.7851,-1,-1,-1
728,36,1595.75,112.35,59.80,178.82,0.5469,-1,-1,-1
728,31,408.17,552.37,86.69,245.03,0.7877,-1,-1,-1
728,37,1164.54,753.90,78.69,247.14,0.8115,-1,-1,-1
728,39,1236.76,741.73,91.99,268.82,0.8206,-1,-1,-1
728,41,1571.54,600.25,105.37,225.55,0.4383,-1,-1,-1
729,32,1718.43,451.49,85.78,214.50,0.7095,-1,-1,-1
729,33,298.09,420.46,73.72,221.26,0.7511,-1,-1,-1
729,3,844.68,943.88,80.16,136.13,0.7929,-1,-1,-1
729,36,1595.64,110.34,59.34,178.55,0.5599,-1,-1,-1
729,31,407.83,552.70,87.02,244.06,0.7756,-1,-1,-1
729,37,1161.69,750.92,79.66,250.99,0.8182,-1,-1,-1
729,39,1235.06,740.72,91.53,267.45,0.8278,-1,-1,-1
729,41,1568.71,598.25,106.69,227.65,0.4953,-1,-1,-1
730,32,1718.73,451.77,85.84,214.46,0.7111,-1,-1,-1
730,33,297.55,421.37,73.88,222.48,0.7341,-1,-1,-1
730,3,843.21,944.09,80.55,135.70,0.7834,-1,-1,-1
730,36,1595.81,108.63,58.62,177.33,0.4597,-1,-1,-1
730,31,408.41,552.87,87.33,243.75,0.7974,-1,-1,-1
730,37,1157.85,749.29,80.81,255.30,0.8185,-1,-1,-1
730,39,1232.49,739.36,91.97,268.67,0.8114,-1,-1,-1
730,41,1572.99,598.06,105.52,228.06,0.4972,-1,-1,-1
731,32,1718.86,452.17,85.72,214.16,0.7040,-1,-1,-1
731,33,297.12,421.78,73.54,222.01,0.7149,-1,-1,-1
731,3,841.52,944.10,81.16,135.74,0.7831,-1,-1,-1
731,36,1596.32,107.02,58.16,176.98,0.4633,-1,-1,-1
731,31,409.28,553.23,87.41,243.13,0.8102,-1,-1,-1
731,37,1154.62,747.74,81.21,257.50,0.8071,-1,-1,-1
731,39,1229.35,737.22,92.08,269.94,0.7996,-1,-1,-1
731,41,1570.11,596.99,105.82,228.00,0.5672,-1,-1,-1
732,32,1718.32,452.02,86.04,214.61,0.6971,-1,-1,-1
732,33,296.97,422.16,73.39,221.76,0.6780,-1,-1,-1
732,3,840.55,944.67,81.29,135.23,0.7824,-1,-1,-1
732,36,1597.29,105.50,57.68,176.75,0.5165,-1,-1,-1
732,31,411.96,553.36,87.45,243.32,0.8056,-1,-1,-1
732,37,1151.84,746.27,81.67,259.70,0.8076,-1,-1,-1
732,39,1227.81,734.84,91.58,269.18,0.8156,-1,-1,-1
732,41,1568.28,595.70,106.67,229.35,0.5126,-1,-1,-1
733,32,1717.88,451.96,86.37,215.08,0.6983,-1,-1,-1
733,33,296.61,422.75,73.13,220.90,0.6548,-1,-1,-1
733,3,839.22,944.84,81.55,134.86,0.7718,-1,-1,-1
733,36,1598.46,104.69,56.89,175.48,0.4988,-1,-1,-1
733,31,413.86,552.97,87.36,243.75,0.7859,-1,-1,-1
733,37,1149.00,745.37,82.18,262.27,0.7685,-1,-1,-1
733,39,1226.67,730.91,88.69,261.03,0.7856,-1,-1,-1
733,41,1567.35,593.65,107.76,231.24,0.5153,-1,-1,-1
734,32,1717.41,452.04,87.10,216.93,0.7044,-1,-1,-1
734,33,296.36,423.36,72.84,219.76,0.6431,-1,-1,-1
734,3,838.27,944.97,81.85,134.61,0.7784,-1,-1,-1
734,36,1599.37,103.88,56.60,175.43,0.3562,-1,-1,-1
734,31,416.76,553.04,87.13,245.12,0.7893,-1,-1,-1
734,37,1147.06,746.10,81.85,261.51,0.7759,-1,-1,-1
734,39,1226.32,727.92,85.61,252.26,0.7810,-1,-1,-1
734,41,1571.97,597.40,105.40,228.95,0.4537,-1,-1,-1
735,32,1718.33,452.32,86.35,215.00,0.6874,-1,-1,-1
735,33,295.88,424.42,72.33,217.65,0.6148,-1,-1,-1
735,3,837.25,945.27,82.20,134.31,0.7784,-1,-1,-1
735,31,420.29,553.60,86.33,245.25,0.7805,-1,-1,-1
735,37,1144.20,744.67,82.39,262.80,0.7571,-1,-1,-1
735,39,1223.76,722.52,84.47,248.43,0.7750,-1,-1,-1
735,41,1576.36,597.82,103.65,229.18,0.5277,-1,-1,-1
736,32,1718.49,451.71,86.00,214.01,0.6988,-1,-1,-1
736,33,295.56,425.29,72.15,216.47,0.6418,-1,-1,-1
736,3,836.34,945.26,82.83,134.54,0.7756,-1,-1,-1
736,31,425.12,553.63,85.22,245.83,0.8009,-1,-1,-1
736,37,1143.01,741.89,82.28,261.40,0.7663,-1,-1,-1
736,39,1221.02,717.49,84.15,247.26,0.7765,-1,-1,-1
736,41,1572.56,596.66,103.79,228.69,0.5900,-1,-1,-1
737,32,1718.61,451.54,86.02,214.01,0.7115,-1,-1,-1
737,33,295.54,426.36,71.69,214.54,0.6173,-1,-1,-1
737,3,836.34,946.21,82.65,133.50,0.7825,-1,-1,-1
737,31,429.35,554.14,83.98,246.09,0.7951,-1,-1,-1
737,37,1140.80,739.57,82.50,260.81,0.7509,-1,-1,-1
737,39,1219.32,712.50,84.96,250.57,0.7644,-1,-1,-1
737,41,1576.36,596.16,103.06,230.19,0.5005,-1,-1,-1
738,32,1718.46,451.42,85.94,213.77,0.7164,-1,-1,-1
738,33,295.40,427.20,71.83,214.27,0.6738,-1,-1,-1
738,3,836.29,946.27,82.94,133.32,0.7774,-1,-1,-1
738,31,432.81,554.65,83.00,247.46,0.8005,-1,-1,-1
738,37,1137.37,737.33,83.30,263.26,0.7494,-1,-1,-1
738,39,1217.60,709.60,85.63,254.58,0.7669,-1,-1,-1
738,41,1572.78,595.36,103.26,229.92,0.5389,-1,-1,-1
739,32,1719.05,450.76,85.97,214.09,0.7204,-1,-1,-1
739,33,295.23,428.00,72.27,215.05,0.6556,-1,-1,-1
739,3,836.08,946.23,83.51,133.61,0.7797,-1,-1,-1
739,31,436.16,555.13,82.21,249.43,0.7881,-1,-1,-1
739,37,1135.37,735.44,82.38,260.28,0.7796,-1,-1,-1
739,39,1216.03,707.46,86.13,258.25,0.7537,-1,-1,-1
739,41,1571.54,590.90,104.88,233.83,0.5993,-1,-1,-1
740,32,1718.84,452.06,85.66,213.01,0.7351,-1,-1,-1
740,33,295.27,429.82,73.23,217.17,0.6924,-1,-1,-1
740,3,836.10,946.15,83.92,133.70,0.7759,-1,-1,-1
740,31,439.22,555.07,81.20,250.29,0.7673,-1,-1,-1
740,37,1134.13,733.15,81.10,255.04,0.7807,-1,-1,-1
740,39,1214.22,706.02,86.41,261.61,0.7534,-1,-1,-1
740,41,1571.29,593.40,103.72,230.94,0.6083,-1,-1,-1
741,32,1718.71,451.99,85.74,213.01,0.7291,-1,-1,-1
741,33,294.94,431.62,74.28,220.00,0.6889,-1,-1,-1
741,3,836.44,946.30,84.20,133.66,0.7820,-1,-1,-1
741,31,441.55,556.33,80.18,251.20,0.7568,-1,-1,-1
741,37,1131.77,730.66,79.80,250.41,0.7656,-1,-1,-1
741,39,1212.88,705.32,85.69,261.51,0.7452,-1,-1,-1
741,41,1571.62,593.54,103.50,230.87,0.6250,-1,-1,-1
742,32,1718.59,452.38,85.76,213.25,0.7059,-1,-1,-1
742,33,294.78,433.89,74.18,220.10,0.6950,-1,-1,-1
742,3,836.99,946.36,84.50,133.63,0.7761,-1,-1,-1
742,31,444.17,556.40,79.30,252.10,0.7697,-1,-1,-1
742,37,1128.21,727.50,79.35,248.82,0.7711,-1,-1,-1
742,39,1209.21,704.90,85.78,261.68,0.7565,-1,-1,-1
742,41,1572.08,593.45,103.51,231.22,0.6461,-1,-1,-1
743,32,1718.46,452.19,85.57,213.48,0.7183,-1,-1,-1
743,33,295.06,436.80,74.07,219.95,0.7118,-1,-1,-1
743,3,837.74,946.65,84.58,133.36,0.7722,-1,-1,-1
743,31,449.40,557.16,78.67,251.37,0.7574,-1,-1,-1
743,37,1124.86,723.67,79.50,249.08,0.7671,-1,-1,-1
743,39,1205.10,704.87,85.81,261.13,0.7493,-1,-1,-1
743,41,1571.52,591.99,104.04,232.49,0.5904,-1,-1,-1
744,32,1718.80,453.10,85.35,213.27,0.7285,-1,-1,-1
744,33,295.50,439.79,73.76,219.40,0.7045,-1,-1,-1
744,3,838.65,947.39,84.37,132.62,0.7752,-1,-1,-1
744,31,454.78,558.97,78.40,248.79,0.7515,-1,-1,-1
744,37,1122.76,721.19,79.38,248.82,0.7697,-1,-1,-1
744,39,1201.28,704.44,85.72,260.65,0.7383,-1,-1,-1
744,41,1571.33,592.96,103.50,231.48,0.6367,-1,-1,-1
745,32,1718.69,452.89,85.37,213.36,0.7261,-1,-1,-1
745,33,296.01,441.92,73.78,220.13,0.6978,-1,-1,-1
745,3,839.77,947.78,84.40,132.23,0.7741,-1,-1,-1
745,31,459.65,560.35,78.70,245.87,0.7883,-1,-1,-1
745,37,1121.12,719.06,80.06,251.52,0.7687,-1,-1,-1
745,39,1199.07,704.69,85.14,258.45,0.7429,-1,-1,-1
745,41,1571.82,592.91,103.46,231.66,0.6408,-1,-1,-1
746,32,1719.35,453.39,85.15,212.52,0.7104,-1,-1,-1
746,33,296.45,444.01,73.97,221.66,0.6974,-1,-1,-1
746,3,841.11,948.17,84.38,131.84,0.7822,-1,-1,-1
746,31,463.30,561.48,80.06,244.72,0.8045,-1,-1,-1
746,37,1119.09,717.85,80.59,253.28,0.7647,-1,-1,-1
746,39,1196.14,702.96,85.49,259.01,0.7508,-1,-1,-1
746,41,1573.07,595.16,102.38,229.50,0.6676,-1,-1,-1
747,32,1719.28,453.05,85.19,212.72,0.7109,-1,-1,-1
747,33,297.09,445.18,74.19,223.55,0.7232,-1,-1,-1
747,3,842.72,948.33,84.42,131.67,0.7861,-1,-1,-1
747,31,465.16,562.06,82.04,245.45,0.8200,-1,-1,-1
747,37,1116.53,715.81,80.89,255.19,0.7762,-1,-1,-1
747,39,1191.25,700.93,86.73,262.41,0.7580,-1,-1,-1
747,41,1571.77,592.37,103.74,232.33,0.5972,-1,-1,-1
748,32,1718.70,453.75,84.98,212.38,0.6996,-1,-1,-1
748,33,297.76,445.84,73.85,223.14,0.7085,-1,-1,-1
748,3,844.15,948.65,84.31,131.35,0.7901,-1,-1,-1
748,31,466.35,563.36,84.03,245.46,0.8213,-1,-1,-1
748,37,1114.39,714.40,80.70,255.71,0.8039,-1,-1,-1
748,39,1188.04,698.71,85.99,259.99,0.8099,-1,-1,-1
748,41,1568.66,595.17,103.56,231.17,0.5215,-1,-1,-1
749,32,1718.51,454.24,85.10,213.28,0.6838,-1,-1,-1
749,33,298.83,446.12,73.84,223.85,0.6980,-1,-1,-1
749,3,846.14,949.70,83.75,130.31,0.7890,-1,-1,-1
749,31,467.50,564.63,86.26,246.19,0.8096,-1,-1,-1
749,37,1112.56,712.38,80.27,255.87,0.8258,-1,-1,-1
749,39,1186.02,696.64,83.76,252.09,0.8110,-1,-1,-1
749,41,1569.93,590.55,104.93,234.50,0.5857,-1,-1,-1
750,32,1718.37,453.79,85.29,213.79,0.7083,-1,-1,-1
750,33,299.77,446.86,73.46,223.07,0.6979,-1,-1,-1
750,3,848.57,951.22,82.80,128.79,0.7690,-1,-1,-1
750,31,467.95,565.14,88.40,247.09,0.8153,-1,-1,-1
750,37,1110.76,711.43,80.20,257.17,0.8172,-1,-1,-1
750,39,1183.12,693.70,84.93,255.47,0.7882,-1,-1,-1
750,41,1571.13,591.51,104.15,233.12,0.6222,-1,-1,-1
751,32,1717.52,454.65,84.79,212.09,0.6830,-1,-1,-1
751,33,301.28,447.18,73.23,221.94,0.7015,-1,-1,-1
751,3,851.14,952.21,82.25,127.79,0.7662,-1,-1,-1
751,31,468.11,565.72,90.02,246.83,0.8109,-1,-1,-1
751,37,1107.78,709.43,78.93,255.20,0.8050,-1,-1,-1
751,39,1181.38,689.38,82.60,248.06,0.7994,-1,-1,-1
751,41,1571.63,592.05,103.83,232.33,0.6172,-1,-1,-1
752,32,1716.96,454.05,85.18,213.06,0.6898,-1,-1,-1
752,33,302.07,447.89,73.40,221.75,0.7224,-1,-1,-1
752,3,853.09,952.35,82.26,127.65,0.7692,-1,-1,-1
752,31,469.99,565.99,91.12,246.35,0.7858,-1,-1,-1
752,37,1105.29,709.49,78.40,254.83,0.7866,-1,-1,-1
752,39,1179.59,685.40,81.32,244.05,0.7705,-1,-1,-1
752,41,1569.42,594.30,103.52,231.47,0.5349,-1,-1,-1
753,32,1716.24,453.19,85.51,214.12,0.6771,-1,-1,-1
753,33,302.80,448.67,73.38,220.39,0.7255,-1,-1,-1
753,3,854.95,952.59,82.19,127.41,0.7730,-1,-1,-1
753,31,471.97,566.31,91.86,246.09,0.7557,-1,-1,-1
753,37,1103.29,707.86,78.02,255.62,0.7785,-1,-1,-1
753,39,1175.33,680.68,82.69,248.28,0.7472,-1,-1,-1
753,41,1570.76,592.42,103.91,232.17,0.5767,-1,-1,-1
754,32,1716.13,453.73,85.11,212.87,0.6706,-1,-1,-1
754,33,303.39,449.91,73.10,217.67,0.7189,-1,-1,-1
754,3,856.78,952.51,82.24,127.25,0.7783,-1,-1,-1
754,31,474.96,566.47,91.91,246.21,0.7266,-1,-1,-1
754,37,1100.98,704.87,78.61,259.66,0.7822,-1,-1,-1
754,39,1172.54,676.89,83.51,250.95,0.7506,-1,-1,-1
754,41,1570.28,591.70,104.26,232.90,0.5054,-1,-1,-1
755,32,1715.63,452.64,85.16,213.76,0.6755,-1,-1,-1
755,33,303.82,451.13,73.19,215.97,0.7352,-1,-1,-1
755,3,858.63,952.40,82.46,127.51,0.7789,-1,-1,-1
755,31,477.47,567.40,91.25,246.50,0.7216,-1,-1,-1
755,37,1098.96,702.27,78.10,259.66,0.7652,-1,-1,-1
755,39,1169.36,673.24,84.73,255.40,0.7573,-1,-1,-1
755,41,1570.97,590.96,104.52,233.91,0.5949,-1,-1,-1
756,32,1715.45,453.41,85.03,214.22,0.6730,-1,-1,-1
756,33,304.55,452.61,73.70,215.00,0.7341,-1,-1,-1
756,3,859.95,952.26,82.76,127.56,0.7797,-1,-1,-1
756,31,481.96,567.53,89.93,247.24,0.6988,-1,-1,-1
756,37,1098.29,698.30,75.81,252.66,0.7612,-1,-1,-1
756,39,1167.24,671.61,85.31,257.93,0.7702,-1,-1,-1
756,41,1570.52,589.88,104.84,234.97,0.5732,-1,-1,-1
757,32,1715.76,453.41,84.38,213.65,0.6811,-1,-1,-1
757,33,304.23,454.80,74.87,216.54,0.7444,-1,-1,-1
757,3,861.35,953.16,82.64,126.77,0.7813,-1,-1,-1
757,31,488.86,567.29,87.64,246.05,0.7099,-1,-1,-1
757,37,1097.31,694.50,74.66,248.56,0.7604,-1,-1,-1
757,39,1166.20,670.59,85.31,258.81,0.7719,-1,-1,-1
757,41,1570.61,593.30,103.72,232.35,0.4594,-1,-1,-1
758,32,1715.91,453.04,83.78,213.32,0.7091,-1,-1,-1
758,33,303.40,457.72,76.15,218.81,0.7483,-1,-1,-1
758,3,862.62,953.51,82.84,126.47,0.7724,-1,-1,-1
758,31,494.08,566.06,86.42,247.53,0.7178,-1,-1,-1
758,37,1096.85,691.02,72.78,240.32,0.7667,-1,-1,-1
758,39,1165.17,670.40,85.35,258.94,0.7700,-1,-1,-1
758,41,1570.50,591.32,104.43,233.33,0.4381,-1,-1,-1
759,32,1716.03,452.88,83.23,213.23,0.6912,-1,-1,-1
759,33,302.67,459.13,77.54,221.94,0.7500,-1,-1,-1
759,3,864.74,954.38,82.82,125.62,0.7556,-1,-1,-1
759,31,498.99,565.54,85.09,248.78,0.7153,-1,-1,-1
759,37,1095.11,688.13,73.05,240.17,0.7500,-1,-1,-1
759,39,1163.49,670.17,85.98,259.78,0.7585,-1,-1,-1
759,41,1570.79,593.11,103.75,231.10,0.5469,-1,-1,-1
760,32,1716.14,452.93,82.62,212.95,0.6993,-1,-1,-1
760,33,302.39,461.94,78.32,223.49,0.7340,-1,-1,-1
760,3,866.86,954.70,83.28,125.30,0.7562,-1,-1,-1
760,31,504.08,565.20,83.87,249.51,0.7246,-1,-1,-1
760,37,1092.97,686.49,74.11,242.84,0.7463,-1,-1,-1
760,39,1161.91,669.13,86.25,259.60,0.7646,-1,-1,-1
760,41,1571.47,593.83,103.46,230.25,0.6334,-1,-1,-1
761,32,1715.37,453.10,82.05,212.13,0.7148,-1,-1,-1
761,33,302.22,464.44,78.47,223.18,0.7136,-1,-1,-1
761,3,868.59,954.78,83.96,125.23,0.7727,-1,-1,-1
761,31,508.90,565.40,82.52,248.88,0.7487,-1,-1,-1
761,37,1090.71,685.11,74.50,243.41,0.7419,-1,-1,-1
761,39,1159.46,667.87,86.98,260.94,0.7653,-1,-1,-1
761,41,1571.17,594.48,103.35,229.55,0.6087,-1,-1,-1
762,32,1715.82,453.66,81.30,210.88,0.7040,-1,-1,-1
762,33,302.05,466.82,78.56,223.04,0.7273,-1,-1,-1
762,3,869.65,955.20,84.20,124.80,0.7772,-1,-1,-1
762,31,513.55,566.85,81.30,247.35,0.7712,-1,-1,-1
762,37,1088.43,683.20,74.96,244.92,0.7445,-1,-1,-1
762,39,1157.16,666.82,87.46,261.87,0.7527,-1,-1,-1
762,41,1571.29,594.28,103.71,230.23,0.6259,-1,-1,-1
763,32,1716.76,454.47,81.27,211.53,0.7112,-1,-1,-1
763,33,301.14,468.69,78.79,224.04,0.7418,-1,-1,-1
763,3,870.23,955.66,84.42,124.34,0.7777,-1,-1,-1
763,31,517.21,567.62,80.43,246.26,0.7638,-1,-1,-1
763,37,1084.53,682.21,75.91,246.64,0.7471,-1,-1,-1
763,39,1154.64,664.69,87.06,261.04,0.7501,-1,-1,-1
763,41,1570.86,594.37,103.75,230.17,0.6032,-1,-1,-1
764,32,1717.10,454.01,81.19,211.93,0.7213,-1,-1,-1
764,33,299.26,469.32,79.46,226.64,0.7412,-1,-1,-1
764,3,870.67,956.27,84.48,123.73,0.7730,-1,-1,-1
764,31,519.97,568.24,79.91,245.50,0.7563,-1,-1,-1
764,37,1081.77,680.01,77.13,250.78,0.7459,-1,-1,-1
764,39,1152.11,661.01,87.22,261.66,0.7565,-1,-1,-1
764,41,1570.68,593.43,104.12,231.05,0.5364,-1,-1,-1
765,32,1717.22,453.46,81.24,213.02,0.7132,-1,-1,-1
765,33,297.79,469.95,79.82,228.92,0.7123,-1,-1,-1
765,3,870.84,956.90,84.44,123.10,0.7693,-1,-1,-1
765,31,523.18,568.48,80.42,245.69,0.7480,-1,-1,-1
765,37,1079.03,678.19,77.75,253.15,0.7335,-1,-1,-1
765,39,1149.97,659.82,86.62,259.85,0.7424,-1,-1,-1
765,41,1570.92,593.02,104.19,231.20,0.5511,-1,-1,-1
766,32,1717.47,454.85,80.14,210.75,0.7407,-1,-1,-1
766,33,295.93,470.68,79.27,228.87,0.6357,-1,-1,-1
766,3,871.10,957.00,84.65,123.00,0.7581,-1,-1,-1
766,31,527.60,569.38,81.51,245.53,0.7485,-1,-1,-1
766,37,1076.84,677.26,78.54,255.08,0.7214,-1,-1,-1
766,39,1147.92,657.13,86.22,257.56,0.7226,-1,-1,-1
766,41,1570.43,591.69,104.82,232.77,0.6027,-1,-1,-1
767,32,1717.48,455.24,80.06,211.21,0.7278,-1,-1,-1
767,33,294.53,471.87,78.55,228.02,0.5967,-1,-1,-1
767,3,871.03,957.37,84.76,122.63,0.7592,-1,-1,-1
767,31,528.68,569.71,82.51,246.36,0.7563,-1,-1,-1
767,37,1074.93,675.50,78.83,255.51,0.7359,-1,-1,-1
767,39,1145.82,653.92,85.16,253.96,0.7163,-1,-1,-1
767,41,1574.86,596.02,102.17,229.79,0.5039,-1,-1,-1
768,32,1717.97,453.72,80.22,212.78,0.7125,-1,-1,-1
768,33,293.29,472.82,77.86,226.99,0.6006,-1,-1,-1
768,3,871.21,957.52,84.98,122.48,0.7704,-1,-1,-1
768,31,528.89,569.88,83.39,246.85,0.7619,-1,-1,-1
768,37,1073.82,673.71,78.92,255.74,0.7416,-1,-1,-1
768,39,1143.53,650.83,83.74,249.06,0.7493,-1,-1,-1
768,41,1572.33,592.32,103.49,232.65,0.5467,-1,-1,-1
769,32,1718.45,454.02,79.30,211.16,0.7260,-1,-1,-1
769,33,292.92,473.33,77.58,226.77,0.6544,-1,-1,-1
769,3,871.48,958.14,85.03,121.86,0.7755,-1,-1,-1
769,31,529.44,571.52,83.66,245.06,0.7593,-1,-1,-1
769,37,1071.16,670.97,78.69,254.41,0.7823,-1,-1,-1
769,39,1141.30,648.06,82.33,244.98,0.7915,-1,-1,-1
769,41,1570.94,593.93,102.31,232.25,0.3886,-1,-1,-1
770,32,1719.19,454.86,78.60,209.99,0.7265,-1,-1,-1
770,33,292.99,474.19,76.97,225.31,0.6360,-1,-1,-1
770,3,871.79,957.67,85.79,122.33,0.7877,-1,-1,-1
770,31,529.73,571.89,84.46,244.78,0.7694,-1,-1,-1
770,37,1067.91,669.34,78.15,251.73,0.7978,-1,-1,-1
770,39,1139.45,646.08,81.05,241.55,0.8173,-1,-1,-1
770,41,1573.71,594.90,101.14,231.36,0.4257,-1,-1,-1
771,32,1719.98,453.40,79.06,212.53,0.7257,-1,-1,-1
771,33,292.01,474.52,76.55,224.57,0.6694,-1,-1,-1
771,3,872.02,957.74,86.17,122.26,0.7910,-1,-1,-1
771,31,529.92,572.19,84.95,244.07,0.7605,-1,-1,-1
771,37,1066.06,667.18,76.58,244.70,0.8046,-1,-1,-1
771,39,1137.28,644.30,80.95,241.91,0.8068,-1,-1,-1
771,41,1569.30,598.43,100.83,228.53,0.4342,-1,-1,-1
772,32,1720.72,453.36,78.58,212.24,0.7253,-1,-1,-1
772,33,291.70,475.65,75.98,223.39,0.6665,-1,-1,-1
772,3,872.60,957.99,86.52,122.01,0.7936,-1,-1,-1
772,31,530.92,571.66,85.31,243.52,0.7489,-1,-1,-1
772,37,1064.55,664.71,76.35,241.80,0.8000,-1,-1,-1
772,39,1135.22,642.06,81.57,244.60,0.7853,-1,-1,-1
772,41,1569.47,590.56,103.72,234.68,0.5402,-1,-1,-1
773,32,1720.37,452.29,78.05,212.01,0.7319,-1,-1,-1
773,33,291.77,476.52,75.72,222.75,0.6810,-1,-1,-1
773,3,872.78,958.07,86.86,121.93,0.8031,-1,-1,-1
773,31,533.95,570.65,85.44,243.60,0.7279,-1,-1,-1
773,37,1062.36,661.51,75.74,239.09,0.8113,-1,-1,-1
773,39,1133.45,640.66,81.55,245.60,0.7657,-1,-1,-1
773,41,1571.11,597.36,101.02,228.63,0.4880,-1,-1,-1
774,32,1720.99,452.10,77.51,212.00,0.7186,-1,-1,-1
774,33,291.85,477.61,75.71,222.13,0.7174,-1,-1,-1
774,3,873.01,958.01,87.32,121.99,0.7985,-1,-1,-1
774,31,536.34,569.97,85.30,244.08,0.7209,-1,-1,-1
774,37,1059.71,660.17,75.24,237.54,0.7758,-1,-1,-1
774,39,1131.82,639.56,81.58,245.94,0.7608,-1,-1,-1
774,41,1571.91,599.20,100.31,227.21,0.5101,-1,-1,-1
775,32,1721.43,452.81,76.53,210.43,0.7300,-1,-1,-1
775,33,291.28,478.64,75.86,222.20,0.7412,-1,-1,-1
775,3,873.11,957.93,87.76,122.07,0.8050,-1,-1,-1
775,31,539.85,570.12,84.61,243.74,0.7002,-1,-1,-1
775,37,1056.60,658.13,75.27,237.97,0.7550,-1,-1,-1
775,39,1128.27,638.65,82.82,249.01,0.7753,-1,-1,-1
775,41,1569.21,597.46,101.47,229.20,0.4846,-1,-1,-1
776,32,1721.35,452.52,76.26,210.85,0.7378,-1,-1,-1
776,33,290.47,479.92,76.11,222.69,0.7495,-1,-1,-1
776,3,873.15,958.60,87.64,121.40,0.7918,-1,-1,-1
776,31,543.53,570.96,83.33,242.96,0.6930,-1,-1,-1
776,37,1053.54,654.92,75.54,239.86,0.7632,-1,-1,-1
776,39,1126.68,636.96,83.44,251.68,0.7786,-1,-1,-1
776,41,1569.80,597.89,101.29,228.65,0.5496,-1,-1,-1
777,32,1721.88,452.37,75.69,210.38,0.7362,-1,-1,-1
777,33,289.44,480.98,76.96,225.34,0.7678,-1,-1,-1
777,3,873.76,959.23,87.49,120.77,0.7871,-1,-1,-1
777,31,547.02,571.44,82.43,243.88,0.7096,-1,-1,-1
777,37,1050.86,652.12,76.49,243.62,0.7512,-1,-1,-1
777,39,1124.50,635.46,83.75,253.56,0.7132,-1,-1,-1
777,41,1569.87,595.97,101.98,229.92,0.4930,-1,-1,-1
778,32,1722.04,452.46,75.38,210.36,0.7488,-1,-1,-1
778,33,289.32,483.49,76.77,225.05,0.7582,-1,-1,-1
778,3,874.04,959.26,87.77,120.74,0.7885,-1,-1,-1
778,31,551.77,571.76,81.05,244.90,0.7167,-1,-1,-1
778,37,1049.09,649.73,77.04,246.48,0.7582,-1,-1,-1
778,39,1123.68,633.84,83.31,253.45,0.7310,-1,-1,-1
778,41,1570.15,592.65,103.15,232.20,0.5973,-1,-1,-1
779,32,1721.70,452.22,75.35,210.87,0.7450,-1,-1,-1
779,33,288.79,486.33,76.46,224.57,0.7575,-1,-1,-1
779,3,874.34,959.21,88.04,120.79,0.7902,-1,-1,-1
779,31,556.49,571.97,80.40,248.21,0.7199,-1,-1,-1
779,37,1047.19,646.92,77.59,249.61,0.7556,-1,-1,-1
779,39,1119.75,632.01,83.66,254.21,0.7262,-1,-1,-1
779,41,1570.74,589.41,104.24,234.95,0.6000,-1,-1,-1
780,32,1721.94,452.15,75.29,211.38,0.7450,-1,-1,-1
780,33,288.59,489.15,76.39,224.98,0.7532,-1,-1,-1
780,3,874.25,959.35,88.15,120.65,0.7825,-1,-1,-1
780,31,560.65,572.53,78.48,247.31,0.7030,-1,-1,-1
780,37,1045.74,645.61,77.64,250.86,0.7531,-1,-1,-1
780,39,1117.25,629.65,84.03,255.50,0.7424,-1,-1,-1
780,41,1570.43,588.19,104.60,235.76,0.6142,-1,-1,-1
781,32,1722.24,451.69,74.99,211.37,0.7390,-1,-1,-1
781,33,288.20,490.99,76.57,226.27,0.7640,-1,-1,-1
781,3,874.30,959.15,88.37,120.85,0.7804,-1,-1,-1
781,31,563.19,571.28,78.39,252.14,0.6855,-1,-1,-1
781,37,1045.04,647.29,76.18,245.38,0.7498,-1,-1,-1
781,39,1113.77,627.31,84.04,255.52,0.7634,-1,-1,-1
781,41,1571.41,589.95,103.62,233.68,0.6602,-1,-1,-1
782,32,1722.07,451.33,74.77,211.16,0.7387,-1,-1,-1
782,33,288.00,492.54,77.28,229.54,0.7719,-1,-1,-1
782,3,874.35,958.80,88.55,121.20,0.7724,-1,-1,-1
782,31,564.76,572.02,78.33,256.03,0.6345,-1,-1,-1
782,37,1043.13,645.49,76.55,247.51,0.7432,-1,-1,-1
782,39,1111.42,624.97,82.03,249.08,0.7756,-1,-1,-1
782,41,1570.99,591.37,103.17,232.40,0.5852,-1,-1,-1
783,32,1722.59,451.93,74.70,210.97,0.7192,-1,-1,-1
783,33,287.82,493.79,77.89,232.83,0.7752,-1,-1,-1
783,3,874.58,958.37,88.66,121.63,0.7677,-1,-1,-1
783,31,567.27,572.57,77.95,258.43,0.6387,-1,-1,-1
783,37,1042.05,644.55,76.44,248.19,0.7380,-1,-1,-1
783,39,1109.90,622.38,80.34,243.99,0.7566,-1,-1,-1
783,41,1571.82,592.56,102.77,231.29,0.6506,-1,-1,-1
784,32,1722.39,451.92,74.97,211.96,0.7112,-1,-1,-1
784,33,287.92,494.82,77.93,234.13,0.7647,-1,-1,-1
784,3,874.80,958.22,88.44,121.78,0.7523,-1,-1,-1
784,31,571.42,573.00,74.57,249.35,0.5582,-1,-1,-1
784,37,1040.90,643.38,75.30,246.10,0.7439,-1,-1,-1
784,39,1107.50,619.24,79.02,239.60,0.7694,-1,-1,-1
784,41,1572.73,595.85,101.38,228.12,0.6964,-1,-1,-1
785,32,1722.51,452.01,74.86,211.66,0.7247,-1,-1,-1
785,33,288.38,495.79,77.54,234.09,0.7665,-1,-1,-1
785,3,875.08,957.07,88.65,122.93,0.7630,-1,-1,-1
785,31,575.71,573.42,72.51,245.32,0.5794,-1,-1,-1
785,37,1039.87,642.03,74.90,246.05,0.7484,-1,-1,-1
785,39,1105.12,616.19,78.99,239.31,0.7503,-1,-1,-1
785,41,1572.10,594.35,102.09,229.75,0.6273,-1,-1,-1
786,32,1722.22,451.45,74.71,211.79,0.7273,-1,-1,-1
786,33,288.72,496.90,77.04,233.30,0.7664,-1,-1,-1
786,3,875.19,956.47,88.35,123.53,0.7567,-1,-1,-1
786,31,579.91,575.10,70.86,241.39,0.5835,-1,-1,-1
786,37,1038.63,639.96,74.26,245.07,0.7315,-1,-1,-1
786,39,1102.17,614.89,78.42,238.26,0.7509,-1,-1,-1
786,41,1571.36,594.09,102.26,230.21,0.6485,-1,-1,-1
787,32,1722.79,452.25,74.55,211.31,0.7241,-1,-1,-1
787,33,289.50,497.97,76.55,231.84,0.7491,-1,-1,-1
787,3,875.48,955.82,87.93,124.18,0.7692,-1,-1,-1
787,31,585.71,577.07,70.64,238.62,0.5935,-1,-1,-1
787,37,1036.73,636.97,73.76,244.36,0.7424,-1,-1,-1
787,39,1099.98,612.09,79.07,241.87,0.7829,-1,-1,-1
787,41,1571.75,594.88,102.02,229.42,0.6592,-1,-1,-1
788,32,1722.71,452.53,74.56,211.60,0.7080,-1,-1,-1
788,33,289.73,499.14,76.22,230.26,0.7403,-1,-1,-1
788,3,875.31,955.39,87.44,124.61,0.7729,-1,-1,-1
788,31,589.15,578.78,70.87,238.02,0.5398,-1,-1,-1
788,37,1035.06,634.19,72.36,239.86,0.7377,-1,-1,-1
788,39,1097.75,610.50,79.47,244.61,0.7646,-1,-1,-1
788,41,1572.93,594.52,102.06,229.64,0.6772,-1,-1,-1
789,32,1722.98,452.81,74.81,212.74,0.7222,-1,-1,-1
789,33,289.73,500.59,75.97,228.36,0.7457,-1,-1,-1
789,3,875.39,955.49,86.66,124.51,0.7685,-1,-1,-1
789,31,592.04,580.60,70.98,236.40,0.5916,-1,-1,-1
789,37,1033.11,631.24,71.48,235.85,0.7267,-1,-1,-1
789,39,1094.89,608.78,80.44,248.65,0.7914,-1,-1,-1
789,41,1571.80,594.45,102.35,229.95,0.6652,-1,-1,-1
790,32,1722.57,452.33,74.46,212.52,0.7279,-1,-1,-1
790,33,290.18,501.73,75.45,225.61,0.7442,-1,-1,-1
790,3,875.24,954.18,86.82,125.82,0.7736,-1,-1,-1
790,31,594.18,582.09,71.13,235.48,0.5954,-1,-1,-1
790,37,1032.74,629.24,68.90,225.08,0.7179,-1,-1,-1
790,39,1093.44,607.30,80.85,250.70,0.7809,-1,-1,-1
790,41,1571.60,594.14,102.41,229.93,0.6712,-1,-1,-1
791,32,1722.50,452.78,74.56,212.91,0.7326,-1,-1,-1
791,33,289.99,502.54,75.63,225.06,0.7398,-1,-1,-1
791,3,875.76,953.86,86.09,126.14,0.7571,-1,-1,-1
791,31,596.95,583.20,71.19,234.05,0.6070,-1,-1,-1
791,37,1031.15,626.85,69.38,224.92,0.7301,-1,-1,-1
791,39,1092.22,606.48,81.50,252.74,0.7685,-1,-1,-1
791,41,1570.76,593.60,102.73,230.66,0.7025,-1,-1,-1
792,32,1722.26,452.59,74.39,212.59,0.7484,-1,-1,-1
792,33,289.70,503.60,75.80,224.54,0.7439,-1,-1,-1
792,3,876.11,953.34,85.26,126.66,0.7580,-1,-1,-1
792,31,598.69,584.11,71.41,233.08,0.5912,-1,-1,-1
792,37,1028.46,624.12,71.57,231.44,0.7440,-1,-1,-1
792,39,1091.53,606.08,82.27,254.87,0.7663,-1,-1,-1
792,41,1569.60,591.08,103.85,233.22,0.6773,-1,-1,-1
793,32,1722.34,452.48,74.11,212.21,0.7369,-1,-1,-1
793,33,289.57,506.13,76.32,225.33,0.7209,-1,-1,-1
793,3,876.22,952.59,84.55,127.41,0.7587,-1,-1,-1
793,31,601.05,585.32,70.83,229.90,0.5969,-1,-1,-1
793,37,1025.68,620.84,73.58,237.78,0.7594,-1,-1,-1
793,39,1090.75,605.43,82.64,255.71,0.7804,-1,-1,-1
793,41,1569.72,591.71,103.49,232.32,0.7006,-1,-1,-1
794,32,1722.55,452.60,74.31,212.58,0.7553,-1,-1,-1
794,33,289.26,508.87,77.28,227.74,0.7037,-1,-1,-1
794,3,875.49,951.23,83.92,128.77,0.7508,-1,-1,-1
794,31,602.16,585.11,72.53,235.68,0.5290,-1,-1,-1
794,37,1023.90,618.70,74.84,241.71,0.7601,-1,-1,-1
794,39,1090.10,605.54,82.94,255.59,0.7447,-1,-1,-1
794,41,1569.48,590.28,104.03,233.68,0.6838,-1,-1,-1
795,32,1722.22,452.69,73.93,211.48,0.7574,-1,-1,-1
795,33,288.35,510.95,78.17,230.74,0.7140,-1,-1,-1
795,3,875.02,949.97,83.01,130.03,0.7325,-1,-1,-1
795,31,601.87,584.35,77.02,252.73,0.4698,-1,-1,-1
795,37,1021.55,616.23,75.69,244.26,0.7831,-1,-1,-1
795,39,1088.64,604.21,83.53,256.25,0.7677,-1,-1,-1
795,41,1569.28,589.75,104.43,234.55,0.6853,-1,-1,-1
796,32,1722.64,452.23,73.93,211.74,0.7578,-1,-1,-1
796,33,287.74,513.18,78.86,233.24,0.7402,-1,-1,-1
796,3,874.69,949.29,81.72,130.71,0.7514,-1,-1,-1
796,31,602.28,584.85,81.57,271.90,0.4861,-1,-1,-1
796,37,1019.08,615.51,75.85,245.05,0.8021,-1,-1,-1
796,39,1086.85,602.83,83.25,254.95,0.7898,-1,-1,-1
796,41,1569.45,588.55,104.95,236.17,0.6230,-1,-1,-1
797,32,1722.81,451.62,74.28,213.25,0.7450,-1,-1,-1
797,33,287.10,515.42,78.63,233.32,0.7352,-1,-1,-1
797,3,874.41,948.26,80.72,131.74,0.7461,-1,-1,-1
797,31,604.04,584.80,82.22,278.57,0.4508,-1,-1,-1
797,37,1016.71,614.53,76.21,246.83,0.8128,-1,-1,-1
797,39,1085.11,600.72,83.30,255.43,0.8018,-1,-1,-1
797,41,1568.59,590.26,104.61,236.03,0.5980,-1,-1,-1
798,32,1722.82,451.76,74.02,212.79,0.7493,-1,-1,-1
798,33,286.26,516.56,79.10,235.50,0.7570,-1,-1,-1
798,3,874.07,946.88,79.82,133.12,0.7295,-1,-1,-1
798,31,606.12,585.55,80.12,275.68,0.4425,-1,-1,-1
798,37,1015.39,613.62,76.15,247.13,0.8079,-1,-1,-1
798,39,1083.53,598.72,83.15,254.96,0.8042,-1,-1,-1
798,41,1570.28,590.56,103.94,234.81,0.6813,-1,-1,-1
799,32,1723.06,451.88,73.64,212.37,0.7431,-1,-1,-1
799,33,285.77,519.14,78.56,234.42,0.7684,-1,-1,-1
799,3,873.91,945.58,78.81,134.42,0.7112,-1,-1,-1
799,37,1013.36,615.05,75.50,245.84,0.7762,-1,-1,-1
799,39,1082.14,595.32,82.55,253.19,0.7762,-1,-1,-1
799,41,1569.69,586.90,105.10,237.98,0.6099,-1,-1,-1
800,32,1722.96,452.07,73.31,211.57,0.7390,-1,-1,-1
800,33,284.40,521.94,78.94,236.22,0.7765,-1,-1,-1
800,3,874.15,944.42,77.73,135.58,0.6971,-1,-1,-1
800,37,1011.60,614.93,75.18,245.08,0.7837,-1,-1,-1
800,39,1082.52,591.68,80.28,245.15,0.7349,-1,-1,-1
800,41,1570.10,587.45,104.77,237.61,0.6165,-1,-1,-1
801,32,1722.52,452.39,73.45,212.13,0.7339,-1,-1,-1
801,33,282.99,523.20,78.92,236.71,0.8035,-1,-1,-1
801,3,874.00,943.06,76.89,136.94,0.6649,-1,-1,-1
801,37,1009.03,613.28,74.97,244.34,0.7724,-1,-1,-1
801,39,1080.87,588.49,78.53,238.27,0.7592,-1,-1,-1
801,41,1569.96,592.63,103.40,234.66,0.5835,-1,-1,-1
802,32,1722.53,452.01,73.29,211.76,0.7443,-1,-1,-1
802,33,281.77,524.46,78.37,235.63,0.8037,-1,-1,-1
802,3,874.09,941.88,75.85,138.12,0.6456,-1,-1,-1
802,37,1007.74,611.73,74.97,245.23,0.7646,-1,-1,-1
802,39,1078.90,585.27,77.16,233.09,0.7485,-1,-1,-1
802,41,1568.87,594.25,103.20,233.99,0.5782,-1,-1,-1
803,32,1722.40,452.55,73.30,211.96,0.7406,-1,-1,-1
803,33,281.04,525.47,78.05,234.98,0.7999,-1,-1,-1
803,3,873.96,942.14,74.17,137.86,0.6701,-1,-1,-1
803,37,1005.97,609.26,75.28,246.64,0.7585,-1,-1,-1
803,39,1076.80,582.72,77.41,234.27,0.7597,-1,-1,-1
803,41,1568.79,596.33,102.35,231.47,0.5040,-1,-1,-1
804,32,1722.26,452.55,73.35,212.20,0.7466,-1,-1,-1
804,33,280.04,526.79,77.35,233.44,0.7956,-1,-1,-1
804,3,873.96,941.33,73.25,138.67,0.6738,-1,-1,-1
804,37,1003.90,606.26,74.97,245.85,0.7367,-1,-1,-1
804,39,1074.97,579.76,77.84,236.80,0.7574,-1,-1,-1
804,41,1568.33,596.25,102.60,231.43,0.5803,-1,-1,-1
805,32,1721.92,452.99,73.49,212.34,0.7360,-1,-1,-1
805,33,278.91,527.58,77.08,232.70,0.8018,-1,-1,-1
805,3,874.18,939.72,72.79,140.28,0.6636,-1,-1,-1
805,37,1001.88,602.87,73.61,241.70,0.7569,-1,-1,-1
805,39,1073.28,577.43,78.56,240.76,0.7711,-1,-1,-1
805,41,1568.17,595.27,103.14,232.18,0.6026,-1,-1,-1
806,32,1721.93,452.73,73.56,212.35,0.7467,-1,-1,-1
806,33,277.99,528.43,76.86,231.81,0.8027,-1,-1,-1
806,3,874.43,938.55,72.19,141.45,0.6660,-1,-1,-1
806,37,999.84,599.97,72.71,238.94,0.7663,-1,-1,-1
806,39,1072.39,575.14,78.84,244.03,0.7756,-1,-1,-1
806,41,1569.04,595.71,103.04,232.16,0.6058,-1,-1,-1
807,32,1722.31,453.74,73.87,212.78,0.7261,-1,-1,-1
807,33,277.63,529.28,76.56,230.52,0.7918,-1,-1,-1
807,3,874.46,937.52,71.49,142.48,0.6362,-1,-1,-1
807,37,998.01,597.43,71.83,235.96,0.7667,-1,-1,-1
807,39,1071.60,573.82,78.49,244.98,0.7758,-1,-1,-1
807,41,1569.55,597.50,102.26,230.33,0.6048,-1,-1,-1
808,32,1722.55,453.91,73.92,212.53,0.7252,-1,-1,-1
808,33,277.25,530.31,76.24,229.37,0.7946,-1,-1,-1
808,3,874.55,936.61,70.77,143.39,0.6371,-1,-1,-1
808,37,997.03,595.29,70.73,232.52,0.7692,-1,-1,-1
808,39,1070.17,572.95,78.15,245.05,0.7735,-1,-1,-1
808,41,1570.65,594.25,102.99,231.69,0.6522,-1,-1,-1
809,32,1722.57,455.11,73.46,210.72,0.7297,-1,-1,-1
809,33,276.69,531.61,76.15,228.63,0.8008,-1,-1,-1
809,3,875.15,936.61,69.60,143.20,0.6370,-1,-1,-1
809,37,995.18,593.52,70.74,233.52,0.7697,-1,-1,-1
809,39,1068.49,572.58,78.17,245.75,0.7827,-1,-1,-1
809,41,1570.76,594.92,102.47,230.14,0.6825,-1,-1,-1
810,32,1722.20,453.28,74.06,212.71,0.7340,-1,-1,-1
810,33,276.09,533.13,76.29,228.76,0.7915,-1,-1,-1
810,3,875.50,936.07,68.66,143.05,0.6510,-1,-1,-1
810,37,993.73,592.19,71.15,235.62,0.7627,-1,-1,-1
810,39,1066.62,572.54,77.82,244.73,0.7690,-1,-1,-1
810,41,1570.95,595.76,102.27,229.22,0.6893,-1,-1,-1
811,32,1722.18,452.63,73.80,212.19,0.7313,-1,-1,-1
811,33,275.54,535.04,76.97,230.56,0.7991,-1,-1,-1
811,3,875.95,935.53,68.30,143.38,0.6637,-1,-1,-1
811,37,991.40,591.45,71.12,236.36,0.7654,-1,-1,-1
811,39,1065.23,571.42,77.99,245.53,0.7718,-1,-1,-1
811,41,1571.77,597.98,101.28,226.50,0.6999,-1,-1,-1
812,32,1722.62,452.12,73.95,213.03,0.7280,-1,-1,-1
812,33,274.89,536.70,77.63,232.60,0.7987,-1,-1,-1
812,3,875.97,935.32,67.88,143.59,0.6738,-1,-1,-1
812,37,989.66,590.50,71.16,238.03,0.7566,-1,-1,-1
812,39,1063.09,570.60,77.71,245.33,0.7598,-1,-1,-1
812,41,1571.36,595.42,102.22,228.79,0.6660,-1,-1,-1
813,32,1722.72,452.03,73.85,213.11,0.7347,-1,-1,-1
813,33,273.66,538.18,78.70,236.12,0.7923,-1,-1,-1
813,3,875.93,935.36,67.50,143.55,0.6733,-1,-1,-1
813,37,987.45,590.12,71.09,238.93,0.7701,-1,-1,-1
813,39,1061.48,569.25,77.76,246.87,0.7508,-1,-1,-1
813,41,1571.63,596.81,101.89,227.50,0.6661,-1,-1,-1
814,32,1723.14,452.43,73.54,212.48,0.7231,-1,-1,-1
814,33,273.04,539.93,78.58,235.58,0.7850,-1,-1,-1
814,3,875.67,935.18,67.16,143.56,0.6511,-1,-1,-1
814,37,985.47,589.37,70.20,236.89,0.7690,-1,-1,-1
814,39,1060.56,567.34,76.50,243.67,0.7253,-1,-1,-1
814,41,1571.73,597.21,101.98,227.45,0.6815,-1,-1,-1
815,32,1723.35,452.75,73.18,211.66,0.7360,-1,-1,-1
815,33,272.46,542.02,78.55,235.45,0.7996,-1,-1,-1
815,3,875.63,934.88,67.08,144.13,0.6604,-1,-1,-1
815,37,984.59,589.22,68.96,233.15,0.7668,-1,-1,-1
815,39,1060.05,565.51,73.81,235.71,0.7497,-1,-1,-1
815,41,1572.08,596.45,102.37,227.95,0.6789,-1,-1,-1
816,32,1723.40,452.30,73.31,212.65,0.7306,-1,-1,-1
816,33,271.56,544.87,79.28,237.55,0.8064,-1,-1,-1
816,3,875.09,934.28,67.09,144.82,0.6881,-1,-1,-1
816,37,983.64,588.42,67.60,227.98,0.7578,-1,-1,-1
816,39,1059.02,564.12,72.05,230.85,0.7784,-1,-1,-1
816,41,1572.19,596.58,102.39,227.92,0.6860,-1,-1,-1
817,32,1723.72,454.18,72.56,210.22,0.7355,-1,-1,-1
817,33,271.39,547.79,79.07,236.45,0.8117,-1,-1,-1
817,3,874.41,934.01,66.77,144.90,0.6947,-1,-1,-1
817,37,982.27,586.84,66.46,223.43,0.7637,-1,-1,-1
817,39,1056.74,561.39,71.24,229.62,0.8024,-1,-1,-1
817,41,1571.85,597.21,102.28,227.24,0.6832,-1,-1,-1
818,32,1722.79,452.76,73.36,212.75,0.7291,-1,-1,-1
818,33,271.40,550.17,79.71,238.45,0.8095,-1,-1,-1
818,3,873.56,933.63,66.83,145.54,0.7191,-1,-1,-1
818,37,981.62,585.61,65.18,218.30,0.7787,-1,-1,-1
818,39,1054.40,558.80,70.98,229.84,0.7992,-1,-1,-1
818,41,1570.34,594.57,103.70,230.31,0.6823,-1,-1,-1
819,32,1723.31,453.43,73.30,212.48,0.7254,-1,-1,-1
819,33,271.56,551.73,79.77,238.92,0.7907,-1,-1,-1
819,3,873.22,934.15,66.66,145.19,0.7204,-1,-1,-1
819,37,979.77,584.00,64.64,216.56,0.8196,-1,-1,-1
819,39,1051.38,555.04,72.02,233.34,0.8177,-1,-1,-1
819,41,1570.69,596.34,102.91,228.52,0.7097,-1,-1,-1
820,32,1723.39,455.13,72.71,210.33,0.7247,-1,-1,-1
820,33,271.96,552.60,79.78,239.57,0.8012,-1,-1,-1
820,3,872.42,934.64,66.46,145.13,0.7121,-1,-1,-1
820,37,977.57,580.59,65.07,217.90,0.8336,-1,-1,-1
820,39,1048.06,553.23,72.82,235.00,0.8185,-1,-1,-1
820,41,1570.97,596.20,102.94,228.37,0.7059,-1,-1,-1
820,43,437.31,259.76,60.30,184.36,0.6611,-1,-1,-1
821,32,1723.18,453.38,73.20,212.09,0.7162,-1,-1,-1
821,33,272.30,553.14,79.44,238.81,0.7831,-1,-1,-1
821,3,872.28,934.63,66.40,145.31,0.7218,-1,-1,-1
821,37,975.58,577.33,65.61,219.48,0.8350,-1,-1,-1
821,39,1046.03,551.61,73.58,235.83,0.8371,-1,-1,-1
821,41,1570.94,596.85,102.75,227.81,0.6981,-1,-1,-1
821,43,436.28,260.18,61.38,187.56,0.6443,-1,-1,-1
822,32,1722.97,453.29,73.31,212.30,0.7219,-1,-1,-1
822,33,272.74,554.30,79.24,238.13,0.7676,-1,-1,-1
822,3,872.12,935.23,66.12,144.77,0.7199,-1,-1,-1
822,37,974.40,574.19,64.97,216.16,0.8115,-1,-1,-1
822,39,1044.36,550.31,74.58,236.90,0.8328,-1,-1,-1
822,41,1571.59,596.38,102.80,228.07,0.7121,-1,-1,-1
822,43,436.52,261.06,61.43,187.61,0.6091,-1,-1,-1
823,32,1722.65,453.29,73.36,212.45,0.7328,-1,-1,-1
823,33,273.18,555.12,78.98,237.16,0.7801,-1,-1,-1
823,3,871.74,936.04,65.70,143.97,0.7138,-1,-1,-1
823,37,972.26,570.28,67.00,222.81,0.8126,-1,-1,-1
823,39,1043.53,549.20,76.08,239.57,0.8220,-1,-1,-1
823,41,1571.22,595.68,103.04,228.58,0.6896,-1,-1,-1
823,43,437.15,261.63,61.36,187.45,0.6339,-1,-1,-1
824,32,1722.96,455.30,72.93,210.70,0.7123,-1,-1,-1
824,33,273.35,555.81,78.97,236.56,0.7698,-1,-1,-1
824,3,871.53,936.50,65.26,142.69,0.7265,-1,-1,-1
824,37,968.28,568.29,68.71,228.59,0.7732,-1,-1,-1
824,39,1041.53,547.86,77.98,242.38,0.7980,-1,-1,-1
824,41,1571.22,596.18,103.06,228.32,0.6776,-1,-1,-1
824,43,436.97,262.07,61.37,187.55,0.6669,-1,-1,-1
825,32,1722.60,454.65,73.43,211.57,0.7154,-1,-1,-1
825,33,273.43,557.24,78.65,234.77,0.7742,-1,-1,-1
825,3,870.79,937.18,65.13,142.24,0.6985,-1,-1,-1
825,37,965.79,566.58,69.40,231.50,0.7745,-1,-1,-1
825,39,1041.23,547.68,79.75,244.06,0.7935,-1,-1,-1
825,41,1571.75,598.41,102.01,225.95,0.6944,-1,-1,-1
825,43,436.64,262.58,61.38,187.58,0.6560,-1,-1,-1
826,32,1722.14,455.48,73.25,209.88,0.7347,-1,-1,-1
826,33,273.57,558.95,78.36,232.82,0.7890,-1,-1,-1
826,3,869.79,937.65,65.30,142.15,0.7043,-1,-1,-1
826,37,963.32,565.02,69.85,233.61,0.7712,-1,-1,-1
826,39,1040.78,547.16,80.57,242.77,0.7725,-1,-1,-1
826,41,1572.06,597.28,102.33,226.74,0.6841,-1,-1,-1
826,43,435.98,263.53,61.26,186.94,0.6904,-1,-1,-1
827,32,1722.11,454.78,73.80,210.82,0.7303,-1,-1,-1
827,33,273.50,560.11,78.31,231.55,0.7894,-1,-1,-1
827,3,869.78,938.71,65.13,141.23,0.7118,-1,-1,-1
827,37,962.03,563.56,69.32,232.42,0.7662,-1,-1,-1
827,39,1039.49,546.41,81.56,242.14,0.7690,-1,-1,-1
827,41,1571.86,596.97,102.62,227.16,0.6698,-1,-1,-1
827,43,436.14,264.29,60.90,185.77,0.6709,-1,-1,-1
828,32,1721.54,453.77,74.11,211.68,0.7416,-1,-1,-1
828,33,273.39,561.62,78.45,231.05,0.7897,-1,-1,-1
828,3,869.43,939.22,65.14,140.77,0.7060,-1,-1,-1
828,37,960.12,562.82,69.06,231.40,0.7608,-1,-1,-1
828,39,1038.60,544.83,83.06,243.31,0.7913,-1,-1,-1
828,41,1572.29,596.21,102.93,228.03,0.6726,-1,-1,-1
828,43,436.31,264.27,60.74,185.30,0.6805,-1,-1,-1
829,32,1721.65,453.13,74.28,212.29,0.7356,-1,-1,-1
829,33,272.91,562.60,79.32,233.03,0.7947,-1,-1,-1
829,3,869.87,939.47,65.05,140.55,0.7155,-1,-1,-1
829,37,958.72,561.51,69.34,232.43,0.7777,-1,-1,-1
829,39,1036.61,543.22,84.08,243.91,0.7742,-1,-1,-1
829,41,1572.15,596.24,102.84,227.67,0.6824,-1,-1,-1
829,43,436.44,264.42,60.70,185.20,0.6978,-1,-1,-1
830,32,1721.48,452.76,74.39,212.65,0.7458,-1,-1,-1
830,33,272.44,563.72,80.50,236.82,0.7990,-1,-1,-1
830,3,869.47,940.63,64.85,139.39,0.7040,-1,-1,-1
830,37,957.58,561.44,69.21,232.52,0.7996,-1,-1,-1
830,39,1035.85,541.12,85.26,245.26,0.7964,-1,-1,-1
830,41,1571.74,594.53,103.43,229.36,0.6841,-1,-1,-1
830,43,436.21,265.68,60.39,183.93,0.6679,-1,-1,-1
831,32,1722.11,454.88,73.94,210.87,0.7314,-1,-1,-1
831,33,271.70,565.74,81.67,240.94,0.8093,-1,-1,-1
831,3,869.66,941.26,64.70,138.76,0.7115,-1,-1,-1
831,37,956.37,561.78,69.17,232.80,0.8019,-1,-1,-1
831,39,1034.44,538.70,86.25,246.60,0.7988,-1,-1,-1
831,41,1571.86,593.96,103.51,230.16,0.7001,-1,-1,-1
831,43,435.95,266.44,60.45,183.87,0.6207,-1,-1,-1
832,32,1721.42,453.55,74.43,212.22,0.7499,-1,-1,-1
832,33,271.32,568.52,81.99,242.29,0.8219,-1,-1,-1
832,3,870.10,942.14,64.55,137.87,0.6851,-1,-1,-1
832,37,954.95,561.86,68.85,231.86,0.7728,-1,-1,-1
832,39,1032.17,535.93,86.08,245.86,0.7805,-1,-1,-1
832,41,1572.11,592.79,103.76,231.26,0.6929,-1,-1,-1
832,43,436.50,267.46,60.66,183.89,0.6227,-1,-1,-1
833,32,1720.96,453.09,74.75,212.96,0.7513,-1,-1,-1
833,33,270.45,571.18,82.34,243.66,0.8197,-1,-1,-1
833,3,870.47,943.19,64.38,136.83,0.7041,-1,-1,-1
833,37,953.22,560.36,68.93,232.22,0.7714,-1,-1,-1
833,39,1031.95,533.39,83.21,236.55,0.7928,-1,-1,-1
833,41,1571.60,591.35,104.17,232.72,0.6643,-1,-1,-1
833,43,436.06,267.53,61.58,186.37,0.6191,-1,-1,-1
834,32,1721.00,454.57,74.48,211.04,0.7542,-1,-1,-1
834,33,269.70,573.67,82.29,243.89,0.8161,-1,-1,-1
834,3,870.91,943.87,64.59,136.15,0.7142,-1,-1,-1
834,37,950.94,555.65,70.22,237.25,0.7566,-1,-1,-1
834,39,1031.46,529.43,82.02,232.98,0.8008,-1,-1,-1
834,41,1571.42,590.45,104.51,233.72,0.6828,-1,-1,-1
834,43,435.69,267.88,62.39,189.05,0.5849,-1,-1,-1
835,32,1720.74,453.57,75.47,213.24,0.7453,-1,-1,-1
835,33,268.82,576.07,82.33,245.00,0.8264,-1,-1,-1
835,3,870.75,943.60,65.40,136.42,0.6990,-1,-1,-1
835,37,948.81,552.96,70.41,238.29,0.7588,-1,-1,-1
835,39,1030.43,526.35,81.42,231.73,0.7954,-1,-1,-1
835,41,1570.64,589.14,104.99,234.95,0.6455,-1,-1,-1
835,43,436.66,270.29,62.28,189.30,0.6504,-1,-1,-1
836,32,1720.39,455.43,75.11,211.06,0.7407,-1,-1,-1
836,33,268.27,578.65,82.13,245.09,0.8160,-1,-1,-1
836,3,869.95,943.33,66.69,136.68,0.7306,-1,-1,-1
836,37,948.54,550.41,68.28,230.85,0.7773,-1,-1,-1
836,39,1029.68,523.42,81.14,232.68,0.7916,-1,-1,-1
836,41,1570.52,590.32,104.56,233.98,0.6672,-1,-1,-1
836,43,437.15,272.89,61.97,189.52,0.6299,-1,-1,-1
837,32,1720.58,454.43,75.83,212.84,0.7496,-1,-1,-1
837,33,267.57,580.31,81.79,244.70,0.8028,-1,-1,-1
837,3,869.73,943.40,67.61,136.61,0.7275,-1,-1,-1
837,37,947.20,547.98,67.48,227.87,0.7744,-1,-1,-1
837,39,1028.97,520.66,80.54,233.52,0.7735,-1,-1,-1
837,41,1570.02,589.73,105.14,234.81,0.6250,-1,-1,-1
837,43,437.99,276.53,61.04,188.01,0.6277,-1,-1,-1
838,32,1720.45,455.56,75.10,209.43,0.7585,-1,-1,-1
838,33,267.08,581.83,81.10,243.16,0.7859,-1,-1,-1
838,3,869.43,943.48,68.44,136.48,0.7208,-1,-1,-1
838,37,945.04,545.92,67.34,227.52,0.7841,-1,-1,-1
838,39,1028.83,519.14,79.80,234.25,0.7756,-1,-1,-1
838,41,1570.98,591.22,104.37,232.98,0.6791,-1,-1,-1
838,43,436.04,274.45,62.29,191.91,0.6384,-1,-1,-1
839,32,1719.98,453.55,75.80,211.48,0.7573,-1,-1,-1
839,33,266.36,583.09,80.48,241.28,0.7657,-1,-1,-1
839,3,869.17,942.79,69.51,136.95,0.7165,-1,-1,-1
839,37,943.85,543.51,67.51,228.53,0.7773,-1,-1,-1
839,39,1029.32,518.63,78.95,234.62,0.7686,-1,-1,-1
839,41,1571.09,591.36,104.36,232.59,0.6137,-1,-1,-1
839,43,435.81,276.25,62.07,191.44,0.6192,-1,-1,-1
840,32,1720.14,453.04,75.92,211.86,0.7559,-1,-1,-1
840,33,264.73,584.24,80.13,239.88,0.7395,-1,-1,-1
840,3,869.20,943.46,69.91,136.13,0.7148,-1,-1,-1
840,37,942.40,541.53,67.52,228.97,0.7689,-1,-1,-1
840,39,1029.45,518.27,77.84,233.88,0.7631,-1,-1,-1
840,41,1571.22,593.26,103.97,231.00,0.6460,-1,-1,-1
840,43,434.94,275.15,62.56,192.80,0.6562,-1,-1,-1
841,32,1720.00,452.45,76.16,212.43,0.7449,-1,-1,-1
841,33,264.06,585.47,79.74,237.89,0.7609,-1,-1,-1
841,3,870.36,943.61,70.62,135.94,0.7294,-1,-1,-1
841,37,940.86,539.95,67.77,230.35,0.7721,-1,-1,-1
841,39,1028.67,517.91,76.88,233.35,0.7483,-1,-1,-1
841,41,1571.68,593.76,104.02,230.82,0.6776,-1,-1,-1
841,43,435.38,278.11,61.69,191.32,0.6530,-1,-1,-1
842,32,1720.38,454.86,75.64,210.25,0.7272,-1,-1,-1
842,33,263.64,586.09,79.79,237.12,0.7748,-1,-1,-1
842,3,870.26,943.59,71.50,136.08,0.7153,-1,-1,-1
842,37,938.84,538.98,67.98,231.84,0.7716,-1,-1,-1
842,39,1026.50,516.94,76.38,232.92,0.7373,-1,-1,-1
842,41,1572.60,594.40,103.73,230.03,0.6518,-1,-1,-1
842,43,436.21,278.78,61.05,190.28,0.6421,-1,-1,-1
843,32,1720.35,455.62,75.60,209.05,0.7326,-1,-1,-1
843,33,262.91,586.87,79.90,236.08,0.7887,-1,-1,-1
843,3,870.67,943.74,72.19,135.79,0.7209,-1,-1,-1
843,37,937.48,538.29,67.85,232.11,0.7837,-1,-1,-1
843,39,1024.16,516.46,76.43,233.20,0.7527,-1,-1,-1
843,41,1571.67,593.50,104.42,231.36,0.6284,-1,-1,-1
843,43,437.06,280.47,60.32,188.47,0.6733,-1,-1,-1
844,32,1720.10,454.19,76.52,211.23,0.7412,-1,-1,-1
844,33,262.78,587.82,80.02,235.41,0.7974,-1,-1,-1
844,3,870.60,943.44,73.05,136.13,0.7208,-1,-1,-1
844,37,936.48,536.68,67.91,233.26,0.7891,-1,-1,-1
844,39,1021.89,516.17,76.03,232.10,0.7795,-1,-1,-1
844,41,1571.14,592.72,104.57,232.03,0.6321,-1,-1,-1
844,43,437.48,281.64,59.88,187.41,0.6716,-1,-1,-1
845,32,1719.71,455.81,76.02,208.86,0.7514,-1,-1,-1
845,33,262.57,588.61,80.35,235.40,0.7995,-1,-1,-1
845,3,870.20,943.57,73.72,136.01,0.7120,-1,-1,-1
845,37,935.52,535.90,67.94,233.84,0.7750,-1,-1,-1
845,39,1020.73,516.20,75.07,229.80,0.7743,-1,-1,-1
845,41,1570.62,592.77,104.34,231.62,0.6418,-1,-1,-1
845,43,437.44,281.42,59.83,188.04,0.6712,-1,-1,-1
846,32,1719.60,455.90,76.17,208.43,0.7434,-1,-1,-1
846,33,262.29,589.60,81.02,236.41,0.7939,-1,-1,-1
846,3,870.06,944.29,74.01,135.13,0.7197,-1,-1,-1
846,37,934.30,535.09,67.62,232.85,0.7835,-1,-1,-1
846,39,1019.73,515.43,74.78,229.17,0.7743,-1,-1,-1
846,41,1570.60,594.51,103.68,229.87,0.6630,-1,-1,-1
846,43,437.61,282.21,59.31,187.07,0.6581,-1,-1,-1
847,32,1719.18,454.64,77.08,210.13,0.7454,-1,-1,-1
847,33,262.21,592.56,81.36,236.39,0.7786,-1,-1,-1
847,3,870.31,944.57,74.68,134.94,0.6938,-1,-1,-1
847,37,933.44,534.17,67.14,231.17,0.7623,-1,-1,-1
847,39,1017.75,513.27,75.51,232.39,0.7548,-1,-1,-1
847,41,1570.26,594.06,103.83,230.05,0.6545,-1,-1,-1
847,43,437.83,281.92,58.84,186.50,0.6359,-1,-1,-1
848,32,1718.49,453.42,77.57,211.20,0.7519,-1,-1,-1
848,33,262.37,595.10,81.87,237.41,0.7984,-1,-1,-1
848,3,869.98,944.63,75.29,134.74,0.7062,-1,-1,-1
848,37,932.51,532.70,66.91,230.54,0.7651,-1,-1,-1
848,39,1016.53,511.19,74.14,228.83,0.7525,-1,-1,-1
848,41,1570.52,593.80,103.89,230.01,0.6401,-1,-1,-1
848,43,436.83,281.05,59.06,187.76,0.6348,-1,-1,-1
849,32,1718.63,453.47,77.73,211.13,0.7520,-1,-1,-1
849,33,261.99,597.31,83.11,240.93,0.7930,-1,-1,-1
849,3,870.01,945.18,75.75,134.16,0.6869,-1,-1,-1
849,37,931.28,530.54,66.88,231.02,0.7692,-1,-1,-1
849,39,1014.33,509.39,72.26,224.13,0.7447,-1,-1,-1
849,41,1571.63,594.42,103.66,229.85,0.6753,-1,-1,-1
849,43,436.03,280.18,59.16,188.86,0.6427,-1,-1,-1
850,32,1718.59,453.31,78.29,212.63,0.7482,-1,-1,-1
850,33,262.17,599.34,83.38,241.40,0.7985,-1,-1,-1
850,3,870.25,945.15,76.23,133.80,0.6974,-1,-1,-1
850,37,930.15,527.99,66.80,231.95,0.7859,-1,-1,-1
850,39,1011.90,506.70,71.79,224.09,0.8031,-1,-1,-1
850,41,1572.26,594.86,103.44,229.43,0.6768,-1,-1,-1
850,43,436.88,277.78,60.71,194.11,0.6309,-1,-1,-1
851,32,1718.11,452.92,77.96,211.51,0.7407,-1,-1,-1
851,33,262.21,600.91,83.87,242.64,0.8083,-1,-1,-1
851,3,870.89,945.14,76.90,133.74,0.7021,-1,-1,-1
851,37,928.36,525.80,67.18,234.25,0.7966,-1,-1,-1
851,39,1008.49,504.03,71.78,224.65,0.8157,-1,-1,-1
851,41,1572.13,593.96,103.77,230.34,0.6590,-1,-1,-1
851,43,437.02,282.97,59.78,191.86,0.6276,-1,-1,-1
852,32,1718.47,455.30,77.47,209.40,0.7367,-1,-1,-1
852,33,263.24,603.33,84.05,243.51,0.8042,-1,-1,-1
852,3,871.45,945.19,77.54,133.80,0.7008,-1,-1,-1
852,37,928.54,523.29,63.95,222.47,0.7426,-1,-1,-1
852,39,1006.10,502.04,71.83,225.66,0.8067,-1,-1,-1
852,41,1571.66,593.81,103.93,230.39,0.6423,-1,-1,-1
852,43,436.47,287.25,58.72,189.47,0.5885,-1,-1,-1
853,32,1719.05,454.02,77.97,210.70,0.7236,-1,-1,-1
853,33,264.30,605.91,84.18,243.93,0.8003,-1,-1,-1
853,3,871.29,945.22,78.16,133.98,0.6998,-1,-1,-1
853,37,928.54,520.82,62.01,213.85,0.7779,-1,-1,-1
853,39,1003.08,500.43,72.17,226.73,0.8231,-1,-1,-1
853,41,1570.92,593.36,104.16,230.95,0.6007,-1,-1,-1
853,43,436.62,290.42,58.55,188.95,0.5942,-1,-1,-1
854,32,1718.77,456.03,77.49,208.47,0.7261,-1,-1,-1
854,33,264.59,607.11,84.68,245.38,0.8175,-1,-1,-1
854,3,871.30,945.00,78.70,134.00,0.7023,-1,-1,-1
854,37,927.65,518.23,63.23,217.46,0.7967,-1,-1,-1
854,39,999.67,498.76,73.17,228.67,0.8228,-1,-1,-1
854,41,1570.12,593.98,104.17,230.28,0.5999,-1,-1,-1
854,43,436.25,289.71,59.48,192.77,0.6084,-1,-1,-1
855,32,1718.64,456.51,77.53,207.83,0.7336,-1,-1,-1
855,33,265.70,608.74,84.79,246.03,0.8214,-1,-1,-1
855,3,871.60,944.68,79.21,134.25,0.7195,-1,-1,-1
855,37,926.55,515.58,63.99,219.97,0.7904,-1,-1,-1
855,39,998.08,496.89,74.12,230.80,0.7963,-1,-1,-1
855,41,1570.33,593.15,104.57,231.14,0.6227,-1,-1,-1
855,43,435.60,290.73,59.78,194.12,0.6364,-1,-1,-1
856,32,1718.51,457.00,78.11,208.76,0.7428,-1,-1,-1
856,33,266.86,610.35,84.22,244.32,0.8048,-1,-1,-1
856,3,872.77,944.61,79.37,134.17,0.7284,-1,-1,-1
856,37,925.39,512.70,64.69,222.27,0.8040,-1,-1,-1
856,39,997.11,495.36,75.23,232.78,0.8202,-1,-1,-1
856,41,1570.95,592.39,104.98,232.13,0.6383,-1,-1,-1
856,43,434.93,292.32,59.94,195.19,0.6013,-1,-1,-1
857,32,1718.20,455.61,79.04,211.56,0.7293,-1,-1,-1
857,33,268.31,611.12,83.56,242.56,0.7872,-1,-1,-1
857,3,873.15,943.98,79.69,134.68,0.7172,-1,-1,-1
857,37,922.70,510.94,65.51,224.67,0.7819,-1,-1,-1
857,39,996.80,494.60,76.16,234.27,0.8034,-1,-1,-1
857,41,1571.58,592.46,104.93,232.13,0.6289,-1,-1,-1
857,43,434.70,293.87,59.91,195.21,0.6069,-1,-1,-1
858,32,1717.98,457.02,78.52,209.47,0.7340,-1,-1,-1
858,33,269.49,611.88,83.43,242.41,0.7962,-1,-1,-1
858,3,873.63,943.62,79.99,135.17,0.7255,-1,-1,-1
858,37,921.13,509.77,65.52,224.28,0.7668,-1,-1,-1
858,39,994.84,493.91,77.25,235.13,0.7997,-1,-1,-1
858,41,1572.40,594.07,104.07,230.46,0.6804,-1,-1,-1
858,43,434.76,294.21,60.35,194.77,0.5712,-1,-1,-1
859,32,1717.07,457.43,78.91,209.63,0.7308,-1,-1,-1
859,33,269.86,611.71,83.85,243.36,0.8008,-1,-1,-1
859,3,874.50,943.81,79.97,135.23,0.7379,-1,-1,-1
859,37,918.85,507.31,66.27,226.86,0.7696,-1,-1,-1
859,39,994.65,493.98,77.78,234.69,0.7927,-1,-1,-1
859,41,1572.70,593.90,104.12,230.70,0.6460,-1,-1,-1
859,43,435.46,298.28,59.09,190.27,0.5971,-1,-1,-1
860,32,1716.73,456.68,79.22,209.90,0.7424,-1,-1,-1
860,33,270.57,612.11,83.65,242.33,0.8106,-1,-1,-1
860,3,874.88,942.77,80.63,136.59,0.7249,-1,-1,-1
860,37,916.86,505.48,66.74,228.52,0.7682,-1,-1,-1
860,39,993.08,493.47,78.77,234.95,0.7726,-1,-1,-1
860,41,1572.75,593.54,104.15,230.65,0.6052,-1,-1,-1
860,43,434.81,300.15,58.81,189.11,0.6099,-1,-1,-1
861,32,1716.49,456.50,79.48,209.72,0.7502,-1,-1,-1
861,33,271.22,613.09,83.54,241.17,0.8141,-1,-1,-1
861,3,876.05,942.89,80.75,136.90,0.7457,-1,-1,-1
861,37,914.89,503.26,67.40,231.27,0.7792,-1,-1,-1
861,39,992.32,492.70,79.59,234.76,0.7825,-1,-1,-1
861,41,1572.66,597.01,102.70,227.22,0.6541,-1,-1,-1
861,43,433.99,300.38,59.19,188.52,0.5885,-1,-1,-1
862,32,1716.72,456.61,79.89,210.25,0.7354,-1,-1,-1
862,33,271.17,613.19,83.51,240.49,0.8133,-1,-1,-1
862,3,877.01,943.49,80.32,136.46,0.7283,-1,-1,-1
862,37,913.68,501.88,67.75,233.24,0.7651,-1,-1,-1
862,39,991.13,491.31,79.99,234.48,0.7788,-1,-1,-1
862,41,1572.66,596.99,102.80,226.96,0.6380,-1,-1,-1
862,43,433.92,300.06,58.94,187.53,0.5818,-1,-1,-1
863,32,1716.89,456.57,80.04,210.32,0.7412,-1,-1,-1
863,33,271.32,613.71,83.76,240.62,0.8160,-1,-1,-1
863,3,878.29,942.78,80.37,136.97,0.7321,-1,-1,-1
863,37,912.41,500.83,67.53,233.00,0.7730,-1,-1,-1
863,39,990.93,489.37,80.59,234.99,0.7992,-1,-1,-1
863,41,1572.24,595.28,103.61,228.53,0.6396,-1,-1,-1
863,43,433.50,301.11,59.02,187.33,0.5948,-1,-1,-1
863,45,1389.58,1009.88,84.48,70.12,0.6324,-1,-1,-1
864,32,1717.16,457.11,80.14,209.97,0.7389,-1,-1,-1
864,33,271.87,614.87,83.76,240.05,0.8133,-1,-1,-1
864,3,879.64,942.52,80.24,137.07,0.7422,-1,-1,-1
864,37,911.77,500.12,67.25,232.63,0.7635,-1,-1,-1
864,39,988.51,486.72,81.27,235.95,0.8030,-1,-1,-1
864,41,1572.64,594.56,103.91,229.14,0.6338,-1,-1,-1
864,43,433.66,302.37,59.22,187.03,0.5664,-1,-1,-1
864,45,1385.70,1006.09,88.95,73.91,0.6629,-1,-1,-1
865,32,1717.70,456.84,79.79,208.70,0.7301,-1,-1,-1
865,33,272.32,617.27,84.70,243.12,0.8342,-1,-1,-1
865,3,881.13,942.61,80.20,137.25,0.7300,-1,-1,-1
865,37,910.79,498.85,66.35,229.70,0.7620,-1,-1,-1
865,39,987.25,484.42,81.48,235.92,0.7994,-1,-1,-1
865,41,1572.40,594.28,104.20,229.59,0.6471,-1,-1,-1
865,43,433.65,303.05,59.51,186.92,0.5807,-1,-1,-1
865,45,1382.30,1001.93,93.79,78.07,0.6825,-1,-1,-1
866,32,1718.13,456.95,79.85,208.87,0.7195,-1,-1,-1
866,33,272.51,619.48,85.68,246.74,0.8294,-1,-1,-1
866,3,882.86,942.60,80.25,137.37,0.7354,-1,-1,-1
866,37,909.81,497.36,65.80,227.42,0.7879,-1,-1,-1
866,39,986.19,481.83,81.29,234.55,0.7924,-1,-1,-1
866,41,1572.58,594.33,104.16,229.30,0.6126,-1,-1,-1
866,43,433.74,303.95,59.65,186.34,0.5394,-1,-1,-1
866,45,1378.93,998.21,97.98,81.79,0.6804,-1,-1,-1
867,32,1718.15,456.95,80.17,209.75,0.7130,-1,-1,-1
867,33,272.72,620.81,86.47,249.86,0.8261,-1,-1,-1
867,3,884.95,941.99,80.45,138.02,0.7371,-1,-1,-1
867,37,908.61,496.17,64.98,223.06,0.7791,-1,-1,-1
867,39,985.66,478.76,80.21,230.52,0.7732,-1,-1,-1
867,41,1572.44,593.34,104.57,230.30,0.6158,-1,-1,-1
867,43,432.46,301.79,60.51,189.55,0.5465,-1,-1,-1
867,45,1376.08,994.17,102.33,85.83,0.6755,-1,-1,-1
868,32,1718.04,456.91,79.85,209.16,0.7020,-1,-1,-1
868,33,272.35,622.11,87.19,252.43,0.8356,-1,-1,-1
868,3,887.14,941.57,80.50,138.45,0.7426,-1,-1,-1
868,37,907.08,494.72,64.57,219.72,0.7652,-1,-1,-1
868,39,986.34,475.98,78.10,224.41,0.7793,-1,-1,-1
868,41,1572.58,592.69,104.49,230.66,0.6526,-1,-1,-1
868,43,431.30,300.97,61.73,194.93,0.5583,-1,-1,-1
868,45,1372.63,988.74,107.95,91.26,0.6574,-1,-1,-1
869,32,1718.34,457.23,79.77,208.84,0.7088,-1,-1,-1
869,33,273.12,624.64,86.44,250.29,0.8312,-1,-1,-1
869,3,890.25,941.02,80.50,139.00,0.7291,-1,-1,-1
869,37,906.37,492.75,63.94,214.86,0.7704,-1,-1,-1
869,39,986.19,473.38,77.60,223.98,0.7588,-1,-1,-1
869,41,1572.91,593.79,104.02,229.67,0.6356,-1,-1,-1
869,43,431.14,301.81,62.53,198.01,0.4980,-1,-1,-1
869,45,1370.40,984.61,111.62,95.39,0.6839,-1,-1,-1
870,32,1718.55,457.81,79.14,206.73,0.7184,-1,-1,-1
870,33,273.52,627.33,86.67,251.24,0.8334,-1,-1,-1
870,3,892.40,940.77,80.26,139.26,0.7350,-1,-1,-1
870,37,904.39,490.98,64.52,214.86,0.7288,-1,-1,-1
870,39,986.15,472.05,76.63,223.29,0.7479,-1,-1,-1
870,41,1573.39,594.46,103.70,229.30,0.6507,-1,-1,-1
870,43,432.34,311.31,60.68,193.33,0.5620,-1,-1,-1
870,45,1369.30,982.21,113.05,97.79,0.7184,-1,-1,-1
871,32,1718.11,457.59,79.66,207.87,0.7024,-1,-1,-1
871,33,274.26,630.04,87.30,253.68,0.8329,-1,-1,-1
871,3,894.62,941.38,79.46,138.64,0.7383,-1,-1,-1
871,37,902.54,488.69,65.15,215.18,0.7345,-1,-1,-1
871,39,985.53,469.85,76.19,224.64,0.7531,-1,-1,-1
871,41,1573.08,594.61,103.72,229.73,0.6152,-1,-1,-1
871,43,432.81,314.80,59.63,191.40,0.5787,-1,-1,-1
871,45,1367.53,979.56,114.59,100.44,0.7134,-1,-1,-1
872,32,1717.79,457.95,79.86,208.13,0.7101,-1,-1,-1
872,33,275.08,632.61,87.24,254.93,0.8345,-1,-1,-1
872,3,896.58,941.49,79.12,138.53,0.7319,-1,-1,-1
872,37,900.76,487.34,66.00,216.43,0.7402,-1,-1,-1
872,39,984.76,468.34,75.69,225.82,0.7477,-1,-1,-1
872,41,1572.36,595.54,103.45,228.82,0.6097,-1,-1,-1
872,43,432.39,317.31,59.26,191.68,0.5833,-1,-1,-1
872,45,1365.41,976.47,116.51,103.53,0.7117,-1,-1,-1
873,32,1717.56,458.14,79.86,207.90,0.7080,-1,-1,-1
873,33,275.51,634.10,87.08,255.42,0.8348,-1,-1,-1
873,3,898.83,941.52,78.86,138.50,0.7335,-1,-1,-1
873,37,899.61,486.36,67.10,219.09,0.7343,-1,-1,-1
873,39,985.02,467.63,74.60,225.20,0.7412,-1,-1,-1
873,41,1572.06,596.08,103.34,228.10,0.5866,-1,-1,-1
873,43,432.48,317.29,59.60,193.39,0.6029,-1,-1,-1
873,45,1363.46,974.43,117.15,105.57,0.7210,-1,-1,-1
874,32,1718.06,458.33,79.85,208.03,0.6924,-1,-1,-1
874,33,276.38,635.26,86.86,255.10,0.8304,-1,-1,-1
874,3,899.71,941.05,78.95,138.97,0.7366,-1,-1,-1
874,37,898.77,484.17,67.84,221.01,0.7175,-1,-1,-1
874,39,985.57,467.20,73.72,224.96,0.7300,-1,-1,-1
874,41,1572.82,596.96,103.10,227.25,0.6298,-1,-1,-1
874,43,431.50,315.11,60.26,195.82,0.6155,-1,-1,-1
874,45,1362.03,973.41,116.68,106.59,0.7276,-1,-1,-1
875,32,1717.97,458.47,79.56,207.26,0.6881,-1,-1,-1
875,33,277.95,635.87,86.17,253.93,0.8215,-1,-1,-1
875,3,901.00,940.32,79.06,139.69,0.7270,-1,-1,-1
875,37,897.12,482.96,67.97,220.99,0.7285,-1,-1,-1
875,39,985.97,466.85,72.99,225.14,0.7283,-1,-1,-1
875,41,1573.14,597.27,102.90,226.56,0.6244,-1,-1,-1
875,43,431.28,313.44,60.82,197.89,0.5709,-1,-1,-1
875,45,1360.54,971.87,116.61,108.13,0.7072,-1,-1,-1
876,32,1718.37,458.07,79.61,207.56,0.6895,-1,-1,-1
876,33,279.17,636.39,86.03,253.77,0.8137,-1,-1,-1
876,3,901.90,940.06,79.19,139.95,0.7458,-1,-1,-1
876,37,895.94,482.30,68.37,222.39,0.7299,-1,-1,-1
876,39,985.69,466.93,72.52,225.99,0.7277,-1,-1,-1
876,41,1573.12,598.21,102.43,225.59,0.6197,-1,-1,-1
876,43,431.54,313.97,60.44,196.78,0.5743,-1,-1,-1
876,45,1358.64,970.59,116.29,109.41,0.7048,-1,-1,-1
877,32,1718.49,458.05,79.61,207.59,0.6722,-1,-1,-1
877,33,279.89,637.54,85.48,253.10,0.7987,-1,-1,-1
877,3,902.46,939.46,79.41,140.56,0.7298,-1,-1,-1
877,37,895.43,482.16,68.59,223.13,0.7212,-1,-1,-1
877,39,984.71,466.14,72.26,226.90,0.7179,-1,-1,-1
877,41,1573.33,597.77,102.73,226.18,0.6011,-1,-1,-1
877,43,431.54,314.35,60.30,195.76,0.5503,-1,-1,-1
877,45,1356.54,968.40,116.87,111.60,0.6993,-1,-1,-1
878,32,1718.69,457.66,79.43,207.53,0.6348,-1,-1,-1
878,33,281.85,638.90,85.09,251.98,0.7850,-1,-1,-1
878,3,903.82,939.22,79.60,140.79,0.7349,-1,-1,-1
878,37,894.61,480.77,68.71,224.07,0.7169,-1,-1,-1
878,39,984.31,465.15,71.62,226.76,0.7103,-1,-1,-1
878,41,1573.49,597.31,102.99,226.98,0.5762,-1,-1,-1
878,43,430.65,316.29,60.03,194.33,0.5511,-1,-1,-1
878,45,1354.05,966.16,117.72,113.84,0.7178,-1,-1,-1
879,32,1718.76,457.23,79.47,207.96,0.6268,-1,-1,-1
879,33,283.37,640.36,84.76,250.57,0.7807,-1,-1,-1
879,3,904.14,938.99,79.84,141.02,0.7361,-1,-1,-1
879,37,893.78,480.38,68.37,223.54,0.7189,-1,-1,-1
879,39,982.93,464.43,71.12,226.49,0.6852,-1,-1,-1
879,41,1573.40,599.03,102.25,225.61,0.5909,-1,-1,-1
879,43,429.61,314.40,60.80,196.59,0.5044,-1,-1,-1
879,45,1352.66,963.65,118.57,116.35,0.7321,-1,-1,-1
880,32,1719.09,457.30,79.22,207.88,0.6361,-1,-1,-1
880,33,284.17,641.45,84.34,249.58,0.7549,-1,-1,-1
880,3,904.80,938.17,80.24,141.83,0.7403,-1,-1,-1
880,37,893.46,478.62,68.18,223.41,0.6963,-1,-1,-1
880,39,982.14,462.74,70.50,225.62,0.6941,-1,-1,-1
880,41,1573.53,597.61,102.45,226.47,0.6107,-1,-1,-1
880,43,429.62,317.81,59.76,191.97,0.5745,-1,-1,-1
880,45,1351.74,960.43,119.87,119.57,0.7308,-1,-1,-1
881,32,1719.28,457.47,79.20,208.00,0.6278,-1,-1,-1
881,33,285.45,642.49,84.16,248.54,0.7754,-1,-1,-1
881,3,905.16,937.78,80.51,142.23,0.7478,-1,-1,-1
881,37,893.40,477.11,67.48,221.63,0.6613,-1,-1,-1
881,39,980.78,460.33,69.63,224.17,0.7034,-1,-1,-1
881,41,1573.55,598.52,102.21,225.78,0.5643,-1,-1,-1
881,43,429.40,319.94,59.20,189.50,0.5264,-1,-1,-1
881,45,1349.94,957.23,120.89,122.77,0.7436,-1,-1,-1
882,32,1719.43,457.75,78.97,208.12,0.6414,-1,-1,-1
882,33,286.45,643.69,84.01,247.38,0.7641,-1,-1,-1
882,3,905.63,937.29,80.88,142.72,0.7535,-1,-1,-1
882,37,892.46,474.74,68.08,224.79,0.6657,-1,-1,-1
882,39,979.28,457.17,68.76,222.46,0.6953,-1,-1,-1
882,41,1573.83,597.77,102.35,226.55,0.6030,-1,-1,-1
882,43,429.52,321.13,58.86,187.86,0.5302,-1,-1,-1
882,45,1347.57,952.87,122.71,127.13,0.7454,-1,-1,-1
883,32,1720.16,457.84,78.61,207.83,0.6435,-1,-1,-1
883,33,287.51,645.14,83.96,246.16,0.7838,-1,-1,-1
883,3,905.40,937.03,81.10,142.98,0.7434,-1,-1,-1
883,37,893.14,471.53,64.54,212.74,0.6735,-1,-1,-1
883,39,978.40,454.68,67.79,219.64,0.7288,-1,-1,-1
883,41,1573.69,597.13,102.24,227.14,0.5788,-1,-1,-1
883,43,428.63,320.48,59.20,187.99,0.5487,-1,-1,-1
883,45,1345.93,949.12,123.23,130.38,0.7890,-1,-1,-1
884,32,1720.61,457.76,78.24,207.81,0.6224,-1,-1,-1
884,33,288.31,647.81,83.60,244.31,0.7818,-1,-1,-1
884,3,906.30,937.71,80.83,142.29,0.7342,-1,-1,-1
884,37,891.06,467.76,65.51,217.19,0.6513,-1,-1,-1
884,39,976.41,452.09,67.67,219.36,0.6875,-1,-1,-1
884,41,1574.40,597.89,101.62,226.50,0.5566,-1,-1,-1
884,43,427.95,320.07,59.88,190.28,0.5487,-1,-1,-1
884,45,1343.28,944.38,124.30,134.66,0.7979,-1,-1,-1
885,32,1720.95,457.83,77.80,207.26,0.6053,-1,-1,-1
885,33,288.38,649.72,83.79,244.33,0.7681,-1,-1,-1
885,3,907.08,937.42,80.96,142.58,0.7217,-1,-1,-1
885,37,890.12,465.01,65.82,219.60,0.6925,-1,-1,-1
885,39,974.80,449.55,67.81,219.46,0.7027,-1,-1,-1
885,41,1574.32,599.10,100.97,225.31,0.5470,-1,-1,-1
885,43,427.23,319.63,61.16,194.75,0.5350,-1,-1,-1
885,45,1341.39,939.89,125.65,139.73,0.8062,-1,-1,-1
886,32,1720.68,457.60,77.63,207.50,0.6142,-1,-1,-1
886,33,288.61,651.86,84.24,245.67,0.7482,-1,-1,-1
886,3,907.14,936.89,81.29,143.12,0.7281,-1,-1,-1
886,37,889.74,461.55,65.58,219.88,0.6868,-1,-1,-1
886,39,972.32,446.63,68.75,221.54,0.7011,-1,-1,-1
886,41,1574.80,598.52,101.26,226.08,0.5651,-1,-1,-1
886,43,426.42,320.42,61.65,197.28,0.4821,-1,-1,-1
886,45,1339.71,935.70,125.95,143.93,0.8075,-1,-1,-1
887,32,1720.69,457.20,77.50,207.79,0.6175,-1,-1,-1
887,33,288.58,653.98,84.40,246.44,0.7588,-1,-1,-1
887,3,908.11,937.11,81.16,142.89,0.7179,-1,-1,-1
887,37,889.87,461.34,64.32,216.00,0.7270,-1,-1,-1
887,39,971.22,444.74,69.51,223.24,0.7183,-1,-1,-1
887,41,1574.93,599.43,100.75,225.01,0.5510,-1,-1,-1
887,43,426.07,322.67,62.13,199.00,0.4812,-1,-1,-1
887,45,1338.88,931.63,125.32,146.74,0.7671,-1,-1,-1
888,32,1720.56,457.94,77.12,206.94,0.6288,-1,-1,-1
888,33,288.98,655.74,84.58,247.79,0.7446,-1,-1,-1
888,3,908.46,937.00,81.13,143.00,0.7097,-1,-1,-1
888,37,889.43,458.32,65.13,219.60,0.7330,-1,-1,-1
888,39,970.65,443.84,69.89,223.07,0.7354,-1,-1,-1
888,41,1575.29,599.32,100.97,225.55,0.5524,-1,-1,-1
888,43,426.24,325.31,62.24,199.71,0.5072,-1,-1,-1
888,45,1338.29,929.54,124.72,149.83,0.7714,-1,-1,-1
889,32,1720.42,457.19,77.46,207.90,0.6432,-1,-1,-1
889,33,289.92,658.43,84.04,247.43,0.7296,-1,-1,-1
889,3,909.40,937.32,80.91,142.68,0.7265,-1,-1,-1
889,37,889.12,456.44,65.35,221.34,0.7350,-1,-1,-1
889,39,970.16,443.24,70.71,224.03,0.7417,-1,-1,-1
889,41,1574.97,599.66,100.48,224.89,0.5393,-1,-1,-1
889,43,426.37,325.00,62.15,199.97,0.5059,-1,-1,-1
889,45,1336.63,926.12,124.83,153.35,0.7714,-1,-1,-1
890,32,1720.20,456.64,77.98,209.26,0.6655,-1,-1,-1
890,33,289.94,659.83,84.47,249.95,0.7117,-1,-1,-1
890,3,910.30,937.27,80.67,142.74,0.7379,-1,-1,-1
890,37,888.91,456.37,64.62,219.62,0.7161,-1,-1,-1
890,39,968.68,442.84,71.48,224.58,0.7268,-1,-1,-1
890,41,1574.71,599.84,100.40,224.94,0.5304,-1,-1,-1
890,43,424.40,328.07,62.51,201.03,0.5099,-1,-1,-1
890,45,1334.78,924.55,123.85,155.25,0.7561,-1,-1,-1
891,32,1720.42,456.86,77.71,209.09,0.6456,-1,-1,-1
891,33,290.92,661.95,84.49,251.78,0.7007,-1,-1,-1
891,3,910.47,937.59,80.36,142.41,0.7346,-1,-1,-1
891,37,888.39,455.07,64.29,219.18,0.7333,-1,-1,-1
891,39,967.49,442.80,72.72,225.55,0.7229,-1,-1,-1
891,41,1574.94,598.08,100.94,226.66,0.5408,-1,-1,-1
891,43,423.34,329.46,62.68,201.36,0.5167,-1,-1,-1
891,45,1334.41,924.54,121.74,155.39,0.7916,-1,-1,-1
892,32,1720.48,456.60,77.67,209.19,0.6454,-1,-1,-1
892,33,292.03,664.06,84.31,253.08,0.7617,-1,-1,-1
892,3,910.56,937.65,80.11,142.35,0.7292,-1,-1,-1
892,37,887.38,455.43,64.25,219.64,0.6965,-1,-1,-1
892,39,966.45,442.95,74.00,226.40,0.7299,-1,-1,-1
892,41,1573.88,596.79,101.43,227.96,0.5353,-1,-1,-1
892,43,422.40,331.32,62.64,200.47,0.5441,-1,-1,-1
892,45,1333.23,923.44,120.93,156.54,0.7788,-1,-1,-1
893,32,1720.93,456.92,77.41,208.81,0.6377,-1,-1,-1
893,33,293.80,664.81,84.21,254.85,0.7769,-1,-1,-1
893,3,911.45,937.83,79.77,142.17,0.7336,-1,-1,-1
893,37,885.69,455.09,64.10,219.38,0.7197,-1,-1,-1
893,39,965.67,441.95,75.04,226.77,0.7440,-1,-1,-1
893,41,1573.97,595.76,101.60,228.75,0.5345,-1,-1,-1
893,43,422.84,333.33,62.18,198.08,0.5463,-1,-1,-1
893,45,1330.93,920.93,121.34,159.08,0.7805,-1,-1,-1
894,32,1720.60,457.17,77.30,208.42,0.6375,-1,-1,-1
894,33,294.97,666.61,83.76,254.94,0.7547,-1,-1,-1
894,3,911.73,937.90,79.37,142.10,0.7382,-1,-1,-1
894,37,885.05,455.06,63.78,218.83,0.6967,-1,-1,-1
894,39,965.34,441.10,75.96,226.86,0.7480,-1,-1,-1
894,41,1573.21,593.79,102.50,231.12,0.5018,-1,-1,-1
894,43,422.13,333.61,62.56,198.30,0.5132,-1,-1,-1
894,45,1327.60,917.68,122.15,162.33,0.7874,-1,-1,-1
895,32,1720.26,456.88,77.38,208.66,0.6305,-1,-1,-1
895,33,296.30,668.15,83.05,253.75,0.7253,-1,-1,-1
895,3,912.25,938.18,78.98,141.82,0.7412,-1,-1,-1
895,37,883.37,454.88,63.61,218.77,0.7144,-1,-1,-1
895,39,965.49,440.67,76.57,226.24,0.7438,-1,-1,-1
895,41,1573.13,595.35,101.76,229.43,0.5244,-1,-1,-1
895,43,421.36,333.82,62.73,198.06,0.5181,-1,-1,-1
895,45,1324.95,916.44,121.53,163.58,0.7864,-1,-1,-1
896,32,1719.91,457.14,77.38,208.60,0.6306,-1,-1,-1
896,33,297.93,668.64,82.64,252.69,0.7383,-1,-1,-1
896,3,912.17,938.51,78.48,141.49,0.7136,-1,-1,-1
896,37,883.33,455.04,62.79,216.78,0.6944,-1,-1,-1
896,39,965.15,439.00,77.37,226.44,0.7393,-1,-1,-1
896,41,1573.19,596.96,101.11,227.80,0.5775,-1,-1,-1
896,43,421.12,334.04,62.83,197.73,0.5071,-1,-1,-1
896,45,1322.88,913.58,121.59,166.43,0.7729,-1,-1,-1
897,32,1719.99,457.13,77.18,207.91,0.6416,-1,-1,-1
897,33,299.00,669.16,83.12,253.23,0.7479,-1,-1,-1
897,3,912.33,938.90,78.07,141.11,0.7347,-1,-1,-1
897,37,882.20,452.64,63.22,218.63,0.7087,-1,-1,-1
897,39,964.96,436.57,78.00,227.08,0.7405,-1,-1,-1
897,41,1573.43,598.10,100.63,226.62,0.5726,-1,-1,-1
897,43,421.10,335.17,62.54,195.65,0.4863,-1,-1,-1
897,45,1320.36,909.21,122.42,170.80,0.7778,-1,-1,-1
898,32,1719.94,457.07,77.30,208.38,0.6436,-1,-1,-1
898,33,300.36,670.18,83.50,252.10,0.7628,-1,-1,-1
898,3,911.45,939.66,77.44,140.28,0.7345,-1,-1,-1
898,37,881.01,450.80,63.12,218.59,0.6759,-1,-1,-1
898,39,964.34,434.25,78.05,226.23,0.7273,-1,-1,-1
898,41,1574.27,597.41,100.88,226.99,0.5845,-1,-1,-1
898,43,420.20,335.05,62.61,194.91,0.5058,-1,-1,-1
898,45,1317.39,904.65,123.11,175.37,0.7874,-1,-1,-1
899,32,1719.70,457.05,77.27,208.82,0.6370,-1,-1,-1
899,33,301.38,670.53,84.32,252.29,0.7682,-1,-1,-1
899,3,911.26,940.62,76.64,139.33,0.7417,-1,-1,-1
899,37,880.14,447.79,61.98,214.16,0.6645,-1,-1,-1
899,39,963.89,431.94,77.48,223.65,0.7276,-1,-1,-1
899,41,1575.17,599.47,100.06,224.73,0.5773,-1,-1,-1
899,43,419.75,336.13,62.55,193.59,0.5084,-1,-1,-1
899,45,1315.00,900.26,123.32,179.75,0.7947,-1,-1,-1
900,32,1719.81,456.21,77.35,209.47,0.6200,-1,-1,-1
900,33,302.58,671.26,85.38,252.31,0.7702,-1,-1,-1
900,3,911.52,942.13,75.38,137.52,0.7254,-1,-1,-1
900,37,878.36,445.57,61.84,213.72,0.6726,-1,-1,-1
900,39,963.29,428.93,77.35,222.82,0.7234,-1,-1,-1
900,41,1575.14,600.44,99.68,223.76,0.5744,-1,-1,-1
900,43,418.90,336.18,63.52,195.85,0.5176,-1,-1,-1
900,45,1313.64,895.92,123.52,184.09,0.7993,-1,-1,-1
901,32,1720.82,456.96,76.69,207.88,0.6041,-1,-1,-1
901,33,303.54,672.62,85.98,250.27,0.7861,-1,-1,-1
901,3,911.80,943.10,74.43,136.24,0.7376,-1,-1,-1
901,37,877.40,442.79,61.45,211.63,0.6630,-1,-1,-1
901,39,963.38,425.38,77.07,222.58,0.7155,-1,-1,-1
901,41,1575.89,599.40,100.35,225.02,0.5797,-1,-1,-1
901,43,417.55,337.64,64.23,196.94,0.5251,-1,-1,-1
901,45,1312.09,892.36,123.18,187.65,0.8133,-1,-1,-1
902,32,1720.87,456.81,76.60,208.00,0.6083,-1,-1,-1
902,33,303.78,674.65,87.13,249.86,0.8122,-1,-1,-1
902,3,911.90,944.10,73.39,135.10,0.7258,-1,-1,-1
902,37,876.08,440.57,61.41,210.80,0.6949,-1,-1,-1
902,39,964.12,422.85,75.60,219.16,0.7300,-1,-1,-1
902,41,1576.60,599.18,100.18,224.93,0.5811,-1,-1,-1
902,43,417.67,338.20,65.35,200.38,0.5158,-1,-1,-1
902,45,1310.09,889.03,122.55,190.98,0.8059,-1,-1,-1
903,32,1720.53,457.22,76.60,208.26,0.5954,-1,-1,-1
903,33,303.18,676.46,89.11,252.87,0.8223,-1,-1,-1
903,3,911.71,945.16,72.75,134.55,0.7349,-1,-1,-1
903,37,875.25,438.43,61.50,210.59,0.6910,-1,-1,-1
903,39,964.34,420.94,74.69,217.90,0.7163,-1,-1,-1
903,41,1577.14,598.97,100.11,225.33,0.5928,-1,-1,-1
903,43,416.74,340.26,65.99,201.79,0.5506,-1,-1,-1
903,45,1308.05,885.16,122.28,194.84,0.7814,-1,-1,-1
904,32,1721.25,457.19,76.23,207.72,0.6274,-1,-1,-1
904,33,303.06,678.57,90.16,253.70,0.8373,-1,-1,-1
904,3,912.03,946.18,71.94,133.72,0.7201,-1,-1,-1
904,37,874.22,436.94,62.31,213.12,0.7102,-1,-1,-1
904,39,964.61,420.07,73.92,217.16,0.7098,-1,-1,-1
904,41,1576.99,599.32,99.81,224.74,0.5474,-1,-1,-1
904,43,417.94,343.06,66.00,202.45,0.4943,-1,-1,-1
904,45,1305.35,881.23,121.88,198.77,0.7713,-1,-1,-1
905,32,1721.39,456.90,76.19,208.05,0.6410,-1,-1,-1
905,33,303.14,680.33,91.89,257.46,0.8371,-1,-1,-1
905,3,912.13,947.36,71.13,132.61,0.7267,-1,-1,-1
905,37,873.74,435.19,62.26,213.28,0.7178,-1,-1,-1
905,39,964.40,418.59,73.89,218.33,0.7308,-1,-1,-1
905,41,1576.63,598.80,100.11,225.62,0.5767,-1,-1,-1
905,43,417.77,347.40,65.23,200.27,0.4790,-1,-1,-1
905,45,1303.68,877.99,120.62,201.12,0.7484,-1,-1,-1
906,32,1720.72,456.69,76.30,208.75,0.6351,-1,-1,-1
906,33,303.74,682.38,92.96,260.27,0.8409,-1,-1,-1
906,3,912.31,948.97,70.18,131.03,0.7252,-1,-1,-1
906,37,872.57,434.44,62.39,214.22,0.7389,-1,-1,-1
906,39,964.22,417.67,73.27,217.80,0.7330,-1,-1,-1
906,41,1577.30,598.99,99.83,225.35,0.5942,-1,-1,-1
906,43,415.66,348.89,65.57,201.34,0.5884,-1,-1,-1
906,45,1302.15,875.87,119.07,203.20,0.7586,-1,-1,-1
907,32,1720.77,457.14,75.93,207.97,0.6204,-1,-1,-1
907,33,305.17,684.76,91.94,257.33,0.8388,-1,-1,-1
907,3,910.85,949.32,70.35,130.69,0.7460,-1,-1,-1
907,37,871.76,432.80,62.56,214.73,0.7305,-1,-1,-1
907,39,964.40,417.27,73.33,219.39,0.6830,-1,-1,-1
907,41,1578.24,599.27,99.25,224.86,0.5615,-1,-1,-1
907,43,414.61,346.44,67.17,205.48,0.5853,-1,-1,-1
907,45,1301.35,875.51,117.26,204.14,0.7327,-1,-1,-1
907,46,1753.10,683.03,80.02,240.24,0.6236,-1,-1,-1
908,32,1721.10,457.39,75.51,207.11,0.6245,-1,-1,-1
908,33,306.33,687.28,91.81,257.53,0.8393,-1,-1,-1
908,3,911.34,950.67,69.82,129.34,0.7262,-1,-1,-1
908,37,870.55,431.87,63.25,217.51,0.7239,-1,-1,-1
908,39,964.20,417.11,72.81,219.56,0.7232,-1,-1,-1
908,41,1576.96,598.53,99.56,225.99,0.6038,-1,-1,-1
908,43,413.95,346.66,67.75,206.54,0.5882,-1,-1,-1
908,45,1299.86,875.13,115.58,204.75,0.7338,-1,-1,-1
908,46,1754.07,683.94,80.11,240.62,0.6295,-1,-1,-1
909,32,1721.00,457.16,75.32,207.23,0.6057,-1,-1,-1
909,33,306.76,689.61,92.18,259.42,0.8418,-1,-1,-1
909,3,910.21,950.58,70.19,129.43,0.7385,-1,-1,-1
909,37,869.78,431.46,63.43,218.77,0.7266,-1,-1,-1
909,39,963.60,416.75,72.98,222.02,0.7148,-1,-1,-1
909,41,1577.30,597.70,99.40,226.50,0.5931,-1,-1,-1
909,43,414.39,352.71,65.71,200.73,0.5978,-1,-1,-1
909,45,1298.11,873.74,114.26,206.22,0.7358,-1,-1,-1
909,46,1755.00,684.40,79.58,239.09,0.6273,-1,-1,-1
910,32,1721.13,456.74,75.57,208.32,0.6291,-1,-1,-1
910,33,306.66,691.81,92.68,261.78,0.8391,-1,-1,-1
910,3,909.80,951.16,70.33,128.85,0.7346,-1,-1,-1
910,37,869.65,431.00,63.47,219.26,0.7137,-1,-1,-1
910,39,962.77,416.67,72.70,222.42,0.7153,-1,-1,-1
910,41,1576.05,598.15,99.44,226.13,0.5753,-1,-1,-1
910,43,413.78,351.78,65.89,201.24,0.6175,-1,-1,-1
910,45,1296.82,871.98,113.08,208.01,0.7561,-1,-1,-1
910,46,1755.47,683.73,79.69,239.73,0.6105,-1,-1,-1
911,32,1721.65,457.35,75.33,207.24,0.6297,-1,-1,-1
911,33,306.53,693.70,92.46,262.15,0.8373,-1,-1,-1
911,3,909.72,951.74,70.41,128.27,0.7430,-1,-1,-1
911,37,869.18,430.25,63.63,220.26,0.7107,-1,-1,-1
911,39,962.67,415.74,72.43,223.35,0.7068,-1,-1,-1
911,41,1575.65,598.90,99.27,225.42,0.5510,-1,-1,-1
911,43,413.84,355.34,64.57,197.89,0.6222,-1,-1,-1
911,45,1294.54,869.41,112.22,210.60,0.7713,-1,-1,-1
911,46,1755.91,683.62,79.61,239.89,0.6088,-1,-1,-1
912,32,1721.76,456.78,75.44,207.55,0.6291,-1,-1,-1
912,33,306.36,695.34,92.39,263.17,0.8344,-1,-1,-1
912,3,910.53,952.86,70.13,127.14,0.7403,-1,-1,-1
912,37,869.15,429.14,63.24,219.11,0.6911,-1,-1,-1
912,39,962.27,414.91,71.28,221.18,0.7012,-1,-1,-1
912,41,1574.88,598.09,99.79,226.17,0.5373,-1,-1,-1
912,43,412.58,353.67,65.22,200.39,0.6220,-1,-1,-1
912,45,1292.73,866.60,111.50,213.38,0.7658,-1,-1,-1
912,46,1756.35,683.60,79.63,240.47,0.6182,-1,-1,-1
913,32,1721.61,456.18,75.65,208.15,0.5950,-1,-1,-1
913,33,306.26,696.56,91.77,262.50,0.8276,-1,-1,-1
913,3,910.59,953.04,70.30,126.97,0.7401,-1,-1,-1
913,37,868.36,426.93,63.77,221.24,0.7048,-1,-1,-1
913,39,961.66,412.97,70.21,218.77,0.6852,-1,-1,-1
913,41,1575.27,598.39,99.59,225.89,0.5475,-1,-1,-1
913,43,411.98,352.82,65.56,201.46,0.6024,-1,-1,-1
913,45,1290.94,862.10,111.51,217.90,0.7719,-1,-1,-1
913,46,1756.50,682.31,79.86,241.68,0.6180,-1,-1,-1
914,32,1721.92,456.08,75.54,208.27,0.6204,-1,-1,-1
914,33,306.36,697.24,91.20,261.74,0.8218,-1,-1,-1
914,3,910.24,953.35,70.55,126.66,0.7459,-1,-1,-1
914,37,867.80,425.86,62.94,218.58,0.6764,-1,-1,-1
914,39,961.09,410.71,68.63,214.27,0.6973,-1,-1,-1
914,41,1574.99,597.86,99.98,226.26,0.4642,-1,-1,-1
914,43,412.03,355.09,64.65,198.56,0.5553,-1,-1,-1
914,45,1288.73,857.95,111.45,222.05,0.7723,-1,-1,-1
914,46,1756.91,680.95,80.22,243.63,0.5932,-1,-1,-1
915,32,1721.65,456.44,75.13,207.64,0.6135,-1,-1,-1
915,33,306.35,698.15,90.57,260.76,0.8161,-1,-1,-1
915,3,909.59,953.76,70.78,126.24,0.7469,-1,-1,-1
915,37,868.22,422.74,60.38,209.00,0.6626,-1,-1,-1
915,39,960.26,408.79,67.39,210.82,0.7017,-1,-1,-1
915,41,1574.79,598.44,99.90,225.85,0.5304,-1,-1,-1
915,43,411.70,355.69,64.38,197.45,0.5396,-1,-1,-1
915,45,1288.11,854.02,111.38,225.99,0.7732,-1,-1,-1
915,46,1756.40,678.52,80.53,245.62,0.5833,-1,-1,-1
916,32,1721.55,456.20,75.17,207.99,0.6019,-1,-1,-1
916,33,306.19,699.55,89.77,259.15,0.7992,-1,-1,-1
916,3,909.18,953.96,71.13,126.04,0.7433,-1,-1,-1
916,37,868.02,420.38,59.90,207.18,0.6696,-1,-1,-1
916,39,959.05,406.81,66.32,207.83,0.7077,-1,-1,-1
916,41,1574.33,599.59,99.35,224.35,0.5460,-1,-1,-1
916,43,409.12,350.29,66.58,203.13,0.4994,-1,-1,-1
916,45,1286.63,850.16,111.36,229.85,0.7697,-1,-1,-1
916,46,1755.25,676.88,81.64,250.42,0.5579,-1,-1,-1
917,32,1721.05,456.37,75.05,207.93,0.6346,-1,-1,-1
917,33,305.98,701.69,88.83,256.98,0.8084,-1,-1,-1
917,3,908.71,953.96,71.55,126.05,0.7443,-1,-1,-1
917,37,866.99,416.78,60.69,210.47,0.6912,-1,-1,-1
917,39,957.31,404.32,66.21,208.14,0.7379,-1,-1,-1
917,41,1574.35,599.70,99.48,224.30,0.4534,-1,-1,-1
917,43,409.58,353.79,65.18,199.10,0.5344,-1,-1,-1
917,45,1285.59,845.83,111.62,234.18,0.7740,-1,-1,-1
917,46,1755.70,675.81,81.56,251.49,0.5489,-1,-1,-1
918,32,1720.88,455.87,75.20,208.89,0.6125,-1,-1,-1
918,33,306.06,702.77,87.98,254.98,0.7995,-1,-1,-1
918,3,908.70,954.51,71.64,125.49,0.7493,-1,-1,-1
918,37,866.24,414.75,60.88,211.60,0.7007,-1,-1,-1
918,39,954.64,401.47,66.61,209.61,0.7143,-1,-1,-1
918,41,1574.51,600.49,99.21,223.60,0.5702,-1,-1,-1
918,43,409.18,351.74,66.43,201.88,0.5581,-1,-1,-1
918,45,1282.98,841.99,111.65,238.02,0.7655,-1,-1,-1
918,46,1754.87,674.47,81.63,252.83,0.5492,-1,-1,-1
919,32,1720.96,455.57,75.44,210.01,0.6043,-1,-1,-1
919,33,306.51,703.69,87.25,253.06,0.7887,-1,-1,-1
919,3,908.75,954.81,71.92,125.19,0.7415,-1,-1,-1
919,37,865.78,413.09,61.32,213.17,0.7216,-1,-1,-1
919,39,953.12,399.02,67.24,211.63,0.7156,-1,-1,-1
919,41,1574.37,599.35,99.57,224.51,0.5445,-1,-1,-1
919,43,408.15,351.76,67.81,205.24,0.5695,-1,-1,-1
919,45,1282.13,838.98,111.36,241.03,0.7653,-1,-1,-1
919,46,1756.00,675.95,80.82,251.85,0.5595,-1,-1,-1
920,32,1720.77,455.80,75.24,209.37,0.6082,-1,-1,-1
920,33,306.62,705.36,87.41,253.37,0.7922,-1,-1,-1
920,3,908.60,955.50,72.01,124.51,0.7419,-1,-1,-1
920,37,865.61,409.27,61.46,213.90,0.7460,-1,-1,-1
920,39,951.39,396.59,68.07,214.17,0.7448,-1,-1,-1
920,41,1574.73,599.70,99.32,224.15,0.5432,-1,-1,-1
920,43,408.03,353.56,67.94,205.63,0.5468,-1,-1,-1
920,45,1280.04,835.66,111.26,244.34,0.7746,-1,-1,-1
920,46,1756.96,677.54,80.26,251.30,0.5527,-1,-1,-1
921,32,1720.67,455.45,75.50,210.28,0.6012,-1,-1,-1
921,33,306.47,706.81,87.57,253.92,0.7886,-1,-1,-1
921,3,907.88,955.30,72.37,124.61,0.7195,-1,-1,-1
921,37,865.18,407.63,61.98,216.17,0.7616,-1,-1,-1
921,39,949.67,394.85,69.01,216.04,0.7418,-1,-1,-1
921,41,1574.98,600.76,99.04,223.26,0.5395,-1,-1,-1
921,43,407.22,355.34,68.46,207.10,0.5529,-1,-1,-1
921,45,1279.11,833.40,110.49,246.61,0.7704,-1,-1,-1
921,46,1757.45,678.30,79.72,250.68,0.5598,-1,-1,-1
922,32,1720.47,455.38,75.32,209.91,0.6094,-1,-1,-1
922,33,306.12,708.35,88.30,256.48,0.7726,-1,-1,-1
922,3,907.45,955.32,72.76,124.65,0.7304,-1,-1,-1
922,37,865.07,406.72,61.88,216.39,0.7642,-1,-1,-1
922,39,948.48,393.38,69.84,217.50,0.7355,-1,-1,-1
922,41,1575.21,600.06,99.17,223.78,0.4984,-1,-1,-1
922,43,406.40,358.15,68.07,205.65,0.5427,-1,-1,-1
922,45,1277.56,831.44,109.58,248.34,0.7847,-1,-1,-1
922,46,1757.71,677.68,79.50,251.07,0.5386,-1,-1,-1
923,32,1720.00,455.73,75.40,210.03,0.6225,-1,-1,-1
923,33,305.98,710.07,88.57,257.78,0.7699,-1,-1,-1
923,3,907.75,955.66,72.99,124.33,0.7330,-1,-1,-1
923,37,864.72,406.16,61.88,217.30,0.7652,-1,-1,-1
923,39,947.70,392.54,70.93,219.22,0.7378,-1,-1,-1
923,41,1574.50,598.99,99.88,225.02,0.5140,-1,-1,-1
923,43,405.60,360.27,68.07,205.35,0.5231,-1,-1,-1
923,45,1276.95,829.68,108.74,250.07,0.7879,-1,-1,-1
923,46,1757.23,677.62,78.86,250.47,0.5799,-1,-1,-1
924,32,1719.88,455.57,75.53,209.92,0.6284,-1,-1,-1
924,33,305.64,711.63,89.27,260.97,0.7529,-1,-1,-1
924,3,907.77,955.85,73.24,124.15,0.7353,-1,-1,-1
924,37,864.80,405.80,61.39,215.99,0.7512,-1,-1,-1
924,39,946.74,391.76,72.26,221.20,0.7562,-1,-1,-1
924,41,1574.34,598.72,100.03,225.41,0.4692,-1,-1,-1
924,43,404.56,361.80,69.20,208.18,0.5484,-1,-1,-1
924,45,1276.29,828.72,107.41,249.77,0.7901,-1,-1,-1
924,46,1755.47,676.04,78.30,249.34,0.5560,-1,-1,-1
925,32,1719.30,455.37,75.82,210.41,0.6063,-1,-1,-1
925,33,306.09,714.17,89.03,261.42,0.7442,-1,-1,-1
925,3,907.40,955.25,73.77,124.75,0.7232,-1,-1,-1
925,37,864.42,405.61,61.24,215.61,0.7586,-1,-1,-1
925,39,945.33,391.56,73.10,221.86,0.7579,-1,-1,-1
925,41,1574.63,598.14,100.51,227.73,0.3539,-1,-1,-1
925,43,402.85,363.21,70.18,210.77,0.5779,-1,-1,-1
925,45,1275.29,828.31,106.21,248.98,0.7774,-1,-1,-1
925,46,1755.37,676.29,77.96,248.61,0.5357,-1,-1,-1
926,32,1719.48,455.82,75.69,209.74,0.5818,-1,-1,-1
926,33,306.85,717.07,88.79,261.36,0.7453,-1,-1,-1
926,3,908.07,955.42,73.97,124.58,0.7306,-1,-1,-1
926,37,863.99,405.28,61.14,215.47,0.7059,-1,-1,-1
926,39,944.01,391.44,73.93,222.09,0.7609,-1,-1,-1
926,41,1574.94,598.23,100.22,228.44,0.3214,-1,-1,-1
926,43,401.59,363.81,70.89,212.21,0.5012,-1,-1,-1
926,45,1273.61,826.94,105.73,250.90,0.7913,-1,-1,-1
926,46,1755.79,676.79,78.22,249.80,0.5894,-1,-1,-1
927,32,1719.44,456.02,75.67,209.44,0.6102,-1,-1,-1
927,33,307.10,720.00,89.12,263.40,0.7486,-1,-1,-1
927,3,907.84,955.12,74.21,124.88,0.7388,-1,-1,-1
927,37,863.52,404.71,60.78,214.19,0.7403,-1,-1,-1
927,39,943.56,390.92,74.32,221.07,0.7727,-1,-1,-1
927,41,1574.52,597.91,99.75,227.06,0.4290,-1,-1,-1
927,43,401.52,364.93,70.89,212.07,0.4950,-1,-1,-1
927,45,1271.32,825.19,105.25,252.55,0.8028,-1,-1,-1
927,46,1756.00,676.67,78.81,252.29,0.5862,-1,-1,-1
928,32,1719.23,456.24,75.61,209.02,0.6034,-1,-1,-1
928,33,308.55,724.39,88.78,264.09,0.7731,-1,-1,-1
928,3,907.64,954.90,74.50,125.10,0.7213,-1,-1,-1
928,37,862.80,403.96,60.88,214.50,0.7359,-1,-1,-1
928,39,943.36,389.88,74.87,221.06,0.7677,-1,-1,-1
928,41,1575.63,598.00,99.66,228.23,0.4129,-1,-1,-1
928,43,400.47,364.42,71.27,212.53,0.5128,-1,-1,-1
928,45,1268.56,822.59,105.22,255.74,0.7778,-1,-1,-1
928,46,1755.80,676.00,78.94,252.94,0.5873,-1,-1,-1
929,32,1718.92,456.19,75.77,209.26,0.6077,-1,-1,-1
929,33,310.06,726.81,88.59,265.02,0.7941,-1,-1,-1
929,3,907.93,955.00,74.60,125.00,0.7308,-1,-1,-1
929,37,861.67,401.99,61.41,215.94,0.7441,-1,-1,-1
929,39,942.64,388.44,75.36,221.39,0.7689,-1,-1,-1
929,41,1576.93,598.47,98.81,227.95,0.3661,-1,-1,-1
929,43,399.74,364.65,71.49,212.32,0.5722,-1,-1,-1
929,45,1266.47,818.12,105.36,259.78,0.7775,-1,-1,-1
929,46,1755.74,676.46,78.77,252.14,0.5928,-1,-1,-1
930,32,1719.25,456.32,75.73,209.18,0.5972,-1,-1,-1
930,33,311.78,728.91,87.41,262.59,0.7748,-1,-1,-1
930,3,907.00,954.61,74.94,125.29,0.7199,-1,-1,-1
930,37,861.45,399.75,61.27,214.82,0.7166,-1,-1,-1
930,39,942.00,386.25,75.97,222.42,0.7702,-1,-1,-1
930,41,1577.49,598.33,98.10,227.96,0.3744,-1,-1,-1
930,43,399.11,364.98,70.94,209.87,0.5125,-1,-1,-1
930,45,1264.69,814.32,105.94,264.91,0.7959,-1,-1,-1
930,46,1754.72,676.93,79.13,251.65,0.5852,-1,-1,-1
931,32,1719.33,456.32,75.70,208.93,0.5655,-1,-1,-1
931,33,313.85,730.73,86.29,259.79,0.7860,-1,-1,-1
931,3,907.63,954.94,75.03,125.02,0.7312,-1,-1,-1
931,37,861.87,399.08,59.13,205.79,0.6985,-1,-1,-1
931,39,941.79,384.12,75.62,220.93,0.7591,-1,-1,-1
931,41,1576.60,597.83,97.69,226.99,0.5214,-1,-1,-1
931,43,398.54,367.00,70.17,206.11,0.4992,-1,-1,-1
931,45,1263.06,810.18,106.14,269.57,0.7848,-1,-1,-1
931,46,1753.18,675.97,79.83,252.50,0.6228,-1,-1,-1
932,32,1719.57,456.09,75.81,209.46,0.5773,-1,-1,-1
932,33,315.86,731.92,85.27,257.29,0.7789,-1,-1,-1
932,3,907.94,954.61,75.36,125.37,0.7311,-1,-1,-1
932,37,861.49,396.83,58.60,202.50,0.6496,-1,-1,-1
932,39,942.55,381.58,74.99,218.63,0.7427,-1,-1,-1
932,41,1576.54,598.02,97.39,226.36,0.5558,-1,-1,-1
932,43,397.88,365.87,71.09,208.34,0.4776,-1,-1,-1
932,45,1261.70,805.67,106.32,274.27,0.7908,-1,-1,-1
932,46,1752.35,675.63,80.31,252.21,0.6170,-1,-1,-1
933,32,1719.54,455.95,75.81,209.77,0.5541,-1,-1,-1
933,33,317.22,733.33,85.15,257.01,0.7948,-1,-1,-1
933,3,908.19,954.54,75.58,125.45,0.7420,-1,-1,-1
933,37,861.07,395.09,58.17,199.32,0.6489,-1,-1,-1
933,39,942.82,379.19,74.06,214.93,0.7366,-1,-1,-1
933,41,1575.69,596.18,98.23,228.18,0.5280,-1,-1,-1
933,43,396.54,366.31,71.31,207.73,0.5203,-1,-1,-1
933,45,1261.31,802.21,105.23,275.63,0.7758,-1,-1,-1
933,46,1751.06,674.93,81.08,253.62,0.6317,-1,-1,-1
934,32,1719.55,455.90,75.77,210.04,0.5782,-1,-1,-1
934,33,318.44,734.57,85.04,256.29,0.8049,-1,-1,-1
934,3,908.25,954.05,76.03,125.95,0.7528,-1,-1,-1
934,37,860.20,393.18,58.99,200.76,0.6633,-1,-1,-1
934,39,943.11,376.70,73.80,213.93,0.7234,-1,-1,-1
934,41,1575.95,596.02,98.30,228.48,0.5555,-1,-1,-1
934,43,395.44,367.78,71.37,206.70,0.5506,-1,-1,-1
934,45,1261.04,799.15,103.36,274.52,0.7781,-1,-1,-1
934,46,1750.87,675.25,81.21,252.53,0.6110,-1,-1,-1
935,32,1719.97,456.23,75.54,209.57,0.5750,-1,-1,-1
935,33,319.91,736.07,85.39,256.16,0.8270,-1,-1,-1
935,3,907.99,953.69,76.36,126.31,0.7409,-1,-1,-1
935,37,859.88,391.06,59.44,201.08,0.6729,-1,-1,-1
935,39,943.42,374.38,72.76,211.53,0.7351,-1,-1,-1
935,41,1575.89,595.97,98.48,228.87,0.5815,-1,-1,-1
935,43,394.34,369.00,71.75,205.95,0.5367,-1,-1,-1
935,45,1261.23,796.18,101.86,273.87,0.7687,-1,-1,-1
935,46,1750.85,674.53,82.30,254.52,0.6210,-1,-1,-1
936,32,1720.14,455.99,75.12,209.03,0.5626,-1,-1,-1
936,33,321.13,737.00,85.52,254.87,0.8217,-1,-1,-1
936,3,907.85,952.40,76.85,127.20,0.7263,-1,-1,-1
936,37,859.37,389.07,60.91,205.82,0.6694,-1,-1,-1
936,39,943.10,373.48,72.05,210.46,0.7074,-1,-1,-1
936,41,1576.59,596.36,98.09,227.93,0.5664,-1,-1,-1
936,43,392.42,368.96,74.06,211.46,0.6004,-1,-1,-1
936,45,1260.67,793.04,101.98,277.52,0.7683,-1,-1,-1
936,46,1750.96,674.33,82.60,254.15,0.6006,-1,-1,-1
937,32,1720.44,456.34,74.90,208.97,0.5534,-1,-1,-1
937,33,322.49,738.09,85.96,253.76,0.8362,-1,-1,-1
937,3,908.06,952.42,77.02,127.42,0.7434,-1,-1,-1
937,37,858.82,388.18,61.64,208.25,0.6903,-1,-1,-1
937,39,942.77,372.76,71.63,210.69,0.6928,-1,-1,-1
937,41,1576.27,595.98,98.40,228.25,0.5386,-1,-1,-1
937,43,390.68,369.08,76.06,216.42,0.6123,-1,-1,-1
937,45,1259.85,790.62,101.76,279.71,0.7771,-1,-1,-1
937,46,1750.53,674.08,83.20,255.04,0.6187,-1,-1,-1
938,32,1720.18,456.62,74.84,208.91,0.5749,-1,-1,-1
938,33,323.17,738.76,87.05,254.51,0.8321,-1,-1,-1
938,3,908.52,951.67,77.36,128.28,0.7529,-1,-1,-1
938,37,858.27,386.47,61.92,209.16,0.6811,-1,-1,-1
938,39,941.76,370.85,71.75,213.14,0.7000,-1,-1,-1
938,41,1576.34,596.71,98.17,227.64,0.5618,-1,-1,-1
938,43,390.59,370.69,76.74,217.84,0.5653,-1,-1,-1
938,45,1258.20,788.07,101.90,283.23,0.7855,-1,-1,-1
938,46,1749.86,673.73,83.58,254.98,0.6238,-1,-1,-1
939,32,1720.10,456.51,74.93,209.72,0.5561,-1,-1,-1
939,33,322.96,739.86,88.51,257.08,0.8307,-1,-1,-1
939,3,909.93,950.79,77.59,129.19,0.7237,-1,-1,-1
939,37,858.00,386.22,62.18,210.22,0.6648,-1,-1,-1
939,39,941.69,369.81,71.43,214.12,0.6714,-1,-1,-1
939,41,1575.33,595.20,98.82,229.15,0.5186,-1,-1,-1
939,43,391.57,376.97,75.93,214.69,0.5984,-1,-1,-1
939,45,1257.28,785.89,101.46,285.05,0.7899,-1,-1,-1
939,46,1748.71,674.57,83.65,254.41,0.6270,-1,-1,-1
940,32,1720.12,456.25,74.84,209.90,0.5598,-1,-1,-1
940,33,322.65,740.90,90.10,260.95,0.8254,-1,-1,-1
940,3,910.40,949.70,77.89,130.30,0.7619,-1,-1,-1
940,37,858.23,386.09,62.21,210.77,0.6759,-1,-1,-1
940,39,941.22,369.36,71.04,214.53,0.6936,-1,-1,-1
940,41,1575.05,595.37,98.72,228.88,0.5332,-1,-1,-1
940,43,391.81,381.68,75.01,211.60,0.5956,-1,-1,-1
940,45,1255.68,784.30,100.58,285.78,0.7855,-1,-1,-1
940,46,1747.82,674.01,83.76,253.91,0.6361,-1,-1,-1
941,32,1719.73,456.44,74.58,209.10,0.5794,-1,-1,-1
941,33,322.56,742.95,92.12,266.65,0.8184,-1,-1,-1
941,3,910.80,948.66,78.21,131.34,0.7510,-1,-1,-1
941,37,858.12,385.71,62.39,211.59,0.7097,-1,-1,-1
941,39,940.07,368.53,70.90,215.88,0.7170,-1,-1,-1
941,41,1574.72,595.33,98.90,229.35,0.5657,-1,-1,-1
941,43,390.84,383.25,75.41,212.40,0.6215,-1,-1,-1
941,45,1253.96,783.00,100.17,287.82,0.7844,-1,-1,-1
941,46,1748.21,674.04,84.21,254.22,0.6634,-1,-1,-1
942,32,1719.66,456.23,74.75,209.87,0.5558,-1,-1,-1
942,33,322.83,746.42,92.78,268.59,0.8173,-1,-1,-1
942,3,911.25,947.49,78.44,132.51,0.7628,-1,-1,-1
942,37,858.11,384.93,62.54,212.40,0.7000,-1,-1,-1
942,39,939.58,368.16,70.40,215.81,0.7131,-1,-1,-1
942,41,1574.51,594.90,99.10,229.87,0.5416,-1,-1,-1
942,43,391.27,385.49,75.37,212.09,0.5921,-1,-1,-1
942,45,1252.52,782.60,99.11,287.39,0.7773,-1,-1,-1
942,46,1748.22,672.81,84.51,253.88,0.6571,-1,-1,-1
943,32,1719.64,456.30,74.54,209.49,0.5679,-1,-1,-1
943,33,323.52,750.02,92.47,267.43,0.8184,-1,-1,-1
943,3,911.77,946.00,78.78,134.01,0.7552,-1,-1,-1
943,37,858.09,383.74,62.53,212.32,0.6829,-1,-1,-1
943,39,938.77,366.93,70.37,216.81,0.7132,-1,-1,-1
943,41,1574.80,595.39,98.74,229.02,0.5493,-1,-1,-1
943,43,392.22,387.28,75.02,211.08,0.5718,-1,-1,-1
943,45,1251.36,781.75,98.09,287.11,0.7748,-1,-1,-1
943,46,1747.36,671.71,85.09,254.78,0.6662,-1,-1,-1
944,32,1719.49,456.41,74.57,210.13,0.5650,-1,-1,-1
944,33,324.19,753.61,91.55,264.42,0.8223,-1,-1,-1
944,3,912.88,944.64,79.02,135.36,0.7344,-1,-1,-1
944,37,857.74,382.05,62.81,213.58,0.6917,-1,-1,-1
944,39,937.48,366.02,70.04,216.82,0.6967,-1,-1,-1
944,41,1574.55,594.71,98.90,229.67,0.5490,-1,-1,-1
944,43,392.48,388.20,74.69,209.89,0.5440,-1,-1,-1
944,45,1249.89,779.76,97.43,287.22,0.7731,-1,-1,-1
944,46,1746.78,672.82,85.12,254.25,0.6759,-1,-1,-1
945,32,1719.19,456.06,74.77,211.03,0.5424,-1,-1,-1
945,33,324.21,756.31,91.39,264.03,0.8237,-1,-1,-1
945,3,913.58,943.79,79.01,136.22,0.7561,-1,-1,-1
945,37,857.54,379.65,62.67,212.88,0.6940,-1,-1,-1
945,39,937.51,364.44,69.38,216.71,0.6919,-1,-1,-1
945,41,1575.14,595.63,98.51,228.84,0.5612,-1,-1,-1
945,43,392.88,388.81,74.63,209.46,0.5449,-1,-1,-1
945,45,1248.77,777.39,97.09,288.68,0.7645,-1,-1,-1
945,46,1746.24,673.41,85.10,253.48,0.6790,-1,-1,-1
946,32,1719.50,456.94,74.16,209.20,0.5699,-1,-1,-1
946,33,324.36,759.40,91.48,264.51,0.8211,-1,-1,-1
946,3,915.09,943.43,78.55,136.58,0.7576,-1,-1,-1
946,37,857.39,377.21,63.14,214.05,0.6500,-1,-1,-1
946,39,936.56,362.68,68.63,216.18,0.6461,-1,-1,-1
946,41,1576.01,596.90,97.58,226.80,0.5642,-1,-1,-1
946,43,391.70,388.88,74.80,209.68,0.5928,-1,-1,-1
946,45,1247.83,774.87,95.27,284.70,0.7755,-1,-1,-1
946,46,1745.10,673.17,85.44,253.09,0.6623,-1,-1,-1
947,32,1719.49,457.53,73.98,208.92,0.5719,-1,-1,-1
947,33,323.82,760.81,92.21,266.96,0.8233,-1,-1,-1
947,3,915.62,941.88,78.71,138.13,0.7545,-1,-1,-1
947,37,857.24,374.66,62.78,212.02,0.6626,-1,-1,-1
947,39,935.81,360.97,66.93,212.11,0.6498,-1,-1,-1
947,41,1576.52,597.14,97.66,226.93,0.5836,-1,-1,-1
947,43,391.79,388.74,74.83,210.02,0.5913,-1,-1,-1
947,45,1246.94,771.81,93.90,281.95,0.7636,-1,-1,-1
947,46,1744.92,670.01,86.13,254.35,0.6922,-1,-1,-1
948,32,1719.42,457.33,73.90,208.99,0.5736,-1,-1,-1
948,33,322.80,762.72,92.56,268.74,0.8271,-1,-1,-1
948,3,916.36,940.40,78.87,139.60,0.7534,-1,-1,-1
948,37,856.82,371.46,62.85,211.77,0.6633,-1,-1,-1
948,39,935.06,358.15,65.53,209.02,0.6509,-1,-1,-1
948,41,1576.19,595.88,98.19,228.17,0.5923,-1,-1,-1
948,43,391.62,388.73,74.77,209.93,0.5565,-1,-1,-1
948,45,1245.53,768.91,92.30,278.88,0.7740,-1,-1,-1
948,46,1743.62,669.59,87.16,255.07,0.6816,-1,-1,-1
949,32,1719.31,456.93,73.77,208.94,0.5777,-1,-1,-1
949,33,322.92,764.14,92.35,268.55,0.8215,-1,-1,-1
949,3,917.39,939.28,78.79,140.72,0.7384,-1,-1,-1
949,37,856.33,368.91,62.99,211.64,0.6659,-1,-1,-1
949,39,933.61,355.85,65.37,209.36,0.6396,-1,-1,-1
949,41,1576.41,594.95,98.62,229.46,0.5765,-1,-1,-1
949,43,391.76,390.05,74.25,208.58,0.5626,-1,-1,-1
949,45,1245.17,764.60,90.64,275.35,0.7646,-1,-1,-1
949,46,1744.03,670.04,86.31,251.77,0.6772,-1,-1,-1
950,32,1719.35,456.36,74.00,209.89,0.5724,-1,-1,-1
950,33,322.29,765.27,91.90,267.68,0.8230,-1,-1,-1
950,3,918.30,937.66,78.77,142.34,0.7546,-1,-1,-1
950,37,857.14,366.79,61.87,206.73,0.6532,-1,-1,-1
950,39,931.27,352.70,65.35,209.27,0.6464,-1,-1,-1
950,41,1576.05,594.97,98.48,229.01,0.5690,-1,-1,-1
950,43,390.89,390.10,74.41,209.01,0.5825,-1,-1,-1
950,45,1244.91,759.83,88.25,268.78,0.7694,-1,-1,-1
950,46,1743.47,667.88,87.70,255.49,0.6781,-1,-1,-1
951,32,1719.27,456.14,74.21,210.77,0.5724,-1,-1,-1
951,33,322.08,766.78,91.33,266.11,0.8161,-1,-1,-1
951,3,918.74,936.75,78.51,143.25,0.7622,-1,-1,-1
951,37,856.77,365.09,62.00,205.89,0.6683,-1,-1,-1
951,39,930.08,349.82,65.59,210.09,0.6525,-1,-1,-1
951,41,1576.08,594.78,98.67,229.30,0.5811,-1,-1,-1
951,43,391.00,390.62,73.96,207.50,0.5044,-1,-1,-1
951,45,1243.88,754.91,87.36,266.76,0.7678,-1,-1,-1
951,46,1743.51,667.53,87.72,255.18,0.6549,-1,-1,-1
952,32,1719.07,456.28,74.18,210.97,0.5726,-1,-1,-1
952,33,321.98,768.28,90.86,264.97,0.8045,-1,-1,-1
952,3,919.82,935.91,78.20,144.09,0.7728,-1,-1,-1
952,37,856.26,363.65,62.37,205.78,0.6919,-1,-1,-1
952,39,929.23,347.31,66.04,211.78,0.6930,-1,-1,-1
952,41,1576.11,595.65,98.50,228.37,0.5729,-1,-1,-1
952,43,391.75,390.79,73.68,206.88,0.5189,-1,-1,-1
952,45,1242.07,751.49,87.33,266.88,0.7631,-1,-1,-1
952,46,1743.27,667.78,88.33,256.19,0.6676,-1,-1,-1
953,32,1719.24,456.79,73.88,210.00,0.5683,-1,-1,-1
953,33,321.42,769.84,90.31,263.53,0.8138,-1,-1,-1
953,3,921.04,935.22,77.84,144.78,0.7791,-1,-1,-1
953,37,855.39,362.26,63.18,206.63,0.6847,-1,-1,-1
953,39,927.88,345.95,66.12,211.69,0.7090,-1,-1,-1
953,41,1576.33,594.88,98.84,229.00,0.6081,-1,-1,-1
953,43,391.54,393.37,74.06,207.66,0.5562,-1,-1,-1
953,45,1240.94,749.87,86.97,265.99,0.7807,-1,-1,-1
953,46,1743.13,668.19,88.45,255.77,0.6717,-1,-1,-1
954,32,1719.66,456.64,73.79,209.77,0.5800,-1,-1,-1
954,33,321.89,771.38,89.73,262.13,0.8180,-1,-1,-1
954,3,921.87,934.52,77.45,145.48,0.7647,-1,-1,-1
954,37,854.37,360.79,63.87,207.65,0.6716,-1,-1,-1
954,39,926.64,344.96,66.37,211.74,0.7074,-1,-1,-1
954,41,1576.49,596.08,98.52,228.25,0.5787,-1,-1,-1
954,43,390.05,394.15,75.09,210.12,0.6113,-1,-1,-1
954,45,1238.74,748.28,87.24,266.28,0.7781,-1,-1,-1
954,46,1743.14,669.12,88.50,255.14,0.6836,-1,-1,-1
955,32,1719.41,456.16,74.05,210.27,0.5747,-1,-1,-1
955,33,322.07,773.01,89.09,260.37,0.8190,-1,-1,-1
955,3,922.58,934.17,76.81,145.83,0.7775,-1,-1,-1
955,37,853.83,360.17,64.39,208.49,0.6666,-1,-1,-1
955,39,926.45,343.79,66.68,211.86,0.6881,-1,-1,-1
955,41,1576.29,594.40,99.11,229.65,0.5886,-1,-1,-1
955,43,389.89,396.36,75.98,212.11,0.5808,-1,-1,-1
955,45,1237.17,746.10,87.69,267.79,0.7886,-1,-1,-1
955,46,1743.11,668.67,88.46,254.31,0.6737,-1,-1,-1
956,32,1719.66,456.42,74.00,210.22,0.5833,-1,-1,-1
956,33,321.88,773.47,88.81,259.49,0.8289,-1,-1,-1
956,3,923.02,933.50,76.49,146.50,0.7815,-1,-1,-1
956,37,852.85,360.06,65.05,209.82,0.6588,-1,-1,-1
956,39,925.58,343.53,67.77,214.21,0.6929,-1,-1,-1
956,41,1577.59,594.63,98.74,229.34,0.5545,-1,-1,-1
956,43,389.82,399.70,76.24,212.55,0.6056,-1,-1,-1
956,45,1235.08,744.01,88.01,268.96,0.7904,-1,-1,-1
956,46,1742.86,668.01,88.66,254.18,0.6592,-1,-1,-1
957,32,1719.37,456.24,74.02,210.18,0.5699,-1,-1,-1
957,33,321.72,774.15,88.70,259.41,0.8345,-1,-1,-1
957,3,923.56,933.08,76.17,146.92,0.7782,-1,-1,-1
957,37,852.17,360.41,64.83,208.19,0.6745,-1,-1,-1
957,39,923.97,343.43,68.54,214.82,0.6919,-1,-1,-1
957,41,1579.08,593.70,98.57,230.23,0.5680,-1,-1,-1
957,43,388.94,403.32,76.58,213.17,0.6145,-1,-1,-1
957,45,1234.72,742.77,85.92,260.29,0.7515,-1,-1,-1
957,46,1742.19,669.12,88.52,251.87,0.6707,-1,-1,-1
958,32,1719.29,455.97,74.17,210.50,0.5799,-1,-1,-1
958,33,321.33,775.11,89.35,261.98,0.8283,-1,-1,-1
958,3,924.31,932.67,75.86,147.33,0.7847,-1,-1,-1
958,37,851.58,359.95,65.05,207.87,0.6789,-1,-1,-1
958,39,924.41,343.21,69.11,215.38,0.6937,-1,-1,-1
958,41,1579.28,594.93,97.76,228.75,0.5441,-1,-1,-1
958,43,387.78,405.03,77.26,215.06,0.5994,-1,-1,-1
958,45,1233.35,741.51,86.21,259.70,0.7563,-1,-1,-1
958,46,1741.58,668.12,89.58,253.51,0.6617,-1,-1,-1
959,32,1719.35,456.34,73.90,209.50,0.5786,-1,-1,-1
959,33,320.93,777.09,89.41,262.87,0.7966,-1,-1,-1
959,3,924.92,932.62,75.40,147.38,0.7850,-1,-1,-1
959,37,851.72,359.15,64.81,206.01,0.6789,-1,-1,-1
959,39,924.73,342.86,69.48,216.01,0.6845,-1,-1,-1
959,41,1579.63,596.11,97.14,228.03,0.5639,-1,-1,-1
959,43,386.85,408.21,76.98,214.14,0.6066,-1,-1,-1
959,45,1232.13,740.40,85.03,253.14,0.7574,-1,-1,-1
959,46,1741.69,668.46,89.15,252.31,0.6471,-1,-1,-1
960,32,1719.26,455.74,74.24,210.35,0.5896,-1,-1,-1
960,33,320.72,779.39,89.21,262.98,0.8038,-1,-1,-1
960,3,925.42,932.21,75.20,147.79,0.7891,-1,-1,-1
960,37,851.03,356.25,65.27,206.88,0.6894,-1,-1,-1
960,39,924.80,341.51,69.71,216.24,0.6971,-1,-1,-1
960,41,1579.13,593.42,98.09,230.53,0.5780,-1,-1,-1
960,43,389.49,411.84,76.04,211.98,0.5336,-1,-1,-1
960,45,1228.82,738.81,86.67,255.95,0.7923,-1,-1,-1
960,46,1742.17,668.71,89.29,252.21,0.6832,-1,-1,-1
961,32,1719.50,455.58,74.36,210.54,0.5976,-1,-1,-1
961,33,321.27,783.48,88.51,261.59,0.8184,-1,-1,-1
961,3,925.93,931.83,74.95,148.17,0.7791,-1,-1,-1
961,37,849.90,353.03,65.06,205.84,0.6868,-1,-1,-1
961,39,924.93,340.33,70.10,217.01,0.6919,-1,-1,-1
961,41,1578.04,593.47,98.16,230.36,0.5437,-1,-1,-1
961,43,390.23,413.02,75.72,211.40,0.5707,-1,-1,-1
961,45,1225.89,736.60,87.49,256.02,0.7770,-1,-1,-1
961,46,1742.21,669.58,89.49,252.33,0.6776,-1,-1,-1
962,32,1719.41,455.45,74.12,209.89,0.5948,-1,-1,-1
962,33,321.51,786.34,87.95,260.56,0.8295,-1,-1,-1
962,3,926.42,931.80,74.62,148.20,0.7877,-1,-1,-1
962,37,849.38,350.05,64.66,203.85,0.6832,-1,-1,-1
962,39,925.66,338.60,70.13,216.72,0.6872,-1,-1,-1
962,41,1577.37,591.18,99.25,232.61,0.5474,-1,-1,-1
962,43,391.49,415.09,74.97,209.58,0.5330,-1,-1,-1
962,45,1223.51,733.25,88.02,255.99,0.7650,-1,-1,-1
962,46,1741.75,666.97,91.40,257.70,0.6720,-1,-1,-1
963,32,1719.47,455.34,74.10,209.82,0.5758,-1,-1,-1
963,33,322.06,789.26,88.45,262.82,0.8183,-1,-1,-1
963,3,926.92,931.65,74.34,148.35,0.7773,-1,-1,-1
963,37,848.87,348.08,64.40,203.10,0.6767,-1,-1,-1
963,39,924.83,336.35,70.52,217.99,0.6826,-1,-1,-1
963,41,1576.60,591.47,99.68,232.48,0.5526,-1,-1,-1
963,43,391.83,415.70,74.76,209.13,0.5554,-1,-1,-1
963,45,1220.75,730.36,89.29,259.27,0.7674,-1,-1,-1
963,46,1741.99,667.81,90.75,255.39,0.6636,-1,-1,-1
964,32,1719.14,455.61,74.18,210.10,0.5691,-1,-1,-1
964,33,322.45,792.18,89.21,266.65,0.8268,-1,-1,-1
964,3,927.07,931.83,73.99,148.17,0.7843,-1,-1,-1
964,37,847.86,346.59,64.11,202.48,0.6549,-1,-1,-1
964,39,923.93,334.00,70.47,217.52,0.6622,-1,-1,-1
964,41,1575.67,589.58,100.68,234.79,0.5430,-1,-1,-1
964,43,391.92,416.77,74.32,208.01,0.5666,-1,-1,-1
964,45,1217.88,727.46,91.13,265.75,0.7785,-1,-1,-1
964,46,1741.67,665.80,91.54,257.53,0.6716,-1,-1,-1
965,32,1719.48,455.74,73.99,209.45,0.5920,-1,-1,-1
965,33,322.94,795.07,90.12,271.37,0.8258,-1,-1,-1
965,3,927.33,931.77,73.74,148.15,0.7782,-1,-1,-1
965,37,847.85,344.27,63.40,201.17,0.6580,-1,-1,-1
965,39,924.49,331.58,69.84,214.91,0.6826,-1,-1,-1
965,41,1575.49,589.43,100.74,234.95,0.5984,-1,-1,-1
965,43,392.02,417.48,73.85,206.83,0.5657,-1,-1,-1
965,45,1216.16,723.43,91.12,266.28,0.7902,-1,-1,-1
965,46,1742.37,668.22,91.00,255.41,0.6871,-1,-1,-1
965,47,320.95,428.05,62.44,194.41,0.6129,-1,-1,-1
966,32,1719.19,455.85,74.09,209.76,0.5744,-1,-1,-1
966,33,323.59,797.84,90.54,275.21,0.8304,-1,-1,-1
966,3,927.42,932.00,73.53,147.97,0.7738,-1,-1,-1
966,37,847.97,342.71,62.91,200.39,0.6739,-1,-1,-1
966,39,925.44,330.10,68.40,209.57,0.7017,-1,-1,-1
966,41,1575.67,590.34,100.49,233.84,0.6056,-1,-1,-1
966,43,389.79,415.64,74.65,208.71,0.5524,-1,-1,-1
966,45,1215.85,719.77,89.79,262.23,0.7831,-1,-1,-1
966,46,1742.85,669.04,91.06,255.16,0.6888,-1,-1,-1
966,47,321.74,432.91,60.98,189.55,0.6082,-1,-1,-1
967,32,1719.09,455.81,74.19,210.08,0.5819,-1,-1,-1
967,33,324.93,799.41,89.63,274.71,0.7979,-1,-1,-1
967,3,927.45,932.00,73.46,147.99,0.7771,-1,-1,-1
967,37,848.43,340.86,63.03,201.64,0.6837,-1,-1,-1
967,39,926.44,328.35,67.92,207.84,0.7081,-1,-1,-1
967,41,1575.22,590.30,100.87,233.79,0.5917,-1,-1,-1
967,43,391.49,417.90,73.48,205.69,0.5480,-1,-1,-1
967,45,1215.65,715.96,89.16,260.95,0.7860,-1,-1,-1
967,46,1742.44,669.79,90.87,254.36,0.7121,-1,-1,-1
967,47,319.57,433.29,61.63,190.77,0.5865,-1,-1,-1
968,32,1718.83,455.94,74.25,210.44,0.5836,-1,-1,-1
968,33,326.54,800.53,89.27,275.25,0.7966,-1,-1,-1
968,3,927.16,931.65,73.53,148.35,0.7810,-1,-1,-1
968,37,847.58,339.55,63.42,203.52,0.6941,-1,-1,-1
968,39,926.90,325.76,68.02,207.92,0.7234,-1,-1,-1
968,41,1575.20,589.58,101.38,234.60,0.6147,-1,-1,-1
968,43,392.68,418.83,72.78,203.99,0.5532,-1,-1,-1
968,45,1214.41,712.64,89.29,261.73,0.7839,-1,-1,-1
968,46,1741.95,669.03,91.51,255.50,0.6957,-1,-1,-1
968,47,317.70,433.45,62.16,191.26,0.5846,-1,-1,-1
969,32,1718.74,456.28,74.19,210.46,0.5891,-1,-1,-1
969,33,328.40,802.10,88.58,274.10,0.7833,-1,-1,-1
969,3,927.00,931.92,73.23,148.08,0.7818,-1,-1,-1
969,37,847.32,338.61,63.61,205.19,0.6958,-1,-1,-1
969,39,927.23,324.02,67.93,207.52,0.7281,-1,-1,-1
969,41,1575.72,590.28,101.48,233.83,0.6184,-1,-1,-1
969,43,393.19,420.57,72.32,202.91,0.5213,-1,-1,-1
969,45,1213.17,709.54,89.94,263.63,0.7817,-1,-1,-1
969,46,1741.32,668.50,91.40,254.63,0.6977,-1,-1,-1
969,47,314.96,433.28,63.14,191.87,0.5694,-1,-1,-1
970,32,1718.84,455.94,74.06,210.20,0.5880,-1,-1,-1
970,33,330.10,803.61,88.01,272.84,0.7936,-1,-1,-1
970,3,926.62,931.93,73.09,148.07,0.7810,-1,-1,-1
970,37,847.18,338.14,63.58,206.06,0.6995,-1,-1,-1
970,39,927.04,323.02,67.82,207.84,0.7032,-1,-1,-1
970,41,1576.20,591.23,101.40,233.11,0.6187,-1,-1,-1
970,43,390.80,418.30,74.48,208.81,0.5194,-1,-1,-1
970,45,1211.79,707.46,90.69,265.91,0.7811,-1,-1,-1
970,46,1741.11,668.37,91.29,253.56,0.6942,-1,-1,-1
970,47,312.45,435.56,63.54,189.49,0.4561,-1,-1,-1
971,32,1719.12,456.08,74.20,210.49,0.5860,-1,-1,-1
971,33,330.90,804.13,87.97,271.99,0.7871,-1,-1,-1
971,3,926.37,932.22,72.80,147.78,0.7793,-1,-1,-1
971,37,846.95,337.69,63.64,207.43,0.7053,-1,-1,-1
971,39,927.08,322.45,67.57,207.66,0.7117,-1,-1,-1
971,41,1576.14,590.66,101.84,233.65,0.5853,-1,-1,-1
971,43,391.19,421.63,75.58,212.44,0.5196,-1,-1,-1
971,45,1210.11,706.40,91.28,267.90,0.7932,-1,-1,-1
971,46,1740.86,669.82,90.99,252.37,0.6852,-1,-1,-1
971,47,311.08,435.30,64.92,189.99,0.3813,-1,-1,-1
972,32,1719.39,455.93,73.97,210.00,0.5870,-1,-1,-1
972,33,331.84,804.91,88.06,270.53,0.7704,-1,-1,-1
972,3,925.92,932.46,72.40,147.54,0.7637,-1,-1,-1
972,37,846.80,337.57,63.53,208.21,0.6763,-1,-1,-1
972,39,926.95,321.84,67.27,207.22,0.6948,-1,-1,-1
972,41,1575.95,590.38,102.05,233.74,0.5742,-1,-1,-1
972,43,388.69,419.82,76.94,215.89,0.5281,-1,-1,-1
972,45,1208.29,705.96,91.63,268.65,0.7898,-1,-1,-1
972,46,1740.66,669.19,91.77,254.48,0.6968,-1,-1,-1
972,47,319.94,437.26,64.02,188.06,0.3572,-1,-1,-1
973,32,1719.04,455.84,74.13,210.47,0.5752,-1,-1,-1
973,33,332.87,806.35,88.16,268.16,0.7738,-1,-1,-1
973,3,925.74,933.22,71.91,146.78,0.7776,-1,-1,-1
973,37,846.52,336.38,63.38,208.23,0.6858,-1,-1,-1
973,39,926.87,321.31,67.05,207.27,0.6986,-1,-1,-1
973,41,1575.75,590.84,102.09,233.42,0.6067,-1,-1,-1
973,43,387.78,419.70,77.78,218.47,0.5476,-1,-1,-1
973,45,1206.29,704.76,91.48,268.83,0.7941,-1,-1,-1
973,46,1740.78,668.62,91.93,254.54,0.6941,-1,-1,-1
973,47,323.07,435.89,64.42,190.65,0.4687,-1,-1,-1
974,32,1718.94,455.50,73.89,210.10,0.5481,-1,-1,-1
974,33,333.18,807.42,88.76,266.93,0.7683,-1,-1,-1
974,3,925.10,932.94,71.77,147.06,0.7694,-1,-1,-1
974,37,846.49,335.37,63.27,208.56,0.6666,-1,-1,-1
974,39,926.39,321.20,66.80,207.04,0.7105,-1,-1,-1
974,41,1576.35,589.61,102.48,234.46,0.6294,-1,-1,-1
974,43,387.10,421.41,77.82,219.04,0.5676,-1,-1,-1
974,45,1204.93,703.05,91.80,270.04,0.7965,-1,-1,-1
974,46,1740.66,670.04,91.64,253.54,0.6885,-1,-1,-1
974,47,324.38,436.18,64.02,190.67,0.4757,-1,-1,-1
975,32,1718.70,455.24,74.06,210.65,0.5843,-1,-1,-1
975,33,333.38,808.90,89.29,265.18,0.7802,-1,-1,-1
975,3,924.24,933.47,71.37,146.53,0.7595,-1,-1,-1
975,37,846.23,333.62,63.13,208.61,0.6640,-1,-1,-1
975,39,925.79,320.68,66.96,208.47,0.6908,-1,-1,-1
975,41,1577.16,589.70,102.38,234.44,0.6047,-1,-1,-1
975,43,387.07,423.44,77.62,218.67,0.5703,-1,-1,-1
975,45,1202.91,702.09,91.62,270.38,0.7914,-1,-1,-1
975,46,1739.78,669.44,92.37,254.35,0.6918,-1,-1,-1
975,47,324.63,437.20,63.68,190.93,0.4973,-1,-1,-1
976,32,1719.17,456.69,73.55,209.18,0.5698,-1,-1,-1
976,33,333.58,811.02,90.15,264.53,0.7742,-1,-1,-1
976,3,923.43,933.86,70.94,146.14,0.7337,-1,-1,-1
976,37,846.19,332.32,62.31,205.92,0.6726,-1,-1,-1
976,39,924.48,320.12,67.38,210.59,0.6926,-1,-1,-1
976,41,1577.81,588.96,102.49,235.07,0.6039,-1,-1,-1
976,43,387.18,425.76,77.46,218.76,0.5746,-1,-1,-1
976,45,1200.74,700.57,91.48,270.51,0.8038,-1,-1,-1
976,46,1739.70,670.73,92.27,252.71,0.7112,-1,-1,-1
976,47,324.00,437.06,63.45,191.18,0.5091,-1,-1,-1
977,32,1719.10,456.63,73.74,209.87,0.5578,-1,-1,-1
977,33,333.62,813.21,91.48,265.29,0.7843,-1,-1,-1
977,3,922.10,933.77,70.90,146.23,0.7405,-1,-1,-1
977,37,846.23,330.53,61.66,203.71,0.6665,-1,-1,-1
977,39,922.19,317.89,67.84,213.06,0.6804,-1,-1,-1
977,41,1577.53,588.41,102.87,235.90,0.6107,-1,-1,-1
977,43,386.75,428.09,76.91,217.49,0.5711,-1,-1,-1
977,45,1198.96,698.55,91.65,272.74,0.7905,-1,-1,-1
977,46,1739.09,669.84,92.63,252.64,0.7134,-1,-1,-1
977,47,323.29,436.75,64.27,193.89,0.4865,-1,-1,-1
978,32,1719.29,457.24,73.52,209.17,0.5440,-1,-1,-1
978,33,333.59,815.90,91.93,264.08,0.7920,-1,-1,-1
978,3,921.50,934.19,70.48,145.81,0.7364,-1,-1,-1
978,37,846.15,328.38,60.97,200.70,0.6665,-1,-1,-1
978,39,921.81,316.90,67.29,212.03,0.6793,-1,-1,-1
978,41,1577.53,589.07,102.59,235.23,0.6092,-1,-1,-1
978,43,386.66,429.64,76.39,216.74,0.5471,-1,-1,-1
978,45,1197.12,696.02,91.45,273.92,0.7882,-1,-1,-1
978,46,1738.50,669.85,92.91,252.71,0.7100,-1,-1,-1
978,47,322.53,438.34,65.00,195.59,0.4360,-1,-1,-1
979,32,1718.88,456.86,73.67,209.69,0.5309,-1,-1,-1
979,33,334.05,818.44,92.01,262.04,0.8076,-1,-1,-1
979,3,920.99,934.80,69.95,145.20,0.7400,-1,-1,-1
979,37,846.01,325.62,60.67,199.01,0.6504,-1,-1,-1
979,39,921.41,316.00,66.37,209.87,0.6810,-1,-1,-1
979,41,1576.87,590.00,102.27,233.98,0.6143,-1,-1,-1
979,43,387.30,431.71,75.88,215.51,0.5978,-1,-1,-1
979,45,1196.36,692.51,91.40,275.62,0.7898,-1,-1,-1
979,46,1738.34,669.37,93.25,252.80,0.7057,-1,-1,-1
979,47,316.97,439.04,67.58,199.62,0.5161,-1,-1,-1
980,32,1719.36,456.80,73.44,209.29,0.5465,-1,-1,-1
980,33,333.86,821.62,91.69,258.99,0.8206,-1,-1,-1
980,3,920.20,935.60,69.28,144.40,0.7514,-1,-1,-1
980,37,845.42,324.44,60.48,198.38,0.6299,-1,-1,-1
980,39,920.88,314.83,65.75,208.68,0.6861,-1,-1,-1
980,41,1576.41,590.53,102.50,233.69,0.6258,-1,-1,-1
980,43,387.57,432.09,76.02,216.21,0.6374,-1,-1,-1
980,45,1196.70,688.66,90.23,273.19,0.7734,-1,-1,-1
980,46,1738.62,668.18,94.07,254.22,0.6966,-1,-1,-1
980,47,313.83,438.54,70.47,205.70,0.6045,-1,-1,-1
981,32,1719.33,456.74,73.63,209.61,0.5475,-1,-1,-1
981,33,333.96,825.38,91.16,255.23,0.8242,-1,-1,-1
981,3,919.64,936.33,68.71,143.67,0.7438,-1,-1,-1
981,37,844.50,322.60,60.66,199.31,0.6143,-1,-1,-1
981,39,919.76,313.24,65.26,207.62,0.6630,-1,-1,-1
981,41,1576.20,590.34,102.85,234.04,0.6279,-1,-1,-1
981,43,387.12,433.10,75.70,215.87,0.5301,-1,-1,-1
981,45,1196.57,684.90,88.40,268.24,0.7786,-1,-1,-1
981,46,1738.86,669.16,93.44,253.04,0.6989,-1,-1,-1
981,47,313.17,439.99,71.54,206.66,0.5142,-1,-1,-1
982,32,1719.54,457.05,73.53,209.26,0.5407,-1,-1,-1
982,33,333.93,828.78,90.63,251.78,0.8211,-1,-1,-1
982,3,918.70,937.05,68.31,142.95,0.7421,-1,-1,-1
982,37,843.19,319.93,60.86,198.48,0.6024,-1,-1,-1
982,39,920.37,311.14,64.15,204.84,0.6536,-1,-1,-1
982,41,1576.48,590.05,103.10,233.91,0.6244,-1,-1,-1
982,43,389.38,439.36,73.40,209.74,0.5090,-1,-1,-1
982,45,1196.03,681.13,87.24,264.99,0.7703,-1,-1,-1
982,46,1738.59,668.50,94.17,254.14,0.7030,-1,-1,-1
982,47,313.43,442.35,72.36,207.38,0.4837,-1,-1,-1
983,32,1719.77,456.88,73.77,210.00,0.5340,-1,-1,-1
983,33,333.31,832.23,89.91,248.27,0.8259,-1,-1,-1
983,3,917.40,937.66,68.01,142.34,0.7389,-1,-1,-1
983,37,841.52,317.85,62.35,202.76,0.6487,-1,-1,-1
983,39,920.91,309.14,63.76,204.56,0.6712,-1,-1,-1
983,41,1576.25,589.21,103.68,234.82,0.6065,-1,-1,-1
983,43,388.08,437.11,74.07,212.55,0.5044,-1,-1,-1
983,45,1195.43,677.85,85.61,259.23,0.7636,-1,-1,-1
983,46,1738.55,670.14,93.02,251.81,0.6793,-1,-1,-1
983,47,311.91,445.26,72.42,206.62,0.5068,-1,-1,-1
984,32,1719.67,457.35,73.93,210.17,0.5409,-1,-1,-1
984,33,332.78,834.67,89.63,245.77,0.8257,-1,-1,-1
984,3,917.23,938.53,67.55,141.47,0.7370,-1,-1,-1
984,37,841.34,316.89,62.65,201.96,0.6542,-1,-1,-1
984,39,920.79,308.08,63.37,203.77,0.6785,-1,-1,-1
984,41,1575.93,586.99,104.70,236.82,0.6219,-1,-1,-1
984,43,390.50,441.93,72.05,207.34,0.5214,-1,-1,-1
984,45,1194.98,674.18,85.08,256.47,0.7552,-1,-1,-1
984,46,1739.16,669.47,93.13,252.34,0.6940,-1,-1,-1
984,47,311.77,449.42,71.83,204.32,0.4620,-1,-1,-1
985,32,1719.97,457.97,73.75,209.22,0.5180,-1,-1,-1
985,33,332.21,836.52,89.54,243.87,0.8158,-1,-1,-1
985,3,915.92,939.69,67.07,140.31,0.7294,-1,-1,-1
985,37,840.48,316.06,63.37,201.93,0.6291,-1,-1,-1
985,39,920.22,306.02,63.42,204.40,0.6609,-1,-1,-1
985,41,1576.09,587.25,104.88,236.64,0.6100,-1,-1,-1
985,43,390.74,443.86,71.44,205.72,0.5316,-1,-1,-1
985,45,1193.34,670.93,86.12,258.59,0.7661,-1,-1,-1
985,46,1738.95,670.43,92.48,251.30,0.6748,-1,-1,-1
985,47,309.24,454.68,69.94,196.90,0.4344,-1,-1,-1
986,32,1720.33,457.72,73.67,208.98,0.4966,-1,-1,-1
986,33,331.89,837.68,89.60,242.65,0.7984,-1,-1,-1
986,3,915.35,940.43,66.79,139.57,0.7138,-1,-1,-1
986,37,839.58,316.23,64.41,204.70,0.6420,-1,-1,-1
986,39,919.85,304.03,63.74,205.58,0.6641,-1,-1,-1
986,41,1575.64,585.14,105.99,238.91,0.6145,-1,-1,-1
986,43,391.02,444.97,71.16,205.26,0.5417,-1,-1,-1
986,45,1191.81,667.97,86.09,257.81,0.7544,-1,-1,-1
986,46,1739.07,670.29,92.55,251.99,0.6857,-1,-1,-1
986,47,306.99,457.85,69.73,193.84,0.4422,-1,-1,-1
987,32,1720.06,457.54,73.87,209.27,0.5071,-1,-1,-1
987,33,331.66,839.01,89.47,241.28,0.7834,-1,-1,-1
987,3,913.77,940.80,66.81,139.20,0.7142,-1,-1,-1
987,37,838.50,315.44,64.83,203.76,0.6327,-1,-1,-1
987,39,919.77,302.37,63.89,205.53,0.6760,-1,-1,-1
987,41,1575.19,585.35,106.12,239.01,0.6250,-1,-1,-1
987,43,390.91,445.45,71.19,205.56,0.5457,-1,-1,-1
987,45,1191.48,666.02,86.21,257.73,0.7517,-1,-1,-1
987,46,1739.43,670.42,92.34,251.83,0.6776,-1,-1,-1
987,47,305.49,458.16,70.73,194.38,0.4658,-1,-1,-1
988,32,1720.45,457.73,74.07,209.74,0.5130,-1,-1,-1
988,33,331.18,840.29,89.40,239.97,0.7764,-1,-1,-1
988,3,913.22,941.27,66.60,138.73,0.7181,-1,-1,-1
988,37,837.83,314.67,65.57,204.34,0.6249,-1,-1,-1
988,39,919.87,301.03,64.61,207.34,0.6507,-1,-1,-1
988,41,1575.14,585.83,105.88,238.52,0.6241,-1,-1,-1
988,43,388.35,442.52,73.23,211.68,0.5696,-1,-1,-1
988,45,1190.44,664.49,86.50,258.12,0.7255,-1,-1,-1
988,46,1739.43,669.46,92.43,252.43,0.6800,-1,-1,-1
988,47,303.90,459.29,71.43,194.16,0.4696,-1,-1,-1
989,32,1721.10,458.53,73.95,208.89,0.4899,-1,-1,-1
989,33,330.85,841.94,89.31,238.28,0.7704,-1,-1,-1
989,3,912.09,941.64,66.42,138.36,0.7060,-1,-1,-1
989,37,837.29,313.59,65.98,204.10,0.6209,-1,-1,-1
989,39,919.99,300.34,65.04,207.87,0.6215,-1,-1,-1
989,41,1575.12,585.01,106.11,239.42,0.6464,-1,-1,-1
989,43,387.12,442.91,74.46,216.05,0.6146,-1,-1,-1
989,45,1190.26,663.87,84.05,248.76,0.7231,-1,-1,-1
989,46,1739.77,669.55,92.38,252.57,0.6841,-1,-1,-1
989,47,302.69,460.19,71.98,193.88,0.4845,-1,-1,-1
990,32,1721.82,457.92,73.98,208.51,0.5166,-1,-1,-1
990,33,330.47,843.63,89.24,236.57,0.7772,-1,-1,-1
990,3,910.59,941.83,66.37,138.17,0.7077,-1,-1,-1
990,37,837.04,312.60,66.58,204.61,0.6357,-1,-1,-1
990,39,920.68,300.07,64.98,207.10,0.6090,-1,-1,-1
990,41,1574.43,585.01,106.08,239.41,0.6412,-1,-1,-1
990,43,387.00,444.34,74.78,217.56,0.6316,-1,-1,-1
990,45,1189.42,663.11,82.34,242.06,0.7089,-1,-1,-1
990,46,1739.55,668.87,92.30,252.96,0.6723,-1,-1,-1
990,47,301.52,460.35,72.71,194.42,0.4836,-1,-1,-1
991,32,1721.68,458.01,74.46,208.66,0.5164,-1,-1,-1
991,33,330.08,845.18,89.16,234.99,0.7794,-1,-1,-1
991,3,910.15,942.67,66.04,137.33,0.7295,-1,-1,-1
991,37,836.93,311.81,66.57,203.53,0.6162,-1,-1,-1
991,39,920.35,299.39,65.92,210.31,0.5669,-1,-1,-1
991,41,1574.96,585.40,106.14,239.12,0.6625,-1,-1,-1
991,43,386.04,445.12,75.31,219.74,0.5909,-1,-1,-1
991,45,1187.39,661.21,85.21,250.38,0.7374,-1,-1,-1
991,46,1738.63,668.14,92.48,254.07,0.6911,-1,-1,-1
991,47,300.88,459.47,73.33,194.92,0.4324,-1,-1,-1
992,32,1721.45,458.03,74.90,208.52,0.5465,-1,-1,-1
992,33,329.72,846.67,89.01,233.48,0.7838,-1,-1,-1
992,3,909.30,943.13,65.89,136.87,0.7291,-1,-1,-1
992,37,837.03,311.00,65.51,199.05,0.6173,-1,-1,-1
992,39,920.05,299.54,66.19,210.98,0.6108,-1,-1,-1
992,41,1575.35,585.10,106.31,239.33,0.6794,-1,-1,-1
992,43,385.13,447.75,74.98,219.04,0.6126,-1,-1,-1
992,45,1184.64,659.70,86.99,255.77,0.7232,-1,-1,-1
992,46,1738.49,668.49,92.23,254.26,0.6791,-1,-1,-1
992,47,300.96,457.94,74.20,196.28,0.4760,-1,-1,-1
993,32,1721.01,457.42,75.61,209.81,0.5240,-1,-1,-1
993,33,329.46,847.95,88.91,232.19,0.7816,-1,-1,-1
993,3,909.09,943.85,65.73,136.15,0.7397,-1,-1,-1
993,37,837.38,310.34,65.30,197.97,0.6127,-1,-1,-1
993,39,920.51,298.93,66.03,211.15,0.5868,-1,-1,-1
993,41,1575.23,585.28,106.21,238.92,0.6825,-1,-1,-1
993,43,383.89,451.30,75.00,218.97,0.6136,-1,-1,-1
993,45,1183.40,658.27,86.72,254.41,0.7072,-1,-1,-1
993,46,1739.18,667.81,92.48,255.28,0.6827,-1,-1,-1
993,47,302.72,460.62,73.78,194.51,0.5120,-1,-1,-1
994,32,1720.73,457.87,75.92,209.53,0.5426,-1,-1,-1
994,33,329.57,849.84,88.36,230.27,0.7850,-1,-1,-1
994,3,908.32,944.05,66.04,135.95,0.7345,-1,-1,-1
994,37,837.62,308.00,65.54,199.64,0.6286,-1,-1,-1
994,39,921.89,297.64,65.85,210.52,0.5905,-1,-1,-1
994,41,1575.42,585.29,106.16,238.94,0.6773,-1,-1,-1
994,43,382.47,453.92,74.77,217.81,0.6197,-1,-1,-1
994,45,1181.34,656.13,87.94,258.20,0.7173,-1,-1,-1
994,46,1739.73,669.86,92.61,253.99,0.6769,-1,-1,-1
994,47,304.18,462.55,73.61,194.31,0.5319,-1,-1,-1
995,32,1720.88,458.17,76.07,208.99,0.5495,-1,-1,-1
995,33,330.37,852.25,87.74,227.85,0.7778,-1,-1,-1
995,3,907.95,944.63,66.09,135.37,0.7331,-1,-1,-1
995,37,838.53,306.18,64.59,197.33,0.5836,-1,-1,-1
995,39,922.12,295.76,65.92,210.52,0.5856,-1,-1,-1
995,41,1575.85,586.13,105.61,238.09,0.6632,-1,-1,-1
995,43,381.82,455.41,74.82,217.90,0.6158,-1,-1,-1
995,45,1178.55,654.28,86.68,254.35,0.7372,-1,-1,-1
995,46,1739.60,670.23,93.15,254.39,0.6797,-1,-1,-1
995,47,304.47,463.41,74.15,196.46,0.5613,-1,-1,-1
996,32,1721.09,458.36,76.03,208.32,0.5566,-1,-1,-1
996,33,330.74,853.74,87.47,226.34,0.7834,-1,-1,-1
996,3,907.67,945.20,66.00,134.80,0.7313,-1,-1,-1
996,37,839.24,304.40,63.93,195.87,0.6331,-1,-1,-1
996,39,923.01,293.98,66.05,209.99,0.5693,-1,-1,-1
996,41,1575.57,586.03,105.46,238.03,0.6556,-1,-1,-1
996,43,381.00,456.40,74.79,217.37,0.6263,-1,-1,-1
996,45,1176.55,651.70,87.40,257.13,0.7636,-1,-1,-1
996,46,1739.51,670.08,92.50,253.24,0.6779,-1,-1,-1
996,47,304.31,463.54,75.54,202.13,0.5757,-1,-1,-1
997,32,1721.23,458.14,76.37,208.62,0.5354,-1,-1,-1
997,33,331.26,856.86,86.82,223.21,0.7794,-1,-1,-1
997,3,907.27,945.58,66.08,134.42,0.7348,-1,-1,-1
997,37,839.95,302.43,63.31,194.96,0.6105,-1,-1,-1
997,39,922.75,291.43,66.27,210.99,0.5848,-1,-1,-1
997,41,1575.52,586.42,105.03,237.47,0.6555,-1,-1,-1
997,43,381.21,457.12,74.78,216.95,0.6295,-1,-1,-1
997,45,1174.92,648.45,87.00,256.83,0.7588,-1,-1,-1
997,46,1739.65,670.29,91.77,252.22,0.6758,-1,-1,-1
997,47,304.59,464.81,75.72,204.18,0.5936,-1,-1,-1
998,32,1721.63,458.28,76.47,208.92,0.5764,-1,-1,-1
998,33,331.81,860.09,86.13,219.98,0.7687,-1,-1,-1
998,3,906.66,945.69,66.32,134.31,0.7315,-1,-1,-1
998,37,840.84,299.32,63.35,195.96,0.5720,-1,-1,-1
998,39,923.31,288.98,66.26,210.66,0.5794,-1,-1,-1
998,41,1575.90,586.58,105.05,237.77,0.6735,-1,-1,-1
998,43,381.21,457.80,74.99,216.55,0.5851,-1,-1,-1
998,45,1174.28,643.43,86.62,256.69,0.7625,-1,-1,-1
998,46,1739.38,670.08,91.96,254.02,0.6839,-1,-1,-1
998,47,305.35,467.83,75.00,203.22,0.5810,-1,-1,-1
999,32,1721.32,458.23,76.61,209.30,0.5487,-1,-1,-1
999,33,332.67,863.77,85.39,216.29,0.7800,-1,-1,-1
999,3,906.43,945.99,66.42,134.01,0.7227,-1,-1,-1
999,37,841.43,296.91,63.39,197.06,0.5633,-1,-1,-1
999,39,924.85,286.59,66.56,210.70,0.5774,-1,-1,-1
999,41,1576.81,586.78,104.62,237.30,0.6477,-1,-1,-1
999,43,380.86,457.77,75.52,216.75,0.5324,-1,-1,-1
999,45,1173.92,639.34,85.78,255.19,0.7533,-1,-1,-1
999,46,1739.75,669.55,91.72,254.23,0.6788,-1,-1,-1
999,47,305.40,467.85,75.23,205.27,0.5901,-1,-1,-1
1000,32,1721.05,457.79,76.61,209.64,0.5490,-1,-1,-1
1000,33,333.62,867.25,84.75,212.80,0.7948,-1,-1,-1
1000,3,906.35,946.23,66.48,133.77,0.7306,-1,-1,-1
1000,37,841.43,295.18,63.83,199.50,0.5312,-1,-1,-1
1000,39,925.78,284.68,65.56,207.41,0.5484,-1,-1,-1
1000,41,1576.19,586.35,104.56,237.70,0.6524,-1,-1,-1
1000,43,380.58,458.09,76.30,216.79,0.5374,-1,-1,-1
1000,45,1173.55,636.82,85.17,253.45,0.7513,-1,-1,-1
1000,46,1740.71,671.27,90.97,252.68,0.6617,-1,-1,-1
1000,47,305.56,470.24,74.58,204.21,0.6243,-1,-1,-1
1001,32,1720.46,458.34,76.37,209.23,0.5610,-1,-1,-1
1001,33,335.41,870.15,84.29,209.89,0.7963,-1,-1,-1
1001,3,906.29,946.62,66.56,133.38,0.7319,-1,-1,-1
1001,37,841.68,294.28,63.79,200.59,0.5509,-1,-1,-1
1001,39,926.82,283.05,64.54,203.73,0.5573,-1,-1,-1
1001,41,1575.19,586.24,104.68,237.76,0.6562,-1,-1,-1
1001,43,379.43,458.21,76.69,216.64,0.5254,-1,-1,-1
1001,45,1173.90,634.63,85.21,253.87,0.7634,-1,-1,-1
1001,46,1739.73,669.11,91.19,254.88,0.6402,-1,-1,-1
1001,47,305.85,471.86,73.95,202.73,0.5708,-1,-1,-1
1002,32,1720.02,458.25,76.39,210.04,0.5526,-1,-1,-1
1002,33,337.41,873.37,83.76,206.67,0.7895,-1,-1,-1
1002,3,905.59,946.80,66.77,133.20,0.7411,-1,-1,-1
1002,37,841.46,293.88,63.94,202.38,0.5453,-1,-1,-1
1002,39,926.86,281.87,64.26,203.46,0.5636,-1,-1,-1
1002,41,1574.50,586.63,104.85,237.55,0.6611,-1,-1,-1
1002,43,380.24,458.51,76.93,216.27,0.5520,-1,-1,-1
1002,45,1174.12,632.72,85.60,255.64,0.7692,-1,-1,-1
1002,46,1739.87,670.71,90.03,253.60,0.6520,-1,-1,-1
1002,47,305.75,475.47,73.01,199.54,0.5338,-1,-1,-1
1003,32,1719.65,459.30,75.91,209.46,0.5564,-1,-1,-1
1003,33,339.07,875.90,83.35,204.14,0.7922,-1,-1,-1
1003,3,905.91,947.44,66.64,132.56,0.7487,-1,-1,-1
1003,37,841.56,293.43,63.79,202.89,0.5556,-1,-1,-1
1003,39,927.28,279.97,64.15,202.88,0.5799,-1,-1,-1
1003,41,1574.91,587.71,104.60,236.41,0.6746,-1,-1,-1
1003,43,380.06,459.34,76.98,215.83,0.5888,-1,-1,-1
1003,45,1173.15,629.88,86.35,258.66,0.7760,-1,-1,-1
1003,46,1741.40,672.68,89.22,252.51,0.6624,-1,-1,-1
1003,47,304.66,474.53,73.62,200.34,0.5403,-1,-1,-1
1004,32,1719.00,458.67,76.07,210.35,0.5258,-1,-1,-1
1004,33,341.12,878.06,83.11,201.97,0.7991,-1,-1,-1
1004,3,905.57,947.68,66.75,132.32,0.7350,-1,-1,-1
1004,37,841.63,293.46,63.68,204.71,0.5930,-1,-1,-1
1004,39,926.84,279.93,63.91,202.34,0.6020,-1,-1,-1
1004,41,1574.98,587.84,104.79,236.41,0.6677,-1,-1,-1
1004,43,380.03,458.74,78.00,218.38,0.6273,-1,-1,-1
1004,45,1172.18,629.28,86.19,258.37,0.7750,-1,-1,-1
1004,46,1742.47,673.06,89.26,253.46,0.6366,-1,-1,-1
1004,47,303.24,474.19,73.64,199.66,0.4456,-1,-1,-1
1005,32,1718.73,458.18,76.22,211.64,0.5428,-1,-1,-1
1005,33,343.25,879.31,83.17,200.71,0.8005,-1,-1,-1
1005,3,905.31,947.84,66.91,132.16,0.7349,-1,-1,-1
1005,37,841.79,293.31,63.17,205.04,0.6137,-1,-1,-1
1005,39,927.33,279.14,63.86,202.47,0.6230,-1,-1,-1
1005,41,1575.23,587.78,105.06,236.78,0.6471,-1,-1,-1
1005,43,379.83,459.50,78.98,221.21,0.5909,-1,-1,-1
1005,45,1170.70,628.00,86.50,259.63,0.7777,-1,-1,-1
1005,46,1743.45,673.70,89.16,253.60,0.6360,-1,-1,-1
1005,47,311.37,480.66,69.80,191.80,0.4013,-1,-1,-1
1006,32,1718.58,457.98,75.86,211.17,0.5259,-1,-1,-1
1006,33,345.21,881.11,83.13,198.91,0.8022,-1,-1,-1
1006,3,905.50,948.75,66.64,131.25,0.7277,-1,-1,-1
1006,37,842.31,292.24,62.52,203.96,0.6554,-1,-1,-1
1006,39,928.04,278.73,63.56,202.14,0.5945,-1,-1,-1
1006,41,1575.28,588.48,104.93,236.10,0.6676,-1,-1,-1
1006,43,380.61,460.44,79.20,222.12,0.5390,-1,-1,-1
1006,45,1169.33,627.30,86.97,260.92,0.7661,-1,-1,-1
1006,46,1744.55,671.97,89.28,254.28,0.5949,-1,-1,-1
1006,47,315.36,483.02,67.56,188.15,0.4028,-1,-1,-1
1007,32,1718.87,458.26,75.80,210.96,0.5485,-1,-1,-1
1007,33,347.28,882.84,83.24,197.18,0.8143,-1,-1,-1
1007,3,905.48,948.87,66.69,131.13,0.7239,-1,-1,-1
1007,37,842.91,291.13,61.82,202.39,0.6928,-1,-1,-1
1007,39,928.45,275.84,63.83,204.98,0.6564,-1,-1,-1
1007,41,1575.63,589.57,104.42,234.81,0.6643,-1,-1,-1
1007,43,383.18,464.79,80.03,224.73,0.5605,-1,-1,-1
1007,45,1168.13,627.41,86.73,259.60,0.7632,-1,-1,-1
1007,46,1745.48,670.97,89.96,256.64,0.6233,-1,-1,-1
1007,47,316.67,482.98,66.78,187.97,0.4475,-1,-1,-1
1008,32,1718.70,458.35,75.86,211.23,0.5497,-1,-1,-1
1008,33,348.93,883.96,83.67,196.06,0.8084,-1,-1,-1
1008,3,905.41,949.23,66.65,130.77,0.7353,-1,-1,-1
1008,37,843.45,289.01,61.51,202.09,0.6845,-1,-1,-1
1008,39,928.61,274.07,63.83,207.19,0.6626,-1,-1,-1
1008,41,1575.61,589.04,104.87,235.72,0.6717,-1,-1,-1
1008,43,382.51,464.50,79.80,224.15,0.5741,-1,-1,-1
1008,45,1165.99,626.41,86.80,259.62,0.7600,-1,-1,-1
1008,46,1745.73,672.23,89.59,255.91,0.5953,-1,-1,-1
1008,47,316.88,483.80,66.60,188.77,0.4973,-1,-1,-1
1009,32,1719.56,458.17,76.21,212.00,0.5566,-1,-1,-1
1009,33,350.99,886.16,84.05,193.86,0.8106,-1,-1,-1
1009,3,905.46,949.73,66.54,130.27,0.7388,-1,-1,-1
1009,37,844.39,287.80,60.31,198.05,0.6418,-1,-1,-1
1009,39,928.40,276.08,63.03,205.26,0.6106,-1,-1,-1
1009,41,1575.82,589.32,104.94,235.61,0.6870,-1,-1,-1
1009,43,382.32,465.66,80.19,224.61,0.5713,-1,-1,-1
1009,45,1161.87,624.86,86.95,260.03,0.7598,-1,-1,-1
1009,46,1745.96,672.03,89.06,253.78,0.5841,-1,-1,-1
1009,47,316.89,484.43,66.49,189.42,0.4912,-1,-1,-1
1010,32,1719.69,457.86,76.54,212.28,0.5378,-1,-1,-1
1010,33,352.21,888.02,84.50,191.99,0.8095,-1,-1,-1
1010,3,905.35,949.75,66.74,130.25,0.7316,-1,-1,-1
1010,37,844.49,285.64,60.21,197.64,0.6318,-1,-1,-1
1010,39,928.55,276.14,63.06,206.07,0.6284,-1,-1,-1
1010,41,1575.93,589.16,104.83,235.18,0.6752,-1,-1,-1
1010,43,381.75,466.99,80.90,226.26,0.5126,-1,-1,-1
1010,45,1159.47,623.27,86.94,259.16,0.7590,-1,-1,-1
1010,46,1745.85,671.30,88.89,251.63,0.5448,-1,-1,-1
1010,47,316.16,484.45,66.91,191.43,0.4846,-1,-1,-1
1011,32,1719.16,457.08,77.03,213.04,0.5520,-1,-1,-1
1011,33,354.04,890.35,84.76,189.66,0.8000,-1,-1,-1
1011,3,905.05,949.76,66.89,130.24,0.7364,-1,-1,-1
1011,37,845.56,283.09,59.71,195.46,0.5813,-1,-1,-1
1011,39,928.49,276.06,62.86,205.50,0.6176,-1,-1,-1
1011,41,1575.54,589.92,104.70,234.74,0.6662,-1,-1,-1
1011,43,380.89,467.88,81.61,227.92,0.4543,-1,-1,-1
1011,45,1157.72,621.44,87.44,259.87,0.7501,-1,-1,-1
1011,46,1743.57,671.79,89.82,251.27,0.4296,-1,-1,-1
1011,47,315.09,484.96,67.64,194.48,0.4341,-1,-1,-1
1012,32,1718.91,456.52,77.26,213.18,0.5417,-1,-1,-1
1012,33,355.65,892.96,85.20,187.05,0.8092,-1,-1,-1
1012,3,904.92,949.59,67.22,130.41,0.7304,-1,-1,-1
1012,37,845.33,281.46,59.42,194.38,0.5904,-1,-1,-1
1012,39,929.44,274.23,62.74,205.74,0.5721,-1,-1,-1
1012,41,1574.87,588.86,105.25,235.83,0.6592,-1,-1,-1
1012,43,380.33,469.44,81.44,227.57,0.4316,-1,-1,-1
1012,45,1155.61,618.91,87.93,260.76,0.7542,-1,-1,-1
1012,46,1741.52,674.63,90.78,251.08,0.4108,-1,-1,-1
1012,47,314.21,486.13,68.97,199.41,0.4081,-1,-1,-1
1013,32,1718.64,456.22,77.50,213.07,0.5711,-1,-1,-1
1013,33,357.22,895.64,85.61,184.37,0.8033,-1,-1,-1
1013,3,904.64,949.38,67.46,130.62,0.7071,-1,-1,-1
1013,37,845.18,279.82,59.79,195.96,0.6106,-1,-1,-1
1013,39,929.48,272.31,62.75,206.23,0.5834,-1,-1,-1
1013,41,1575.26,589.39,105.12,235.29,0.6641,-1,-1,-1
1013,43,380.29,471.11,81.26,227.07,0.4630,-1,-1,-1
1013,45,1154.90,616.59,87.51,259.21,0.7498,-1,-1,-1
1013,46,1739.27,673.70,92.97,253.55,0.3506,-1,-1,-1
1013,47,312.55,487.19,70.28,204.63,0.3972,-1,-1,-1
1014,32,1718.80,456.19,77.75,212.85,0.5493,-1,-1,-1
1014,33,358.02,897.68,86.31,182.33,0.8028,-1,-1,-1
1014,3,904.97,948.97,67.79,131.03,0.7121,-1,-1,-1
1014,37,843.99,278.45,60.19,197.13,0.5994,-1,-1,-1
1014,39,929.75,270.87,61.28,201.33,0.5356,-1,-1,-1
1014,41,1573.94,588.05,105.70,236.33,0.6495,-1,-1,-1
1014,43,379.76,473.01,80.71,226.69,0.4523,-1,-1,-1
1014,45,1153.45,613.55,87.81,260.05,0.7436,-1,-1,-1
1014,46,1733.31,671.30,95.76,255.80,0.4741,-1,-1,-1
1014,47,303.64,488.76,72.33,206.92,0.4489,-1,-1,-1
1015,32,1718.92,455.91,78.13,212.85,0.5461,-1,-1,-1
1015,33,358.90,900.54,86.52,179.47,0.7933,-1,-1,-1
1015,3,904.65,949.18,67.85,130.82,0.7080,-1,-1,-1
1015,37,842.75,275.33,61.54,201.49,0.5934,-1,-1,-1
1015,39,929.09,270.08,60.88,200.80,0.5471,-1,-1,-1
1015,41,1574.21,588.84,105.68,235.94,0.6603,-1,-1,-1
1015,43,380.16,474.08,80.63,226.49,0.5073,-1,-1,-1
1015,45,1153.14,611.35,86.30,256.39,0.7574,-1,-1,-1
1015,46,1729.85,670.99,98.30,257.36,0.4072,-1,-1,-1
1015,47,299.12,491.51,73.47,207.43,0.4842,-1,-1,-1
1016,32,1718.76,456.04,78.31,212.26,0.5174,-1,-1,-1
1016,33,359.90,903.43,86.74,176.44,0.8084,-1,-1,-1
1016,3,904.19,948.81,68.04,131.19,0.7218,-1,-1,-1
1016,37,843.02,275.82,61.12,199.72,0.5850,-1,-1,-1
1016,39,929.01,268.83,60.00,198.45,0.5462,-1,-1,-1
1016,41,1573.80,588.14,106.11,236.75,0.6536,-1,-1,-1
1016,43,379.14,476.89,80.03,225.21,0.5179,-1,-1,-1
1016,45,1152.93,607.87,84.48,251.21,0.7732,-1,-1,-1
1016,46,1726.42,669.10,100.98,259.51,0.3893,-1,-1,-1
1016,47,297.26,494.91,73.80,206.20,0.4955,-1,-1,-1
1017,32,1718.55,456.52,78.78,212.75,0.4720,-1,-1,-1
1017,33,361.09,907.11,86.36,172.20,0.8148,-1,-1,-1
1017,3,904.00,948.74,68.09,131.26,0.7080,-1,-1,-1
1017,37,843.79,275.96,61.18,199.83,0.5929,-1,-1,-1
1017,39,929.10,266.31,59.62,197.32,0.5281,-1,-1,-1
1017,41,1573.51,588.25,106.13,236.94,0.6683,-1,-1,-1
1017,43,378.68,478.92,79.37,223.65,0.4744,-1,-1,-1
1017,45,1152.30,604.26,83.17,247.23,0.7648,-1,-1,-1
1017,46,1726.38,673.75,100.18,255.20,0.4348,-1,-1,-1
1017,47,296.08,502.16,73.17,201.62,0.4684,-1,-1,-1
1018,32,1718.62,457.31,78.59,210.76,0.4674,-1,-1,-1
1018,33,362.33,910.93,86.08,167.98,0.8027,-1,-1,-1
1018,3,903.99,948.61,68.11,131.39,0.7165,-1,-1,-1
1018,37,843.68,275.71,61.53,200.76,0.5860,-1,-1,-1
1018,39,929.74,262.97,60.19,199.17,0.5210,-1,-1,-1
1018,41,1573.52,590.24,105.21,234.95,0.6461,-1,-1,-1
1018,43,378.95,480.08,78.23,220.84,0.5369,-1,-1,-1
1018,45,1151.66,601.16,82.82,246.93,0.7484,-1,-1,-1
1018,46,1725.40,678.41,98.17,248.85,0.4467,-1,-1,-1
1018,47,294.79,506.41,73.63,199.93,0.4968,-1,-1,-1
1019,32,1718.49,457.41,78.77,209.99,0.4861,-1,-1,-1
1019,33,362.80,914.31,85.96,164.22,0.8014,-1,-1,-1
1019,3,903.21,948.36,68.18,131.64,0.7164,-1,-1,-1
1019,37,843.21,273.60,62.04,202.61,0.5804,-1,-1,-1
1019,39,928.96,260.73,60.95,200.12,0.5771,-1,-1,-1
1019,41,1573.20,590.49,105.18,235.15,0.6631,-1,-1,-1
1019,43,379.48,481.94,77.03,217.44,0.5524,-1,-1,-1
1019,45,1151.37,598.81,82.66,247.02,0.7363,-1,-1,-1
1019,46,1722.69,677.62,97.66,247.52,0.4614,-1,-1,-1
1019,47,293.37,508.56,74.27,199.07,0.5360,-1,-1,-1
1020,32,1719.47,455.60,77.81,206.37,0.4870,-1,-1,-1
1020,33,363.23,917.15,86.31,161.59,0.8049,-1,-1,-1
1020,3,903.07,947.69,68.41,132.26,0.7094,-1,-1,-1
1020,37,843.71,274.69,61.52,200.62,0.5932,-1,-1,-1
1020,39,927.70,259.78,61.26,199.13,0.5331,-1,-1,-1
1020,41,1573.75,589.81,105.36,236.05,0.6436,-1,-1,-1
1020,43,379.89,483.07,76.46,215.46,0.5435,-1,-1,-1
1020,45,1150.21,596.24,83.27,248.89,0.7270,-1,-1,-1
1020,46,1719.77,674.02,98.64,250.87,0.4644,-1,-1,-1
1020,47,291.82,509.21,74.79,198.05,0.4303,-1,-1,-1
1021,32,1720.33,454.90,77.25,203.72,0.5034,-1,-1,-1
1021,33,363.57,918.76,86.90,159.97,0.8074,-1,-1,-1
1021,3,902.28,946.30,69.08,133.67,0.7015,-1,-1,-1
1021,37,843.87,274.35,61.43,200.13,0.6060,-1,-1,-1
1021,39,928.35,258.26,61.11,196.98,0.5380,-1,-1,-1
1021,41,1573.82,589.61,105.52,236.97,0.6523,-1,-1,-1
1021,43,379.67,484.61,76.68,215.43,0.5565,-1,-1,-1
1021,45,1148.34,593.74,83.81,250.52,0.7213,-1,-1,-1
1021,46,1715.07,673.02,97.92,250.54,0.5399,-1,-1,-1
1021,47,290.00,508.17,76.29,198.74,0.5316,-1,-1,-1
1022,32,1720.85,454.69,76.26,199.81,0.5124,-1,-1,-1
1022,33,364.32,920.54,87.21,158.30,0.8165,-1,-1,-1
1022,3,902.15,946.37,68.84,133.47,0.7122,-1,-1,-1
1022,37,843.89,273.34,61.27,199.41,0.6093,-1,-1,-1
1022,39,928.00,257.93,61.65,196.98,0.5721,-1,-1,-1
1022,41,1574.52,589.33,105.28,237.36,0.6493,-1,-1,-1
1022,43,378.63,485.60,79.23,222.52,0.5685,-1,-1,-1
1022,45,1147.79,592.71,84.38,251.87,0.7301,-1,-1,-1
1022,46,1712.88,672.27,96.64,248.38,0.5986,-1,-1,-1
1022,47,298.63,509.29,74.25,196.24,0.4167,-1,-1,-1
1023,32,1721.78,454.88,75.16,195.20,0.5301,-1,-1,-1
1023,33,364.66,922.68,87.23,156.08,0.8094,-1,-1,-1
1023,3,901.88,945.94,68.78,133.75,0.7106,-1,-1,-1
1023,37,844.09,273.19,60.45,196.16,0.5968,-1,-1,-1
1023,39,928.00,257.17,62.38,198.60,0.5375,-1,-1,-1
1023,41,1573.91,588.21,105.63,238.65,0.5947,-1,-1,-1
1023,43,378.03,486.12,80.87,227.40,0.5622,-1,-1,-1
1023,45,1147.28,590.86,85.03,254.01,0.7125,-1,-1,-1
1023,46,1711.51,673.86,95.58,246.31,0.6402,-1,-1,-1
1023,47,293.16,506.30,76.26,199.68,0.4443,-1,-1,-1
1024,32,1721.88,454.65,74.47,191.98,0.5641,-1,-1,-1
1024,33,365.11,924.87,87.35,154.12,0.8090,-1,-1,-1
1024,3,902.32,946.21,68.56,133.66,0.7226,-1,-1,-1
1024,37,844.03,271.93,59.95,193.67,0.6218,-1,-1,-1
1024,39,927.97,256.84,63.19,201.14,0.5887,-1,-1,-1
1024,41,1573.73,587.77,105.57,239.06,0.5995,-1,-1,-1
1024,43,377.92,487.43,81.26,228.79,0.5553,-1,-1,-1
1024,45,1146.46,589.35,85.34,254.59,0.6897,-1,-1,-1
1024,46,1710.36,675.25,94.66,244.59,0.5928,-1,-1,-1
1024,47,290.58,505.84,77.08,200.06,0.4657,-1,-1,-1
1025,32,1721.72,454.40,74.99,191.80,0.5434,-1,-1,-1
1025,33,365.59,926.49,87.75,152.92,0.8112,-1,-1,-1
1025,3,901.88,946.05,68.34,133.75,0.7138,-1,-1,-1
1025,37,843.56,269.01,60.53,195.18,0.6656,-1,-1,-1
1025,39,928.78,256.92,63.52,203.31,0.5799,-1,-1,-1
1025,41,1573.27,587.55,105.42,239.43,0.5712,-1,-1,-1
1025,43,376.68,488.45,81.84,231.46,0.5157,-1,-1,-1
1025,45,1145.36,588.18,85.63,254.37,0.6880,-1,-1,-1
1025,46,1708.71,677.28,93.38,242.72,0.6031,-1,-1,-1
1025,47,289.36,506.60,77.22,199.00,0.4786,-1,-1,-1
1026,32,1721.66,454.18,75.05,190.51,0.5661,-1,-1,-1
1026,33,366.62,928.26,87.61,150.96,0.8076,-1,-1,-1
1026,3,901.34,945.80,68.29,134.01,0.7177,-1,-1,-1
1026,37,844.39,267.33,59.62,191.54,0.6342,-1,-1,-1
1026,39,930.12,256.51,63.25,203.82,0.5994,-1,-1,-1
1026,41,1574.26,588.57,104.73,238.58,0.6184,-1,-1,-1
1026,43,375.81,491.03,81.60,232.17,0.5375,-1,-1,-1
1026,45,1144.54,587.86,84.95,251.51,0.6912,-1,-1,-1
1026,46,1707.19,681.57,91.50,239.68,0.6231,-1,-1,-1
1026,47,289.52,505.21,77.67,199.66,0.4842,-1,-1,-1
1027,32,1721.92,454.53,75.38,189.73,0.5369,-1,-1,-1
1027,33,368.47,930.09,87.37,148.81,0.8122,-1,-1,-1
1027,3,900.93,945.77,67.84,133.84,0.7179,-1,-1,-1
1027,37,845.29,265.53,58.89,189.03,0.6329,-1,-1,-1
1027,39,931.18,256.21,63.05,205.03,0.5791,-1,-1,-1
1027,41,1574.44,589.17,104.40,238.13,0.6723,-1,-1,-1
1027,43,373.99,493.55,81.00,232.58,0.5655,-1,-1,-1
1027,45,1142.98,587.71,85.25,252.14,0.7251,-1,-1,-1
1027,46,1702.91,675.82,91.59,242.09,0.5731,-1,-1,-1
1027,47,290.49,505.51,77.45,199.47,0.5615,-1,-1,-1
1028,32,1719.82,456.63,78.65,197.39,0.5748,-1,-1,-1
1028,33,369.59,931.98,87.27,147.09,0.8205,-1,-1,-1
1028,3,900.70,945.66,67.65,134.19,0.7132,-1,-1,-1
1028,37,846.18,263.13,58.70,188.27,0.6024,-1,-1,-1
1028,39,933.56,255.92,61.40,200.56,0.5854,-1,-1,-1
1028,41,1574.13,589.27,104.22,238.15,0.6740,-1,-1,-1
1028,43,373.70,496.43,80.20,231.18,0.5981,-1,-1,-1
1028,45,1141.79,586.70,84.54,249.89,0.7228,-1,-1,-1
1028,46,1699.78,664.21,93.64,251.12,0.5204,-1,-1,-1
1028,47,292.67,508.62,76.12,197.45,0.5644,-1,-1,-1
1029,32,1719.58,458.33,79.96,199.81,0.5821,-1,-1,-1
1029,33,371.25,933.17,87.19,145.57,0.8127,-1,-1,-1
1029,3,900.01,945.42,67.42,134.53,0.6991,-1,-1,-1
1029,37,847.02,261.72,58.88,189.08,0.5971,-1,-1,-1
1029,39,934.75,255.37,61.38,201.50,0.6222,-1,-1,-1
1029,41,1573.89,589.57,104.02,237.89,0.6888,-1,-1,-1
1029,43,373.79,499.25,79.34,229.12,0.6166,-1,-1,-1
1029,45,1140.35,585.84,84.04,249.18,0.7394,-1,-1,-1
1029,46,1695.60,647.54,97.58,266.32,0.4038,-1,-1,-1
1029,47,292.76,511.56,75.54,197.25,0.5981,-1,-1,-1
1030,32,1718.98,458.16,80.70,201.21,0.5786,-1,-1,-1
1030,33,372.50,935.64,86.57,142.93,0.8001,-1,-1,-1
1030,3,899.21,945.09,67.06,134.89,0.7173,-1,-1,-1
1030,37,847.12,260.76,59.30,191.35,0.5864,-1,-1,-1
1030,39,935.64,254.43,60.95,200.66,0.5627,-1,-1,-1
1030,41,1573.06,588.76,104.26,239.10,0.6454,-1,-1,-1
1030,43,371.41,500.83,78.21,227.71,0.6114,-1,-1,-1
1030,45,1138.78,584.14,83.60,249.26,0.7752,-1,-1,-1
1030,46,1694.15,641.14,97.99,271.71,0.4532,-1,-1,-1
1030,47,292.33,512.24,76.28,200.73,0.6495,-1,-1,-1
1031,32,1718.36,458.50,81.88,204.02,0.6012,-1,-1,-1
1031,33,374.33,937.42,86.07,140.94,0.7950,-1,-1,-1
1031,3,898.03,944.65,66.76,135.35,0.7212,-1,-1,-1
1031,37,847.26,259.36,59.59,193.15,0.5696,-1,-1,-1
1031,39,937.07,251.70,60.00,198.26,0.5686,-1,-1,-1
1031,41,1572.94,590.02,103.67,237.72,0.6565,-1,-1,-1
1031,43,372.49,501.13,78.62,228.78,0.6369,-1,-1,-1
1031,45,1137.73,579.66,82.88,248.57,0.7785,-1,-1,-1
1031,46,1686.29,637.86,99.57,276.51,0.5302,-1,-1,-1
1031,47,291.02,513.70,78.14,207.92,0.6803,-1,-1,-1
1032,32,1717.93,458.61,82.88,206.63,0.5970,-1,-1,-1
1032,33,376.06,940.55,84.85,137.79,0.7708,-1,-1,-1
1032,3,897.11,944.17,66.41,135.83,0.7002,-1,-1,-1
1032,37,847.63,256.81,59.68,194.00,0.5792,-1,-1,-1
1032,39,938.37,249.31,58.93,195.35,0.6191,-1,-1,-1
1032,41,1572.73,590.26,103.42,237.59,0.6397,-1,-1,-1
1032,43,372.91,501.40,78.79,229.60,0.6621,-1,-1,-1
1032,45,1137.13,575.86,81.72,246.44,0.7699,-1,-1,-1
1032,46,1681.04,638.88,99.69,277.07,0.4868,-1,-1,-1
1032,47,290.84,515.73,78.70,211.63,0.6870,-1,-1,-1
1033,32,1717.90,458.51,82.95,207.05,0.5883,-1,-1,-1
1033,33,377.50,943.55,83.61,134.27,0.7609,-1,-1,-1
1033,3,896.11,943.98,65.87,136.02,0.6958,-1,-1,-1
1033,37,847.67,255.60,59.86,194.89,0.5525,-1,-1,-1
1033,39,939.72,247.47,58.69,194.63,0.6346,-1,-1,-1
1033,41,1572.84,591.31,102.73,236.91,0.6248,-1,-1,-1
1033,43,372.57,502.03,78.54,229.12,0.6440,-1,-1,-1
1033,45,1137.06,572.71,80.30,243.28,0.7705,-1,-1,-1
1033,46,1676.87,637.68,100.56,279.34,0.5392,-1,-1,-1
1033,47,290.68,517.74,78.57,213.34,0.6678,-1,-1,-1
1034,32,1717.44,458.04,82.81,206.73,0.5856,-1,-1,-1
1034,33,379.27,946.96,82.51,131.46,0.7544,-1,-1,-1
1034,3,895.14,943.73,65.50,136.27,0.7087,-1,-1,-1
1034,37,847.98,255.50,59.76,194.47,0.5583,-1,-1,-1
1034,39,939.91,245.00,58.69,194.97,0.6023,-1,-1,-1
1034,41,1573.50,594.01,101.31,233.56,0.5892,-1,-1,-1
1034,43,371.29,503.34,77.68,227.71,0.6246,-1,-1,-1
1034,45,1137.19,569.45,79.54,242.57,0.7687,-1,-1,-1
1034,46,1674.50,636.87,100.89,280.42,0.5382,-1,-1,-1
1034,47,291.22,520.38,78.09,213.37,0.6706,-1,-1,-1
1035,32,1717.74,458.44,81.83,204.60,0.5955,-1,-1,-1
1035,33,381.19,950.38,81.63,128.80,0.7441,-1,-1,-1
1035,3,894.15,943.09,65.21,136.91,0.7048,-1,-1,-1
1035,37,848.22,254.87,59.66,194.41,0.5653,-1,-1,-1
1035,39,939.87,243.04,59.13,196.63,0.6449,-1,-1,-1
1035,41,1572.85,594.28,101.03,233.02,0.6063,-1,-1,-1
1035,43,371.55,504.34,76.98,225.41,0.6206,-1,-1,-1
1035,45,1136.75,567.77,78.92,241.65,0.7607,-1,-1,-1
1035,46,1672.23,635.07,100.20,280.79,0.6020,-1,-1,-1
1035,47,291.62,523.00,78.01,212.46,0.6425,-1,-1,-1
1036,32,1718.23,459.95,81.17,203.08,0.5844,-1,-1,-1
1036,33,383.79,953.53,80.86,126.23,0.7314,-1,-1,-1
1036,3,892.98,941.90,65.18,138.11,0.7198,-1,-1,-1
1036,37,848.66,254.12,59.67,195.15,0.5759,-1,-1,-1
1036,39,939.58,241.19,59.15,197.19,0.6589,-1,-1,-1
1036,41,1572.87,595.12,100.60,232.32,0.6051,-1,-1,-1
1036,43,371.49,504.68,76.79,224.62,0.6307,-1,-1,-1
1036,45,1135.59,565.86,79.48,244.91,0.7364,-1,-1,-1
1036,46,1670.59,633.38,99.47,281.86,0.6304,-1,-1,-1
1036,47,292.15,525.42,77.41,210.48,0.5829,-1,-1,-1
1037,32,1718.20,460.13,80.98,202.94,0.6304,-1,-1,-1
1037,33,386.94,956.30,80.05,123.66,0.7572,-1,-1,-1
1037,3,892.15,940.78,64.93,139.22,0.7297,-1,-1,-1
1037,37,848.94,252.84,59.79,195.95,0.5732,-1,-1,-1
1037,39,939.71,240.45,59.17,197.73,0.6868,-1,-1,-1
1037,41,1572.41,595.41,100.22,231.80,0.6299,-1,-1,-1
1037,43,372.03,505.44,76.59,223.06,0.6693,-1,-1,-1
1037,45,1134.51,563.85,79.88,247.67,0.7501,-1,-1,-1
1037,46,1669.17,631.25,98.22,281.45,0.6189,-1,-1,-1
1037,47,290.64,527.62,77.24,208.37,0.5516,-1,-1,-1
1038,32,1718.38,460.45,80.52,202.05,0.6306,-1,-1,-1
1038,33,389.88,958.80,79.63,121.23,0.7812,-1,-1,-1
1038,3,890.53,939.22,64.88,140.79,0.7230,-1,-1,-1
1038,37,849.32,251.85,59.92,196.46,0.5633,-1,-1,-1
1038,39,939.52,239.67,59.20,198.58,0.6838,-1,-1,-1
1038,41,1572.36,595.36,99.97,231.76,0.6315,-1,-1,-1
1038,43,371.96,505.79,76.77,223.04,0.6653,-1,-1,-1
1038,45,1133.36,562.75,80.91,251.58,0.7537,-1,-1,-1
1038,46,1667.31,630.56,97.60,280.81,0.6215,-1,-1,-1
1038,47,293.42,530.67,75.34,205.20,0.4903,-1,-1,-1
1039,32,1718.08,460.23,80.83,203.33,0.6351,-1,-1,-1
1039,33,392.55,959.90,79.70,120.15,0.7463,-1,-1,-1
1039,3,889.99,939.16,64.32,140.84,0.7282,-1,-1,-1
1039,37,849.89,251.25,59.66,195.79,0.5373,-1,-1,-1
1039,39,939.28,238.69,59.14,199.18,0.6589,-1,-1,-1
1039,41,1571.98,594.32,100.13,232.58,0.6041,-1,-1,-1
1039,43,371.31,506.42,76.82,223.05,0.6574,-1,-1,-1
1039,45,1130.93,561.98,81.59,253.47,0.7656,-1,-1,-1
1039,46,1663.73,630.94,97.20,279.81,0.6260,-1,-1,-1
1039,47,295.19,532.43,73.41,203.14,0.5360,-1,-1,-1
1040,32,1717.97,459.94,80.98,204.43,0.6537,-1,-1,-1
1040,33,395.54,961.63,79.42,118.43,0.7245,-1,-1,-1
1040,3,889.03,938.62,64.07,141.38,0.7288,-1,-1,-1
1040,37,851.05,249.33,59.14,193.83,0.5329,-1,-1,-1
1040,39,938.99,238.08,59.04,199.32,0.6254,-1,-1,-1
1040,41,1572.21,595.36,99.49,231.21,0.6023,-1,-1,-1
1040,43,371.68,507.86,77.54,224.69,0.6860,-1,-1,-1
1040,45,1127.89,561.74,81.96,254.42,0.7765,-1,-1,-1
1040,46,1660.65,632.17,97.20,280.07,0.6279,-1,-1,-1
1040,47,295.98,535.25,71.32,200.62,0.4553,-1,-1,-1
1041,32,1718.03,459.64,81.15,205.44,0.6579,-1,-1,-1
1041,33,399.54,963.80,79.07,116.25,0.7475,-1,-1,-1
1041,3,886.79,938.32,63.55,141.68,0.7129,-1,-1,-1
1041,37,851.62,247.44,58.79,191.48,0.5401,-1,-1,-1
1041,39,939.04,237.35,59.13,200.08,0.6494,-1,-1,-1
1041,41,1572.49,594.30,99.68,231.73,0.6037,-1,-1,-1
1041,43,371.66,509.95,78.15,226.39,0.6519,-1,-1,-1
1041,45,1126.90,560.66,81.96,253.56,0.7934,-1,-1,-1
1041,46,1659.06,634.35,95.99,277.52,0.5460,-1,-1,-1
1041,47,296.93,535.57,69.78,199.61,0.4483,-1,-1,-1
1042,32,1717.88,460.20,80.82,205.52,0.6193,-1,-1,-1
1042,33,402.96,965.00,79.63,114.98,0.7534,-1,-1,-1
1042,3,885.04,937.79,63.22,142.22,0.7265,-1,-1,-1
1042,37,852.69,244.94,58.50,188.85,0.5132,-1,-1,-1
1042,39,939.54,237.27,58.97,200.02,0.6358,-1,-1,-1
1042,41,1572.54,592.91,99.91,232.28,0.5835,-1,-1,-1
1042,43,371.55,510.53,79.19,229.39,0.6635,-1,-1,-1
1042,45,1126.17,559.56,81.42,251.14,0.7839,-1,-1,-1
1042,46,1657.67,636.45,94.86,274.58,0.5478,-1,-1,-1
1042,47,296.66,536.59,67.80,196.57,0.3848,-1,-1,-1
1043,32,1717.90,459.14,81.08,207.20,0.6047,-1,-1,-1
1043,33,404.80,966.33,80.33,113.68,0.7560,-1,-1,-1
1043,3,883.84,937.50,62.92,142.50,0.7181,-1,-1,-1
1043,37,852.70,242.23,59.28,189.74,0.5035,-1,-1,-1
1043,39,939.98,237.01,58.61,199.60,0.6311,-1,-1,-1
1043,41,1572.46,592.98,99.98,231.94,0.5410,-1,-1,-1
1043,43,371.61,511.47,79.91,231.44,0.6772,-1,-1,-1
1043,45,1124.93,558.81,80.94,248.69,0.7816,-1,-1,-1
1043,46,1658.07,639.23,93.72,272.64,0.4604,-1,-1,-1
1043,47,297.27,536.49,66.91,196.43,0.3839,-1,-1,-1
1044,32,1717.69,459.14,80.83,207.57,0.6035,-1,-1,-1
1044,33,406.75,968.21,80.77,111.82,0.7458,-1,-1,-1
1044,3,882.47,937.37,62.61,142.63,0.7015,-1,-1,-1
1044,37,853.28,240.28,59.70,189.64,0.4883,-1,-1,-1
1044,39,940.24,236.35,58.25,199.28,0.6268,-1,-1,-1
1044,41,1572.47,590.78,100.86,233.25,0.4589,-1,-1,-1
1044,43,371.61,514.00,80.27,233.22,0.6526,-1,-1,-1
1044,45,1123.17,557.35,80.85,248.18,0.7760,-1,-1,-1
1044,46,1656.80,641.19,94.07,273.52,0.5197,-1,-1,-1
1044,47,289.73,534.66,69.44,199.56,0.3488,-1,-1,-1
1045,32,1717.79,460.57,80.25,206.94,0.6023,-1,-1,-1
1045,33,408.70,969.31,82.04,110.72,0.7483,-1,-1,-1
1045,3,882.38,937.14,62.48,142.86,0.7091,-1,-1,-1
1045,37,853.32,238.73,60.55,191.37,0.5560,-1,-1,-1
1045,39,940.23,235.17,58.08,199.59,0.6043,-1,-1,-1
1045,41,1572.41,591.93,100.61,231.79,0.4723,-1,-1,-1
1045,43,372.36,516.85,80.18,233.17,0.6506,-1,-1,-1
1045,45,1120.91,554.91,81.38,249.44,0.7756,-1,-1,-1
1045,46,1653.31,642.30,94.04,272.34,0.5482,-1,-1,-1
1045,47,294.14,537.27,68.53,198.98,0.4011,-1,-1,-1
1046,32,1717.49,460.96,79.90,206.64,0.6025,-1,-1,-1
1046,33,410.13,971.03,82.93,108.99,0.7449,-1,-1,-1
1046,3,880.74,936.24,62.52,143.76,0.6693,-1,-1,-1
1046,37,852.95,238.09,61.08,191.88,0.5465,-1,-1,-1
1046,39,939.86,234.31,57.88,200.08,0.5944,-1,-1,-1
1046,41,1574.35,592.71,100.49,231.55,0.4323,-1,-1,-1
1046,43,372.18,519.57,79.95,233.82,0.6333,-1,-1,-1
1046,45,1120.11,553.37,80.81,247.61,0.7769,-1,-1,-1
1046,46,1652.11,643.35,93.61,270.68,0.5405,-1,-1,-1
1046,47,289.25,537.59,71.00,204.20,0.4966,-1,-1,-1
1047,32,1717.35,462.20,79.27,205.35,0.6156,-1,-1,-1
1047,33,411.71,973.81,83.27,106.21,0.7391,-1,-1,-1
1047,3,879.97,935.96,62.38,144.05,0.6671,-1,-1,-1
1047,37,852.73,235.86,62.33,193.92,0.5410,-1,-1,-1
1047,39,938.80,233.29,57.69,199.97,0.5748,-1,-1,-1
1047,41,1574.05,591.53,100.95,232.78,0.3957,-1,-1,-1
1047,43,372.41,522.01,79.51,233.10,0.6455,-1,-1,-1
1047,45,1118.88,551.21,81.13,248.68,0.7555,-1,-1,-1
1047,46,1653.23,649.03,91.26,264.01,0.6150,-1,-1,-1
1047,47,284.27,539.37,73.64,208.61,0.5348,-1,-1,-1
1048,32,1717.71,462.10,78.99,205.32,0.5860,-1,-1,-1
1048,33,414.16,977.11,83.22,102.91,0.7362,-1,-1,-1
1048,3,879.54,935.27,62.35,144.73,0.6473,-1,-1,-1
1048,37,853.10,234.84,63.06,194.46,0.5536,-1,-1,-1
1048,39,938.92,231.38,56.09,194.52,0.5806,-1,-1,-1
1048,41,1574.47,590.76,101.06,233.39,0.3939,-1,-1,-1
1048,43,372.05,522.63,79.22,232.79,0.6370,-1,-1,-1
1048,45,1118.06,548.11,80.59,246.65,0.7448,-1,-1,-1
1048,46,1651.80,651.69,90.11,260.08,0.6467,-1,-1,-1
1048,47,280.96,541.32,75.77,211.72,0.5872,-1,-1,-1
1049,32,1717.70,462.24,79.01,205.89,0.6217,-1,-1,-1
1049,33,415.65,979.56,83.78,100.45,0.7479,-1,-1,-1
1049,3,878.81,934.20,62.59,145.80,0.6695,-1,-1,-1
1049,37,853.59,234.60,63.45,194.14,0.5660,-1,-1,-1
1049,39,938.58,229.60,55.56,192.41,0.6100,-1,-1,-1
1049,41,1573.24,592.57,100.53,232.14,0.4397,-1,-1,-1
1049,43,371.63,523.88,78.64,231.51,0.6465,-1,-1,-1
1049,45,1117.09,545.35,79.48,243.76,0.7428,-1,-1,-1
1049,46,1650.46,649.97,90.42,260.96,0.6957,-1,-1,-1
1049,47,280.94,543.75,76.37,211.85,0.5535,-1,-1,-1
1050,32,1717.63,461.56,79.15,206.64,0.6446,-1,-1,-1
1050,33,418.23,982.70,83.50,97.31,0.7518,-1,-1,-1
1050,3,878.16,933.23,62.83,146.77,0.6684,-1,-1,-1
1050,37,854.14,234.34,63.65,193.91,0.5899,-1,-1,-1
1050,39,938.37,228.05,55.27,191.00,0.6085,-1,-1,-1
1050,41,1572.17,592.66,100.72,232.01,0.4427,-1,-1,-1
1050,43,372.24,524.42,78.26,230.26,0.6629,-1,-1,-1
1050,45,1115.66,542.67,77.87,238.66,0.7528,-1,-1,-1
1050,46,1648.99,649.55,89.95,260.00,0.6880,-1,-1,-1
1050,47,280.70,546.93,76.74,212.03,0.6137,-1,-1,-1
