1,1,1338.48,417.88,163.01,358.61,0.8093,-1,-1,-1
1,2,584.16,443.38,91.76,264.69,0.7630,-1,-1,-1
2,1,1342.76,417.59,160.35,359.16,0.8313,-1,-1,-1
2,2,584.54,442.90,92.31,264.18,0.7656,-1,-1,-1
3,1,1343.62,423.29,175.82,365.85,0.8358,-1,-1,-1
3,2,584.51,443.06,93.56,263.63,0.7561,-1,-1,-1
4,1,1348.55,421.72,179.34,375.80,0.8240,-1,-1,-1
4,2,584.45,443.83,93.20,264.25,0.7670,-1,-1,-1
4,3,1478.43,433.92,125.83,333.73,0.7303,-1,-1,-1
5,1,1351.73,419.43,178.44,385.06,0.8483,-1,-1,-1
5,2,584.74,444.03,93.12,264.05,0.7658,-1,-1,-1
5,3,1484.35,429.35,117.20,338.60,0.7403,-1,-1,-1
5,4,442.90,443.86,118.96,273.89,0.6899,-1,-1,-1
6,1,1358.00,418.62,174.36,388.33,0.8471,-1,-1,-1
6,2,584.14,443.52,92.55,266.93,0.7617,-1,-1,-1
6,3,1493.92,426.35,108.54,342.20,0.7237,-1,-1,-1
6,4,449.08,444.02,116.96,274.25,0.6951,-1,-1,-1
7,1,1368.01,419.07,160.36,385.19,0.8559,-1,-1,-1
7,2,584.47,443.04,91.76,268.08,0.7671,-1,-1,-1
7,3,1499.81,430.67,102.95,339.11,0.7679,-1,-1,-1
7,4,447.16,444.81,119.87,274.36,0.7308,-1,-1,-1
8,1,1385.40,415.35,142.26,386.75,0.8056,-1,-1,-1
8,2,584.73,442.96,91.82,267.36,0.7823,-1,-1,-1
8,3,1504.95,422.70,99.41,348.13,0.7695,-1,-1,-1
8,4,448.53,444.17,119.33,274.69,0.7468,-1,-1,-1
9,1,1400.68,409.65,130.07,392.09,0.7453,-1,-1,-1
9,2,585.13,442.64,90.87,268.13,0.7793,-1,-1,-1
9,3,1511.52,422.03,94.98,348.01,0.7485,-1,-1,-1
9,4,454.95,444.21,114.15,274.37,0.7434,-1,-1,-1
10,1,1416.25,413.51,120.41,382.61,0.7915,-1,-1,-1
10,2,585.37,442.79,91.41,268.20,0.7823,-1,-1,-1
10,3,1506.78,418.00,109.72,355.53,0.6691,-1,-1,-1
10,4,457.30,443.94,113.75,274.40,0.7179,-1,-1,-1
11,1,1426.68,412.61,119.34,385.69,0.7691,-1,-1,-1
11,2,585.90,442.83,91.17,267.04,0.7705,-1,-1,-1
11,3,1525.17,418.82,98.49,350.59,0.7954,-1,-1,-1
11,4,455.61,442.77,115.00,275.92,0.6894,-1,-1,-1
12,1,1438.30,409.12,117.21,388.27,0.7273,-1,-1,-1
12,2,585.73,442.27,91.73,266.91,0.7667,-1,-1,-1
12,3,1536.76,418.84,94.65,353.06,0.7732,-1,-1,-1
12,4,451.48,442.22,119.16,276.34,0.6674,-1,-1,-1
13,1,1446.24,411.82,121.78,386.78,0.7015,-1,-1,-1
13,2,585.42,442.04,92.49,267.26,0.7539,-1,-1,-1
13,3,1539.85,420.21,104.69,357.65,0.7515,-1,-1,-1
13,4,446.67,442.93,123.48,276.38,0.7038,-1,-1,-1
14,1,1453.60,410.16,128.38,387.34,0.5769,-1,-1,-1
14,2,584.33,442.16,93.99,267.99,0.7504,-1,-1,-1
14,3,1538.45,416.56,131.12,370.13,0.6144,-1,-1,-1
14,4,446.85,442.03,121.98,280.44,0.6394,-1,-1,-1
15,1,1461.60,415.42,108.41,381.98,0.4908,-1,-1,-1
15,2,583.98,442.43,93.23,269.23,0.7700,-1,-1,-1
15,3,1538.81,421.83,160.70,373.53,0.5959,-1,-1,-1
15,4,446.27,442.87,120.88,282.13,0.6578,-1,-1,-1
16,1,1464.01,422.17,105.97,377.15,0.4018,-1,-1,-1
16,2,583.66,443.68,92.96,267.42,0.7683,-1,-1,-1
16,3,1547.41,421.12,177.21,381.58,0.6740,-1,-1,-1
16,4,445.75,442.67,117.73,283.54,0.6511,-1,-1,-1
17,1,1459.17,420.79,130.46,381.40,0.3625,-1,-1,-1
17,2,583.40,445.37,93.03,267.28,0.7652,-1,-1,-1
17,3,1556.22,420.93,186.96,385.33,0.7724,-1,-1,-1
17,4,446.11,442.70,116.07,284.60,0.6589,-1,-1,-1
18,1,1459.38,420.69,181.45,388.54,0.6832,-1,-1,-1
18,2,583.59,445.04,93.04,268.34,0.7898,-1,-1,-1
18,3,1570.28,426.26,182.31,383.26,0.7103,-1,-1,-1
18,4,447.94,442.97,114.02,284.71,0.7161,-1,-1,-1
19,1,1460.49,414.70,173.85,390.48,0.4640,-1,-1,-1
19,2,584.19,445.13,94.18,269.25,0.7677,-1,-1,-1
19,3,1566.44,451.90,191.55,361.84,0.6827,-1,-1,-1
19,4,450.08,444.60,112.71,284.63,0.7092,-1,-1,-1
20,1,1461.70,411.55,170.10,394.37,0.3684,-1,-1,-1
20,2,584.51,445.77,97.93,267.61,0.7783,-1,-1,-1
20,3,1586.99,457.35,186.76,349.48,0.6328,-1,-1,-1
20,4,451.38,448.61,113.91,279.95,0.7097,-1,-1,-1
21,1,1462.02,412.44,225.09,403.63,0.7286,-1,-1,-1
21,2,584.77,444.50,101.30,269.08,0.7905,-1,-1,-1
21,3,1611.89,455.53,158.06,348.86,0.6553,-1,-1,-1
21,4,452.36,448.10,112.80,279.28,0.6969,-1,-1,-1
22,1,1462.92,411.87,230.39,405.74,0.5296,-1,-1,-1
22,2,584.75,444.10,103.20,269.10,0.7777,-1,-1,-1
22,3,1627.04,436.63,152.60,364.45,0.7015,-1,-1,-1
22,4,454.09,447.20,112.76,280.37,0.5988,-1,-1,-1
23,1,1469.22,411.62,200.98,395.11,0.4805,-1,-1,-1
23,2,583.89,443.84,105.28,269.02,0.7759,-1,-1,-1
23,3,1633.75,427.18,132.23,374.38,0.6267,-1,-1,-1
23,4,461.29,446.37,109.90,281.49,0.6875,-1,-1,-1
24,1,1476.67,408.08,215.91,408.40,0.7030,-1,-1,-1
24,2,584.34,443.83,105.40,268.54,0.7548,-1,-1,-1
24,3,1643.93,421.30,123.32,378.22,0.6253,-1,-1,-1
24,4,466.92,445.39,109.37,284.98,0.6836,-1,-1,-1
25,1,1484.89,406.80,216.55,411.64,0.6348,-1,-1,-1
25,2,585.08,443.71,105.14,268.70,0.7430,-1,-1,-1
25,3,1655.66,417.26,122.47,384.62,0.6677,-1,-1,-1
25,4,467.29,444.76,111.13,288.26,0.6333,-1,-1,-1
26,1,1493.65,408.67,232.76,411.19,0.5970,-1,-1,-1
26,2,586.23,444.08,103.12,268.68,0.7238,-1,-1,-1
26,3,1662.47,419.60,115.31,381.88,0.6618,-1,-1,-1
26,4,467.94,442.04,112.25,293.44,0.6586,-1,-1,-1
27,1,1508.54,410.43,223.72,411.72,0.5632,-1,-1,-1
27,2,587.83,443.59,100.76,269.89,0.7290,-1,-1,-1
27,3,1674.04,414.45,112.54,384.11,0.6655,-1,-1,-1
27,4,469.19,443.51,112.11,290.46,0.6226,-1,-1,-1
28,1,1528.52,405.08,191.33,422.91,0.5830,-1,-1,-1
28,2,591.44,443.41,98.42,270.61,0.7387,-1,-1,-1
28,3,1682.64,411.24,114.32,385.16,0.6566,-1,-1,-1
28,4,471.67,442.00,110.88,292.64,0.6030,-1,-1,-1
29,1,1546.99,396.74,170.78,432.67,0.7036,-1,-1,-1
29,2,593.69,443.52,97.25,270.63,0.7305,-1,-1,-1
29,3,1684.53,418.92,128.19,381.53,0.7144,-1,-1,-1
29,4,474.21,442.03,110.02,292.07,0.5853,-1,-1,-1
30,1,1573.67,391.95,153.01,437.31,0.7467,-1,-1,-1
30,2,595.14,443.47,97.12,271.21,0.7479,-1,-1,-1
30,3,1679.97,426.37,152.88,374.54,0.6397,-1,-1,-1
30,4,476.38,442.16,109.43,292.12,0.6444,-1,-1,-1
31,1,1593.60,390.68,157.90,437.59,0.7353,-1,-1,-1
31,2,597.88,443.18,95.56,272.09,0.7511,-1,-1,-1
31,3,1694.60,418.85,182.63,387.22,0.6599,-1,-1,-1
31,4,476.99,443.16,111.09,288.62,0.6511,-1,-1,-1
32,1,1605.58,393.85,164.18,441.31,0.7909,-1,-1,-1
32,2,599.78,443.06,94.94,272.76,0.7619,-1,-1,-1
32,3,1715.37,417.85,184.92,389.58,0.7325,-1,-1,-1
32,4,478.54,444.25,110.57,288.64,0.6380,-1,-1,-1
33,1,1611.70,394.21,172.30,450.28,0.8077,-1,-1,-1
33,2,601.17,443.88,94.73,271.66,0.7666,-1,-1,-1
33,3,1730.78,414.34,185.34,396.76,0.6489,-1,-1,-1
33,4,479.55,444.08,110.01,292.80,0.7036,-1,-1,-1
34,1,1615.44,394.29,182.85,448.28,0.8033,-1,-1,-1
34,2,604.23,443.46,92.00,271.86,0.7622,-1,-1,-1
34,3,1742.31,447.09,181.13,368.95,0.3172,-1,-1,-1
34,4,479.53,443.97,110.42,298.45,0.7295,-1,-1,-1
35,1,1621.29,393.14,195.09,454.29,0.8494,-1,-1,-1
35,2,605.51,443.92,91.45,271.21,0.7727,-1,-1,-1
35,3,1758.32,431.20,166.14,394.42,0.4109,-1,-1,-1
35,4,478.67,443.90,111.25,300.12,0.7405,-1,-1,-1
36,1,1628.27,394.61,212.22,466.05,0.8186,-1,-1,-1
36,2,607.05,444.20,90.36,270.67,0.7727,-1,-1,-1
36,3,1765.56,420.05,158.27,403.11,0.5498,-1,-1,-1
36,4,477.48,443.97,112.68,302.02,0.7073,-1,-1,-1
37,1,1633.32,396.49,243.22,471.67,0.7919,-1,-1,-1
37,2,608.49,444.77,89.97,270.10,0.7701,-1,-1,-1
37,3,1774.36,419.96,149.03,401.78,0.6041,-1,-1,-1
37,4,477.37,444.49,112.64,296.97,0.6661,-1,-1,-1
38,1,1634.41,400.55,252.97,473.62,0.8537,-1,-1,-1
38,2,608.97,444.22,90.36,271.02,0.7670,-1,-1,-1
38,4,477.55,444.70,113.93,291.40,0.6848,-1,-1,-1
39,1,1635.12,403.03,261.73,473.15,0.8708,-1,-1,-1
39,2,609.28,443.40,91.75,272.11,0.7798,-1,-1,-1
39,4,478.06,444.57,114.30,293.41,0.7065,-1,-1,-1
40,1,1635.29,404.12,270.49,474.23,0.8623,-1,-1,-1
40,2,610.01,443.64,91.67,272.29,0.7745,-1,-1,-1
40,4,477.34,445.53,116.24,295.00,0.6819,-1,-1,-1
41,1,1639.18,401.87,280.31,482.06,0.8655,-1,-1,-1
41,2,612.06,443.62,91.75,272.66,0.7916,-1,-1,-1
41,4,478.75,446.90,114.45,295.02,0.6836,-1,-1,-1
41,3,1829.54,398.54,94.44,419.52,0.6854,-1,-1,-1
42,1,1644.47,401.31,276.86,480.66,0.8417,-1,-1,-1
42,2,613.68,443.02,90.64,272.28,0.7989,-1,-1,-1
42,4,476.21,447.37,117.35,300.96,0.6607,-1,-1,-1
42,3,1841.60,392.87,79.60,425.39,0.6497,-1,-1,-1
43,1,1653.64,402.90,269.12,480.87,0.8501,-1,-1,-1
43,2,615.23,443.33,89.95,271.81,0.7886,-1,-1,-1
43,4,470.09,446.09,121.82,306.41,0.6241,-1,-1,-1
43,3,1851.98,393.18,68.79,426.01,0.5920,-1,-1,-1
44,1,1664.83,396.14,255.65,485.23,0.8458,-1,-1,-1
44,2,615.57,443.59,90.59,271.42,0.7992,-1,-1,-1
44,4,468.95,446.15,123.76,312.19,0.6486,-1,-1,-1
44,3,1863.67,410.62,56.76,404.87,0.4901,-1,-1,-1
45,1,1684.69,394.26,232.42,485.28,0.7946,-1,-1,-1
45,2,616.58,443.11,90.92,271.55,0.7777,-1,-1,-1
45,4,468.01,444.22,123.62,314.80,0.6357,-1,-1,-1
45,3,1870.47,421.06,49.60,394.02,0.3503,-1,-1,-1
46,1,1708.37,392.35,211.85,487.47,0.6319,-1,-1,-1
46,2,617.21,442.37,93.06,272.41,0.7591,-1,-1,-1
46,4,466.42,444.76,125.91,318.05,0.6338,-1,-1,-1
46,3,1877.80,402.63,42.07,426.99,0.3963,-1,-1,-1
47,1,1757.61,387.21,162.10,493.71,0.7059,-1,-1,-1
47,2,617.16,441.72,93.09,272.77,0.7759,-1,-1,-1
47,4,464.71,444.41,127.59,320.16,0.6297,-1,-1,-1
48,1,1775.41,386.15,145.10,492.09,0.7899,-1,-1,-1
48,2,618.37,441.22,93.53,272.63,0.7453,-1,-1,-1
48,4,468.12,443.86,123.50,319.45,0.6478,-1,-1,-1
49,1,1795.75,385.27,125.43,492.91,0.8007,-1,-1,-1
49,2,619.05,441.18,94.10,272.10,0.7551,-1,-1,-1
49,4,470.56,444.16,120.57,318.51,0.6377,-1,-1,-1
50,1,1810.30,385.18,111.12,496.63,0.8414,-1,-1,-1
50,2,618.45,441.47,97.63,272.26,0.7557,-1,-1,-1
50,4,465.74,443.72,124.14,317.12,0.6202,-1,-1,-1
51,1,1818.90,383.87,101.69,498.83,0.8291,-1,-1,-1
51,2,618.71,441.46,99.42,272.36,0.7625,-1,-1,-1
51,4,455.84,443.46,133.75,315.55,0.6074,-1,-1,-1
52,1,1827.05,385.07,92.99,495.82,0.8109,-1,-1,-1
52,2,619.72,442.31,99.18,271.67,0.7491,-1,-1,-1
52,4,463.37,444.46,127.31,315.25,0.6583,-1,-1,-1
53,1,1829.27,383.89,90.79,499.95,0.7787,-1,-1,-1
53,2,620.78,443.19,97.44,270.50,0.7479,-1,-1,-1
53,4,463.70,445.80,127.63,313.07,0.6521,-1,-1,-1
54,1,1826.00,388.52,94.46,497.89,0.7337,-1,-1,-1
54,2,622.82,442.77,96.55,271.85,0.7377,-1,-1,-1
54,4,466.54,445.93,125.40,314.00,0.6934,-1,-1,-1
55,1,1825.86,411.15,94.75,476.55,0.7186,-1,-1,-1
55,2,623.58,442.23,93.65,272.73,0.7448,-1,-1,-1
55,4,469.25,445.33,122.26,315.06,0.7045,-1,-1,-1
56,1,1827.40,429.11,92.78,458.53,0.5919,-1,-1,-1
56,2,623.86,441.70,92.83,273.36,0.7329,-1,-1,-1
56,4,471.57,445.46,119.87,314.46,0.7116,-1,-1,-1
57,1,1829.79,407.82,90.20,479.72,0.3788,-1,-1,-1
57,2,623.94,442.34,91.28,272.99,0.7314,-1,-1,-1
57,4,470.91,446.71,120.93,313.16,0.6682,-1,-1,-1
58,1,1831.44,429.72,88.41,457.46,0.3319,-1,-1,-1
58,2,625.52,443.34,92.58,271.86,0.7337,-1,-1,-1
58,4,473.16,445.76,119.30,312.62,0.6648,-1,-1,-1
59,2,626.32,443.02,92.61,272.00,0.7172,-1,-1,-1
59,4,474.53,443.93,119.48,315.70,0.7116,-1,-1,-1
60,2,625.83,443.17,92.93,274.08,0.7132,-1,-1,-1
60,4,473.52,442.17,125.07,318.36,0.7233,-1,-1,-1
61,2,624.91,443.64,93.54,276.46,0.7075,-1,-1,-1
61,4,473.70,443.16,131.55,316.85,0.6856,-1,-1,-1
62,2,624.17,444.49,91.65,275.79,0.7224,-1,-1,-1
62,4,478.12,442.93,134.79,318.23,0.7249,-1,-1,-1
63,2,621.53,444.02,93.02,278.98,0.7393,-1,-1,-1
63,4,479.18,441.17,138.17,319.69,0.7251,-1,-1,-1
64,2,619.84,444.27,93.23,278.79,0.7432,-1,-1,-1
64,4,483.07,441.90,139.06,318.91,0.7205,-1,-1,-1
65,2,619.38,446.51,92.62,277.12,0.7429,-1,-1,-1
65,4,492.02,444.48,134.73,316.96,0.7891,-1,-1,-1
66,2,620.14,447.72,91.36,276.21,0.7595,-1,-1,-1
66,4,495.00,446.56,138.36,317.05,0.7284,-1,-1,-1
67,2,619.45,447.43,92.23,275.51,0.7469,-1,-1,-1
67,4,490.02,447.16,146.49,320.76,0.6449,-1,-1,-1
68,2,617.03,446.66,95.11,275.49,0.7347,-1,-1,-1
68,4,488.53,448.49,150.62,318.53,0.6441,-1,-1,-1
69,2,614.98,446.88,96.95,275.27,0.7571,-1,-1,-1
69,4,488.84,446.91,153.43,320.46,0.6178,-1,-1,-1
70,2,612.12,446.19,99.59,275.18,0.7602,-1,-1,-1
70,4,491.57,444.33,150.59,322.11,0.7277,-1,-1,-1
71,2,611.15,445.78,100.03,276.07,0.7686,-1,-1,-1
71,4,495.98,443.38,147.42,323.61,0.7339,-1,-1,-1
72,2,611.82,444.82,98.39,277.15,0.7655,-1,-1,-1
72,4,498.21,443.82,145.68,323.44,0.7412,-1,-1,-1
73,2,614.25,443.91,96.33,278.02,0.7676,-1,-1,-1
73,4,501.94,444.44,142.09,323.50,0.7758,-1,-1,-1
74,2,617.59,442.88,92.89,280.11,0.7757,-1,-1,-1
74,4,505.98,444.20,139.97,326.28,0.7379,-1,-1,-1
75,2,619.63,441.02,89.43,282.45,0.7706,-1,-1,-1
75,4,507.10,442.69,138.94,326.34,0.7339,-1,-1,-1
76,2,621.74,441.36,87.20,282.09,0.7708,-1,-1,-1
76,4,512.38,445.34,132.24,321.82,0.7659,-1,-1,-1
77,2,622.52,441.10,85.28,283.85,0.7672,-1,-1,-1
77,4,517.38,446.55,127.08,320.32,0.7638,-1,-1,-1
78,2,626.62,441.42,81.60,281.90,0.7763,-1,-1,-1
78,4,517.08,445.70,126.85,321.60,0.7205,-1,-1,-1
79,2,629.17,440.62,78.94,282.34,0.7683,-1,-1,-1
79,4,515.97,446.07,127.38,322.48,0.5523,-1,-1,-1
80,2,630.27,439.66,79.26,283.80,0.7412,-1,-1,-1
80,4,511.58,445.72,133.44,324.73,0.5070,-1,-1,-1
81,2,631.54,437.29,80.47,287.73,0.7146,-1,-1,-1
81,4,508.44,445.55,137.91,327.69,0.4905,-1,-1,-1
81,5,707.99,458.52,98.86,220.10,0.7116,-1,-1,-1
82,2,632.46,438.56,79.72,288.28,0.6814,-1,-1,-1
82,4,540.75,446.85,105.70,331.06,0.5208,-1,-1,-1
82,5,708.19,458.56,103.63,220.53,0.7306,-1,-1,-1
83,2,633.55,440.37,80.34,288.28,0.6484,-1,-1,-1
83,4,558.90,445.19,88.10,335.18,0.4476,-1,-1,-1
83,5,710.51,458.12,104.77,222.46,0.7128,-1,-1,-1
84,2,633.11,441.87,85.24,288.34,0.5866,-1,-1,-1
84,4,565.41,443.05,83.47,338.71,0.5377,-1,-1,-1
84,5,711.72,460.03,107.72,221.22,0.7028,-1,-1,-1
85,2,632.63,443.57,86.71,288.14,0.5711,-1,-1,-1
85,4,559.69,439.69,89.26,344.94,0.4759,-1,-1,-1
85,5,717.07,458.63,103.82,223.89,0.7238,-1,-1,-1
86,2,632.61,444.11,91.47,288.49,0.5456,-1,-1,-1
86,4,555.03,440.50,91.18,343.82,0.3968,-1,-1,-1
86,5,719.83,457.08,101.31,225.60,0.7347,-1,-1,-1
87,2,634.32,443.83,90.26,288.58,0.5310,-1,-1,-1
87,4,552.07,440.94,94.79,343.33,0.4050,-1,-1,-1
87,5,720.78,456.18,100.94,225.67,0.7198,-1,-1,-1
88,2,636.02,446.12,93.09,286.60,0.5827,-1,-1,-1
88,4,555.12,441.10,93.89,342.71,0.4498,-1,-1,-1
88,5,723.61,454.10,98.58,227.93,0.6862,-1,-1,-1
89,2,638.43,448.75,93.69,284.53,0.5881,-1,-1,-1
89,5,724.94,451.87,98.34,230.42,0.7351,-1,-1,-1
90,2,641.71,446.65,90.66,286.19,0.6022,-1,-1,-1
90,5,728.47,451.53,95.58,230.87,0.7265,-1,-1,-1
91,2,643.60,443.29,91.75,290.68,0.6814,-1,-1,-1
91,5,731.90,453.24,92.60,229.20,0.6912,-1,-1,-1
91,4,519.18,448.04,97.27,305.34,0.6319,-1,-1,-1
92,2,642.80,439.54,94.53,294.92,0.6772,-1,-1,-1
92,5,733.11,453.86,92.65,228.29,0.6874,-1,-1,-1
92,4,512.60,448.24,98.68,302.19,0.6139,-1,-1,-1
93,2,641.84,438.71,96.55,296.05,0.6733,-1,-1,-1
93,5,735.52,456.46,91.51,225.32,0.7076,-1,-1,-1
93,4,510.73,448.31,99.22,301.49,0.6227,-1,-1,-1
94,2,643.51,439.46,95.09,297.30,0.7237,-1,-1,-1
94,5,738.11,454.80,90.92,226.93,0.7048,-1,-1,-1
94,4,513.53,448.97,95.66,301.18,0.5699,-1,-1,-1
95,2,643.29,439.92,97.41,297.94,0.7413,-1,-1,-1
95,5,740.27,452.89,89.80,229.78,0.6683,-1,-1,-1
95,4,511.51,448.74,97.02,300.77,0.5600,-1,-1,-1
96,2,642.66,440.90,98.32,297.41,0.7595,-1,-1,-1
96,5,744.24,454.39,87.38,228.73,0.6825,-1,-1,-1
96,4,508.82,447.57,98.08,302.27,0.5007,-1,-1,-1
97,2,644.29,441.34,98.08,296.87,0.7520,-1,-1,-1
97,5,747.30,455.70,87.36,229.22,0.6975,-1,-1,-1
97,4,507.73,447.02,99.12,302.36,0.5032,-1,-1,-1
98,2,646.01,442.29,98.77,296.15,0.7792,-1,-1,-1
98,5,751.15,457.36,87.20,228.63,0.7152,-1,-1,-1
98,4,505.18,446.87,100.60,303.49,0.5049,-1,-1,-1
99,2,647.23,442.61,99.40,295.90,0.7606,-1,-1,-1
99,5,751.64,456.65,88.87,229.71,0.7761,-1,-1,-1
99,4,501.04,445.06,105.05,304.09,0.5339,-1,-1,-1
100,2,648.22,442.09,100.99,296.91,0.6840,-1,-1,-1
100,5,753.68,454.45,86.82,231.78,0.7635,-1,-1,-1
100,4,497.35,441.52,105.38,303.42,0.5654,-1,-1,-1
101,2,648.36,442.52,104.21,296.87,0.7108,-1,-1,-1
101,5,755.15,455.58,85.22,232.18,0.7579,-1,-1,-1
101,4,537.68,441.69,108.00,340.05,0.6094,-1,-1,-1
102,2,650.10,441.90,103.35,294.45,0.7176,-1,-1,-1
102,5,754.89,456.56,87.47,231.13,0.7433,-1,-1,-1
102,4,556.54,443.25,105.30,352.25,0.6214,-1,-1,-1
103,2,650.93,440.88,105.62,294.55,0.7067,-1,-1,-1
103,5,754.54,457.03,87.44,228.76,0.7246,-1,-1,-1
103,4,564.27,443.91,105.60,357.14,0.5751,-1,-1,-1
104,2,653.54,440.51,105.53,295.64,0.7207,-1,-1,-1
104,5,755.42,457.73,87.25,229.47,0.7326,-1,-1,-1
104,4,553.25,440.57,120.11,362.49,0.6641,-1,-1,-1
105,2,655.41,439.97,105.74,297.30,0.7537,-1,-1,-1
105,5,758.67,459.29,85.52,231.75,0.7589,-1,-1,-1
105,4,542.94,437.80,132.51,364.82,0.7286,-1,-1,-1
106,2,656.90,441.20,105.91,295.40,0.7511,-1,-1,-1
106,5,760.13,459.00,85.31,233.72,0.7376,-1,-1,-1
106,4,537.52,438.05,139.52,364.96,0.6724,-1,-1,-1
107,2,658.16,441.17,108.75,295.29,0.7627,-1,-1,-1
107,5,761.85,459.51,85.02,235.29,0.7348,-1,-1,-1
107,4,535.51,438.38,143.86,364.17,0.6664,-1,-1,-1
108,2,659.97,439.29,107.10,296.31,0.7569,-1,-1,-1
108,5,761.28,455.86,87.26,242.05,0.7147,-1,-1,-1
108,4,538.37,437.28,143.26,367.21,0.6895,-1,-1,-1
109,2,660.86,438.55,108.36,298.20,0.7368,-1,-1,-1
109,5,762.12,455.27,87.61,243.53,0.6722,-1,-1,-1
109,4,540.52,437.07,144.42,368.52,0.6967,-1,-1,-1
110,2,662.21,437.93,105.47,301.03,0.7534,-1,-1,-1
110,5,761.28,456.76,88.93,242.57,0.7076,-1,-1,-1
110,4,541.39,437.79,145.50,368.48,0.6860,-1,-1,-1
111,2,662.87,437.88,106.64,305.16,0.7663,-1,-1,-1
111,5,761.03,455.83,88.87,243.18,0.7134,-1,-1,-1
111,4,541.36,440.08,148.42,367.83,0.6626,-1,-1,-1
112,2,665.55,437.89,105.36,306.69,0.7777,-1,-1,-1
112,5,761.51,452.86,88.30,246.81,0.7238,-1,-1,-1
112,4,541.51,437.64,147.93,369.23,0.6822,-1,-1,-1
113,2,666.89,437.85,105.95,311.94,0.7861,-1,-1,-1
113,5,763.38,451.69,87.07,247.81,0.7145,-1,-1,-1
113,4,547.52,436.14,141.43,370.84,0.6970,-1,-1,-1
114,2,668.64,438.89,103.57,314.71,0.7899,-1,-1,-1
114,5,764.61,453.21,87.52,245.72,0.7038,-1,-1,-1
114,4,541.07,434.64,148.69,372.17,0.6817,-1,-1,-1
115,2,669.97,438.87,101.54,314.38,0.7876,-1,-1,-1
115,5,766.51,454.37,88.58,244.54,0.6930,-1,-1,-1
115,4,557.90,435.55,132.27,371.38,0.6533,-1,-1,-1
116,2,672.37,438.87,98.22,312.43,0.7857,-1,-1,-1
116,5,767.52,451.95,88.76,247.37,0.6743,-1,-1,-1
116,4,559.99,435.30,130.10,372.75,0.6312,-1,-1,-1
117,2,672.80,439.90,98.45,311.98,0.7957,-1,-1,-1
117,5,770.24,452.18,86.82,246.69,0.6473,-1,-1,-1
117,4,550.55,434.50,139.11,373.48,0.6800,-1,-1,-1
118,2,674.67,440.16,94.95,313.74,0.7995,-1,-1,-1
118,5,770.03,454.36,83.43,244.88,0.6584,-1,-1,-1
118,4,543.63,435.18,145.70,377.31,0.6853,-1,-1,-1
119,2,675.23,440.59,94.51,317.93,0.8141,-1,-1,-1
119,5,769.17,452.47,88.76,245.57,0.7127,-1,-1,-1
119,4,529.05,439.35,161.78,379.45,0.7319,-1,-1,-1
120,2,677.26,441.33,94.32,319.51,0.8120,-1,-1,-1
120,5,770.21,451.95,92.05,246.92,0.7124,-1,-1,-1
120,4,524.48,442.52,167.62,379.01,0.7667,-1,-1,-1
121,2,678.61,441.28,93.82,320.71,0.8157,-1,-1,-1
121,5,769.04,453.45,98.15,245.84,0.6841,-1,-1,-1
121,4,521.50,444.59,173.17,378.99,0.7730,-1,-1,-1
122,2,680.53,440.41,95.28,320.81,0.8005,-1,-1,-1
122,5,773.71,452.71,102.70,248.14,0.5888,-1,-1,-1
122,4,522.28,445.90,174.98,380.60,0.8126,-1,-1,-1
123,2,683.01,439.50,93.84,322.82,0.8127,-1,-1,-1
123,5,773.94,456.65,107.89,244.99,0.7214,-1,-1,-1
123,4,524.82,443.70,174.93,386.21,0.8010,-1,-1,-1
124,2,684.72,438.50,92.92,325.18,0.8053,-1,-1,-1
124,5,774.73,456.93,109.91,245.43,0.7236,-1,-1,-1
124,4,526.75,442.62,174.92,391.56,0.6876,-1,-1,-1
125,2,685.28,437.75,92.36,327.06,0.8170,-1,-1,-1
125,5,778.61,459.52,108.76,244.07,0.7425,-1,-1,-1
125,4,526.76,442.23,176.96,392.00,0.7677,-1,-1,-1
126,2,685.55,437.73,94.23,327.40,0.8111,-1,-1,-1
126,5,780.27,457.78,105.72,246.34,0.7282,-1,-1,-1
126,4,544.79,442.18,156.48,391.60,0.6423,-1,-1,-1
127,2,684.78,438.01,96.66,328.22,0.8122,-1,-1,-1
127,5,782.14,456.98,102.86,248.17,0.7183,-1,-1,-1
127,4,548.89,440.89,152.55,392.66,0.6704,-1,-1,-1
128,2,684.79,437.72,101.09,329.04,0.8132,-1,-1,-1
128,5,783.29,461.52,100.92,243.27,0.6857,-1,-1,-1
128,4,556.70,440.71,147.82,392.35,0.6721,-1,-1,-1
129,2,683.54,437.72,103.45,328.84,0.8329,-1,-1,-1
129,5,785.42,460.00,101.70,244.18,0.6778,-1,-1,-1
129,4,558.02,441.47,149.62,391.31,0.6805,-1,-1,-1
130,2,682.42,437.52,105.16,328.98,0.8316,-1,-1,-1
130,5,787.03,459.43,101.10,244.95,0.7440,-1,-1,-1
130,4,551.91,442.00,157.99,390.37,0.6633,-1,-1,-1
131,2,682.13,437.06,104.90,330.39,0.8231,-1,-1,-1
131,5,789.85,459.04,100.59,246.71,0.7644,-1,-1,-1
131,4,566.45,440.73,144.95,391.21,0.5515,-1,-1,-1
132,2,683.66,436.16,102.99,331.47,0.8129,-1,-1,-1
132,5,792.18,457.22,100.60,248.89,0.7880,-1,-1,-1
132,4,570.88,440.35,144.72,390.42,0.5694,-1,-1,-1
133,2,684.18,435.70,102.34,331.83,0.8010,-1,-1,-1
133,5,793.41,457.93,99.81,248.62,0.7891,-1,-1,-1
133,4,584.21,438.84,132.90,391.49,0.6248,-1,-1,-1
134,2,685.21,434.53,102.99,333.01,0.7910,-1,-1,-1
134,5,795.01,454.88,101.02,251.10,0.7736,-1,-1,-1
134,4,584.23,439.56,135.26,390.73,0.6258,-1,-1,-1
135,2,685.38,433.08,104.25,333.25,0.7845,-1,-1,-1
135,5,793.45,451.89,103.31,254.66,0.7166,-1,-1,-1
135,4,580.82,439.92,140.33,391.44,0.6394,-1,-1,-1
136,2,685.69,433.06,104.96,332.49,0.7736,-1,-1,-1
136,5,794.48,450.98,101.21,256.20,0.7076,-1,-1,-1
136,4,576.02,439.46,146.08,395.66,0.6531,-1,-1,-1
137,2,691.79,433.63,103.05,329.96,0.7812,-1,-1,-1
137,5,796.76,452.43,98.39,255.62,0.7601,-1,-1,-1
137,4,586.21,437.41,135.62,408.52,0.6708,-1,-1,-1
138,2,691.30,433.94,106.17,330.62,0.7634,-1,-1,-1
138,5,801.30,451.26,95.04,258.68,0.7548,-1,-1,-1
138,4,588.45,437.04,134.35,417.77,0.6509,-1,-1,-1
139,2,693.44,433.52,106.88,331.97,0.7558,-1,-1,-1
139,5,806.19,450.04,92.42,261.28,0.7271,-1,-1,-1
139,4,575.62,438.52,148.03,417.79,0.6134,-1,-1,-1
140,2,693.05,433.97,111.21,331.79,0.7594,-1,-1,-1
140,5,811.63,451.63,82.81,262.84,0.6994,-1,-1,-1
140,4,569.72,438.37,154.84,417.75,0.5618,-1,-1,-1
141,2,692.63,433.14,114.68,334.05,0.7575,-1,-1,-1
141,5,815.41,451.64,82.41,262.40,0.6511,-1,-1,-1
141,4,563.41,438.40,160.73,419.08,0.5603,-1,-1,-1
142,2,693.12,433.38,122.51,332.51,0.7614,-1,-1,-1
142,5,816.55,448.31,86.10,267.80,0.6417,-1,-1,-1
142,4,557.52,438.69,166.42,415.47,0.5183,-1,-1,-1
143,2,694.52,435.35,127.46,330.75,0.7707,-1,-1,-1
143,5,818.16,447.60,85.68,268.04,0.6267,-1,-1,-1
143,4,571.81,435.55,150.81,427.26,0.5327,-1,-1,-1
144,2,694.01,436.26,135.29,331.52,0.7510,-1,-1,-1
144,5,820.62,448.37,84.82,265.62,0.5448,-1,-1,-1
144,4,550.07,436.97,173.54,433.42,0.5175,-1,-1,-1
145,2,694.04,437.87,141.25,330.69,0.7511,-1,-1,-1
145,5,823.47,453.26,82.80,258.81,0.5678,-1,-1,-1
145,4,543.43,437.07,180.05,439.53,0.6339,-1,-1,-1
146,2,696.30,438.29,142.29,331.12,0.7430,-1,-1,-1
146,5,826.08,454.31,81.78,256.47,0.6558,-1,-1,-1
146,4,540.69,438.38,182.30,444.19,0.7284,-1,-1,-1
147,2,699.79,437.92,139.78,333.59,0.7977,-1,-1,-1
147,5,827.69,456.88,81.49,253.44,0.6119,-1,-1,-1
147,4,540.17,439.89,181.71,448.06,0.7202,-1,-1,-1
148,2,701.90,437.67,137.95,333.53,0.7744,-1,-1,-1
148,5,828.42,456.91,83.27,254.07,0.6526,-1,-1,-1
148,4,539.17,440.51,182.49,451.70,0.7250,-1,-1,-1
149,2,705.67,437.53,134.47,336.10,0.8076,-1,-1,-1
149,5,830.32,456.44,83.48,253.41,0.6589,-1,-1,-1
149,4,541.71,439.28,176.43,455.25,0.7301,-1,-1,-1
150,2,709.26,436.52,130.57,338.15,0.8110,-1,-1,-1
150,5,831.64,452.83,84.91,257.11,0.6492,-1,-1,-1
150,4,543.99,437.53,174.46,458.37,0.7688,-1,-1,-1
151,2,713.07,436.57,128.29,339.70,0.8001,-1,-1,-1
151,5,831.14,449.90,88.06,261.60,0.6711,-1,-1,-1
151,4,543.57,438.18,172.02,458.01,0.7591,-1,-1,-1
152,2,714.84,436.17,121.42,339.74,0.8059,-1,-1,-1
152,5,830.88,446.25,89.10,270.09,0.7111,-1,-1,-1
152,4,543.68,438.30,174.60,458.92,0.7525,-1,-1,-1
153,2,715.51,435.40,122.85,341.29,0.8437,-1,-1,-1
153,5,831.35,445.43,89.20,271.35,0.7249,-1,-1,-1
153,4,539.82,437.71,167.90,458.22,0.7399,-1,-1,-1
154,2,717.32,435.49,122.53,341.08,0.8570,-1,-1,-1
154,5,832.49,448.64,87.44,274.30,0.6949,-1,-1,-1
154,4,537.65,433.71,164.87,461.89,0.7486,-1,-1,-1
155,2,719.27,436.23,123.15,340.64,0.8591,-1,-1,-1
155,5,833.47,448.26,87.10,278.08,0.6800,-1,-1,-1
155,4,533.08,433.57,167.83,462.85,0.7408,-1,-1,-1
156,2,721.87,434.42,121.68,341.91,0.8377,-1,-1,-1
156,5,834.34,445.74,88.44,282.42,0.6884,-1,-1,-1
156,4,531.51,434.13,165.78,462.44,0.7565,-1,-1,-1
157,2,723.04,433.70,125.36,342.18,0.8118,-1,-1,-1
157,5,837.30,444.82,87.95,282.74,0.6966,-1,-1,-1
157,4,529.51,434.49,166.07,462.82,0.7262,-1,-1,-1
158,2,725.85,433.28,128.43,341.58,0.7642,-1,-1,-1
158,5,841.10,444.68,90.14,284.19,0.7171,-1,-1,-1
158,4,529.81,432.57,168.01,464.86,0.7492,-1,-1,-1
159,2,730.84,434.65,128.89,339.61,0.7617,-1,-1,-1
159,5,843.85,444.80,87.63,285.50,0.7386,-1,-1,-1
159,4,524.53,431.64,174.41,464.98,0.7795,-1,-1,-1
160,2,736.77,431.84,122.07,343.04,0.7588,-1,-1,-1
160,5,845.62,446.63,86.10,282.88,0.7413,-1,-1,-1
160,4,525.87,432.18,171.70,462.93,0.7844,-1,-1,-1
161,2,740.74,430.39,118.89,344.88,0.7790,-1,-1,-1
161,5,847.46,447.47,86.66,281.86,0.7504,-1,-1,-1
161,4,526.84,433.87,170.74,459.47,0.7808,-1,-1,-1
162,2,743.97,429.71,116.86,347.70,0.7779,-1,-1,-1
162,5,848.93,448.65,88.40,282.10,0.7437,-1,-1,-1
162,4,525.72,433.17,176.43,460.05,0.7730,-1,-1,-1
163,2,746.18,431.00,115.96,347.70,0.7899,-1,-1,-1
163,5,851.27,449.46,91.26,282.17,0.7396,-1,-1,-1
163,4,526.95,432.75,178.78,461.77,0.8000,-1,-1,-1
164,2,748.81,431.45,115.87,350.32,0.7863,-1,-1,-1
164,5,852.62,449.82,98.15,283.18,0.7081,-1,-1,-1
164,4,527.02,431.72,183.21,465.54,0.7893,-1,-1,-1
165,2,749.80,430.78,116.08,352.32,0.7890,-1,-1,-1
165,5,854.88,450.60,107.67,282.70,0.6614,-1,-1,-1
165,4,527.99,431.29,187.22,468.29,0.8058,-1,-1,-1
166,2,751.24,430.66,116.04,355.59,0.7908,-1,-1,-1
166,5,856.59,452.90,108.75,283.95,0.6399,-1,-1,-1
166,4,528.37,431.39,190.25,470.56,0.7935,-1,-1,-1
167,2,751.53,431.04,116.20,356.45,0.7970,-1,-1,-1
167,5,859.38,451.11,120.67,283.64,0.7054,-1,-1,-1
167,4,529.67,432.21,194.47,471.39,0.8015,-1,-1,-1
167,6,673.94,441.91,91.19,351.27,0.7096,-1,-1,-1
168,2,752.74,432.12,116.17,356.95,0.7932,-1,-1,-1
168,5,861.76,448.20,126.56,285.96,0.7508,-1,-1,-1
168,4,530.88,433.66,205.71,469.26,0.8078,-1,-1,-1
168,6,674.21,442.36,90.77,353.42,0.7276,-1,-1,-1
169,2,753.59,433.85,115.26,356.19,0.8001,-1,-1,-1
169,5,864.13,447.03,124.01,288.27,0.7801,-1,-1,-1
169,4,531.65,430.32,218.32,471.24,0.8084,-1,-1,-1
169,6,675.59,442.56,90.12,354.85,0.7356,-1,-1,-1
170,2,755.82,434.81,114.47,356.07,0.7810,-1,-1,-1
170,5,868.06,446.44,120.82,289.95,0.7985,-1,-1,-1
170,4,531.95,429.67,229.73,471.39,0.8299,-1,-1,-1
170,6,677.50,442.36,88.18,356.20,0.7284,-1,-1,-1
171,2,757.61,435.39,113.05,350.85,0.7896,-1,-1,-1
171,5,870.58,446.55,118.63,291.26,0.7918,-1,-1,-1
171,4,533.78,430.01,237.80,471.15,0.8574,-1,-1,-1
171,6,678.11,442.28,89.20,359.95,0.7301,-1,-1,-1
172,2,759.98,436.21,115.61,347.63,0.8126,-1,-1,-1
172,5,871.21,447.05,118.45,291.41,0.7947,-1,-1,-1
172,4,535.76,432.36,240.54,470.57,0.8476,-1,-1,-1
172,6,679.89,444.30,85.83,358.22,0.7007,-1,-1,-1
173,2,761.82,437.15,117.08,345.48,0.8189,-1,-1,-1
173,5,872.92,445.55,117.79,293.34,0.7873,-1,-1,-1
173,4,537.65,432.42,236.51,470.22,0.8566,-1,-1,-1
173,6,681.27,446.18,87.95,352.40,0.6240,-1,-1,-1
174,2,762.61,438.76,119.74,347.70,0.8228,-1,-1,-1
174,5,874.78,444.97,118.43,293.98,0.7876,-1,-1,-1
174,4,541.59,432.63,233.18,471.66,0.8522,-1,-1,-1
174,6,685.75,449.77,85.01,349.36,0.4749,-1,-1,-1
175,2,766.39,439.68,117.98,349.65,0.8434,-1,-1,-1
175,5,876.43,444.30,117.47,294.56,0.7924,-1,-1,-1
175,4,548.42,433.51,227.85,471.60,0.8355,-1,-1,-1
176,2,768.09,441.19,116.17,354.20,0.8305,-1,-1,-1
176,5,877.99,443.87,115.75,294.68,0.7983,-1,-1,-1
176,4,556.64,433.16,219.42,474.13,0.7968,-1,-1,-1
177,2,768.49,441.30,117.57,355.23,0.8228,-1,-1,-1
177,5,880.32,445.45,115.18,293.05,0.7898,-1,-1,-1
177,4,558.75,435.68,216.33,473.07,0.7982,-1,-1,-1
178,2,772.49,440.89,113.49,356.05,0.8096,-1,-1,-1
178,5,885.79,446.88,110.86,290.85,0.7653,-1,-1,-1
178,4,561.52,434.23,214.37,474.50,0.8392,-1,-1,-1
179,2,774.56,439.85,113.49,355.64,0.7901,-1,-1,-1
179,5,890.37,446.02,106.94,291.92,0.7734,-1,-1,-1
179,4,568.95,433.15,207.58,476.96,0.8621,-1,-1,-1
180,2,777.12,438.63,116.94,357.29,0.7649,-1,-1,-1
180,5,895.48,445.34,101.51,292.82,0.7770,-1,-1,-1
180,4,575.88,431.09,200.97,478.97,0.8399,-1,-1,-1
181,2,778.93,437.06,116.21,358.30,0.7561,-1,-1,-1
181,5,901.48,444.03,97.35,295.09,0.7278,-1,-1,-1
181,4,581.56,426.25,197.07,484.63,0.8645,-1,-1,-1
182,2,781.00,435.82,116.36,362.59,0.7532,-1,-1,-1
182,5,910.17,445.22,91.33,296.37,0.7130,-1,-1,-1
182,4,583.95,424.51,197.63,486.29,0.8653,-1,-1,-1
183,2,783.17,434.81,117.57,366.19,0.7695,-1,-1,-1
183,5,916.06,443.64,89.95,297.84,0.7463,-1,-1,-1
183,4,587.26,424.40,195.44,486.53,0.8583,-1,-1,-1
184,2,784.38,434.03,118.34,367.81,0.7829,-1,-1,-1
184,5,922.88,441.94,87.11,299.31,0.7691,-1,-1,-1
184,4,591.14,425.17,192.50,485.39,0.8523,-1,-1,-1
185,2,786.09,434.28,118.32,369.08,0.7814,-1,-1,-1
185,5,926.27,441.54,86.00,302.15,0.7595,-1,-1,-1
185,4,597.84,426.85,187.27,483.53,0.8411,-1,-1,-1
186,2,787.10,434.71,116.27,368.41,0.8028,-1,-1,-1
186,5,929.15,443.89,85.18,304.84,0.7452,-1,-1,-1
186,4,602.92,426.25,184.48,484.04,0.8440,-1,-1,-1
187,2,789.83,435.03,114.62,368.36,0.8032,-1,-1,-1
187,5,930.17,444.74,88.45,307.15,0.7313,-1,-1,-1
187,4,608.50,427.57,179.41,484.04,0.8413,-1,-1,-1
188,2,792.26,434.68,114.26,365.99,0.8122,-1,-1,-1
188,5,932.57,442.76,91.35,309.77,0.6870,-1,-1,-1
188,4,610.54,426.82,179.52,491.93,0.8356,-1,-1,-1
189,2,794.63,433.56,112.71,367.48,0.8100,-1,-1,-1
189,5,934.07,442.04,101.44,311.61,0.7793,-1,-1,-1
189,4,612.60,426.20,178.48,501.24,0.7960,-1,-1,-1
190,2,796.87,432.72,116.45,371.21,0.8022,-1,-1,-1
190,5,936.88,442.53,107.19,310.81,0.7576,-1,-1,-1
190,4,616.32,426.20,180.64,509.08,0.7025,-1,-1,-1
191,2,799.05,432.52,116.00,371.60,0.7813,-1,-1,-1
191,5,940.81,443.14,112.99,311.03,0.7603,-1,-1,-1
191,4,620.30,425.95,179.10,515.23,0.7482,-1,-1,-1
192,2,800.83,430.18,115.54,377.74,0.7872,-1,-1,-1
192,5,943.53,447.22,114.29,306.68,0.7593,-1,-1,-1
192,4,624.67,426.21,177.03,523.66,0.7261,-1,-1,-1
193,2,803.01,427.25,113.40,380.29,0.7858,-1,-1,-1
193,5,945.35,444.19,115.37,310.06,0.7560,-1,-1,-1
193,4,630.37,426.71,170.39,527.42,0.7649,-1,-1,-1
194,2,804.71,425.40,117.11,383.17,0.7888,-1,-1,-1
194,5,947.21,443.75,111.24,310.68,0.7482,-1,-1,-1
194,4,632.99,425.81,176.99,536.46,0.7598,-1,-1,-1
195,2,805.73,424.28,123.48,383.36,0.7892,-1,-1,-1
195,5,946.96,446.79,115.01,309.53,0.7594,-1,-1,-1
195,4,636.57,423.48,177.65,540.74,0.7844,-1,-1,-1
196,2,807.37,425.44,132.02,381.51,0.8252,-1,-1,-1
196,5,947.68,448.46,115.59,308.76,0.7276,-1,-1,-1
196,4,642.60,423.96,173.55,539.21,0.8010,-1,-1,-1
197,2,809.74,426.91,143.39,380.08,0.8145,-1,-1,-1
197,5,951.06,447.61,112.79,309.87,0.7515,-1,-1,-1
197,4,646.33,422.46,166.95,548.55,0.8226,-1,-1,-1
198,2,813.18,430.93,149.63,376.47,0.8300,-1,-1,-1
198,5,957.09,447.50,107.55,311.07,0.7685,-1,-1,-1
198,4,649.62,422.73,164.69,544.59,0.8328,-1,-1,-1
199,2,816.11,432.73,156.32,375.65,0.8462,-1,-1,-1
199,5,964.04,447.88,104.91,312.59,0.7579,-1,-1,-1
199,4,649.59,423.22,169.83,541.65,0.8391,-1,-1,-1
200,2,817.54,434.96,159.10,374.69,0.8426,-1,-1,-1
200,5,969.58,448.53,103.44,312.07,0.7219,-1,-1,-1
200,4,651.83,422.62,171.59,541.30,0.8591,-1,-1,-1
201,2,820.16,436.89,159.25,373.84,0.8389,-1,-1,-1
201,5,977.51,450.80,94.98,310.21,0.7077,-1,-1,-1
201,4,656.87,422.91,173.05,539.62,0.8445,-1,-1,-1
202,2,822.22,437.63,156.82,374.66,0.8450,-1,-1,-1
202,5,985.16,449.93,90.49,312.37,0.7740,-1,-1,-1
202,4,658.59,421.80,177.30,542.03,0.8548,-1,-1,-1
203,2,823.98,437.90,153.67,375.57,0.8434,-1,-1,-1
203,5,988.70,449.72,91.89,313.79,0.7718,-1,-1,-1
203,4,665.80,424.75,175.64,547.30,0.8228,-1,-1,-1
204,2,824.93,437.58,152.20,375.99,0.8423,-1,-1,-1
204,5,992.11,449.48,91.96,315.82,0.7722,-1,-1,-1
204,4,664.99,424.17,179.56,555.57,0.8435,-1,-1,-1
204,7,576.30,448.77,65.69,166.41,0.7258,-1,-1,-1
205,2,825.86,435.09,151.66,378.32,0.8316,-1,-1,-1
205,5,995.13,448.16,93.03,317.01,0.7864,-1,-1,-1
205,4,668.88,424.06,176.95,564.98,0.8479,-1,-1,-1
205,7,575.62,446.83,66.05,169.33,0.7469,-1,-1,-1
206,2,829.54,435.46,149.79,377.63,0.8325,-1,-1,-1
206,5,999.79,447.83,92.57,317.52,0.7752,-1,-1,-1
206,4,673.59,423.23,173.94,569.70,0.8388,-1,-1,-1
206,7,575.72,446.73,66.78,170.54,0.7255,-1,-1,-1
206,8,1065.32,436.89,86.69,281.05,0.6802,-1,-1,-1
207,2,831.26,435.50,149.53,377.13,0.8277,-1,-1,-1
207,5,1005.46,448.53,94.13,315.18,0.7192,-1,-1,-1
207,4,676.35,420.64,173.32,573.73,0.8416,-1,-1,-1
207,7,579.23,453.44,64.37,163.70,0.7391,-1,-1,-1
207,8,1072.36,435.37,80.38,284.37,0.6520,-1,-1,-1
208,2,833.26,434.89,148.59,379.03,0.8236,-1,-1,-1
208,5,1009.23,450.14,92.84,311.89,0.6928,-1,-1,-1
208,4,679.34,420.27,172.42,574.03,0.8346,-1,-1,-1
208,7,581.17,454.77,63.30,162.70,0.7305,-1,-1,-1
208,8,1076.51,433.63,76.20,300.25,0.5922,-1,-1,-1
209,2,835.82,434.59,146.73,380.22,0.8075,-1,-1,-1
209,5,1011.87,446.69,123.23,316.06,0.5993,-1,-1,-1
209,4,683.29,416.98,171.27,577.70,0.8193,-1,-1,-1
209,7,582.44,457.21,65.33,160.34,0.7433,-1,-1,-1
209,8,1082.71,433.33,76.55,288.67,0.6136,-1,-1,-1
210,2,839.63,429.93,147.73,384.48,0.8139,-1,-1,-1
210,5,1016.31,444.63,141.06,318.59,0.8152,-1,-1,-1
210,4,686.06,415.84,171.52,578.69,0.7953,-1,-1,-1
210,7,584.31,457.62,66.56,159.51,0.7272,-1,-1,-1
211,2,845.57,430.21,148.80,385.81,0.7886,-1,-1,-1
211,5,1019.46,443.72,152.73,319.77,0.8007,-1,-1,-1
211,4,686.31,418.58,174.06,576.41,0.8112,-1,-1,-1
211,7,585.05,453.68,69.74,163.22,0.7423,-1,-1,-1
212,2,851.55,430.51,147.52,386.02,0.7878,-1,-1,-1
212,5,1021.15,444.70,160.78,319.67,0.7905,-1,-1,-1
212,4,688.17,416.43,173.61,578.37,0.8253,-1,-1,-1
212,7,587.34,451.97,68.59,164.22,0.7129,-1,-1,-1
213,2,860.46,430.60,141.46,386.67,0.8084,-1,-1,-1
213,5,1021.58,446.96,164.45,319.07,0.8067,-1,-1,-1
213,4,688.72,414.55,176.32,579.72,0.8220,-1,-1,-1
213,7,588.29,452.30,68.27,164.36,0.7383,-1,-1,-1
214,2,869.10,429.68,137.81,385.90,0.8162,-1,-1,-1
214,5,1021.30,447.98,166.12,319.31,0.7728,-1,-1,-1
214,4,690.10,413.69,175.96,580.01,0.8243,-1,-1,-1
214,7,589.37,451.39,67.61,166.25,0.7260,-1,-1,-1
215,2,877.35,429.18,130.51,387.07,0.8101,-1,-1,-1
215,5,1021.47,447.11,164.05,321.07,0.8160,-1,-1,-1
215,4,692.89,412.10,176.11,582.09,0.8178,-1,-1,-1
215,7,591.11,453.97,66.94,163.46,0.6824,-1,-1,-1
216,2,882.21,427.77,126.59,388.58,0.8191,-1,-1,-1
216,5,1022.03,446.33,167.05,323.40,0.8255,-1,-1,-1
216,4,695.25,414.00,176.38,580.01,0.7933,-1,-1,-1
216,7,593.99,455.55,65.55,165.42,0.6857,-1,-1,-1
217,2,884.57,428.38,125.20,390.84,0.8152,-1,-1,-1
217,5,1023.92,446.44,166.52,323.27,0.7896,-1,-1,-1
217,4,694.98,413.43,180.65,580.11,0.7479,-1,-1,-1
217,7,595.31,457.11,65.62,165.47,0.7145,-1,-1,-1
218,2,887.69,427.47,124.73,395.28,0.8202,-1,-1,-1
218,5,1027.57,442.69,163.75,327.46,0.7870,-1,-1,-1
218,4,697.91,411.32,184.23,582.74,0.7671,-1,-1,-1
218,7,597.66,457.77,64.76,165.20,0.6982,-1,-1,-1
219,2,890.23,426.05,126.55,400.16,0.8411,-1,-1,-1
219,5,1035.46,438.82,155.60,331.07,0.7945,-1,-1,-1
219,4,701.28,411.11,186.52,582.81,0.7602,-1,-1,-1
219,7,596.51,460.29,65.47,165.30,0.6769,-1,-1,-1
220,2,892.57,425.91,126.97,405.20,0.8422,-1,-1,-1
220,5,1044.30,438.75,147.49,330.86,0.8068,-1,-1,-1
220,4,708.84,410.02,191.07,583.29,0.8118,-1,-1,-1
220,7,596.97,461.37,65.38,164.97,0.7001,-1,-1,-1
221,2,895.69,424.96,128.13,407.97,0.8386,-1,-1,-1
221,5,1052.72,438.45,139.99,331.08,0.8092,-1,-1,-1
221,4,714.53,410.29,205.58,583.83,0.8604,-1,-1,-1
221,7,598.26,460.93,63.01,163.86,0.7230,-1,-1,-1
222,2,897.13,424.80,130.02,409.33,0.8379,-1,-1,-1
222,5,1064.68,439.30,128.39,330.30,0.8168,-1,-1,-1
222,4,716.89,410.43,219.33,584.06,0.8614,-1,-1,-1
222,7,600.34,461.21,60.11,163.35,0.7403,-1,-1,-1
223,2,899.96,426.37,129.98,411.01,0.8240,-1,-1,-1
223,5,1077.75,439.26,115.50,331.02,0.7982,-1,-1,-1
223,4,717.67,407.52,239.41,587.41,0.8502,-1,-1,-1
223,7,601.46,459.15,58.74,166.87,0.6914,-1,-1,-1
224,2,901.70,427.29,128.55,412.80,0.8212,-1,-1,-1
224,5,1093.24,440.61,108.28,333.02,0.7632,-1,-1,-1
224,4,721.31,406.77,256.12,587.13,0.8502,-1,-1,-1
224,7,603.43,459.48,57.03,165.56,0.6905,-1,-1,-1
225,2,903.41,428.00,128.80,414.36,0.8180,-1,-1,-1
225,5,1102.70,440.07,98.46,335.71,0.7244,-1,-1,-1
225,4,724.67,408.67,267.35,586.80,0.8309,-1,-1,-1
225,7,603.78,460.63,58.20,166.44,0.6750,-1,-1,-1
226,2,904.91,428.54,132.29,415.48,0.8178,-1,-1,-1
226,5,1109.12,437.96,94.81,340.37,0.6919,-1,-1,-1
226,4,727.57,405.32,279.77,590.86,0.8566,-1,-1,-1
226,7,604.53,461.95,57.55,167.14,0.6738,-1,-1,-1
227,2,906.38,428.42,135.64,416.66,0.8113,-1,-1,-1
227,5,1114.77,438.09,96.73,342.36,0.7436,-1,-1,-1
227,4,729.97,404.92,289.91,590.49,0.8732,-1,-1,-1
227,7,606.54,460.05,55.70,168.04,0.6644,-1,-1,-1
228,2,907.35,426.25,138.32,418.57,0.7918,-1,-1,-1
228,5,1118.08,438.48,99.25,348.30,0.7538,-1,-1,-1
228,4,734.17,406.83,293.28,588.43,0.8740,-1,-1,-1
228,7,607.57,460.62,54.33,167.06,0.6634,-1,-1,-1
229,2,907.44,426.46,139.78,418.52,0.7790,-1,-1,-1
229,5,1119.32,440.46,101.01,348.47,0.7591,-1,-1,-1
229,4,738.56,407.84,297.72,587.74,0.8633,-1,-1,-1
229,7,608.47,457.47,55.31,173.07,0.6667,-1,-1,-1
230,2,908.27,425.94,143.43,417.90,0.7787,-1,-1,-1
230,5,1120.78,441.92,107.29,349.11,0.7168,-1,-1,-1
230,4,744.35,410.64,295.19,584.48,0.8321,-1,-1,-1
230,7,610.74,457.62,56.12,174.62,0.6641,-1,-1,-1
231,2,910.84,425.51,138.70,417.60,0.7764,-1,-1,-1
231,5,1126.06,440.63,120.35,350.67,0.7973,-1,-1,-1
231,4,750.56,411.14,289.96,585.20,0.8498,-1,-1,-1
231,7,610.95,461.41,58.89,170.57,0.6846,-1,-1,-1
232,2,913.35,425.08,134.04,419.02,0.7990,-1,-1,-1
232,5,1132.27,440.32,127.69,351.53,0.7951,-1,-1,-1
232,4,759.24,410.16,282.65,586.17,0.8219,-1,-1,-1
232,7,611.44,457.04,60.08,174.51,0.6764,-1,-1,-1
233,2,918.91,424.84,128.96,421.95,0.7580,-1,-1,-1
233,5,1134.33,441.99,132.23,351.60,0.8316,-1,-1,-1
233,4,766.44,411.58,276.62,585.06,0.8234,-1,-1,-1
233,7,611.61,454.74,62.54,176.55,0.6711,-1,-1,-1
234,2,922.97,424.56,126.12,424.96,0.7377,-1,-1,-1
234,5,1135.27,444.06,133.90,353.00,0.8436,-1,-1,-1
234,4,775.06,415.60,269.98,581.88,0.7897,-1,-1,-1
234,7,612.67,456.08,63.90,173.56,0.6641,-1,-1,-1
235,2,924.82,423.89,125.36,430.63,0.6978,-1,-1,-1
235,5,1135.26,444.73,137.04,355.67,0.8149,-1,-1,-1
235,4,786.26,417.90,259.01,579.39,0.8166,-1,-1,-1
235,7,615.59,454.80,61.25,175.42,0.6713,-1,-1,-1
236,2,932.47,423.37,117.88,430.09,0.6907,-1,-1,-1
236,5,1135.68,444.40,138.62,358.01,0.8209,-1,-1,-1
236,4,790.23,413.17,254.85,584.22,0.8125,-1,-1,-1
236,7,619.56,456.49,57.57,173.94,0.6884,-1,-1,-1
237,2,938.76,423.11,116.24,422.45,0.5452,-1,-1,-1
237,5,1137.54,442.69,139.41,360.75,0.8085,-1,-1,-1
237,4,792.70,415.64,251.15,581.99,0.8147,-1,-1,-1
237,7,621.54,455.23,55.77,175.11,0.6499,-1,-1,-1
238,2,943.11,422.04,116.24,411.57,0.5794,-1,-1,-1
238,5,1140.75,438.93,138.13,365.01,0.7699,-1,-1,-1
238,4,791.53,411.85,251.95,585.67,0.8136,-1,-1,-1
238,7,624.00,458.08,52.06,175.17,0.6747,-1,-1,-1
239,2,948.74,423.03,113.74,375.21,0.4359,-1,-1,-1
239,5,1147.11,437.88,132.40,366.78,0.7496,-1,-1,-1
239,4,793.17,409.01,249.08,589.02,0.8386,-1,-1,-1
239,7,625.92,460.17,52.52,174.20,0.6684,-1,-1,-1
240,2,954.27,424.39,114.54,402.55,0.6240,-1,-1,-1
240,5,1158.43,437.46,122.15,370.46,0.7143,-1,-1,-1
240,4,796.41,410.89,245.60,587.65,0.8480,-1,-1,-1
240,7,627.63,460.61,51.65,172.97,0.5954,-1,-1,-1
241,2,959.81,425.14,110.50,411.93,0.6740,-1,-1,-1
241,5,1169.80,437.76,113.12,371.20,0.7354,-1,-1,-1
241,4,807.40,414.47,235.77,585.09,0.8196,-1,-1,-1
241,7,628.99,458.21,55.04,174.37,0.5834,-1,-1,-1
242,2,959.67,425.63,113.09,411.99,0.5606,-1,-1,-1
242,5,1179.46,437.43,110.68,368.69,0.6818,-1,-1,-1
242,4,820.20,420.71,222.00,581.52,0.8240,-1,-1,-1
242,7,629.21,459.10,57.00,171.79,0.5867,-1,-1,-1
243,2,972.52,427.12,101.41,409.47,0.4631,-1,-1,-1
243,5,1187.94,435.92,108.08,368.85,0.6389,-1,-1,-1
243,4,828.37,409.06,214.57,595.28,0.8007,-1,-1,-1
243,7,630.39,460.84,59.61,169.07,0.5670,-1,-1,-1
244,2,979.88,424.11,96.94,414.97,0.4868,-1,-1,-1
244,5,1197.64,434.06,111.76,370.06,0.7684,-1,-1,-1
244,4,838.85,399.73,205.75,607.78,0.7915,-1,-1,-1
244,7,631.38,461.93,63.83,168.91,0.5952,-1,-1,-1
245,5,1204.57,432.31,115.17,372.02,0.7983,-1,-1,-1
245,4,847.32,400.12,201.80,613.42,0.7382,-1,-1,-1
245,7,631.74,462.80,65.36,168.67,0.5915,-1,-1,-1
246,5,1209.23,431.47,113.34,371.59,0.7652,-1,-1,-1
246,4,855.71,407.90,197.61,615.60,0.7832,-1,-1,-1
246,7,632.64,461.73,64.88,169.23,0.5923,-1,-1,-1
247,5,1212.60,430.61,118.02,370.62,0.7320,-1,-1,-1
247,4,865.67,416.59,190.06,615.35,0.7729,-1,-1,-1
247,7,632.55,459.25,68.01,172.22,0.5075,-1,-1,-1
248,5,1216.39,430.88,130.06,371.35,0.8024,-1,-1,-1
248,4,876.28,419.08,185.97,618.88,0.7379,-1,-1,-1
248,7,636.53,460.59,62.55,171.40,0.5894,-1,-1,-1
249,5,1219.31,430.91,145.89,371.86,0.6993,-1,-1,-1
249,4,884.68,421.88,182.24,620.89,0.7133,-1,-1,-1
249,7,637.39,455.12,62.01,177.65,0.5774,-1,-1,-1
250,5,1221.12,431.69,165.13,372.52,0.7418,-1,-1,-1
250,4,891.30,423.02,208.44,618.03,0.7204,-1,-1,-1
250,7,641.88,451.53,64.62,181.98,0.6447,-1,-1,-1
250,9,779.90,428.18,146.62,449.56,0.7529,-1,-1,-1
251,5,1220.42,430.37,183.34,374.44,0.8487,-1,-1,-1
251,4,901.05,414.30,213.80,629.70,0.7894,-1,-1,-1
251,7,646.57,450.10,66.69,182.27,0.6700,-1,-1,-1
251,9,783.45,428.67,142.27,449.40,0.7635,-1,-1,-1
252,5,1220.12,427.96,196.73,377.81,0.8414,-1,-1,-1
252,4,909.14,407.02,216.46,635.01,0.8474,-1,-1,-1
252,7,649.41,448.29,67.39,183.71,0.7185,-1,-1,-1
252,9,784.61,429.54,142.76,449.83,0.7428,-1,-1,-1
253,5,1220.34,427.28,203.59,379.80,0.8539,-1,-1,-1
253,4,917.31,405.01,212.97,636.90,0.8429,-1,-1,-1
253,7,651.80,447.02,66.47,185.26,0.6938,-1,-1,-1
253,9,788.34,431.83,137.63,445.78,0.7412,-1,-1,-1
254,5,1219.95,424.89,204.58,383.98,0.8595,-1,-1,-1
254,4,922.65,407.55,206.86,634.10,0.8355,-1,-1,-1
254,7,654.85,447.60,63.96,184.50,0.7196,-1,-1,-1
254,9,787.64,433.12,138.23,444.32,0.7462,-1,-1,-1
255,5,1219.97,426.37,209.49,384.69,0.8621,-1,-1,-1
255,4,926.78,405.70,196.34,637.30,0.8328,-1,-1,-1
255,7,656.89,448.56,64.07,183.97,0.6826,-1,-1,-1
255,9,796.64,431.72,134.67,445.27,0.7032,-1,-1,-1
256,5,1223.23,427.38,210.22,385.82,0.8679,-1,-1,-1
256,4,930.07,407.20,195.44,633.93,0.8421,-1,-1,-1
256,7,658.13,449.59,67.32,183.90,0.7103,-1,-1,-1
256,9,804.66,432.38,130.10,447.99,0.7444,-1,-1,-1
256,10,1807.30,393.51,112.17,386.31,0.7645,-1,-1,-1
257,5,1227.64,428.24,209.53,386.05,0.8663,-1,-1,-1
257,4,932.19,407.37,190.65,634.35,0.8272,-1,-1,-1
257,7,658.53,451.38,70.21,183.09,0.7086,-1,-1,-1
257,9,809.62,433.50,128.06,456.78,0.7060,-1,-1,-1
257,10,1810.73,394.30,108.91,386.18,0.7880,-1,-1,-1
258,5,1237.33,427.67,201.74,386.09,0.8651,-1,-1,-1
258,4,936.13,400.92,186.34,640.54,0.8026,-1,-1,-1
258,7,659.60,449.06,71.79,189.09,0.7454,-1,-1,-1
258,9,799.59,433.45,139.43,468.47,0.6284,-1,-1,-1
258,10,1807.62,396.73,111.34,382.84,0.7381,-1,-1,-1
259,5,1247.76,427.36,191.65,386.02,0.8004,-1,-1,-1
259,4,936.81,396.51,183.14,645.81,0.7606,-1,-1,-1
259,7,660.12,449.77,73.12,188.58,0.7307,-1,-1,-1
259,9,807.18,432.71,131.47,473.00,0.6528,-1,-1,-1
259,10,1788.28,400.06,130.37,376.96,0.7976,-1,-1,-1
260,5,1258.91,426.42,181.55,386.93,0.7872,-1,-1,-1
260,4,938.72,395.75,178.27,645.46,0.7713,-1,-1,-1
260,7,662.34,451.35,71.61,186.41,0.7028,-1,-1,-1
260,9,811.86,432.77,128.69,477.19,0.5791,-1,-1,-1
260,10,1759.69,402.26,159.25,374.39,0.7756,-1,-1,-1
261,5,1273.57,426.30,166.70,387.20,0.7394,-1,-1,-1
261,4,940.58,398.23,176.25,643.18,0.7815,-1,-1,-1
261,7,663.53,451.00,70.96,188.28,0.7249,-1,-1,-1
261,9,790.09,439.54,146.96,475.38,0.5593,-1,-1,-1
261,10,1724.14,400.20,194.91,377.72,0.7868,-1,-1,-1
262,5,1298.12,424.90,144.67,390.41,0.7774,-1,-1,-1
262,4,941.13,396.53,175.03,645.31,0.7996,-1,-1,-1
262,7,664.26,450.66,70.60,189.40,0.6880,-1,-1,-1
262,9,808.97,436.00,134.46,479.90,0.6393,-1,-1,-1
262,10,1692.80,410.10,225.33,368.84,0.8118,-1,-1,-1
263,5,1312.88,424.53,137.87,391.58,0.7907,-1,-1,-1
263,4,943.49,396.00,174.94,645.85,0.8203,-1,-1,-1
263,7,664.64,452.12,71.97,187.37,0.6493,-1,-1,-1
263,9,817.79,434.74,128.16,482.07,0.6634,-1,-1,-1
263,10,1672.10,420.92,246.13,357.57,0.8338,-1,-1,-1
264,5,1328.66,421.69,129.12,396.01,0.8137,-1,-1,-1
264,4,945.59,397.97,178.61,643.40,0.8215,-1,-1,-1
264,7,666.01,452.37,73.14,187.06,0.6317,-1,-1,-1
264,9,822.62,433.94,121.95,482.54,0.6325,-1,-1,-1
264,10,1660.29,425.70,256.50,352.81,0.8500,-1,-1,-1
265,5,1340.21,421.63,121.61,398.14,0.8056,-1,-1,-1
265,4,947.11,400.45,181.35,641.46,0.8286,-1,-1,-1
265,7,668.70,452.14,73.28,187.17,0.6308,-1,-1,-1
265,9,825.01,433.37,120.40,483.88,0.5963,-1,-1,-1
265,10,1654.28,428.23,255.74,349.43,0.8360,-1,-1,-1
266,5,1347.63,421.81,121.23,403.18,0.8193,-1,-1,-1
266,4,949.11,401.99,177.98,639.98,0.8176,-1,-1,-1
266,7,673.06,453.39,71.49,185.53,0.5930,-1,-1,-1
266,9,825.94,432.27,119.87,485.59,0.6313,-1,-1,-1
266,10,1651.16,419.50,247.32,355.99,0.8503,-1,-1,-1
267,5,1353.41,419.73,120.77,411.44,0.8201,-1,-1,-1
267,4,950.75,402.33,175.89,639.59,0.8105,-1,-1,-1
267,7,674.97,453.89,71.11,184.02,0.6218,-1,-1,-1
267,9,825.95,429.56,119.51,489.96,0.7041,-1,-1,-1
267,10,1649.68,419.82,233.17,349.39,0.8300,-1,-1,-1
268,5,1356.56,422.39,133.52,410.22,0.8309,-1,-1,-1
268,4,951.54,403.38,172.66,638.90,0.8181,-1,-1,-1
268,7,677.02,454.10,69.38,183.24,0.6810,-1,-1,-1
268,9,825.34,429.75,123.45,489.50,0.5945,-1,-1,-1
268,10,1650.83,417.94,207.16,342.17,0.8203,-1,-1,-1
269,5,1360.65,423.57,152.38,412.92,0.8576,-1,-1,-1
269,4,951.82,403.58,175.79,639.13,0.8197,-1,-1,-1
269,7,678.78,453.65,67.81,183.06,0.6683,-1,-1,-1
269,9,823.74,429.01,125.25,491.74,0.5654,-1,-1,-1
269,10,1651.13,418.37,182.69,338.42,0.8101,-1,-1,-1
270,5,1363.92,423.99,169.34,414.79,0.8497,-1,-1,-1
270,4,953.12,404.31,173.45,638.85,0.8080,-1,-1,-1
270,7,681.38,452.72,66.39,185.47,0.6998,-1,-1,-1
270,9,825.76,427.40,131.68,494.03,0.5995,-1,-1,-1
270,10,1652.35,413.47,152.00,340.63,0.8015,-1,-1,-1
271,5,1364.43,423.71,187.44,415.28,0.8316,-1,-1,-1
271,4,955.49,405.00,168.11,638.59,0.7717,-1,-1,-1
271,7,684.81,449.45,65.36,190.76,0.6160,-1,-1,-1
271,9,826.56,426.55,135.45,495.43,0.6076,-1,-1,-1
271,10,1653.12,415.23,121.08,337.97,0.7669,-1,-1,-1
272,5,1364.64,425.15,196.80,415.85,0.8649,-1,-1,-1
272,4,959.40,404.34,161.29,639.02,0.8078,-1,-1,-1
272,7,687.48,446.81,66.42,195.84,0.6513,-1,-1,-1
272,9,829.01,426.56,134.34,495.06,0.6614,-1,-1,-1
272,10,1643.49,416.26,101.07,335.33,0.7026,-1,-1,-1
273,5,1365.21,426.86,201.23,418.97,0.8805,-1,-1,-1
273,4,962.84,403.55,158.74,639.79,0.8123,-1,-1,-1
273,7,688.57,444.39,67.21,200.06,0.6531,-1,-1,-1
273,9,830.63,424.81,133.52,496.11,0.6601,-1,-1,-1
273,10,1637.05,426.23,86.93,325.93,0.7103,-1,-1,-1
274,5,1366.85,425.99,205.00,425.69,0.8754,-1,-1,-1
274,4,964.80,403.32,155.79,640.16,0.8158,-1,-1,-1
274,7,689.12,447.93,67.45,194.27,0.5838,-1,-1,-1
274,9,832.09,424.57,133.86,495.65,0.6800,-1,-1,-1
274,10,1624.30,435.41,92.57,315.06,0.7957,-1,-1,-1
275,5,1370.44,424.73,205.02,429.53,0.8780,-1,-1,-1
275,4,966.35,404.24,153.63,639.55,0.7983,-1,-1,-1
275,7,691.83,448.70,71.65,194.09,0.5685,-1,-1,-1
275,9,832.66,423.00,134.33,496.35,0.7002,-1,-1,-1
275,10,1596.12,438.51,118.64,312.35,0.7846,-1,-1,-1
276,5,1375.55,425.10,200.01,430.14,0.8333,-1,-1,-1
276,4,967.85,402.21,154.22,641.45,0.8142,-1,-1,-1
276,7,696.85,449.03,68.50,192.98,0.5449,-1,-1,-1
276,9,831.40,423.28,132.47,495.86,0.7021,-1,-1,-1
276,10,1573.28,438.90,138.65,313.77,0.8035,-1,-1,-1
277,5,1379.63,425.37,196.27,430.38,0.8147,-1,-1,-1
277,4,970.76,403.16,155.19,640.93,0.8281,-1,-1,-1
277,7,696.15,451.79,66.29,192.24,0.4532,-1,-1,-1
277,9,828.90,423.36,131.66,496.00,0.6845,-1,-1,-1
277,10,1554.25,425.52,156.61,327.55,0.8513,-1,-1,-1
278,5,1387.16,425.64,205.13,428.05,0.8073,-1,-1,-1
278,4,971.13,401.99,158.18,642.67,0.8239,-1,-1,-1
278,7,703.18,451.71,68.21,193.24,0.4961,-1,-1,-1
278,9,830.18,423.10,130.56,496.06,0.7099,-1,-1,-1
278,10,1537.76,448.25,172.85,302.60,0.8507,-1,-1,-1
279,5,1427.02,429.44,164.26,421.93,0.5474,-1,-1,-1
279,4,973.80,401.27,158.41,644.19,0.8244,-1,-1,-1
279,7,707.55,452.19,73.77,192.86,0.4307,-1,-1,-1
279,9,829.13,421.33,132.03,498.09,0.7356,-1,-1,-1
279,10,1530.48,430.29,178.58,319.08,0.8376,-1,-1,-1
280,5,1447.43,428.92,144.78,422.33,0.7809,-1,-1,-1
280,4,975.53,401.13,162.34,643.73,0.8128,-1,-1,-1
280,7,711.97,452.18,75.29,193.28,0.5381,-1,-1,-1
280,9,826.72,419.87,135.24,499.53,0.7231,-1,-1,-1
280,10,1542.01,444.24,162.09,301.50,0.7798,-1,-1,-1
281,5,1458.11,428.61,128.35,421.79,0.7883,-1,-1,-1
281,4,977.60,399.13,165.29,645.11,0.8157,-1,-1,-1
281,7,714.85,454.96,76.49,191.54,0.6095,-1,-1,-1
281,9,826.87,419.84,141.57,499.49,0.7255,-1,-1,-1
281,10,1545.80,424.60,148.73,323.28,0.6383,-1,-1,-1
282,5,1466.96,432.97,122.34,418.32,0.7364,-1,-1,-1
282,4,979.09,399.87,168.30,644.12,0.7954,-1,-1,-1
282,7,714.82,458.28,80.21,187.09,0.5087,-1,-1,-1
282,9,826.42,419.40,149.86,498.33,0.7456,-1,-1,-1
282,10,1542.74,420.93,135.69,322.23,0.5455,-1,-1,-1
283,5,1472.21,432.14,136.03,420.92,0.7704,-1,-1,-1
283,4,982.56,399.49,168.68,644.38,0.7813,-1,-1,-1
283,7,716.56,458.75,80.35,185.81,0.6083,-1,-1,-1
283,9,825.72,420.29,162.81,497.62,0.7567,-1,-1,-1
284,5,1479.30,429.46,143.11,422.69,0.7981,-1,-1,-1
284,4,989.33,400.68,160.83,642.34,0.7639,-1,-1,-1
284,7,717.86,457.95,80.58,186.83,0.6897,-1,-1,-1
284,9,825.28,420.62,174.74,498.44,0.7645,-1,-1,-1
285,5,1487.43,433.84,142.21,418.53,0.7758,-1,-1,-1
285,4,992.58,403.27,156.74,639.70,0.7923,-1,-1,-1
285,7,717.12,456.33,82.87,188.36,0.7342,-1,-1,-1
285,9,825.72,425.63,182.91,496.77,0.7774,-1,-1,-1
286,5,1495.39,434.37,152.49,417.75,0.8168,-1,-1,-1
286,4,995.21,405.54,154.68,637.68,0.7906,-1,-1,-1
286,7,716.97,454.74,86.13,189.95,0.7743,-1,-1,-1
286,9,825.82,425.36,189.26,498.39,0.7843,-1,-1,-1
287,5,1499.15,431.39,174.99,421.06,0.8299,-1,-1,-1
287,4,995.61,406.37,155.60,637.05,0.7841,-1,-1,-1
287,7,718.56,454.90,85.61,189.22,0.7627,-1,-1,-1
287,9,828.30,422.41,192.14,499.97,0.8053,-1,-1,-1
288,5,1503.08,429.92,199.99,426.01,0.8567,-1,-1,-1
288,4,997.25,406.60,154.42,637.41,0.7845,-1,-1,-1
288,7,721.42,449.44,83.24,193.68,0.7396,-1,-1,-1
288,9,830.07,421.47,193.27,500.50,0.8140,-1,-1,-1
289,5,1505.59,435.25,219.46,423.26,0.8817,-1,-1,-1
289,4,999.28,407.80,153.02,635.86,0.7846,-1,-1,-1
289,7,725.49,447.26,81.32,196.39,0.6597,-1,-1,-1
289,9,834.35,422.94,190.15,497.87,0.8089,-1,-1,-1
290,5,1505.59,436.10,235.79,427.85,0.8746,-1,-1,-1
290,4,1002.28,405.90,151.47,637.86,0.8122,-1,-1,-1
290,7,729.83,448.17,80.21,195.59,0.6345,-1,-1,-1
290,9,839.09,419.14,185.28,501.78,0.8087,-1,-1,-1
291,5,1503.90,434.72,249.93,433.26,0.8359,-1,-1,-1
291,4,1003.72,404.02,153.27,639.08,0.7856,-1,-1,-1
291,7,733.37,452.61,78.77,192.51,0.6253,-1,-1,-1
291,9,835.15,420.50,189.72,501.06,0.8189,-1,-1,-1
291,10,1415.79,424.64,153.40,293.57,0.6329,-1,-1,-1
292,5,1502.31,435.36,256.10,436.86,0.8560,-1,-1,-1
292,4,1003.41,403.73,155.03,638.78,0.7559,-1,-1,-1
292,7,741.29,452.43,70.90,193.19,0.6021,-1,-1,-1
292,9,835.05,422.01,190.32,498.43,0.8121,-1,-1,-1
292,10,1402.02,428.05,157.14,308.21,0.3366,-1,-1,-1
293,5,1501.95,436.46,261.67,441.05,0.8686,-1,-1,-1
293,4,1006.25,404.30,155.13,637.96,0.8020,-1,-1,-1
293,7,744.76,450.24,68.91,196.36,0.6662,-1,-1,-1
293,9,839.06,418.66,185.75,502.25,0.8220,-1,-1,-1
293,10,1397.24,429.34,140.16,288.52,0.7028,-1,-1,-1
294,5,1502.44,435.77,266.52,444.82,0.8660,-1,-1,-1
294,4,1007.99,403.05,154.86,640.27,0.8147,-1,-1,-1
294,7,747.46,451.51,64.77,195.04,0.6552,-1,-1,-1
294,9,842.13,415.58,183.06,505.56,0.8318,-1,-1,-1
294,10,1394.86,429.65,138.58,282.38,0.7576,-1,-1,-1
295,5,1502.28,432.10,268.54,447.84,0.8549,-1,-1,-1
295,4,1009.58,402.93,152.27,640.47,0.8107,-1,-1,-1
295,7,747.96,451.66,69.03,196.19,0.6376,-1,-1,-1
295,9,845.09,413.43,180.49,507.26,0.8263,-1,-1,-1
295,10,1390.66,429.29,147.54,280.89,0.7587,-1,-1,-1
296,5,1511.14,430.07,258.60,450.14,0.8341,-1,-1,-1
296,4,1009.40,403.57,154.65,639.32,0.8181,-1,-1,-1
296,7,750.66,449.96,73.91,196.76,0.6583,-1,-1,-1
296,9,848.59,412.75,177.37,508.34,0.8370,-1,-1,-1
296,10,1391.87,428.07,144.07,281.41,0.7694,-1,-1,-1
297,5,1526.98,429.98,240.37,449.89,0.7895,-1,-1,-1
297,4,1011.06,404.61,154.85,637.67,0.8149,-1,-1,-1
297,7,757.15,448.46,71.44,199.19,0.7291,-1,-1,-1
297,9,852.72,409.91,173.17,511.40,0.8351,-1,-1,-1
297,10,1395.54,432.31,137.03,277.43,0.7833,-1,-1,-1
298,5,1540.58,430.78,227.17,447.34,0.7482,-1,-1,-1
298,4,1010.72,405.58,157.25,636.22,0.8085,-1,-1,-1
298,7,757.68,447.58,71.86,199.95,0.7156,-1,-1,-1
298,9,855.20,410.08,170.78,512.50,0.8060,-1,-1,-1
298,10,1395.53,438.44,126.30,269.60,0.7831,-1,-1,-1
299,5,1554.61,425.81,219.91,454.10,0.7704,-1,-1,-1
299,4,1010.69,405.19,160.38,635.39,0.8110,-1,-1,-1
299,7,762.06,450.46,70.99,199.07,0.7053,-1,-1,-1
299,9,865.51,413.53,160.59,512.64,0.7731,-1,-1,-1
299,10,1394.41,447.24,112.19,259.90,0.7392,-1,-1,-1
300,5,1574.39,423.33,196.20,456.99,0.6959,-1,-1,-1
300,4,1011.96,405.31,161.98,632.24,0.8217,-1,-1,-1
300,7,765.12,450.85,70.64,198.97,0.7139,-1,-1,-1
300,9,875.48,417.52,148.96,513.43,0.7726,-1,-1,-1
300,10,1386.03,430.34,102.28,276.27,0.7877,-1,-1,-1
301,5,1604.68,422.06,181.35,457.33,0.7294,-1,-1,-1
301,4,1010.96,404.96,161.37,629.67,0.8169,-1,-1,-1
301,7,769.36,449.96,68.26,199.78,0.7476,-1,-1,-1
301,9,884.14,418.75,139.04,520.39,0.7650,-1,-1,-1
301,10,1381.28,442.62,88.37,263.49,0.8124,-1,-1,-1
302,5,1628.05,417.07,164.25,463.27,0.7632,-1,-1,-1
302,4,1008.57,405.86,164.36,625.41,0.8146,-1,-1,-1
302,7,770.92,454.12,71.21,196.71,0.7885,-1,-1,-1
302,9,889.15,419.16,134.23,527.13,0.7534,-1,-1,-1
302,10,1372.18,450.94,85.35,255.88,0.8322,-1,-1,-1
303,5,1646.51,411.11,152.16,475.60,0.7716,-1,-1,-1
303,4,1011.03,405.11,163.23,622.32,0.8100,-1,-1,-1
303,7,771.94,454.15,71.90,197.69,0.7770,-1,-1,-1
303,9,879.30,420.49,144.63,528.54,0.7567,-1,-1,-1
303,10,1359.99,430.61,87.97,275.28,0.7919,-1,-1,-1
304,5,1660.44,410.06,153.27,486.15,0.7762,-1,-1,-1
304,4,1012.37,404.27,168.61,622.53,0.8100,-1,-1,-1
304,7,773.89,453.99,74.58,198.68,0.7692,-1,-1,-1
304,9,871.48,420.21,153.53,530.88,0.7953,-1,-1,-1
304,10,1346.13,423.79,95.06,281.87,0.7747,-1,-1,-1
305,5,1670.07,412.64,150.63,491.64,0.7422,-1,-1,-1
305,4,1012.57,404.23,179.53,620.58,0.7974,-1,-1,-1
305,7,774.94,451.41,76.01,203.05,0.7745,-1,-1,-1
305,9,873.31,420.72,151.78,531.08,0.7790,-1,-1,-1
305,10,1336.64,424.39,100.26,281.07,0.7662,-1,-1,-1
305,11,0.44,503.90,117.76,354.50,0.6235,-1,-1,-1
306,5,1674.11,415.60,167.12,495.16,0.8635,-1,-1,-1
306,4,1014.28,404.77,191.72,616.96,0.8195,-1,-1,-1
306,7,776.61,448.48,76.22,206.68,0.7658,-1,-1,-1
306,9,874.79,420.33,151.15,532.01,0.7988,-1,-1,-1
306,10,1322.08,434.42,113.58,269.00,0.8031,-1,-1,-1
306,11,0.23,479.61,121.88,380.47,0.7374,-1,-1,-1
307,5,1678.97,413.97,199.29,501.38,0.8523,-1,-1,-1
307,4,1016.16,402.85,200.88,617.10,0.8297,-1,-1,-1
307,7,779.42,450.78,74.16,203.70,0.7219,-1,-1,-1
307,9,873.45,419.90,153.09,532.38,0.8147,-1,-1,-1
307,10,1311.28,445.43,124.15,255.78,0.8039,-1,-1,-1
307,11,0.41,428.92,122.98,432.39,0.7493,-1,-1,-1
308,5,1680.43,416.75,224.38,500.46,0.8351,-1,-1,-1
308,4,1016.60,401.81,210.99,616.07,0.8433,-1,-1,-1
308,7,782.13,449.84,72.38,203.93,0.7512,-1,-1,-1
308,9,874.31,420.30,152.76,532.09,0.8196,-1,-1,-1
308,10,1301.46,436.79,132.50,263.47,0.8114,-1,-1,-1
308,11,0.49,405.81,123.70,455.48,0.7872,-1,-1,-1
309,5,1680.00,417.47,235.82,503.18,0.8586,-1,-1,-1
309,4,1016.86,400.02,220.45,616.15,0.8482,-1,-1,-1
309,7,788.64,447.69,68.60,206.90,0.7213,-1,-1,-1
309,9,873.30,421.09,153.44,530.68,0.8313,-1,-1,-1
309,10,1293.93,433.32,137.64,267.31,0.8018,-1,-1,-1
309,11,0.43,393.91,123.97,467.47,0.8111,-1,-1,-1
310,5,1677.39,417.68,245.53,509.46,0.8810,-1,-1,-1
310,4,1017.37,399.85,228.01,615.10,0.8572,-1,-1,-1
310,7,793.81,445.54,65.31,209.46,0.7222,-1,-1,-1
310,9,874.21,421.64,152.02,530.03,0.8078,-1,-1,-1
310,10,1288.19,430.33,139.05,269.48,0.7629,-1,-1,-1
310,11,0.40,389.66,124.14,471.56,0.8050,-1,-1,-1
311,5,1674.87,418.84,250.94,514.28,0.8750,-1,-1,-1
311,4,1016.73,401.58,232.12,613.07,0.8585,-1,-1,-1
311,7,798.08,444.73,64.12,210.97,0.7320,-1,-1,-1
311,9,873.68,421.05,152.73,530.57,0.8185,-1,-1,-1
311,10,1285.67,431.46,131.71,264.96,0.7591,-1,-1,-1
311,11,0.20,386.77,121.65,471.95,0.8183,-1,-1,-1
312,5,1675.18,419.77,251.38,515.95,0.8619,-1,-1,-1
312,4,1019.13,403.13,230.58,611.49,0.8613,-1,-1,-1
312,7,799.99,446.85,66.03,209.44,0.7321,-1,-1,-1
312,9,872.01,420.56,154.92,531.50,0.8328,-1,-1,-1
312,10,1278.87,430.47,122.63,261.40,0.7647,-1,-1,-1
312,11,0.16,384.89,125.56,474.63,0.8304,-1,-1,-1
313,5,1679.41,421.26,246.73,516.27,0.8693,-1,-1,-1
313,4,1020.07,402.79,230.53,611.79,0.8614,-1,-1,-1
313,7,800.92,445.70,72.97,211.23,0.7278,-1,-1,-1
313,9,870.80,419.88,156.64,532.42,0.8133,-1,-1,-1
313,10,1273.30,431.74,113.15,257.70,0.7861,-1,-1,-1
313,11,1.06,385.37,136.37,474.99,0.8574,-1,-1,-1
314,5,1687.77,419.73,237.59,518.65,0.8702,-1,-1,-1
314,4,1021.92,402.46,228.19,611.48,0.8651,-1,-1,-1
314,7,802.49,445.46,75.34,211.71,0.7230,-1,-1,-1
314,9,869.73,419.25,158.61,533.27,0.8200,-1,-1,-1
314,10,1273.59,428.49,97.57,259.86,0.8066,-1,-1,-1
314,11,5.69,387.16,149.13,471.47,0.8540,-1,-1,-1
315,5,1748.74,421.26,176.05,517.86,0.7127,-1,-1,-1
315,4,1027.09,400.35,222.92,614.23,0.8600,-1,-1,-1
315,7,805.20,443.85,77.14,213.79,0.7223,-1,-1,-1
315,9,868.57,417.70,161.15,534.66,0.8149,-1,-1,-1
315,10,1272.21,427.13,86.11,259.95,0.7805,-1,-1,-1
315,11,13.24,390.93,173.48,469.71,0.8670,-1,-1,-1
316,5,1781.44,418.15,141.64,519.32,0.7920,-1,-1,-1
316,4,1032.55,401.13,215.93,612.50,0.8604,-1,-1,-1
316,7,806.06,444.04,79.05,214.85,0.6920,-1,-1,-1
316,9,867.42,416.28,161.37,536.05,0.8044,-1,-1,-1
316,10,1271.03,427.72,75.84,260.92,0.7537,-1,-1,-1
316,11,17.17,397.92,205.44,464.24,0.8803,-1,-1,-1
317,5,1799.03,416.45,123.47,518.98,0.7080,-1,-1,-1
317,4,1035.94,400.21,212.20,613.70,0.8568,-1,-1,-1
317,7,807.60,443.68,72.38,216.54,0.6833,-1,-1,-1
317,9,866.05,417.07,164.87,534.77,0.8188,-1,-1,-1
317,10,1265.44,423.56,74.62,263.31,0.7733,-1,-1,-1
317,11,18.37,398.93,235.61,463.50,0.8819,-1,-1,-1
318,5,1791.13,419.72,129.90,524.38,0.6348,-1,-1,-1
318,4,1039.07,399.99,209.60,613.27,0.8527,-1,-1,-1
318,7,808.66,443.59,70.34,216.76,0.6695,-1,-1,-1
318,9,867.32,416.99,165.18,534.99,0.8160,-1,-1,-1
318,10,1258.20,427.21,77.74,259.11,0.7974,-1,-1,-1
318,11,18.21,399.32,262.68,463.98,0.9010,-1,-1,-1
319,5,1809.99,416.86,110.96,525.70,0.6739,-1,-1,-1
319,4,1041.34,400.25,207.39,612.09,0.8538,-1,-1,-1
319,7,813.33,444.29,70.48,215.16,0.6716,-1,-1,-1
319,9,866.64,416.37,166.48,535.64,0.8182,-1,-1,-1
319,10,1246.61,427.46,87.75,259.22,0.7733,-1,-1,-1
319,11,18.41,398.63,278.92,465.12,0.8975,-1,-1,-1
320,5,1828.53,417.54,92.13,524.05,0.7309,-1,-1,-1
320,4,1044.88,401.15,203.32,610.91,0.8578,-1,-1,-1
320,7,816.11,444.95,72.13,214.52,0.6271,-1,-1,-1
320,9,865.92,416.45,168.77,535.04,0.8259,-1,-1,-1
320,10,1234.04,433.57,100.35,254.27,0.7425,-1,-1,-1
320,11,20.21,400.48,288.65,462.18,0.8933,-1,-1,-1
321,5,1844.28,425.37,76.00,516.46,0.7349,-1,-1,-1
321,4,1047.56,400.85,200.37,611.24,0.8622,-1,-1,-1
321,7,818.74,447.26,69.91,211.89,0.6440,-1,-1,-1
321,9,867.39,417.06,166.48,534.47,0.8209,-1,-1,-1
321,10,1231.74,434.94,103.03,252.27,0.7710,-1,-1,-1
321,11,21.95,401.17,293.37,460.56,0.8874,-1,-1,-1
322,5,1856.42,427.34,63.55,513.74,0.6971,-1,-1,-1
322,4,1049.14,403.14,198.27,609.57,0.8587,-1,-1,-1
322,7,820.24,448.45,70.92,210.97,0.6701,-1,-1,-1
322,9,868.18,416.79,164.45,534.74,0.8248,-1,-1,-1
322,10,1229.35,440.84,105.56,245.21,0.7587,-1,-1,-1
322,11,24.39,402.64,298.60,453.06,0.8864,-1,-1,-1
323,5,1861.73,453.86,58.01,488.36,0.6176,-1,-1,-1
323,4,1051.20,402.53,195.60,609.64,0.8646,-1,-1,-1
323,7,821.15,451.71,73.21,207.52,0.6409,-1,-1,-1
323,9,869.82,415.90,165.11,535.61,0.8173,-1,-1,-1
323,10,1228.57,441.27,103.16,243.55,0.7668,-1,-1,-1
323,11,25.75,404.99,302.71,447.68,0.8896,-1,-1,-1
324,5,1861.48,440.17,58.25,502.67,0.5789,-1,-1,-1
324,4,1054.52,400.50,192.29,611.76,0.8562,-1,-1,-1
324,7,821.69,455.63,74.23,203.15,0.6238,-1,-1,-1
324,9,871.72,415.96,164.71,535.63,0.8081,-1,-1,-1
324,10,1222.73,439.16,103.90,245.74,0.7489,-1,-1,-1
324,11,30.83,406.24,300.23,442.37,0.8971,-1,-1,-1
325,5,1864.81,412.80,54.94,529.17,0.5327,-1,-1,-1
325,4,1056.62,398.83,190.89,613.47,0.8535,-1,-1,-1
325,7,825.56,447.27,76.03,213.87,0.4446,-1,-1,-1
325,9,873.75,415.53,163.32,536.01,0.8057,-1,-1,-1
325,10,1217.95,442.91,102.90,241.54,0.6803,-1,-1,-1
325,11,39.40,405.65,292.89,441.77,0.9014,-1,-1,-1
326,5,1792.18,398.98,127.47,515.98,0.6152,-1,-1,-1
326,4,1057.80,398.53,190.58,614.12,0.8586,-1,-1,-1
326,7,828.33,442.40,79.94,220.57,0.3749,-1,-1,-1
326,9,875.35,415.70,162.32,536.05,0.7933,-1,-1,-1
326,10,1212.54,451.94,98.92,229.59,0.5428,-1,-1,-1
326,11,53.85,405.68,278.41,438.78,0.8902,-1,-1,-1
327,5,1775.73,393.15,144.01,531.95,0.7191,-1,-1,-1
327,4,1058.36,396.52,190.29,616.70,0.8637,-1,-1,-1
327,9,878.64,416.67,158.94,534.98,0.7847,-1,-1,-1
327,11,76.61,403.86,254.86,436.70,0.8740,-1,-1,-1
328,5,1767.50,388.30,152.23,545.70,0.7892,-1,-1,-1
328,4,1058.30,395.99,191.51,617.61,0.8601,-1,-1,-1
328,9,879.75,415.97,157.80,535.90,0.7551,-1,-1,-1
328,11,97.98,395.67,233.26,437.75,0.8826,-1,-1,-1
329,5,1762.55,392.07,157.15,544.51,0.8197,-1,-1,-1
329,4,1058.30,398.12,191.83,616.03,0.8602,-1,-1,-1
329,9,876.03,417.42,162.04,535.90,0.7763,-1,-1,-1
329,11,120.61,393.39,209.14,433.77,0.8312,-1,-1,-1
330,5,1761.23,394.40,158.54,537.83,0.7416,-1,-1,-1
330,4,1058.36,396.82,191.72,617.57,0.8641,-1,-1,-1
330,9,870.87,418.96,168.83,534.21,0.8044,-1,-1,-1
330,11,145.18,398.08,182.57,426.09,0.8069,-1,-1,-1
331,5,1761.41,391.32,158.30,486.42,0.7398,-1,-1,-1
331,4,1058.52,395.72,193.09,618.58,0.8650,-1,-1,-1
331,9,869.48,419.91,171.48,532.94,0.8023,-1,-1,-1
331,11,172.25,395.21,156.18,427.89,0.7993,-1,-1,-1
332,5,1762.65,392.75,157.25,466.18,0.7844,-1,-1,-1
332,4,1059.17,396.34,193.64,618.82,0.8638,-1,-1,-1
332,9,870.91,420.22,173.93,532.51,0.8234,-1,-1,-1
332,11,199.85,393.57,137.11,429.54,0.7744,-1,-1,-1
333,5,1763.43,393.10,156.53,461.00,0.7827,-1,-1,-1
333,4,1059.94,396.96,194.73,618.16,0.8717,-1,-1,-1
333,9,871.67,419.76,175.73,533.00,0.8293,-1,-1,-1
333,11,217.84,391.34,132.75,431.77,0.7502,-1,-1,-1
334,5,1769.12,391.82,150.83,460.29,0.6609,-1,-1,-1
334,4,1061.06,396.67,193.60,618.55,0.8760,-1,-1,-1
334,9,872.43,420.13,176.79,532.59,0.8306,-1,-1,-1
334,11,226.13,399.66,141.21,422.87,0.7156,-1,-1,-1
335,5,1775.08,402.52,144.74,451.32,0.6193,-1,-1,-1
335,4,1061.48,396.73,192.01,617.64,0.8785,-1,-1,-1
335,9,872.66,419.56,177.56,532.99,0.8365,-1,-1,-1
335,11,206.97,415.28,177.81,406.70,0.7263,-1,-1,-1
336,5,1783.98,429.11,135.73,426.89,0.5101,-1,-1,-1
336,4,1060.72,396.64,192.41,617.55,0.8792,-1,-1,-1
336,9,873.14,420.44,175.64,532.11,0.8423,-1,-1,-1
336,11,209.49,415.37,189.22,404.15,0.6272,-1,-1,-1
337,5,1798.69,436.29,120.76,420.05,0.3927,-1,-1,-1
337,4,1060.82,397.07,194.22,617.57,0.8804,-1,-1,-1
337,9,873.97,419.73,174.50,532.89,0.8339,-1,-1,-1
337,11,222.50,425.08,194.75,397.49,0.7155,-1,-1,-1
337,12,0.39,442.89,149.19,343.96,0.8231,-1,-1,-1
338,4,1061.20,397.24,195.64,617.23,0.8736,-1,-1,-1
338,9,874.86,418.75,175.78,534.31,0.8205,-1,-1,-1
338,11,229.37,436.02,209.75,386.97,0.7957,-1,-1,-1
338,12,0.51,448.13,148.87,337.75,0.8322,-1,-1,-1
339,4,1062.34,396.67,193.64,617.51,0.8826,-1,-1,-1
339,9,875.48,418.41,173.70,534.85,0.8224,-1,-1,-1
339,11,236.86,415.89,215.14,406.70,0.8189,-1,-1,-1
339,12,0.53,446.93,149.81,338.22,0.8344,-1,-1,-1
340,4,1062.81,398.12,194.39,615.73,0.8842,-1,-1,-1
340,9,876.94,418.24,170.86,534.90,0.8207,-1,-1,-1
340,11,237.26,409.32,224.37,413.62,0.8486,-1,-1,-1
340,12,0.52,443.91,148.80,342.16,0.8388,-1,-1,-1
341,4,1063.82,401.48,194.20,612.41,0.8853,-1,-1,-1
341,9,878.13,418.02,169.28,534.77,0.8211,-1,-1,-1
341,11,241.53,423.48,223.06,398.74,0.8178,-1,-1,-1
341,12,0.27,438.34,149.97,346.89,0.8458,-1,-1,-1
342,4,1065.38,400.78,196.01,612.81,0.8777,-1,-1,-1
342,9,881.43,421.57,171.32,531.06,0.8177,-1,-1,-1
342,11,243.27,430.66,224.30,390.46,0.8159,-1,-1,-1
342,12,0.70,440.19,151.01,344.55,0.8342,-1,-1,-1
343,4,1065.65,400.95,194.48,612.59,0.8819,-1,-1,-1
343,9,884.12,422.85,169.53,529.76,0.8164,-1,-1,-1
343,11,245.28,431.69,221.95,388.38,0.8163,-1,-1,-1
343,12,0.54,435.30,151.17,352.98,0.7921,-1,-1,-1
344,4,1066.17,400.13,194.84,613.61,0.8784,-1,-1,-1
344,9,886.38,424.06,168.21,528.42,0.8186,-1,-1,-1
344,11,247.68,419.47,218.59,398.89,0.8107,-1,-1,-1
344,12,6.83,435.59,144.58,351.54,0.7776,-1,-1,-1
345,4,1066.46,400.81,197.54,612.38,0.8807,-1,-1,-1
345,9,888.88,424.27,165.54,527.75,0.8060,-1,-1,-1
345,11,250.76,411.40,214.15,405.82,0.8543,-1,-1,-1
345,12,11.53,434.03,141.30,353.80,0.8136,-1,-1,-1
346,4,1066.91,400.55,196.98,613.08,0.8778,-1,-1,-1
346,9,890.13,424.31,167.26,527.30,0.8131,-1,-1,-1
346,11,260.08,404.85,203.86,410.90,0.8381,-1,-1,-1
346,12,30.66,435.97,127.40,350.28,0.8019,-1,-1,-1
347,4,1067.57,402.25,198.22,611.73,0.8741,-1,-1,-1
347,9,891.52,424.40,168.26,526.92,0.8082,-1,-1,-1
347,11,271.14,402.94,193.15,413.52,0.8133,-1,-1,-1
347,12,48.24,438.32,121.67,345.08,0.8050,-1,-1,-1
348,4,1067.54,400.37,199.97,613.42,0.8733,-1,-1,-1
348,9,895.19,423.68,162.00,527.28,0.8009,-1,-1,-1
348,11,287.55,405.78,178.63,409.15,0.7898,-1,-1,-1
348,12,54.17,435.87,127.23,347.16,0.6841,-1,-1,-1
349,4,1067.50,401.72,201.11,612.31,0.8727,-1,-1,-1
349,9,898.28,422.65,159.51,528.50,0.8063,-1,-1,-1
349,11,298.26,401.94,163.53,405.38,0.8059,-1,-1,-1
349,12,47.96,434.33,142.88,348.84,0.5192,-1,-1,-1
350,4,1067.05,400.41,201.37,613.36,0.8741,-1,-1,-1
350,9,899.21,421.87,161.92,529.35,0.8087,-1,-1,-1
350,11,313.86,398.56,147.36,406.07,0.8006,-1,-1,-1
350,12,67.28,435.83,140.74,347.55,0.7810,-1,-1,-1
351,4,1066.92,399.95,199.84,613.91,0.8754,-1,-1,-1
351,9,899.50,421.79,163.12,528.98,0.8005,-1,-1,-1
351,11,337.83,392.33,124.57,407.59,0.7794,-1,-1,-1
351,12,70.48,437.32,165.40,345.99,0.8100,-1,-1,-1
352,4,1066.39,400.47,201.24,613.59,0.8788,-1,-1,-1
352,9,900.32,422.35,163.26,527.85,0.7984,-1,-1,-1
352,11,356.70,394.60,112.27,403.39,0.7256,-1,-1,-1
352,12,73.29,436.47,184.15,345.79,0.8394,-1,-1,-1
353,4,1065.74,400.29,201.14,613.99,0.8772,-1,-1,-1
353,9,900.82,421.63,162.02,527.66,0.8015,-1,-1,-1
353,11,369.68,408.60,109.23,390.16,0.5818,-1,-1,-1
353,12,78.97,435.34,198.02,347.21,0.8505,-1,-1,-1
354,4,1065.63,399.47,201.52,614.91,0.8736,-1,-1,-1
354,9,901.56,421.84,163.87,527.62,0.7946,-1,-1,-1
354,11,370.03,402.10,119.23,397.77,0.5872,-1,-1,-1
354,12,84.10,435.61,206.31,346.81,0.8236,-1,-1,-1
355,4,1066.11,400.20,199.80,613.91,0.8756,-1,-1,-1
355,9,901.99,421.86,164.80,526.55,0.7722,-1,-1,-1
355,11,356.48,395.13,145.47,402.10,0.5678,-1,-1,-1
355,12,87.46,438.11,209.99,340.34,0.8582,-1,-1,-1
356,4,1066.19,401.10,198.98,613.61,0.8681,-1,-1,-1
356,9,903.55,421.91,161.60,524.78,0.7563,-1,-1,-1
356,11,355.74,399.66,159.17,397.89,0.6160,-1,-1,-1
356,12,97.74,438.74,202.97,334.86,0.8341,-1,-1,-1
356,13,0.47,453.78,144.56,399.13,0.8013,-1,-1,-1
357,4,1066.31,399.96,202.68,614.87,0.8534,-1,-1,-1
357,9,904.67,421.73,158.73,523.19,0.7651,-1,-1,-1
357,11,360.22,403.24,178.97,395.97,0.6806,-1,-1,-1
357,12,110.46,437.79,191.73,331.38,0.8121,-1,-1,-1
357,13,0.60,451.91,170.25,405.21,0.8446,-1,-1,-1
358,4,1066.82,400.25,203.81,614.58,0.8522,-1,-1,-1
358,9,904.75,419.85,158.23,524.10,0.7857,-1,-1,-1
358,11,382.82,401.43,177.11,395.78,0.6522,-1,-1,-1
358,12,124.38,437.61,177.51,329.92,0.8110,-1,-1,-1
358,13,0.48,452.57,197.57,404.13,0.8562,-1,-1,-1
359,4,1067.20,399.53,204.95,615.13,0.8521,-1,-1,-1
359,9,907.02,419.59,155.82,523.87,0.7900,-1,-1,-1
359,11,393.23,405.21,183.47,393.28,0.8124,-1,-1,-1
359,12,133.77,435.94,167.84,331.24,0.8211,-1,-1,-1
359,13,0.25,447.49,209.77,407.80,0.8451,-1,-1,-1
360,4,1067.10,400.54,206.98,614.28,0.8503,-1,-1,-1
360,9,908.61,419.91,157.61,522.99,0.7899,-1,-1,-1
360,11,399.15,409.26,189.62,388.95,0.8068,-1,-1,-1
360,12,144.19,436.20,158.31,327.89,0.7774,-1,-1,-1
360,13,0.20,446.68,218.72,407.78,0.8747,-1,-1,-1
361,4,1066.98,401.76,208.83,612.93,0.8538,-1,-1,-1
361,9,909.19,419.36,158.21,520.55,0.7993,-1,-1,-1
361,11,399.37,406.75,199.60,391.35,0.8433,-1,-1,-1
361,12,164.88,435.69,138.06,327.76,0.7516,-1,-1,-1
361,13,0.03,444.41,225.06,408.96,0.8764,-1,-1,-1
362,4,1067.93,402.16,209.31,612.67,0.8602,-1,-1,-1
362,9,909.60,417.46,160.13,519.93,0.8060,-1,-1,-1
362,11,398.86,406.67,204.12,391.96,0.8476,-1,-1,-1
362,12,174.39,438.72,126.51,325.41,0.6718,-1,-1,-1
362,13,-0.01,444.79,234.27,409.74,0.8542,-1,-1,-1
363,4,1068.10,401.82,209.46,612.83,0.8536,-1,-1,-1
363,9,912.56,418.87,161.18,517.56,0.8019,-1,-1,-1
363,11,395.72,409.90,209.10,388.34,0.8394,-1,-1,-1
363,12,183.12,438.35,116.67,326.71,0.7533,-1,-1,-1
363,13,-0.04,445.87,236.12,407.65,0.8442,-1,-1,-1
364,4,1068.31,401.59,210.77,613.13,0.8541,-1,-1,-1
364,9,914.66,414.61,160.65,520.14,0.8269,-1,-1,-1
364,11,396.65,413.89,207.89,384.49,0.8503,-1,-1,-1
364,12,195.81,441.34,104.14,323.06,0.7325,-1,-1,-1
364,13,0.08,441.71,235.77,409.01,0.8533,-1,-1,-1
365,4,1068.34,402.50,210.53,611.79,0.8522,-1,-1,-1
365,9,916.63,413.14,160.24,521.12,0.8190,-1,-1,-1
365,11,396.28,413.15,207.54,384.77,0.8574,-1,-1,-1
365,12,203.32,438.81,101.72,325.81,0.7411,-1,-1,-1
365,13,1.41,441.47,237.60,410.16,0.8605,-1,-1,-1
366,4,1068.35,400.55,209.84,614.15,0.8472,-1,-1,-1
366,9,919.03,412.13,160.02,522.61,0.8291,-1,-1,-1
366,11,398.08,411.91,205.43,382.44,0.8220,-1,-1,-1
366,12,209.11,436.46,102.06,327.83,0.7747,-1,-1,-1
366,13,3.09,441.98,237.16,407.73,0.8590,-1,-1,-1
367,4,1068.54,400.99,211.78,613.95,0.8218,-1,-1,-1
367,9,922.02,410.74,158.02,524.45,0.8253,-1,-1,-1
367,11,400.21,406.98,199.68,385.04,0.8418,-1,-1,-1
367,12,218.39,436.48,104.95,327.54,0.7566,-1,-1,-1
367,13,21.29,441.62,218.61,398.68,0.7861,-1,-1,-1
368,4,1068.38,399.45,217.65,615.53,0.7877,-1,-1,-1
368,9,924.55,409.71,156.35,525.27,0.8198,-1,-1,-1
368,11,402.51,398.75,194.38,390.44,0.8463,-1,-1,-1
368,12,227.46,437.72,116.09,326.83,0.7359,-1,-1,-1
368,13,45.25,437.60,191.15,393.08,0.7830,-1,-1,-1
369,4,1069.03,400.11,221.75,614.96,0.7462,-1,-1,-1
369,9,926.14,413.45,155.55,519.94,0.8220,-1,-1,-1
369,11,407.79,396.52,186.98,392.09,0.8536,-1,-1,-1
369,12,234.67,435.29,131.17,329.11,0.8104,-1,-1,-1
369,13,76.56,434.08,159.55,391.95,0.7696,-1,-1,-1
370,4,1069.01,398.07,221.18,616.87,0.7952,-1,-1,-1
370,9,928.94,415.52,156.68,519.81,0.8016,-1,-1,-1
370,11,414.44,404.22,179.26,385.39,0.8351,-1,-1,-1
370,12,241.09,432.79,146.56,330.77,0.8301,-1,-1,-1
370,13,106.68,434.94,130.91,387.45,0.8105,-1,-1,-1
371,4,1069.61,397.94,215.14,616.66,0.7178,-1,-1,-1
371,9,932.52,415.59,155.74,520.56,0.7965,-1,-1,-1
371,11,426.60,402.16,168.74,386.75,0.8320,-1,-1,-1
371,12,244.27,432.20,159.54,330.69,0.8392,-1,-1,-1
371,13,128.83,439.00,120.72,381.21,0.7981,-1,-1,-1
372,4,1070.40,397.42,215.92,616.71,0.8190,-1,-1,-1
372,9,935.42,415.57,154.93,520.66,0.7960,-1,-1,-1
372,11,439.11,418.09,155.62,363.84,0.7975,-1,-1,-1
372,12,245.09,434.25,167.88,327.49,0.8179,-1,-1,-1
372,13,137.83,438.14,119.94,381.49,0.7601,-1,-1,-1
373,4,1070.84,397.16,218.33,617.20,0.8387,-1,-1,-1
373,9,938.03,416.16,154.54,521.00,0.7950,-1,-1,-1
373,11,457.10,406.01,145.32,370.66,0.8000,-1,-1,-1
373,12,253.11,435.25,164.52,321.54,0.8034,-1,-1,-1
373,13,147.47,435.46,137.91,382.92,0.8089,-1,-1,-1
374,4,1071.60,397.76,218.34,616.54,0.8098,-1,-1,-1
374,9,942.79,416.73,151.99,519.87,0.7884,-1,-1,-1
374,11,470.98,402.26,139.54,370.31,0.7724,-1,-1,-1
374,12,264.76,440.36,157.78,307.24,0.7789,-1,-1,-1
374,13,156.77,432.18,144.09,384.93,0.7264,-1,-1,-1
375,4,1071.52,399.28,219.16,614.48,0.7954,-1,-1,-1
375,9,942.82,414.13,152.67,521.20,0.7756,-1,-1,-1
375,11,481.72,406.64,140.42,364.35,0.7128,-1,-1,-1
375,12,277.12,449.26,147.09,297.67,0.7425,-1,-1,-1
375,13,161.18,433.25,166.64,383.08,0.8168,-1,-1,-1
375,14,0.47,487.28,58.24,324.70,0.6592,-1,-1,-1
376,4,1071.43,399.65,221.10,613.56,0.8087,-1,-1,-1
376,9,944.54,416.74,149.99,521.17,0.7739,-1,-1,-1
376,11,488.58,404.52,140.76,364.04,0.6939,-1,-1,-1
376,12,278.41,439.79,147.29,307.52,0.7423,-1,-1,-1
376,13,160.46,436.39,185.96,379.58,0.7681,-1,-1,-1
376,14,0.41,481.94,69.40,330.32,0.7803,-1,-1,-1
377,4,1071.10,400.44,224.44,613.76,0.8123,-1,-1,-1
377,9,946.21,417.30,151.93,521.15,0.7970,-1,-1,-1
377,11,490.56,400.67,143.60,367.35,0.7358,-1,-1,-1
377,12,283.87,441.51,144.82,306.02,0.7057,-1,-1,-1
377,13,158.89,439.36,203.67,376.91,0.7974,-1,-1,-1
377,14,0.27,449.84,96.39,360.10,0.7789,-1,-1,-1
378,4,1071.57,399.28,223.44,615.47,0.7752,-1,-1,-1
378,9,946.45,413.28,155.54,522.78,0.7802,-1,-1,-1
378,11,494.92,396.40,147.16,373.13,0.7880,-1,-1,-1
378,12,292.58,440.72,136.47,309.09,0.6757,-1,-1,-1
378,13,159.52,440.29,211.47,376.01,0.8198,-1,-1,-1
378,14,0.28,434.48,128.05,375.14,0.8289,-1,-1,-1
379,4,1071.20,397.26,222.22,617.00,0.8307,-1,-1,-1
379,9,946.31,411.26,156.66,523.81,0.8144,-1,-1,-1
379,11,500.68,396.67,157.65,373.74,0.7933,-1,-1,-1
379,12,309.70,439.53,118.96,309.30,0.6841,-1,-1,-1
379,13,159.30,441.54,216.00,374.57,0.8247,-1,-1,-1
379,14,0.28,429.41,141.22,378.50,0.8210,-1,-1,-1
380,4,1071.58,395.61,221.15,618.48,0.8255,-1,-1,-1
380,9,946.80,407.64,159.10,526.43,0.8113,-1,-1,-1
380,11,505.79,398.63,163.33,372.01,0.6394,-1,-1,-1
380,12,322.00,444.55,102.94,306.41,0.6351,-1,-1,-1
380,13,160.83,443.25,221.20,371.40,0.8376,-1,-1,-1
380,14,0.41,427.50,160.22,379.32,0.7753,-1,-1,-1
381,4,1072.18,393.93,217.41,620.36,0.7992,-1,-1,-1
381,9,952.94,411.24,155.27,526.18,0.7699,-1,-1,-1
381,11,516.17,405.60,149.84,365.40,0.5864,-1,-1,-1
381,12,324.93,442.28,98.51,309.65,0.7057,-1,-1,-1
381,13,158.75,444.33,226.34,367.01,0.8610,-1,-1,-1
381,14,0.61,433.85,173.86,372.50,0.7523,-1,-1,-1
382,4,1073.43,396.79,219.94,617.83,0.8144,-1,-1,-1
382,9,952.82,414.42,158.09,521.20,0.7518,-1,-1,-1
382,11,533.11,405.63,140.08,364.24,0.6057,-1,-1,-1
382,12,334.65,442.11,95.46,307.41,0.6878,-1,-1,-1
382,13,164.42,442.99,220.72,367.14,0.8295,-1,-1,-1
382,14,0.62,435.78,182.26,369.70,0.8045,-1,-1,-1
383,4,1073.58,397.28,220.35,617.58,0.8288,-1,-1,-1
383,9,954.32,416.34,156.91,521.73,0.6962,-1,-1,-1
383,11,530.19,411.38,150.38,358.53,0.6916,-1,-1,-1
383,12,345.20,443.85,96.94,301.86,0.5557,-1,-1,-1
383,13,181.85,442.44,203.31,366.86,0.7935,-1,-1,-1
383,14,0.40,436.17,193.31,368.68,0.8582,-1,-1,-1
384,4,1073.85,397.12,220.27,617.84,0.8328,-1,-1,-1
384,9,955.81,416.54,153.68,522.75,0.7106,-1,-1,-1
384,11,531.57,408.60,154.56,361.24,0.7506,-1,-1,-1
384,12,361.51,453.16,92.18,290.97,0.6045,-1,-1,-1
384,13,194.94,437.44,189.59,371.60,0.7938,-1,-1,-1
384,14,0.45,433.22,202.34,372.60,0.8756,-1,-1,-1
385,4,1074.09,397.16,219.30,617.87,0.7877,-1,-1,-1
385,9,957.94,416.57,150.63,523.70,0.7201,-1,-1,-1
385,11,535.60,408.27,154.44,361.75,0.7874,-1,-1,-1
385,12,365.47,443.61,95.87,299.81,0.7056,-1,-1,-1
385,13,210.80,434.31,173.82,369.63,0.8060,-1,-1,-1
385,14,0.41,434.59,212.64,371.53,0.8629,-1,-1,-1
386,4,1073.93,397.41,220.23,617.33,0.7060,-1,-1,-1
386,9,960.40,415.06,149.48,526.40,0.7416,-1,-1,-1
386,11,540.25,406.45,154.23,363.08,0.8329,-1,-1,-1
386,12,369.14,439.80,110.45,304.83,0.7071,-1,-1,-1
386,13,230.19,435.22,152.67,365.83,0.7921,-1,-1,-1
386,14,0.19,433.13,215.62,374.25,0.8359,-1,-1,-1
387,4,1073.63,397.60,220.46,616.78,0.7757,-1,-1,-1
387,9,960.40,416.35,148.42,524.47,0.7225,-1,-1,-1
387,11,542.99,407.08,151.65,360.73,0.8455,-1,-1,-1
387,12,370.00,438.60,134.47,307.65,0.8056,-1,-1,-1
387,13,253.78,431.61,128.27,367.20,0.5758,-1,-1,-1
387,14,1.63,432.85,213.90,373.13,0.8367,-1,-1,-1
388,4,1061.71,397.16,243.52,617.93,0.7372,-1,-1,-1
388,9,960.92,417.45,145.35,523.11,0.7216,-1,-1,-1
388,11,546.44,405.87,148.24,358.75,0.8252,-1,-1,-1
388,12,370.90,439.75,150.68,308.06,0.7892,-1,-1,-1
388,13,275.55,433.20,105.82,363.58,0.6753,-1,-1,-1
388,14,9.90,432.06,204.53,372.00,0.8071,-1,-1,-1
389,4,1056.66,397.37,288.13,617.73,0.7262,-1,-1,-1
389,9,962.85,418.03,140.11,522.33,0.7017,-1,-1,-1
389,11,549.30,407.87,145.91,355.54,0.8064,-1,-1,-1
389,12,368.21,441.07,165.34,304.52,0.8016,-1,-1,-1
389,13,285.99,429.53,100.55,368.45,0.6786,-1,-1,-1
389,14,20.34,425.25,193.99,374.64,0.7874,-1,-1,-1
390,4,1057.18,397.20,303.22,618.48,0.7742,-1,-1,-1
390,9,965.54,418.08,135.79,523.24,0.6751,-1,-1,-1
390,11,554.90,409.38,141.06,352.40,0.8007,-1,-1,-1
390,12,370.51,440.94,171.26,303.26,0.8139,-1,-1,-1
390,13,285.26,433.48,108.84,364.53,0.5260,-1,-1,-1
390,14,32.16,426.84,184.20,370.96,0.7948,-1,-1,-1
391,4,1054.00,397.10,313.64,618.53,0.7778,-1,-1,-1
391,9,972.12,416.93,128.16,527.57,0.6590,-1,-1,-1
391,11,560.67,411.51,135.44,351.79,0.8018,-1,-1,-1
391,12,377.18,441.09,168.28,300.21,0.7847,-1,-1,-1
391,13,299.57,436.99,103.21,361.75,0.5330,-1,-1,-1
391,14,40.43,428.04,176.47,369.50,0.7605,-1,-1,-1
392,4,1052.46,397.85,314.52,618.24,0.7845,-1,-1,-1
392,9,978.62,412.99,123.23,527.95,0.6500,-1,-1,-1
392,11,568.42,408.99,128.68,356.23,0.7869,-1,-1,-1
392,12,389.02,439.66,157.94,299.10,0.7245,-1,-1,-1
392,13,308.50,437.47,117.23,361.85,0.6567,-1,-1,-1
392,14,52.03,431.67,166.36,364.03,0.7637,-1,-1,-1
393,4,1049.76,398.26,316.58,618.29,0.8134,-1,-1,-1
393,9,971.05,416.84,130.31,525.47,0.6501,-1,-1,-1
393,11,576.21,413.13,121.37,344.19,0.7914,-1,-1,-1
393,12,399.07,439.61,148.06,296.95,0.7274,-1,-1,-1
393,13,312.52,440.09,138.71,359.54,0.7908,-1,-1,-1
393,14,77.58,429.52,144.53,365.50,0.6330,-1,-1,-1
394,4,1053.33,398.23,286.83,617.47,0.6771,-1,-1,-1
394,9,979.96,413.73,120.43,525.68,0.6298,-1,-1,-1
394,11,582.72,412.46,114.86,341.01,0.7606,-1,-1,-1
394,12,410.75,442.66,137.92,292.75,0.7292,-1,-1,-1
394,13,314.45,443.09,148.58,357.33,0.7241,-1,-1,-1
394,14,71.14,428.77,159.36,366.71,0.7570,-1,-1,-1
395,4,1055.03,397.21,272.22,618.35,0.7000,-1,-1,-1
395,9,985.33,413.17,113.77,524.58,0.6579,-1,-1,-1
395,11,587.93,413.50,111.48,336.45,0.7668,-1,-1,-1
395,12,421.41,441.17,127.00,293.91,0.7396,-1,-1,-1
395,13,314.55,443.86,156.65,357.08,0.7475,-1,-1,-1
395,14,72.39,430.14,163.77,365.80,0.7789,-1,-1,-1
396,4,1056.99,398.45,292.70,618.05,0.7612,-1,-1,-1
396,9,984.91,413.54,113.59,523.74,0.6218,-1,-1,-1
396,11,591.90,423.03,112.32,322.23,0.7561,-1,-1,-1
396,12,433.99,443.21,114.27,289.14,0.6563,-1,-1,-1
396,13,313.10,442.80,170.34,356.45,0.7601,-1,-1,-1
396,14,99.96,441.30,141.41,353.72,0.5854,-1,-1,-1
397,4,1060.56,398.57,262.07,618.63,0.7906,-1,-1,-1
397,9,985.39,413.64,112.91,524.20,0.6774,-1,-1,-1
397,11,596.06,419.50,112.85,324.94,0.7488,-1,-1,-1
397,12,447.70,465.95,98.80,264.15,0.5730,-1,-1,-1
397,13,312.88,434.36,174.43,364.12,0.7633,-1,-1,-1
397,14,127.19,436.40,123.84,359.72,0.6219,-1,-1,-1
398,4,1063.73,399.10,246.89,619.03,0.8380,-1,-1,-1
398,9,975.15,415.20,123.57,524.68,0.6354,-1,-1,-1
398,11,599.52,423.18,117.08,319.59,0.7559,-1,-1,-1
398,12,448.20,443.84,98.88,287.16,0.7328,-1,-1,-1
398,13,313.96,436.46,179.40,360.21,0.8204,-1,-1,-1
398,14,136.86,436.27,125.43,359.90,0.7496,-1,-1,-1
399,4,1065.50,400.32,241.18,617.90,0.8375,-1,-1,-1
399,9,970.43,415.36,129.36,525.15,0.6614,-1,-1,-1
399,11,604.79,427.61,122.86,312.68,0.7882,-1,-1,-1
399,12,463.60,442.12,85.39,289.31,0.6275,-1,-1,-1
399,13,316.87,437.67,176.81,358.96,0.8309,-1,-1,-1
399,14,137.46,433.48,151.44,361.52,0.7641,-1,-1,-1
400,4,1067.63,400.40,237.22,618.38,0.8528,-1,-1,-1
400,9,968.68,414.16,130.75,526.67,0.6565,-1,-1,-1
400,11,607.22,423.82,131.52,316.27,0.7794,-1,-1,-1
400,12,471.26,439.73,81.82,290.14,0.7307,-1,-1,-1
400,13,316.63,435.69,177.59,360.08,0.8428,-1,-1,-1
400,14,140.49,433.04,169.81,360.89,0.7803,-1,-1,-1
401,4,1069.16,399.86,235.05,619.27,0.8464,-1,-1,-1
401,9,979.39,411.57,118.32,527.07,0.6369,-1,-1,-1
401,11,609.58,423.95,144.26,315.77,0.7721,-1,-1,-1
401,12,480.23,443.51,80.44,287.62,0.7209,-1,-1,-1
401,13,322.75,436.59,172.05,356.68,0.8149,-1,-1,-1
401,14,141.96,433.13,174.69,360.91,0.8140,-1,-1,-1
402,4,1071.32,399.51,231.25,619.94,0.8370,-1,-1,-1
402,9,983.94,410.86,113.10,527.22,0.6261,-1,-1,-1
402,11,615.38,417.12,151.39,322.71,0.8021,-1,-1,-1
402,12,484.30,449.17,86.42,280.05,0.7226,-1,-1,-1
402,13,335.22,442.44,159.41,348.65,0.8264,-1,-1,-1
402,14,144.32,435.36,174.88,357.54,0.8097,-1,-1,-1
403,4,1074.62,399.71,227.13,619.58,0.8374,-1,-1,-1
403,9,970.97,415.13,127.90,524.96,0.6182,-1,-1,-1
403,11,619.19,411.11,158.15,330.24,0.8362,-1,-1,-1
403,12,488.90,445.88,95.79,283.23,0.6044,-1,-1,-1
403,13,347.03,448.73,148.48,335.68,0.7465,-1,-1,-1
403,14,144.18,438.73,184.15,354.17,0.8039,-1,-1,-1
404,4,1076.55,399.84,225.52,620.33,0.8293,-1,-1,-1
404,9,965.98,416.81,132.91,524.81,0.6687,-1,-1,-1
404,11,623.78,407.92,163.63,334.67,0.8022,-1,-1,-1
404,12,491.08,441.04,115.47,286.59,0.6404,-1,-1,-1
404,13,357.53,443.77,140.36,339.63,0.7213,-1,-1,-1
404,14,150.37,438.55,183.97,351.54,0.8273,-1,-1,-1
405,4,1078.29,400.36,213.96,619.15,0.8328,-1,-1,-1
405,9,964.12,416.55,134.87,525.33,0.6856,-1,-1,-1
405,11,627.72,414.25,166.45,329.37,0.7875,-1,-1,-1
405,12,495.82,444.15,123.29,283.52,0.6790,-1,-1,-1
405,13,377.77,438.02,119.44,340.04,0.7012,-1,-1,-1
405,14,155.12,437.00,179.02,351.08,0.8182,-1,-1,-1
406,4,1077.13,399.35,209.40,620.61,0.8325,-1,-1,-1
406,9,961.61,416.04,137.00,525.80,0.6971,-1,-1,-1
406,11,632.15,420.73,166.64,322.59,0.7930,-1,-1,-1
406,12,499.95,447.67,123.86,279.59,0.6744,-1,-1,-1
406,13,395.83,434.79,103.24,337.87,0.7057,-1,-1,-1
406,14,159.79,436.01,173.18,352.33,0.8076,-1,-1,-1
407,4,1076.45,397.13,203.89,622.15,0.8346,-1,-1,-1
407,9,958.50,417.62,139.11,523.83,0.7252,-1,-1,-1
407,11,636.03,416.56,163.42,327.08,0.8541,-1,-1,-1
407,12,496.95,446.30,135.04,283.98,0.7084,-1,-1,-1
407,13,410.48,434.53,93.40,335.80,0.6730,-1,-1,-1
407,14,171.75,433.60,164.25,355.08,0.8026,-1,-1,-1
408,4,1073.88,397.65,201.96,622.39,0.8385,-1,-1,-1
408,9,959.11,417.35,138.75,523.82,0.7100,-1,-1,-1
408,11,641.18,418.67,159.27,325.76,0.8466,-1,-1,-1
408,12,500.93,440.67,139.23,289.27,0.7524,-1,-1,-1
408,13,408.49,433.65,100.91,336.19,0.6180,-1,-1,-1
408,14,185.56,433.36,152.84,352.02,0.7955,-1,-1,-1
409,4,1073.79,398.89,198.64,620.52,0.8396,-1,-1,-1
409,9,959.12,417.03,140.17,523.58,0.7043,-1,-1,-1
409,11,643.88,418.01,157.22,326.37,0.8314,-1,-1,-1
409,12,500.41,436.73,143.39,293.34,0.7531,-1,-1,-1
409,13,400.84,437.02,116.26,331.90,0.6158,-1,-1,-1
409,14,201.94,435.69,138.18,339.05,0.7232,-1,-1,-1
410,4,1073.38,398.20,192.16,620.97,0.8459,-1,-1,-1
410,9,959.44,418.87,139.07,521.14,0.7095,-1,-1,-1
410,11,645.72,412.72,156.45,331.78,0.8197,-1,-1,-1
410,12,511.13,438.80,133.79,285.14,0.7308,-1,-1,-1
410,13,416.60,438.48,115.44,331.14,0.5810,-1,-1,-1
410,14,222.49,435.35,123.35,336.60,0.6605,-1,-1,-1
411,4,1072.18,398.26,186.11,620.79,0.8467,-1,-1,-1
411,9,958.38,420.86,140.18,518.62,0.7181,-1,-1,-1
411,11,646.02,416.58,155.80,325.99,0.8265,-1,-1,-1
411,12,521.10,440.46,123.03,282.81,0.6931,-1,-1,-1
411,13,423.75,436.52,131.95,330.96,0.6693,-1,-1,-1
411,14,247.68,428.30,105.66,341.30,0.5464,-1,-1,-1
412,4,1071.02,399.75,185.47,618.73,0.8433,-1,-1,-1
412,9,961.14,421.71,137.48,518.24,0.6861,-1,-1,-1
412,11,646.01,406.98,155.93,335.94,0.8270,-1,-1,-1
412,12,528.86,437.89,116.49,283.41,0.7386,-1,-1,-1
412,13,420.83,436.14,147.74,331.21,0.6617,-1,-1,-1
412,14,264.10,426.90,99.44,342.50,0.7140,-1,-1,-1
413,4,1070.91,401.34,185.17,617.27,0.8518,-1,-1,-1
413,9,959.22,421.67,140.39,518.26,0.7356,-1,-1,-1
413,11,647.97,408.34,154.00,333.12,0.8040,-1,-1,-1
413,12,547.61,436.55,101.90,283.12,0.6168,-1,-1,-1
413,13,431.94,435.05,154.32,331.26,0.7118,-1,-1,-1
413,14,269.78,426.11,104.69,344.32,0.7255,-1,-1,-1
414,4,1066.57,404.06,188.68,614.95,0.8609,-1,-1,-1
414,9,961.10,421.59,137.93,516.86,0.6944,-1,-1,-1
414,11,653.08,419.91,148.03,320.84,0.8022,-1,-1,-1
414,12,558.41,437.45,95.24,282.30,0.6543,-1,-1,-1
414,13,436.54,436.91,158.91,329.02,0.7424,-1,-1,-1
414,14,273.21,424.59,109.83,346.92,0.6973,-1,-1,-1
415,4,1064.07,407.54,191.27,611.73,0.8578,-1,-1,-1
415,9,963.40,419.95,133.65,518.52,0.7134,-1,-1,-1
415,11,657.62,424.55,143.62,316.40,0.8065,-1,-1,-1
415,12,562.45,434.32,92.02,286.57,0.6031,-1,-1,-1
415,13,436.17,438.53,162.89,327.50,0.7651,-1,-1,-1
415,14,278.91,430.94,116.75,340.60,0.6670,-1,-1,-1
416,4,1061.42,410.90,195.30,608.75,0.8636,-1,-1,-1
416,9,964.19,419.31,131.73,519.21,0.7053,-1,-1,-1
416,11,666.81,430.56,134.72,308.08,0.7948,-1,-1,-1
416,12,570.67,433.81,87.18,286.48,0.7329,-1,-1,-1
416,13,435.74,440.89,163.62,325.44,0.8113,-1,-1,-1
416,14,287.41,435.54,115.65,334.79,0.7308,-1,-1,-1
416,15,870.34,440.58,51.28,165.96,0.6147,-1,-1,-1
417,4,1061.54,409.52,197.02,610.85,0.8532,-1,-1,-1
417,9,968.11,417.39,128.18,518.37,0.6690,-1,-1,-1
417,11,675.87,424.69,125.94,310.36,0.8033,-1,-1,-1
417,12,569.64,435.53,96.71,283.88,0.6753,-1,-1,-1
417,13,436.13,449.69,164.23,316.96,0.7914,-1,-1,-1
417,14,289.18,437.96,128.75,330.71,0.5965,-1,-1,-1
417,15,868.99,439.06,50.99,166.95,0.6314,-1,-1,-1
418,4,1059.57,405.87,199.88,614.63,0.8571,-1,-1,-1
418,9,968.38,418.06,126.86,519.49,0.6730,-1,-1,-1
418,11,682.07,413.77,121.81,318.36,0.7850,-1,-1,-1
418,12,581.53,436.12,94.41,282.42,0.7152,-1,-1,-1
418,13,438.20,446.42,158.86,319.41,0.8079,-1,-1,-1
418,14,290.00,436.02,142.79,332.58,0.6845,-1,-1,-1
418,15,868.18,439.74,48.83,164.87,0.5207,-1,-1,-1
419,4,1056.82,407.63,204.70,612.86,0.8490,-1,-1,-1
419,9,969.97,419.54,125.69,517.10,0.6840,-1,-1,-1
419,11,688.25,407.17,120.29,324.00,0.8005,-1,-1,-1
419,12,588.52,436.98,91.23,280.37,0.7164,-1,-1,-1
419,13,441.10,439.41,159.53,324.57,0.8021,-1,-1,-1
419,14,291.20,438.17,155.81,330.70,0.7582,-1,-1,-1
419,15,866.09,440.91,45.87,163.69,0.5460,-1,-1,-1
420,4,1054.05,409.19,212.65,611.61,0.8393,-1,-1,-1
420,9,970.68,415.52,123.93,521.74,0.5912,-1,-1,-1
420,11,694.93,407.31,116.69,323.08,0.7801,-1,-1,-1
420,12,586.98,436.91,97.24,278.21,0.7143,-1,-1,-1
420,13,448.07,435.79,152.96,327.33,0.7692,-1,-1,-1
420,14,293.55,442.10,161.30,326.84,0.7818,-1,-1,-1
421,4,1051.13,409.20,215.71,611.63,0.8238,-1,-1,-1
421,9,969.35,412.25,123.95,525.42,0.5960,-1,-1,-1
421,11,697.78,418.57,111.21,311.90,0.7099,-1,-1,-1
421,12,589.34,438.98,108.56,277.23,0.7297,-1,-1,-1
421,13,448.34,434.37,150.99,326.87,0.7421,-1,-1,-1
421,14,292.69,439.63,167.15,328.87,0.7781,-1,-1,-1
422,4,1047.35,407.09,216.04,614.35,0.8181,-1,-1,-1
422,9,968.78,412.59,124.31,525.12,0.5194,-1,-1,-1
422,11,701.91,431.62,108.30,296.15,0.6475,-1,-1,-1
422,12,595.43,440.49,114.09,276.30,0.7147,-1,-1,-1
422,13,459.61,435.13,135.77,325.62,0.6973,-1,-1,-1
422,14,292.95,439.59,182.93,327.67,0.8232,-1,-1,-1
423,4,1046.13,404.03,218.33,618.22,0.8158,-1,-1,-1
423,9,969.02,416.42,123.28,520.57,0.4224,-1,-1,-1
423,11,707.15,436.01,105.67,291.89,0.6213,-1,-1,-1
423,12,601.76,443.06,121.87,272.97,0.7249,-1,-1,-1
423,13,470.53,437.21,123.15,320.26,0.7150,-1,-1,-1
423,14,292.59,436.90,187.14,329.48,0.7820,-1,-1,-1
424,4,1047.49,399.90,217.53,624.37,0.7840,-1,-1,-1
424,9,969.04,462.48,121.40,472.83,0.4158,-1,-1,-1
424,11,711.33,431.24,104.44,298.05,0.6344,-1,-1,-1
424,12,607.68,443.22,130.30,272.28,0.7741,-1,-1,-1
424,13,477.03,437.22,120.72,320.51,0.7190,-1,-1,-1
424,14,300.42,436.86,179.58,327.77,0.7752,-1,-1,-1
425,4,1048.49,397.80,208.75,633.00,0.7193,-1,-1,-1
425,9,970.74,482.48,119.52,451.11,0.5232,-1,-1,-1
425,11,714.20,421.78,112.99,305.09,0.7297,-1,-1,-1
425,12,610.82,448.83,130.55,266.73,0.7356,-1,-1,-1
425,13,487.98,438.73,112.81,318.91,0.6390,-1,-1,-1
425,14,310.28,437.92,170.23,325.66,0.7789,-1,-1,-1
426,4,1050.04,397.47,201.87,638.28,0.7136,-1,-1,-1
426,9,970.93,489.83,118.83,441.94,0.5296,-1,-1,-1
426,11,715.55,413.45,115.46,312.42,0.7550,-1,-1,-1
426,12,611.76,448.99,133.10,267.89,0.7206,-1,-1,-1
426,13,514.46,438.38,96.89,315.89,0.6455,-1,-1,-1
426,14,321.44,434.41,157.96,329.45,0.7909,-1,-1,-1
427,4,1053.68,400.03,187.70,638.38,0.6815,-1,-1,-1
427,9,971.64,452.71,119.68,478.81,0.4410,-1,-1,-1
427,11,720.44,411.11,111.35,315.26,0.7452,-1,-1,-1
427,12,611.39,450.05,132.63,267.61,0.7150,-1,-1,-1
427,13,520.34,438.64,94.08,315.01,0.6316,-1,-1,-1
427,14,330.67,433.83,151.10,326.17,0.7857,-1,-1,-1
428,4,1058.14,405.65,169.59,622.53,0.6651,-1,-1,-1
428,9,972.59,440.36,120.79,486.65,0.5751,-1,-1,-1
428,11,723.85,417.59,114.60,309.92,0.7234,-1,-1,-1
428,12,609.30,447.71,133.54,268.28,0.6943,-1,-1,-1
428,13,508.18,437.79,109.33,317.29,0.6649,-1,-1,-1
428,14,346.77,436.51,136.12,317.95,0.7381,-1,-1,-1
429,4,1059.75,402.89,164.55,619.38,0.6599,-1,-1,-1
429,9,973.98,452.20,119.11,478.18,0.5119,-1,-1,-1
429,11,727.36,430.97,116.27,296.37,0.7136,-1,-1,-1
429,12,618.17,442.56,123.34,271.59,0.7093,-1,-1,-1
429,13,503.06,438.47,123.78,316.40,0.6045,-1,-1,-1
429,14,366.28,438.03,119.39,314.21,0.7167,-1,-1,-1
430,4,1062.59,403.23,163.18,623.81,0.6894,-1,-1,-1
430,9,975.08,446.08,119.12,482.48,0.5744,-1,-1,-1
430,11,729.52,431.74,119.74,295.44,0.6789,-1,-1,-1
430,12,633.56,441.88,109.09,271.15,0.6002,-1,-1,-1
430,13,510.76,438.05,136.01,317.32,0.5809,-1,-1,-1
430,14,377.46,437.80,109.77,310.23,0.7391,-1,-1,-1
431,4,1065.80,404.31,162.10,629.75,0.6785,-1,-1,-1
431,9,976.11,440.15,120.29,486.93,0.5674,-1,-1,-1
431,11,728.35,430.28,122.94,297.22,0.6862,-1,-1,-1
431,12,642.06,441.86,99.91,266.32,0.5390,-1,-1,-1
431,13,531.61,441.12,132.28,313.75,0.6325,-1,-1,-1
431,14,384.79,438.00,106.33,306.96,0.7315,-1,-1,-1
432,4,1069.36,407.10,167.99,630.62,0.7298,-1,-1,-1
432,9,976.97,443.57,120.90,484.94,0.5618,-1,-1,-1
432,11,728.49,424.70,124.32,301.85,0.6500,-1,-1,-1
432,12,655.66,446.60,84.41,257.68,0.4656,-1,-1,-1
432,13,543.18,441.38,135.17,313.95,0.6603,-1,-1,-1
432,14,388.84,439.65,107.04,308.07,0.7039,-1,-1,-1
432,16,1501.12,302.11,418.70,716.88,0.8262,-1,-1,-1
432,15,836.59,442.95,46.07,150.56,0.6309,-1,-1,-1
433,4,1073.67,409.03,165.84,616.79,0.7190,-1,-1,-1
433,9,978.76,429.71,125.73,498.57,0.5648,-1,-1,-1
433,11,732.57,427.17,121.89,298.02,0.6890,-1,-1,-1
433,12,665.52,446.44,82.32,256.89,0.4254,-1,-1,-1
433,13,544.44,442.53,143.03,313.87,0.6804,-1,-1,-1
433,14,395.74,440.84,107.96,306.24,0.6749,-1,-1,-1
433,16,1458.13,305.28,461.69,712.79,0.7812,-1,-1,-1
433,15,834.51,439.53,47.19,154.64,0.6025,-1,-1,-1
434,4,1076.17,403.74,158.35,558.08,0.4757,-1,-1,-1
434,9,981.37,424.50,132.72,512.75,0.6454,-1,-1,-1
434,11,737.76,420.00,117.95,305.59,0.6974,-1,-1,-1
434,12,669.61,448.70,84.60,254.08,0.4118,-1,-1,-1
434,13,547.88,445.11,142.54,311.32,0.7808,-1,-1,-1
434,14,403.20,440.76,107.13,305.90,0.6780,-1,-1,-1
434,16,1410.65,305.12,490.44,707.72,0.7402,-1,-1,-1
435,4,1082.01,404.87,160.55,439.76,0.6218,-1,-1,-1
435,9,983.92,419.52,136.21,495.88,0.7034,-1,-1,-1
435,11,743.48,422.37,112.36,302.08,0.6921,-1,-1,-1
435,12,683.78,437.72,78.30,266.03,0.5281,-1,-1,-1
435,13,548.72,444.94,145.29,311.48,0.7973,-1,-1,-1
435,14,413.37,437.82,105.95,309.84,0.7632,-1,-1,-1
435,16,1367.88,308.62,469.64,698.63,0.4196,-1,-1,-1
436,4,1087.15,410.27,162.65,415.39,0.6527,-1,-1,-1
436,9,994.03,419.11,133.53,421.27,0.6308,-1,-1,-1
436,11,751.04,424.43,105.48,297.20,0.6587,-1,-1,-1
436,12,696.05,437.08,75.88,270.56,0.4706,-1,-1,-1
436,13,547.36,442.27,148.42,314.03,0.7819,-1,-1,-1
436,14,416.97,437.19,109.39,310.82,0.7577,-1,-1,-1
436,16,1312.56,312.47,456.99,695.87,0.8391,-1,-1,-1
437,4,1093.72,404.39,158.68,427.81,0.6934,-1,-1,-1
437,9,997.85,420.03,135.08,403.36,0.6794,-1,-1,-1
437,11,757.19,416.91,99.86,302.73,0.5656,-1,-1,-1
437,12,706.66,432.56,74.90,276.46,0.4958,-1,-1,-1
437,13,548.15,440.59,148.86,316.64,0.7817,-1,-1,-1
437,14,418.04,438.55,115.68,311.77,0.7785,-1,-1,-1
437,16,1221.37,320.02,477.58,695.35,0.8074,-1,-1,-1
438,4,1098.98,396.68,157.30,444.90,0.8134,-1,-1,-1
438,9,1000.91,422.39,135.44,405.47,0.6851,-1,-1,-1
438,11,768.24,415.06,90.83,303.79,0.5399,-1,-1,-1
438,12,710.30,430.32,81.75,279.46,0.5464,-1,-1,-1
438,13,549.10,441.73,149.41,312.54,0.7833,-1,-1,-1
438,14,421.15,434.40,119.26,316.04,0.8063,-1,-1,-1
438,16,1191.12,328.73,435.13,694.51,0.7261,-1,-1,-1
439,4,1101.78,419.80,154.01,429.79,0.5200,-1,-1,-1
439,9,1000.18,421.79,139.69,419.70,0.7031,-1,-1,-1
439,11,772.31,430.07,88.96,287.82,0.5399,-1,-1,-1
439,12,711.91,434.92,85.86,276.20,0.4631,-1,-1,-1
439,13,551.29,439.86,148.43,314.16,0.7897,-1,-1,-1
439,14,424.31,438.31,123.74,309.53,0.7597,-1,-1,-1
439,16,1153.52,335.48,404.22,696.05,0.7738,-1,-1,-1
440,9,999.25,423.41,145.97,435.12,0.7794,-1,-1,-1
440,11,773.82,439.09,88.10,277.67,0.5876,-1,-1,-1
440,12,712.76,437.57,85.71,273.53,0.5185,-1,-1,-1
440,13,552.19,440.75,148.04,313.44,0.7787,-1,-1,-1
440,14,428.74,438.31,124.32,306.30,0.7012,-1,-1,-1
440,16,1101.89,351.22,387.44,680.70,0.7385,-1,-1,-1
441,9,999.78,431.64,139.99,407.88,0.4463,-1,-1,-1
441,11,776.65,436.14,86.39,276.56,0.5722,-1,-1,-1
441,12,713.37,444.88,95.65,266.53,0.5608,-1,-1,-1
441,13,552.99,441.01,147.01,312.71,0.7495,-1,-1,-1
441,14,436.14,438.75,118.42,302.79,0.6945,-1,-1,-1
441,16,1048.78,359.21,370.24,670.79,0.7502,-1,-1,-1
442,11,778.51,430.82,87.62,279.32,0.5486,-1,-1,-1
442,12,713.62,447.78,109.94,264.21,0.5509,-1,-1,-1
442,13,560.27,439.74,140.33,310.55,0.7671,-1,-1,-1
442,14,443.02,437.47,110.79,307.56,0.6985,-1,-1,-1
442,16,1002.70,366.06,354.99,656.57,0.7934,-1,-1,-1
442,17,1306.50,431.45,151.11,324.98,0.7323,-1,-1,-1
443,11,784.00,428.42,82.53,281.92,0.6363,-1,-1,-1
443,12,712.91,444.47,114.75,267.02,0.5487,-1,-1,-1
443,13,566.95,438.35,134.52,310.96,0.7965,-1,-1,-1
443,14,450.23,439.92,106.09,303.04,0.7198,-1,-1,-1
443,16,958.96,365.74,344.59,650.97,0.8090,-1,-1,-1
443,17,1310.54,431.85,149.00,326.40,0.6962,-1,-1,-1
444,11,787.22,430.78,84.38,279.70,0.5137,-1,-1,-1
444,12,712.20,443.65,127.42,267.43,0.5969,-1,-1,-1
444,13,578.60,437.16,123.09,308.58,0.7457,-1,-1,-1
444,14,461.16,436.49,99.67,304.26,0.7627,-1,-1,-1
444,16,916.50,364.45,332.85,648.59,0.8144,-1,-1,-1
444,17,1314.12,432.60,145.14,329.49,0.6649,-1,-1,-1
445,11,785.62,436.44,89.77,275.83,0.5027,-1,-1,-1
445,12,712.35,445.65,107.39,263.40,0.4187,-1,-1,-1
445,13,587.31,437.77,114.56,306.81,0.7545,-1,-1,-1
445,14,468.85,434.56,99.67,301.07,0.7620,-1,-1,-1
445,16,875.31,355.06,334.16,654.92,0.7808,-1,-1,-1
445,17,1324.55,432.91,134.75,328.59,0.7329,-1,-1,-1
446,11,790.58,429.88,88.25,281.67,0.5665,-1,-1,-1
446,12,713.29,450.78,109.43,258.13,0.4560,-1,-1,-1
446,13,603.34,438.76,99.35,303.70,0.6878,-1,-1,-1
446,14,471.36,434.69,103.70,294.57,0.7215,-1,-1,-1
446,16,841.98,346.46,325.55,652.69,0.7818,-1,-1,-1
446,17,1334.02,432.36,124.84,329.02,0.7050,-1,-1,-1
446,4,1134.10,427.63,194.65,627.53,0.7608,-1,-1,-1
447,12,716.61,451.55,106.38,256.22,0.3903,-1,-1,-1
447,13,610.72,433.72,95.85,308.14,0.6748,-1,-1,-1
447,14,474.70,431.24,105.78,295.52,0.6842,-1,-1,-1
447,16,800.67,337.11,329.82,652.22,0.7791,-1,-1,-1
447,17,1341.31,431.27,118.83,329.55,0.6710,-1,-1,-1
447,4,1135.24,419.19,194.97,651.22,0.7876,-1,-1,-1
448,12,724.13,445.76,122.63,262.84,0.4134,-1,-1,-1
448,13,606.76,434.54,104.16,308.70,0.6110,-1,-1,-1
448,14,482.96,434.11,103.04,285.13,0.5837,-1,-1,-1
448,16,765.81,333.76,331.28,644.46,0.7764,-1,-1,-1
448,17,1346.84,423.40,116.46,339.14,0.7803,-1,-1,-1
448,4,1138.52,420.13,197.07,656.27,0.7741,-1,-1,-1
449,13,625.92,434.73,93.73,307.98,0.5933,-1,-1,-1
449,14,485.30,436.81,105.60,282.86,0.7027,-1,-1,-1
449,16,729.70,332.59,331.18,644.69,0.7325,-1,-1,-1
449,17,1350.76,421.33,113.61,340.70,0.7499,-1,-1,-1
449,4,1142.36,424.38,192.49,651.70,0.7308,-1,-1,-1
449,9,1030.07,420.44,156.21,529.74,0.8014,-1,-1,-1
450,13,635.46,434.79,87.54,303.41,0.6590,-1,-1,-1
450,14,486.76,435.83,106.66,285.17,0.6994,-1,-1,-1
450,16,695.63,335.86,328.83,633.94,0.7554,-1,-1,-1
450,17,1353.33,420.51,116.64,340.86,0.7539,-1,-1,-1
450,4,1143.85,420.92,210.59,652.28,0.8143,-1,-1,-1
450,9,1033.58,415.52,158.76,545.46,0.7720,-1,-1,-1
451,13,644.91,437.98,81.01,300.40,0.6660,-1,-1,-1
451,14,489.71,434.35,118.54,289.20,0.6379,-1,-1,-1
451,16,660.39,339.85,331.42,637.27,0.7167,-1,-1,-1
451,17,1353.57,418.04,122.71,345.44,0.7263,-1,-1,-1
451,4,1136.61,418.86,248.36,655.12,0.8218,-1,-1,-1
451,9,1036.44,412.50,159.49,552.60,0.7848,-1,-1,-1
452,14,490.23,433.71,127.27,289.94,0.7212,-1,-1,-1
452,16,634.20,347.24,322.06,634.56,0.7140,-1,-1,-1
452,17,1358.93,417.25,125.47,347.00,0.7839,-1,-1,-1
452,4,1107.09,416.43,293.54,657.36,0.7161,-1,-1,-1
452,9,1040.61,413.22,159.70,552.49,0.7996,-1,-1,-1
453,14,496.17,436.27,125.53,286.59,0.7166,-1,-1,-1
453,16,586.66,358.47,345.58,667.42,0.5391,-1,-1,-1
453,17,1365.77,417.30,123.80,346.63,0.8186,-1,-1,-1
453,4,1135.73,415.90,294.26,652.73,0.8064,-1,-1,-1
453,9,1047.01,413.92,153.11,549.46,0.7940,-1,-1,-1
454,14,504.58,437.61,111.65,284.52,0.7768,-1,-1,-1
454,16,541.90,368.59,361.02,656.70,0.6761,-1,-1,-1
454,17,1370.01,417.30,125.12,349.25,0.8185,-1,-1,-1
454,4,1144.58,410.43,303.09,662.66,0.7958,-1,-1,-1
454,9,1049.19,414.93,155.08,544.84,0.7732,-1,-1,-1
455,14,514.01,449.28,94.40,268.46,0.6617,-1,-1,-1
455,16,499.16,384.65,368.78,630.84,0.6355,-1,-1,-1
455,17,1372.99,418.08,127.87,349.53,0.8235,-1,-1,-1
455,4,1148.97,417.15,304.08,661.25,0.7103,-1,-1,-1
455,9,1052.86,417.28,167.47,545.55,0.7694,-1,-1,-1
455,11,819.79,420.77,77.20,288.18,0.6186,-1,-1,-1
456,16,460.39,391.92,375.20,646.10,0.7102,-1,-1,-1
456,17,1376.41,419.26,130.37,353.18,0.8206,-1,-1,-1
456,4,1150.87,421.89,309.52,659.00,0.7526,-1,-1,-1
456,9,1056.70,419.49,169.08,544.05,0.7770,-1,-1,-1
456,11,813.65,420.04,87.63,289.53,0.5994,-1,-1,-1
457,16,411.78,395.61,381.38,645.13,0.6782,-1,-1,-1
457,17,1379.08,420.18,134.08,357.21,0.8461,-1,-1,-1
457,4,1152.30,414.99,297.77,665.09,0.8215,-1,-1,-1
457,9,1061.59,420.33,166.50,544.22,0.8057,-1,-1,-1
457,11,808.85,413.88,95.73,295.31,0.6822,-1,-1,-1
458,16,375.33,394.13,389.80,665.86,0.7577,-1,-1,-1
458,17,1386.10,421.36,133.92,359.21,0.8286,-1,-1,-1
458,4,1153.21,414.94,302.85,664.17,0.8403,-1,-1,-1
458,9,1068.65,419.30,160.90,541.95,0.8052,-1,-1,-1
458,11,808.99,415.38,97.58,292.79,0.6733,-1,-1,-1
459,16,340.05,390.33,394.55,679.77,0.8429,-1,-1,-1
459,17,1391.50,423.22,143.66,361.31,0.8361,-1,-1,-1
459,4,1154.78,414.83,313.71,664.20,0.8347,-1,-1,-1
459,9,1075.94,418.50,157.07,545.46,0.7695,-1,-1,-1
459,11,816.84,419.12,87.94,285.73,0.5964,-1,-1,-1
460,16,302.57,388.32,404.45,677.77,0.6813,-1,-1,-1
460,17,1397.37,423.77,156.00,363.40,0.8448,-1,-1,-1
460,4,1158.20,412.76,311.25,664.46,0.8424,-1,-1,-1
460,9,1085.84,418.59,152.09,547.50,0.7160,-1,-1,-1
460,11,820.99,422.11,87.93,279.90,0.5387,-1,-1,-1
460,13,668.82,440.45,131.54,294.93,0.6883,-1,-1,-1
461,16,274.53,375.39,404.13,698.15,0.8020,-1,-1,-1
461,17,1401.43,425.08,163.30,364.86,0.8553,-1,-1,-1
461,4,1160.48,411.03,310.31,667.54,0.8619,-1,-1,-1
461,9,1097.87,421.46,151.05,552.65,0.7144,-1,-1,-1
461,11,818.86,416.76,96.76,284.45,0.5822,-1,-1,-1
461,13,659.57,439.78,145.22,297.24,0.7445,-1,-1,-1
462,16,250.08,370.55,396.42,704.22,0.7669,-1,-1,-1
462,17,1403.99,425.72,166.86,366.19,0.8152,-1,-1,-1
462,4,1159.02,405.64,313.62,672.03,0.8665,-1,-1,-1
462,9,1099.59,419.99,157.30,555.75,0.7319,-1,-1,-1
462,11,813.86,413.38,102.72,288.95,0.6093,-1,-1,-1
462,13,664.58,439.99,139.36,297.19,0.6930,-1,-1,-1
463,16,244.29,364.19,382.13,710.24,0.7795,-1,-1,-1
463,17,1405.83,429.72,170.93,366.92,0.8299,-1,-1,-1
463,4,1161.44,403.25,310.88,674.26,0.8028,-1,-1,-1
463,9,1103.22,416.99,157.41,557.43,0.7728,-1,-1,-1
463,11,810.91,411.68,109.56,290.55,0.5966,-1,-1,-1
463,13,672.40,439.49,126.57,296.12,0.6768,-1,-1,-1
463,14,565.84,433.38,93.45,276.31,0.7023,-1,-1,-1
464,16,221.89,359.69,385.14,713.58,0.8127,-1,-1,-1
464,17,1413.58,426.98,165.91,372.42,0.8498,-1,-1,-1
464,4,1167.47,401.72,303.80,674.52,0.7970,-1,-1,-1
464,9,1105.50,413.16,162.32,563.56,0.7788,-1,-1,-1
464,11,810.08,411.87,114.81,291.53,0.6319,-1,-1,-1
464,13,681.39,438.94,117.36,292.72,0.6808,-1,-1,-1
464,14,572.37,432.54,92.29,275.16,0.6955,-1,-1,-1
465,16,196.89,361.24,393.33,709.08,0.7816,-1,-1,-1
465,17,1421.79,424.04,158.34,377.83,0.8425,-1,-1,-1
465,4,1183.54,401.74,286.72,676.09,0.8342,-1,-1,-1
465,9,1108.79,415.82,159.75,560.66,0.7699,-1,-1,-1
465,11,817.93,412.40,108.49,291.17,0.6263,-1,-1,-1
465,13,686.56,439.09,113.94,291.78,0.6241,-1,-1,-1
465,14,568.68,431.03,100.10,276.29,0.6809,-1,-1,-1
466,16,159.38,365.79,399.28,706.07,0.7489,-1,-1,-1
466,17,1432.92,421.09,146.98,382.32,0.8450,-1,-1,-1
466,4,1196.01,402.30,274.78,675.11,0.8168,-1,-1,-1
466,9,1108.30,419.78,165.34,554.52,0.7764,-1,-1,-1
466,11,823.33,409.69,106.38,294.84,0.6718,-1,-1,-1
466,13,705.11,438.69,108.28,291.33,0.6405,-1,-1,-1
466,14,565.56,430.18,106.23,277.75,0.6879,-1,-1,-1
467,16,131.45,369.76,401.99,702.41,0.8542,-1,-1,-1
467,17,1447.80,420.35,135.35,384.72,0.8018,-1,-1,-1
467,4,1216.45,404.18,259.76,666.58,0.7362,-1,-1,-1
467,9,1109.30,425.50,171.47,549.03,0.7268,-1,-1,-1
467,11,828.36,407.89,100.47,297.05,0.6768,-1,-1,-1
467,13,719.51,440.03,97.83,290.66,0.6692,-1,-1,-1
467,14,569.75,428.61,103.52,279.43,0.6872,-1,-1,-1
468,16,115.16,372.56,390.75,701.03,0.8187,-1,-1,-1
468,17,1459.56,415.64,131.44,388.39,0.8166,-1,-1,-1
468,4,1239.03,405.28,244.26,654.03,0.6435,-1,-1,-1
468,9,1113.07,423.47,176.30,560.93,0.7789,-1,-1,-1
468,11,831.31,406.89,97.19,297.77,0.6697,-1,-1,-1
468,13,714.34,439.37,101.31,291.80,0.6049,-1,-1,-1
468,14,573.45,432.36,99.08,272.42,0.7035,-1,-1,-1
469,16,80.47,380.16,388.02,688.73,0.7296,-1,-1,-1
469,17,1471.27,413.67,123.21,390.47,0.7872,-1,-1,-1
469,4,1253.38,403.10,242.84,664.82,0.7934,-1,-1,-1
469,9,1116.88,422.25,173.68,573.00,0.7743,-1,-1,-1
469,11,834.24,406.97,93.54,298.11,0.6870,-1,-1,-1
469,13,712.35,437.37,105.97,293.90,0.6250,-1,-1,-1
469,14,576.85,435.57,97.24,268.57,0.7115,-1,-1,-1
470,16,50.80,389.36,392.18,678.46,0.7838,-1,-1,-1
470,17,1481.09,411.83,119.60,390.87,0.8234,-1,-1,-1
470,4,1270.56,405.69,236.24,666.68,0.6423,-1,-1,-1
470,9,1123.36,421.88,178.03,582.53,0.7598,-1,-1,-1
470,11,833.83,407.86,92.91,298.58,0.7190,-1,-1,-1
470,13,713.57,437.21,118.40,292.30,0.6064,-1,-1,-1
470,14,580.50,438.70,94.90,267.17,0.7093,-1,-1,-1
471,16,20.65,395.93,408.38,672.75,0.8302,-1,-1,-1
471,17,1489.46,409.98,116.60,392.46,0.8152,-1,-1,-1
471,4,1289.34,401.51,213.53,672.39,0.5582,-1,-1,-1
471,9,1130.06,421.69,173.16,586.95,0.7716,-1,-1,-1
471,11,837.51,412.84,90.48,292.60,0.7530,-1,-1,-1
471,13,730.91,433.09,116.76,298.01,0.5846,-1,-1,-1
471,14,582.51,445.93,94.61,262.34,0.6993,-1,-1,-1
472,16,-0.98,402.02,398.60,664.24,0.7824,-1,-1,-1
472,17,1494.65,408.96,117.87,395.09,0.8316,-1,-1,-1
472,4,1290.20,398.80,208.13,673.81,0.6538,-1,-1,-1
472,9,1133.91,418.34,178.84,592.48,0.8034,-1,-1,-1
472,11,838.56,412.80,89.57,292.03,0.7328,-1,-1,-1
472,13,738.99,432.48,119.10,298.65,0.6446,-1,-1,-1
472,14,584.99,446.14,96.10,262.07,0.7330,-1,-1,-1
473,16,-10.06,403.82,394.33,662.99,0.6331,-1,-1,-1
473,17,1500.32,409.75,118.66,392.72,0.8031,-1,-1,-1
473,4,1310.28,398.99,202.12,669.29,0.6615,-1,-1,-1
473,9,1138.59,421.42,171.75,589.62,0.7926,-1,-1,-1
473,11,840.38,416.04,89.76,289.10,0.6985,-1,-1,-1
473,13,742.45,435.07,119.09,295.30,0.6691,-1,-1,-1
473,14,587.58,442.03,97.56,266.29,0.7316,-1,-1,-1
474,16,-12.61,402.11,364.97,669.37,0.5951,-1,-1,-1
474,17,1503.81,410.58,123.77,391.66,0.7797,-1,-1,-1
474,4,1323.67,399.52,202.31,666.30,0.7212,-1,-1,-1
474,9,1143.83,421.91,167.03,589.22,0.8007,-1,-1,-1
474,11,839.51,414.54,86.43,289.98,0.6222,-1,-1,-1
474,13,742.17,437.86,119.67,291.65,0.6527,-1,-1,-1
474,14,590.10,440.38,98.36,267.70,0.7393,-1,-1,-1
475,16,-11.76,399.83,346.64,673.61,0.7482,-1,-1,-1
475,17,1508.61,410.12,130.47,392.86,0.7777,-1,-1,-1
475,4,1326.09,400.76,205.92,666.13,0.7507,-1,-1,-1
475,9,1147.51,422.03,167.34,589.52,0.8164,-1,-1,-1
475,11,845.78,415.73,90.85,287.82,0.5109,-1,-1,-1
475,13,743.70,436.88,118.55,293.23,0.6513,-1,-1,-1
475,14,592.82,442.00,98.72,265.64,0.7416,-1,-1,-1
476,16,-10.55,396.59,258.75,678.08,0.6779,-1,-1,-1
476,17,1513.54,411.24,145.52,393.17,0.7602,-1,-1,-1
476,4,1328.56,397.55,213.16,673.39,0.6737,-1,-1,-1
476,9,1149.73,421.47,167.50,590.02,0.8137,-1,-1,-1
476,11,846.85,416.71,83.59,287.42,0.5587,-1,-1,-1
476,13,743.98,436.76,118.24,293.87,0.7015,-1,-1,-1
476,14,595.54,444.59,100.88,261.78,0.7923,-1,-1,-1
477,16,-6.68,391.88,283.41,680.87,0.7838,-1,-1,-1
477,17,1517.00,410.89,165.57,398.94,0.8324,-1,-1,-1
477,4,1335.07,396.67,199.25,665.44,0.3966,-1,-1,-1
477,9,1151.59,421.19,170.86,590.58,0.8250,-1,-1,-1
477,11,847.20,416.98,77.14,285.42,0.5532,-1,-1,-1
477,13,745.42,437.60,116.46,293.32,0.7029,-1,-1,-1
477,14,600.06,444.83,100.38,260.94,0.7704,-1,-1,-1
478,16,-7.03,386.04,213.33,686.89,0.4847,-1,-1,-1
478,17,1523.38,408.21,180.36,401.71,0.8257,-1,-1,-1
478,4,1338.13,398.01,202.19,660.57,0.6572,-1,-1,-1
478,9,1157.39,421.07,169.16,590.63,0.8187,-1,-1,-1
478,11,848.60,415.73,75.38,286.17,0.4892,-1,-1,-1
478,13,747.21,437.54,113.57,294.56,0.6313,-1,-1,-1
478,14,610.75,445.58,94.03,258.64,0.6860,-1,-1,-1
479,16,-3.62,383.48,243.34,687.62,0.7246,-1,-1,-1
479,17,1529.79,409.43,193.47,404.62,0.8492,-1,-1,-1
479,4,1344.84,398.11,212.10,669.54,0.7606,-1,-1,-1
479,9,1162.23,420.21,168.37,591.02,0.8015,-1,-1,-1
479,11,851.11,414.25,70.32,285.99,0.5193,-1,-1,-1
479,13,755.30,438.54,106.74,293.67,0.6149,-1,-1,-1
479,14,609.28,444.45,100.97,258.85,0.6575,-1,-1,-1
480,16,-3.90,389.43,171.21,684.08,0.4759,-1,-1,-1
480,17,1536.29,412.80,199.28,408.59,0.8576,-1,-1,-1
480,4,1347.90,401.59,226.34,670.70,0.8130,-1,-1,-1
480,9,1167.93,420.52,165.93,590.01,0.8058,-1,-1,-1
480,11,851.90,412.92,69.55,286.89,0.5701,-1,-1,-1
480,13,763.32,437.40,100.40,292.09,0.6541,-1,-1,-1
480,14,618.28,439.22,92.83,262.06,0.6056,-1,-1,-1
481,16,-1.83,406.38,205.58,666.60,0.7644,-1,-1,-1
481,17,1541.84,417.75,203.46,407.26,0.8476,-1,-1,-1
481,4,1349.06,399.11,243.63,677.41,0.8316,-1,-1,-1
481,9,1172.77,419.50,164.92,590.48,0.8081,-1,-1,-1
481,11,853.06,413.13,67.63,286.18,0.5480,-1,-1,-1
481,13,772.77,439.37,96.19,286.09,0.6126,-1,-1,-1
481,14,625.60,436.03,92.47,263.61,0.6025,-1,-1,-1
482,16,-2.21,452.78,199.31,619.72,0.7683,-1,-1,-1
482,17,1547.40,418.63,205.58,409.64,0.8333,-1,-1,-1
482,4,1354.06,396.82,253.98,680.85,0.8511,-1,-1,-1
482,9,1176.96,419.12,163.82,592.93,0.7925,-1,-1,-1
482,11,854.24,413.23,66.51,284.23,0.5302,-1,-1,-1
482,13,780.58,438.62,92.13,284.00,0.5799,-1,-1,-1
482,14,631.66,434.55,88.81,265.43,0.5771,-1,-1,-1
483,16,-1.93,500.54,185.63,570.73,0.7445,-1,-1,-1
483,17,1554.79,418.51,199.13,413.09,0.8255,-1,-1,-1
483,4,1358.38,394.71,262.72,682.34,0.8280,-1,-1,-1
483,9,1183.09,418.59,161.85,593.32,0.7927,-1,-1,-1
483,11,855.49,415.12,66.81,283.98,0.5265,-1,-1,-1
483,13,792.39,437.00,82.26,287.75,0.6331,-1,-1,-1
483,14,630.79,433.51,94.84,264.40,0.6164,-1,-1,-1
484,16,-1.26,543.91,165.71,455.57,0.3884,-1,-1,-1
484,17,1562.69,416.43,193.29,418.85,0.8215,-1,-1,-1
484,4,1360.18,393.89,271.82,684.01,0.8716,-1,-1,-1
484,9,1188.56,417.65,161.28,594.81,0.7879,-1,-1,-1
484,11,858.95,428.27,65.14,271.04,0.5164,-1,-1,-1
484,13,797.41,437.69,78.01,289.60,0.6599,-1,-1,-1
484,14,632.78,434.85,100.07,262.03,0.6555,-1,-1,-1
485,16,-1.04,564.33,146.27,488.93,0.4235,-1,-1,-1
485,17,1573.26,411.72,184.64,425.98,0.8339,-1,-1,-1
485,4,1360.86,395.27,278.12,681.90,0.8565,-1,-1,-1
485,9,1193.62,419.56,162.82,593.53,0.7822,-1,-1,-1
485,11,861.53,425.24,60.97,271.13,0.4660,-1,-1,-1
485,13,800.87,438.57,83.08,286.64,0.6580,-1,-1,-1
485,14,632.23,434.66,110.06,262.00,0.6877,-1,-1,-1
486,16,-0.56,579.91,118.91,427.65,0.5677,-1,-1,-1
486,17,1582.20,412.12,178.25,427.52,0.8356,-1,-1,-1
486,4,1360.51,396.45,283.39,680.12,0.8408,-1,-1,-1
486,9,1198.71,419.89,163.40,592.86,0.7762,-1,-1,-1
486,11,864.52,429.91,59.44,251.61,0.3565,-1,-1,-1
486,13,801.94,438.53,95.01,285.96,0.5762,-1,-1,-1
486,14,632.94,434.36,117.96,262.44,0.7144,-1,-1,-1
487,16,-0.37,553.74,94.46,434.83,0.4663,-1,-1,-1
487,17,1589.68,415.33,169.84,425.10,0.7892,-1,-1,-1
487,4,1361.55,396.39,283.31,679.81,0.8438,-1,-1,-1
487,9,1201.36,419.17,175.58,593.83,0.7764,-1,-1,-1
487,11,863.79,429.34,61.32,260.47,0.4199,-1,-1,-1
487,13,803.81,437.81,93.35,285.43,0.4917,-1,-1,-1
487,14,633.47,435.17,125.13,261.47,0.6702,-1,-1,-1
488,16,-0.11,627.93,71.51,338.56,0.5588,-1,-1,-1
488,17,1598.21,417.98,164.62,422.18,0.7659,-1,-1,-1
488,4,1361.51,399.51,288.05,676.82,0.8192,-1,-1,-1
488,9,1203.01,419.57,181.36,592.99,0.7843,-1,-1,-1
488,13,805.32,434.38,115.52,290.38,0.5849,-1,-1,-1
488,14,635.62,435.31,126.39,261.16,0.6726,-1,-1,-1
489,17,1607.44,414.38,156.84,428.10,0.7451,-1,-1,-1
489,4,1362.17,394.99,290.52,678.59,0.7879,-1,-1,-1
489,9,1205.56,415.10,185.41,595.27,0.8260,-1,-1,-1
489,13,806.57,432.34,127.60,292.34,0.5714,-1,-1,-1
489,14,640.32,435.98,125.22,260.14,0.6958,-1,-1,-1
490,17,1615.72,412.43,149.66,431.76,0.7320,-1,-1,-1
490,4,1366.78,396.59,273.95,675.98,0.7455,-1,-1,-1
490,9,1205.83,416.69,187.79,594.79,0.8008,-1,-1,-1
490,13,806.87,435.31,134.30,289.40,0.5798,-1,-1,-1
490,14,643.01,435.41,124.47,262.06,0.7903,-1,-1,-1
491,17,1620.81,409.85,133.63,432.53,0.7350,-1,-1,-1
491,4,1369.17,399.15,260.71,670.94,0.6712,-1,-1,-1
491,9,1206.50,417.41,188.25,594.69,0.8076,-1,-1,-1
491,13,808.31,436.38,136.92,288.36,0.5244,-1,-1,-1
491,14,646.86,435.03,122.47,263.86,0.7890,-1,-1,-1
492,17,1631.63,409.85,120.34,436.80,0.7096,-1,-1,-1
492,4,1373.16,394.86,298.31,668.46,0.4264,-1,-1,-1
492,9,1206.42,414.28,194.12,596.30,0.8155,-1,-1,-1
492,13,808.66,441.95,140.99,283.07,0.6688,-1,-1,-1
492,14,648.29,433.48,123.66,266.93,0.7641,-1,-1,-1
493,17,1636.66,409.96,120.89,434.99,0.6395,-1,-1,-1
493,4,1374.65,390.42,260.71,670.55,0.4741,-1,-1,-1
493,9,1206.84,416.35,198.06,593.96,0.8292,-1,-1,-1
493,13,810.06,445.06,142.36,279.25,0.6876,-1,-1,-1
493,14,651.46,439.31,120.93,262.47,0.7730,-1,-1,-1
494,17,1637.23,410.07,129.32,410.58,0.6716,-1,-1,-1
494,4,1378.66,401.33,166.35,578.59,0.6169,-1,-1,-1
494,9,1206.95,419.62,205.03,590.66,0.8280,-1,-1,-1
494,13,810.74,445.73,144.02,279.43,0.7109,-1,-1,-1
494,14,654.21,441.45,119.68,260.61,0.7826,-1,-1,-1
494,18,956.05,441.60,79.11,238.82,0.6561,-1,-1,-1
495,17,1638.28,406.77,154.29,442.05,0.6932,-1,-1,-1
495,4,1378.14,405.23,132.07,561.09,0.5717,-1,-1,-1
495,9,1207.64,420.98,212.13,590.14,0.8143,-1,-1,-1
495,13,817.02,443.85,138.61,281.00,0.6824,-1,-1,-1
495,14,654.95,438.60,118.52,263.31,0.7627,-1,-1,-1
495,18,959.07,441.80,88.46,239.63,0.6628,-1,-1,-1
496,17,1641.92,404.48,168.86,417.62,0.4881,-1,-1,-1
496,4,1382.05,410.96,127.38,559.44,0.6477,-1,-1,-1
496,9,1208.12,420.26,219.02,591.30,0.8325,-1,-1,-1
496,13,821.46,441.88,135.27,284.24,0.7016,-1,-1,-1
496,14,657.04,438.03,116.17,263.87,0.7865,-1,-1,-1
496,18,958.85,442.77,102.82,239.32,0.7291,-1,-1,-1
497,17,1646.08,405.30,160.63,454.32,0.8000,-1,-1,-1
497,4,1389.80,416.83,126.15,488.76,0.6544,-1,-1,-1
497,9,1209.17,420.38,223.45,590.68,0.8528,-1,-1,-1
497,13,828.69,442.60,128.28,285.13,0.7342,-1,-1,-1
497,14,662.90,435.05,109.57,267.10,0.7760,-1,-1,-1
497,18,961.45,442.28,112.31,240.04,0.7283,-1,-1,-1
498,17,1651.57,408.36,160.17,463.02,0.7419,-1,-1,-1
498,4,1392.12,414.04,131.67,513.50,0.6514,-1,-1,-1
498,9,1212.99,418.22,223.20,592.94,0.8473,-1,-1,-1
498,13,837.88,443.67,119.29,283.27,0.6808,-1,-1,-1
498,14,669.23,432.97,102.19,269.28,0.7722,-1,-1,-1
498,18,965.92,440.35,116.55,242.04,0.7380,-1,-1,-1
499,17,1654.40,406.66,190.90,469.22,0.8519,-1,-1,-1
499,4,1393.19,408.57,139.60,525.64,0.6556,-1,-1,-1
499,9,1219.97,415.68,216.18,596.13,0.8361,-1,-1,-1
499,13,851.35,443.32,106.29,284.60,0.6998,-1,-1,-1
499,14,673.19,435.32,98.17,265.96,0.7668,-1,-1,-1
499,18,968.79,440.47,121.91,242.60,0.6975,-1,-1,-1
500,17,1661.02,410.52,205.84,473.25,0.8425,-1,-1,-1
500,4,1390.19,409.61,151.24,539.33,0.6763,-1,-1,-1
500,9,1228.33,416.50,209.86,595.95,0.7887,-1,-1,-1
500,13,856.25,440.08,102.88,286.65,0.6592,-1,-1,-1
500,14,676.11,433.93,95.99,267.05,0.7471,-1,-1,-1
500,18,969.74,442.82,122.96,240.46,0.6806,-1,-1,-1
501,17,1671.57,415.19,218.44,472.47,0.8533,-1,-1,-1
501,4,1393.77,412.29,150.84,538.78,0.6842,-1,-1,-1
501,9,1239.64,414.94,202.46,598.28,0.7918,-1,-1,-1
501,13,859.27,438.33,102.55,287.53,0.6992,-1,-1,-1
501,14,682.13,433.74,91.19,266.38,0.6852,-1,-1,-1
501,18,969.11,451.22,122.56,231.85,0.7068,-1,-1,-1
502,17,1682.90,415.15,217.62,474.79,0.8443,-1,-1,-1
502,4,1389.90,407.89,159.67,550.58,0.7131,-1,-1,-1
502,9,1252.82,414.99,195.93,599.46,0.7968,-1,-1,-1
502,13,861.83,439.68,103.66,286.46,0.6557,-1,-1,-1
502,14,691.36,435.40,83.61,263.65,0.6774,-1,-1,-1
502,18,971.54,451.32,119.04,231.61,0.7335,-1,-1,-1
503,17,1691.65,413.11,215.99,481.46,0.8553,-1,-1,-1
503,4,1385.80,410.40,167.69,552.05,0.6208,-1,-1,-1
503,9,1276.32,411.57,178.72,605.18,0.7671,-1,-1,-1
503,13,867.06,440.11,104.73,285.68,0.6732,-1,-1,-1
503,14,691.74,434.63,86.42,265.10,0.6960,-1,-1,-1
503,18,978.60,448.30,112.02,234.53,0.7195,-1,-1,-1
504,17,1698.15,411.10,218.68,492.94,0.8657,-1,-1,-1
504,4,1389.55,410.94,168.24,552.88,0.6971,-1,-1,-1
504,9,1292.45,412.03,168.60,606.93,0.8042,-1,-1,-1
504,13,873.06,440.44,105.85,284.70,0.5696,-1,-1,-1
504,14,693.57,435.29,86.79,265.11,0.6867,-1,-1,-1
504,18,988.16,448.07,100.56,234.77,0.6596,-1,-1,-1
504,19,1515.60,372.98,217.78,693.91,0.7005,-1,-1,-1
505,17,1708.33,408.21,212.55,500.89,0.8850,-1,-1,-1
505,4,1400.78,421.34,162.17,544.81,0.6621,-1,-1,-1
505,9,1302.30,410.66,165.31,613.27,0.8282,-1,-1,-1
505,13,882.06,442.79,113.76,281.17,0.5831,-1,-1,-1
505,14,694.13,436.62,89.72,264.51,0.7825,-1,-1,-1
505,18,999.50,453.95,88.05,229.14,0.6442,-1,-1,-1
505,19,1521.23,373.41,221.98,699.20,0.7682,-1,-1,-1
506,17,1718.08,403.67,204.80,507.36,0.8853,-1,-1,-1
506,4,1430.80,423.50,135.88,531.80,0.7062,-1,-1,-1
506,9,1309.14,411.33,163.98,623.00,0.7937,-1,-1,-1
506,13,893.69,449.04,117.78,273.69,0.6529,-1,-1,-1
506,14,698.88,435.38,90.18,266.45,0.7433,-1,-1,-1
506,18,1010.31,459.27,79.08,223.36,0.6264,-1,-1,-1
506,19,1525.89,372.63,220.27,701.52,0.7571,-1,-1,-1
507,17,1732.71,400.14,190.45,512.93,0.8764,-1,-1,-1
507,4,1444.52,419.44,125.20,539.34,0.6955,-1,-1,-1
507,9,1314.75,412.07,162.03,632.08,0.8118,-1,-1,-1
507,13,899.73,450.75,120.64,270.94,0.6701,-1,-1,-1
507,14,702.12,435.40,95.24,266.23,0.7236,-1,-1,-1
507,18,1017.01,452.84,79.64,228.86,0.5338,-1,-1,-1
507,19,1528.91,375.21,222.18,700.62,0.7413,-1,-1,-1
507,11,869.58,413.79,68.82,288.88,0.6050,-1,-1,-1
508,17,1743.20,398.02,179.00,514.85,0.8458,-1,-1,-1
508,4,1453.87,414.20,120.06,535.70,0.6743,-1,-1,-1
508,9,1319.24,414.86,178.67,637.91,0.7756,-1,-1,-1
508,13,901.15,452.32,133.12,269.24,0.7100,-1,-1,-1
508,14,712.06,435.73,91.99,264.56,0.6847,-1,-1,-1
508,18,1025.79,450.18,73.64,230.17,0.5329,-1,-1,-1
508,19,1528.67,374.60,229.41,698.51,0.7468,-1,-1,-1
508,11,869.28,412.84,69.28,287.00,0.6063,-1,-1,-1
509,17,1751.74,396.27,170.18,514.39,0.7910,-1,-1,-1
509,4,1461.71,408.14,119.68,556.75,0.5879,-1,-1,-1
509,9,1324.73,413.63,199.05,644.11,0.8279,-1,-1,-1
509,13,902.26,448.96,138.66,274.35,0.7371,-1,-1,-1
509,14,715.51,438.01,96.20,262.26,0.6718,-1,-1,-1
509,18,1032.00,461.03,68.19,218.06,0.4928,-1,-1,-1
509,19,1529.78,374.47,227.55,693.95,0.7009,-1,-1,-1
509,11,872.38,419.56,66.13,280.80,0.5880,-1,-1,-1
510,17,1767.79,393.62,153.85,503.86,0.8243,-1,-1,-1
510,4,1468.57,405.64,120.21,568.76,0.7085,-1,-1,-1
510,9,1326.78,413.29,217.44,645.27,0.8407,-1,-1,-1
510,13,902.21,446.77,139.75,277.96,0.7510,-1,-1,-1
510,14,715.32,436.27,109.11,263.89,0.7043,-1,-1,-1
510,18,1036.51,465.47,70.00,210.40,0.4966,-1,-1,-1
510,19,1542.88,376.42,239.96,697.04,0.6134,-1,-1,-1
510,11,874.34,414.08,66.58,284.65,0.5884,-1,-1,-1
511,17,1778.94,393.81,142.59,497.40,0.8075,-1,-1,-1
511,4,1475.01,405.51,119.11,557.82,0.6678,-1,-1,-1
511,9,1326.13,414.59,233.25,645.73,0.8386,-1,-1,-1
511,13,901.23,446.50,150.25,278.89,0.7626,-1,-1,-1
511,14,715.75,438.26,114.16,261.64,0.7250,-1,-1,-1
511,18,1037.19,461.88,75.88,213.31,0.5460,-1,-1,-1
511,19,1543.06,371.53,264.64,703.39,0.7176,-1,-1,-1
511,11,874.68,421.39,67.66,275.18,0.4940,-1,-1,-1
512,17,1786.33,393.65,134.83,497.94,0.8067,-1,-1,-1
512,4,1477.05,407.77,119.13,540.91,0.6393,-1,-1,-1
512,9,1324.43,417.58,241.58,644.80,0.8451,-1,-1,-1
512,13,901.20,444.41,153.22,281.28,0.7578,-1,-1,-1
512,14,718.23,437.20,113.74,262.00,0.7390,-1,-1,-1
512,18,1039.56,456.29,83.40,220.44,0.6049,-1,-1,-1
512,19,1546.69,374.02,244.52,693.77,0.5767,-1,-1,-1
512,11,874.50,414.98,72.48,281.14,0.5612,-1,-1,-1
513,17,1802.09,390.81,118.89,507.83,0.7982,-1,-1,-1
513,4,1480.40,412.14,119.54,549.96,0.6536,-1,-1,-1
513,9,1323.62,418.48,248.27,647.46,0.8471,-1,-1,-1
513,13,901.28,443.96,155.38,281.82,0.7505,-1,-1,-1
513,14,719.78,436.47,117.16,262.95,0.7424,-1,-1,-1
513,18,1042.33,448.06,89.97,229.19,0.6050,-1,-1,-1
513,19,1550.22,372.92,235.56,620.06,0.4819,-1,-1,-1
513,11,875.52,413.21,75.06,283.66,0.5143,-1,-1,-1
514,17,1809.29,390.38,111.52,512.16,0.8036,-1,-1,-1
514,4,1485.13,415.55,119.42,537.67,0.5940,-1,-1,-1
514,9,1323.32,418.66,251.74,648.54,0.8435,-1,-1,-1
514,13,902.10,444.31,155.93,280.78,0.7014,-1,-1,-1
514,14,722.23,439.00,115.13,259.02,0.7477,-1,-1,-1
514,18,1043.40,445.70,99.09,231.35,0.6223,-1,-1,-1
514,19,1556.21,371.94,227.61,589.95,0.5672,-1,-1,-1
514,11,877.41,412.96,76.46,284.66,0.5091,-1,-1,-1
515,17,1819.56,388.88,101.11,517.40,0.7929,-1,-1,-1
515,4,1489.39,415.53,124.46,524.21,0.5201,-1,-1,-1
515,9,1324.11,418.05,253.50,650.15,0.8440,-1,-1,-1
515,13,903.40,443.47,156.71,280.85,0.7431,-1,-1,-1
515,14,725.68,439.15,112.84,257.37,0.7253,-1,-1,-1
515,18,1045.84,449.17,103.87,228.11,0.6780,-1,-1,-1
515,19,1562.44,372.25,244.02,660.60,0.5283,-1,-1,-1
515,11,876.65,417.97,75.29,279.99,0.5766,-1,-1,-1
516,17,1824.28,387.71,95.74,525.23,0.7578,-1,-1,-1
516,4,1495.38,415.19,127.56,515.44,0.4165,-1,-1,-1
516,9,1324.02,421.46,257.07,648.56,0.8307,-1,-1,-1
516,13,906.53,439.39,154.25,282.72,0.7598,-1,-1,-1
516,14,730.72,436.31,109.32,259.27,0.7483,-1,-1,-1
516,18,1049.18,449.81,100.56,226.08,0.5775,-1,-1,-1
516,19,1562.90,374.30,270.11,675.67,0.6064,-1,-1,-1
516,11,877.39,418.07,78.80,282.56,0.5690,-1,-1,-1
517,17,1833.89,390.76,86.04,517.29,0.6981,-1,-1,-1
517,4,1501.33,411.29,130.00,507.90,0.3990,-1,-1,-1
517,9,1324.13,423.77,261.15,646.82,0.8205,-1,-1,-1
517,13,910.10,437.88,149.63,284.21,0.7689,-1,-1,-1
517,14,734.81,438.84,106.87,255.82,0.7290,-1,-1,-1
517,18,1050.25,449.98,101.45,226.23,0.5534,-1,-1,-1
517,19,1571.09,377.23,275.69,686.30,0.4329,-1,-1,-1
517,11,878.91,422.67,82.68,280.94,0.5797,-1,-1,-1
518,17,1842.37,393.37,77.45,514.11,0.6629,-1,-1,-1
518,4,1508.93,411.48,130.77,597.12,0.3616,-1,-1,-1
518,9,1327.44,419.86,263.50,649.81,0.8205,-1,-1,-1
518,13,913.75,435.64,145.84,286.95,0.7866,-1,-1,-1
518,14,740.00,433.84,102.26,259.71,0.7799,-1,-1,-1
518,18,1050.12,457.35,103.73,219.78,0.5708,-1,-1,-1
518,19,1575.93,378.15,276.74,690.50,0.4235,-1,-1,-1
518,11,879.13,418.37,81.27,286.18,0.6177,-1,-1,-1
519,17,1852.29,393.76,67.43,497.45,0.5247,-1,-1,-1
519,4,1516.25,412.71,125.87,629.44,0.4692,-1,-1,-1
519,9,1330.06,420.53,263.21,648.33,0.7951,-1,-1,-1
519,13,917.19,439.20,142.40,281.53,0.6556,-1,-1,-1
519,14,743.69,432.66,100.59,260.06,0.7721,-1,-1,-1
519,18,1050.95,451.49,102.99,226.12,0.5336,-1,-1,-1
519,19,1576.60,380.64,302.71,690.03,0.6568,-1,-1,-1
519,11,879.74,428.29,79.60,273.44,0.5925,-1,-1,-1
520,17,1866.58,395.74,53.18,483.41,0.5434,-1,-1,-1
520,4,1522.05,417.17,129.65,561.02,0.4470,-1,-1,-1
520,9,1334.45,418.74,258.11,649.80,0.7827,-1,-1,-1
520,13,927.73,443.92,135.84,276.10,0.6576,-1,-1,-1
520,14,749.41,430.80,95.13,260.32,0.7279,-1,-1,-1
520,18,1051.22,454.59,102.23,222.77,0.5671,-1,-1,-1
520,19,1579.83,380.52,270.33,691.45,0.5518,-1,-1,-1
520,11,881.06,433.40,78.95,266.53,0.6392,-1,-1,-1
521,17,1868.43,391.35,51.19,458.69,0.3687,-1,-1,-1
521,4,1526.93,419.11,135.46,533.79,0.4988,-1,-1,-1
521,9,1339.25,416.01,250.56,651.71,0.8273,-1,-1,-1
521,13,936.18,444.74,130.44,275.04,0.6325,-1,-1,-1
521,14,756.19,430.89,89.39,259.64,0.7424,-1,-1,-1
521,18,1052.67,443.47,99.82,234.17,0.6208,-1,-1,-1
521,19,1579.58,381.08,314.32,686.74,0.6124,-1,-1,-1
521,11,881.71,432.73,80.33,267.56,0.6335,-1,-1,-1
522,4,1531.59,417.01,142.64,536.88,0.4881,-1,-1,-1
522,9,1344.91,413.20,249.65,653.71,0.8022,-1,-1,-1
522,13,947.85,442.17,121.99,277.23,0.6701,-1,-1,-1
522,14,765.57,432.53,80.72,256.08,0.7153,-1,-1,-1
522,18,1054.37,443.20,98.14,234.52,0.6234,-1,-1,-1
522,19,1601.23,378.58,306.41,606.24,0.6272,-1,-1,-1
522,11,880.47,432.06,84.32,269.13,0.6422,-1,-1,-1
523,4,1538.18,413.34,151.41,543.04,0.5178,-1,-1,-1
523,9,1351.87,412.26,246.76,655.04,0.7309,-1,-1,-1
523,13,952.66,442.26,115.70,278.26,0.6811,-1,-1,-1
523,14,765.94,432.83,85.48,256.45,0.7168,-1,-1,-1
523,18,1055.40,452.63,98.34,225.14,0.6440,-1,-1,-1
523,19,1588.34,379.24,331.11,663.91,0.6031,-1,-1,-1
523,11,880.95,423.02,89.57,279.82,0.6479,-1,-1,-1
524,4,1546.41,412.24,150.68,556.33,0.4785,-1,-1,-1
524,9,1362.98,411.40,238.38,655.38,0.7126,-1,-1,-1
524,13,964.71,443.03,104.88,276.59,0.6237,-1,-1,-1
524,14,768.16,431.30,87.80,258.48,0.7391,-1,-1,-1
524,18,1058.98,455.83,95.87,221.58,0.6078,-1,-1,-1
524,19,1588.39,375.62,335.62,684.16,0.7973,-1,-1,-1
524,11,880.25,419.61,94.25,283.38,0.6635,-1,-1,-1
525,4,1546.30,409.39,157.06,580.05,0.5920,-1,-1,-1
525,9,1379.89,411.22,224.88,656.68,0.7219,-1,-1,-1
525,13,971.65,443.99,97.34,275.68,0.6575,-1,-1,-1
525,14,767.81,430.39,91.31,259.46,0.7484,-1,-1,-1
525,18,1060.94,459.54,97.33,218.56,0.6283,-1,-1,-1
525,19,1593.74,371.14,331.28,697.44,0.6822,-1,-1,-1
525,11,885.22,413.51,93.74,291.14,0.6531,-1,-1,-1
526,4,1549.05,409.02,160.58,587.20,0.5765,-1,-1,-1
526,9,1401.54,410.64,207.87,654.15,0.6749,-1,-1,-1
526,13,985.49,444.90,81.81,277.07,0.6581,-1,-1,-1
526,14,767.75,434.23,95.68,255.19,0.7174,-1,-1,-1
526,18,1064.16,461.92,97.74,215.29,0.6342,-1,-1,-1
526,19,1598.31,363.70,326.23,707.57,0.8162,-1,-1,-1
526,11,893.31,411.80,88.57,294.35,0.6753,-1,-1,-1
527,4,1560.95,408.90,156.51,590.10,0.6799,-1,-1,-1
527,9,1421.89,413.05,197.37,653.81,0.7507,-1,-1,-1
527,13,994.20,448.02,77.44,274.59,0.7052,-1,-1,-1
527,14,770.44,435.74,104.28,253.68,0.6895,-1,-1,-1
527,18,1069.00,460.07,97.76,215.77,0.6215,-1,-1,-1
527,19,1600.48,366.15,323.06,706.26,0.6965,-1,-1,-1
527,11,897.89,408.60,86.10,297.63,0.7362,-1,-1,-1
528,4,1569.34,410.09,162.34,590.76,0.7151,-1,-1,-1
528,9,1436.54,412.14,184.23,653.64,0.6916,-1,-1,-1
528,13,997.22,446.10,82.20,278.29,0.7121,-1,-1,-1
528,14,783.84,437.10,96.95,250.76,0.5981,-1,-1,-1
528,18,1075.73,454.71,90.02,220.36,0.6411,-1,-1,-1
528,19,1603.04,383.12,321.04,689.74,0.7342,-1,-1,-1
528,11,903.15,410.98,81.49,295.55,0.7279,-1,-1,-1
529,4,1577.31,411.76,164.36,592.13,0.7308,-1,-1,-1
529,9,1444.89,412.65,181.62,654.69,0.7813,-1,-1,-1
529,13,1000.60,443.51,90.01,279.14,0.7067,-1,-1,-1
529,14,782.25,436.20,118.42,251.94,0.6294,-1,-1,-1
529,18,1084.41,451.71,78.09,222.26,0.5326,-1,-1,-1
529,19,1663.85,384.29,259.02,604.65,0.5806,-1,-1,-1
529,11,912.02,407.15,74.96,299.22,0.7331,-1,-1,-1
530,4,1580.86,411.87,164.63,595.98,0.6780,-1,-1,-1
530,9,1450.29,413.85,180.37,654.56,0.7930,-1,-1,-1
530,13,1003.76,440.63,94.90,279.29,0.7164,-1,-1,-1
530,14,789.45,435.25,115.07,252.00,0.6852,-1,-1,-1
530,18,1091.91,448.86,71.13,225.47,0.5649,-1,-1,-1
530,19,1694.35,371.25,227.46,584.92,0.5903,-1,-1,-1
530,11,916.74,404.73,72.40,301.73,0.7550,-1,-1,-1
531,4,1586.78,413.40,162.20,598.98,0.7199,-1,-1,-1
531,9,1452.51,413.43,188.09,653.98,0.8098,-1,-1,-1
531,13,1007.19,442.60,99.54,276.09,0.7753,-1,-1,-1
531,14,787.24,434.46,116.77,252.85,0.7534,-1,-1,-1
531,18,1093.24,450.57,71.64,225.41,0.5846,-1,-1,-1
531,19,1702.20,366.50,219.27,575.14,0.5021,-1,-1,-1
531,11,919.34,403.01,72.44,303.90,0.7637,-1,-1,-1
532,4,1590.01,410.64,166.79,612.20,0.7540,-1,-1,-1
532,9,1454.82,412.48,199.32,654.67,0.7968,-1,-1,-1
532,13,1009.04,443.46,106.37,275.28,0.8030,-1,-1,-1
532,14,788.60,435.21,117.88,252.27,0.7539,-1,-1,-1
532,18,1096.54,451.94,63.61,224.35,0.5167,-1,-1,-1
532,19,1663.41,365.98,258.00,662.45,0.7801,-1,-1,-1
532,11,922.34,401.88,74.25,303.61,0.7301,-1,-1,-1
533,4,1596.18,408.02,175.20,622.91,0.7712,-1,-1,-1
533,9,1456.70,411.52,208.60,654.96,0.8244,-1,-1,-1
533,13,1006.77,444.93,113.97,273.05,0.7601,-1,-1,-1
533,14,793.09,435.48,114.65,251.84,0.7409,-1,-1,-1
533,18,1098.98,447.24,65.68,230.80,0.5587,-1,-1,-1
533,19,1664.39,366.30,257.20,694.51,0.8252,-1,-1,-1
533,11,922.48,403.10,79.74,302.12,0.7076,-1,-1,-1
534,4,1598.52,411.04,187.90,618.12,0.7506,-1,-1,-1
534,9,1457.53,411.02,212.45,655.60,0.8335,-1,-1,-1
534,13,1007.71,448.76,124.79,270.14,0.7155,-1,-1,-1
534,14,799.46,435.99,115.13,251.42,0.7641,-1,-1,-1
534,18,1096.29,447.59,67.96,230.45,0.5673,-1,-1,-1
534,19,1704.29,368.42,217.36,651.86,0.6663,-1,-1,-1
534,11,921.20,406.20,85.46,300.33,0.7235,-1,-1,-1
535,4,1606.05,409.69,184.07,615.63,0.7676,-1,-1,-1
535,9,1457.66,411.90,213.06,654.94,0.8322,-1,-1,-1
535,13,1008.35,444.89,131.56,276.88,0.6861,-1,-1,-1
535,14,799.27,437.79,119.47,249.48,0.7656,-1,-1,-1
535,18,1099.71,444.90,72.33,231.87,0.4566,-1,-1,-1
535,19,1714.35,371.92,206.96,685.51,0.6249,-1,-1,-1
535,11,920.33,421.49,92.79,285.59,0.7378,-1,-1,-1
536,4,1610.02,408.54,182.62,620.24,0.7377,-1,-1,-1
536,9,1457.87,412.99,216.58,654.34,0.8186,-1,-1,-1
536,13,1007.35,448.38,137.76,272.76,0.7138,-1,-1,-1
536,14,801.49,436.95,117.93,249.36,0.7335,-1,-1,-1
536,18,1103.55,445.18,70.43,229.25,0.3848,-1,-1,-1
536,19,1738.46,369.12,182.43,701.25,0.8056,-1,-1,-1
536,11,916.27,426.76,100.07,280.50,0.7407,-1,-1,-1
537,4,1614.80,407.42,184.08,626.48,0.5622,-1,-1,-1
537,9,1458.95,414.13,227.16,652.48,0.7854,-1,-1,-1
537,13,1006.99,452.99,141.66,268.04,0.6610,-1,-1,-1
537,14,804.02,436.50,116.13,249.94,0.7348,-1,-1,-1
537,18,1108.77,453.79,65.83,220.38,0.4645,-1,-1,-1
537,19,1757.53,369.89,162.95,706.00,0.8078,-1,-1,-1
537,11,916.33,433.59,102.75,272.26,0.7106,-1,-1,-1
538,4,1618.95,408.57,189.72,623.96,0.6291,-1,-1,-1
538,9,1459.98,413.72,229.85,653.07,0.7970,-1,-1,-1
538,13,1009.81,450.97,138.68,270.22,0.7037,-1,-1,-1
538,14,804.89,435.24,117.53,250.99,0.7536,-1,-1,-1
538,18,1107.25,450.46,67.00,225.69,0.4766,-1,-1,-1
538,19,1767.64,370.28,152.60,708.14,0.8156,-1,-1,-1
538,11,917.53,428.18,104.34,279.24,0.7378,-1,-1,-1
539,4,1623.55,408.55,195.67,618.22,0.6961,-1,-1,-1
539,9,1461.49,413.14,233.01,653.94,0.7980,-1,-1,-1
539,13,1011.09,443.58,137.19,277.68,0.7102,-1,-1,-1
539,14,807.72,434.32,116.38,253.29,0.7495,-1,-1,-1
539,18,1112.88,447.15,64.93,229.64,0.4291,-1,-1,-1
539,19,1777.53,378.82,142.71,700.81,0.7907,-1,-1,-1
539,11,919.90,425.16,103.63,282.79,0.7460,-1,-1,-1
540,4,1631.99,408.38,192.66,612.35,0.7275,-1,-1,-1
540,9,1464.63,413.99,233.07,654.00,0.7923,-1,-1,-1
540,13,1012.17,440.43,136.03,281.49,0.6798,-1,-1,-1
540,14,812.75,433.59,112.28,252.96,0.7279,-1,-1,-1
540,18,1112.33,447.70,64.83,230.00,0.3886,-1,-1,-1
540,19,1783.96,404.07,136.08,673.86,0.7930,-1,-1,-1
540,11,920.28,424.74,107.08,283.56,0.7698,-1,-1,-1
541,4,1639.63,407.07,191.36,613.52,0.7708,-1,-1,-1
541,9,1468.14,412.39,239.15,658.36,0.7713,-1,-1,-1
541,13,1020.36,437.42,127.20,285.14,0.6585,-1,-1,-1
541,14,815.39,432.58,111.77,254.08,0.7385,-1,-1,-1
541,18,1115.90,447.66,62.14,230.16,0.4595,-1,-1,-1
541,19,1789.25,393.08,131.01,686.54,0.7728,-1,-1,-1
541,11,921.52,420.96,118.07,287.41,0.7208,-1,-1,-1
542,4,1644.57,405.81,191.87,615.62,0.6296,-1,-1,-1
542,9,1472.21,411.35,258.50,659.66,0.7628,-1,-1,-1
542,13,1028.43,434.15,117.75,288.00,0.6439,-1,-1,-1
542,14,819.78,433.74,108.90,253.11,0.7248,-1,-1,-1
542,18,1118.78,451.68,60.41,224.50,0.5022,-1,-1,-1
542,19,1797.73,388.24,122.58,692.15,0.7392,-1,-1,-1
542,11,921.98,415.99,122.45,293.12,0.7281,-1,-1,-1
543,4,1648.27,404.39,194.39,614.70,0.5379,-1,-1,-1
543,9,1480.40,411.02,256.46,658.26,0.6021,-1,-1,-1
543,13,1042.61,436.06,104.59,285.06,0.5750,-1,-1,-1
543,14,825.26,432.65,103.96,253.56,0.6637,-1,-1,-1
543,18,1121.90,449.28,57.92,226.08,0.3822,-1,-1,-1
543,19,1806.00,388.35,114.27,692.94,0.6776,-1,-1,-1
543,11,921.86,421.73,121.33,285.81,0.7433,-1,-1,-1
544,4,1650.74,405.91,193.78,598.99,0.4531,-1,-1,-1
544,9,1493.61,411.12,308.12,658.23,0.5409,-1,-1,-1
544,13,1050.28,436.23,99.34,283.83,0.5858,-1,-1,-1
544,14,834.19,433.35,96.51,252.12,0.6829,-1,-1,-1
544,18,1123.29,450.17,59.36,226.60,0.3416,-1,-1,-1
544,19,1822.19,385.29,97.60,610.01,0.6721,-1,-1,-1
544,11,921.77,431.23,124.18,275.44,0.7076,-1,-1,-1
545,4,1653.52,406.67,193.65,614.50,0.5733,-1,-1,-1
545,9,1511.28,410.38,298.91,656.69,0.5707,-1,-1,-1
545,13,1064.41,434.92,93.41,285.99,0.4626,-1,-1,-1
545,14,844.64,435.18,89.44,247.50,0.6678,-1,-1,-1
545,19,1836.98,448.49,82.53,519.07,0.5115,-1,-1,-1
545,11,924.29,432.57,126.66,274.39,0.6997,-1,-1,-1
546,4,1658.31,406.12,191.71,623.44,0.5453,-1,-1,-1
546,9,1528.26,409.85,242.34,656.33,0.5447,-1,-1,-1
546,13,1075.22,435.62,83.68,282.19,0.5182,-1,-1,-1
546,14,859.99,433.97,78.29,246.69,0.7014,-1,-1,-1
546,19,1826.48,471.89,93.05,572.86,0.5891,-1,-1,-1
546,11,929.03,433.22,123.60,272.45,0.7098,-1,-1,-1
547,4,1664.34,410.66,189.21,607.49,0.6545,-1,-1,-1
547,9,1541.68,408.32,213.96,655.38,0.6398,-1,-1,-1
547,13,1090.84,435.07,85.23,272.91,0.4562,-1,-1,-1
547,14,867.85,435.48,72.01,244.44,0.6615,-1,-1,-1
547,19,1824.70,490.09,94.71,578.08,0.6469,-1,-1,-1
547,11,934.72,429.34,118.87,276.86,0.6844,-1,-1,-1
548,4,1668.65,411.58,190.96,602.54,0.7370,-1,-1,-1
548,9,1548.36,408.47,198.93,659.86,0.7210,-1,-1,-1
548,13,1093.35,433.62,90.99,274.71,0.4714,-1,-1,-1
548,14,871.48,435.11,70.32,242.80,0.6323,-1,-1,-1
548,19,1829.86,463.26,89.44,614.98,0.5214,-1,-1,-1
548,11,937.19,427.74,117.96,277.83,0.6609,-1,-1,-1
549,4,1675.99,413.04,188.46,601.01,0.7193,-1,-1,-1
549,9,1551.27,408.47,196.95,656.51,0.7540,-1,-1,-1
549,13,1087.93,437.08,87.57,279.54,0.4019,-1,-1,-1
549,14,874.84,436.82,71.45,243.34,0.6219,-1,-1,-1
549,19,1833.57,435.64,85.69,645.37,0.3137,-1,-1,-1
549,11,943.89,426.02,111.52,278.20,0.6543,-1,-1,-1
550,4,1683.94,407.91,191.64,610.12,0.7342,-1,-1,-1
550,9,1553.28,409.08,195.29,655.81,0.7731,-1,-1,-1
550,13,1080.98,436.01,105.70,281.40,0.4614,-1,-1,-1
550,14,876.67,437.61,76.21,243.68,0.6219,-1,-1,-1
550,11,953.65,419.99,106.39,282.68,0.6229,-1,-1,-1
551,4,1690.58,405.01,192.54,610.72,0.7085,-1,-1,-1
551,9,1555.88,409.73,199.02,658.73,0.7703,-1,-1,-1
551,13,1072.41,437.48,120.68,279.81,0.5119,-1,-1,-1
551,14,879.08,435.72,76.34,246.63,0.6446,-1,-1,-1
551,11,961.56,414.91,99.99,286.24,0.6150,-1,-1,-1
552,4,1696.75,404.37,190.85,609.78,0.7359,-1,-1,-1
552,9,1557.97,409.88,207.51,665.26,0.8020,-1,-1,-1
552,13,1079.29,436.84,120.62,283.07,0.5009,-1,-1,-1
552,14,884.54,433.37,75.43,250.06,0.6798,-1,-1,-1
552,11,970.82,416.24,88.89,282.43,0.6092,-1,-1,-1
553,4,1701.96,403.53,196.50,614.89,0.6789,-1,-1,-1
553,9,1560.68,409.38,212.15,666.60,0.7906,-1,-1,-1
553,13,1084.41,436.72,111.60,284.30,0.4999,-1,-1,-1
553,14,887.00,433.08,81.25,249.98,0.7234,-1,-1,-1
553,11,984.14,418.81,78.47,276.80,0.6988,-1,-1,-1
554,9,1561.62,409.67,272.41,662.53,0.5402,-1,-1,-1
554,13,1081.40,435.78,119.85,285.43,0.5785,-1,-1,-1
554,14,887.91,431.94,86.54,251.31,0.7365,-1,-1,-1
554,11,988.71,415.06,78.75,284.70,0.6596,-1,-1,-1
555,9,1562.35,408.88,264.32,661.99,0.6169,-1,-1,-1
555,13,1079.80,434.45,124.87,286.90,0.5958,-1,-1,-1
555,14,888.03,431.91,88.44,251.48,0.7327,-1,-1,-1
555,11,993.66,412.08,78.24,287.62,0.6794,-1,-1,-1
556,9,1561.83,407.18,270.54,660.92,0.5703,-1,-1,-1
556,13,1085.90,435.55,121.99,285.29,0.7182,-1,-1,-1
556,14,889.09,432.88,87.85,251.17,0.7682,-1,-1,-1
556,11,999.81,411.27,80.19,288.17,0.7244,-1,-1,-1
557,9,1560.84,407.23,263.46,661.84,0.6842,-1,-1,-1
557,13,1088.88,437.14,119.14,283.32,0.7477,-1,-1,-1
557,14,890.92,434.70,89.25,249.49,0.7572,-1,-1,-1
557,11,996.94,420.67,87.99,275.90,0.6697,-1,-1,-1
558,9,1560.57,405.25,288.83,667.86,0.8042,-1,-1,-1
558,13,1092.01,437.24,117.13,282.14,0.8019,-1,-1,-1
558,14,892.03,435.75,88.39,248.29,0.7479,-1,-1,-1
558,11,991.37,430.70,98.77,265.60,0.7064,-1,-1,-1
559,9,1561.55,405.28,295.14,665.89,0.8006,-1,-1,-1
559,13,1092.91,434.95,119.47,283.34,0.8025,-1,-1,-1
559,14,891.52,436.78,90.48,247.33,0.7447,-1,-1,-1
559,11,992.83,430.93,102.35,265.94,0.6417,-1,-1,-1
560,9,1562.04,404.23,305.31,670.47,0.8598,-1,-1,-1
560,13,1097.20,435.55,116.05,282.04,0.7140,-1,-1,-1
560,14,891.00,435.77,92.44,247.16,0.7593,-1,-1,-1
560,11,997.37,424.90,104.44,271.72,0.6791,-1,-1,-1
561,9,1565.63,403.09,289.55,669.76,0.7235,-1,-1,-1
561,13,1101.68,436.79,111.13,278.63,0.6595,-1,-1,-1
561,14,899.96,435.54,88.66,246.60,0.6552,-1,-1,-1
561,11,1000.27,423.58,110.18,273.04,0.6978,-1,-1,-1
562,9,1569.15,404.88,301.46,669.57,0.8116,-1,-1,-1
562,13,1105.63,438.27,113.01,277.75,0.7008,-1,-1,-1
562,14,908.35,435.07,84.34,246.00,0.6979,-1,-1,-1
562,11,1000.91,419.64,112.55,276.67,0.6644,-1,-1,-1
563,9,1573.48,405.16,316.31,669.82,0.8046,-1,-1,-1
563,13,1110.14,439.59,111.13,275.14,0.6919,-1,-1,-1
563,14,911.68,434.22,83.58,248.66,0.7010,-1,-1,-1
563,11,1000.04,419.29,117.57,277.10,0.6618,-1,-1,-1
564,9,1580.79,402.80,325.36,669.50,0.8681,-1,-1,-1
564,13,1113.24,435.72,112.18,277.42,0.7000,-1,-1,-1
564,14,915.07,431.68,82.70,250.23,0.6331,-1,-1,-1
564,11,1002.49,425.45,117.65,269.92,0.6407,-1,-1,-1
565,9,1587.26,400.47,313.98,668.37,0.7043,-1,-1,-1
565,13,1117.56,433.22,110.81,279.06,0.6433,-1,-1,-1
565,14,920.03,433.15,79.90,245.86,0.6347,-1,-1,-1
565,11,1000.93,429.69,122.10,265.11,0.6365,-1,-1,-1
565,4,1781.71,391.85,138.68,669.49,0.6218,-1,-1,-1
566,9,1601.24,399.33,306.51,670.56,0.7352,-1,-1,-1
566,13,1124.03,433.12,107.49,281.31,0.5412,-1,-1,-1
566,14,927.25,432.11,84.35,242.70,0.5389,-1,-1,-1
566,11,1003.96,435.15,122.31,261.22,0.6645,-1,-1,-1
566,4,1790.41,391.56,129.67,665.72,0.6383,-1,-1,-1
567,9,1620.89,399.85,289.26,669.20,0.8360,-1,-1,-1
567,13,1124.51,431.53,109.14,283.45,0.6356,-1,-1,-1
567,14,932.07,430.35,84.20,242.46,0.5113,-1,-1,-1
567,11,1005.47,440.53,126.34,257.12,0.6879,-1,-1,-1
567,4,1797.29,396.42,123.11,646.84,0.6306,-1,-1,-1
568,9,1642.83,400.43,268.05,668.86,0.8227,-1,-1,-1
568,13,1129.37,430.65,108.33,282.43,0.6102,-1,-1,-1
568,14,940.79,431.54,78.49,241.38,0.5359,-1,-1,-1
568,11,1004.97,432.34,136.10,267.05,0.6905,-1,-1,-1
568,4,1801.45,401.35,118.81,653.55,0.6098,-1,-1,-1
569,9,1655.64,400.60,243.39,671.71,0.8118,-1,-1,-1
569,13,1132.17,431.33,109.69,281.27,0.5296,-1,-1,-1
569,14,943.07,434.71,79.29,234.27,0.6689,-1,-1,-1
569,11,1006.28,432.82,139.01,267.35,0.7158,-1,-1,-1
569,4,1800.62,407.87,119.38,648.51,0.4544,-1,-1,-1
570,9,1662.73,402.01,236.40,670.23,0.7783,-1,-1,-1
570,13,1135.23,433.32,116.23,280.19,0.6418,-1,-1,-1
570,14,944.32,434.72,81.58,234.20,0.7109,-1,-1,-1
570,11,1007.00,433.10,138.89,267.35,0.7111,-1,-1,-1
571,9,1667.87,401.54,246.70,671.40,0.8660,-1,-1,-1
571,13,1142.89,432.31,126.59,281.47,0.5983,-1,-1,-1
571,14,947.18,435.03,80.37,239.34,0.6899,-1,-1,-1
571,11,1010.35,428.28,134.58,270.87,0.7014,-1,-1,-1
572,9,1672.01,402.01,246.97,670.91,0.8702,-1,-1,-1
572,13,1145.05,433.08,133.26,281.80,0.7602,-1,-1,-1
572,14,948.90,435.72,80.43,239.84,0.6853,-1,-1,-1
572,11,1012.25,430.79,131.41,268.08,0.6873,-1,-1,-1
573,9,1676.12,402.40,244.85,668.94,0.8860,-1,-1,-1
573,13,1149.88,435.85,136.96,279.25,0.7012,-1,-1,-1
573,14,945.77,434.79,89.53,242.46,0.6388,-1,-1,-1
573,11,1015.94,430.49,126.50,265.99,0.6439,-1,-1,-1
574,9,1676.88,399.71,244.80,673.95,0.9004,-1,-1,-1
574,13,1151.06,437.46,140.90,278.05,0.7346,-1,-1,-1
574,14,951.30,434.87,101.57,247.69,0.6141,-1,-1,-1
574,11,1029.17,432.51,112.97,263.56,0.5430,-1,-1,-1
575,9,1677.13,398.26,244.59,676.21,0.9046,-1,-1,-1
575,13,1154.64,438.80,139.77,276.88,0.7003,-1,-1,-1
575,14,955.09,434.54,106.19,248.31,0.5751,-1,-1,-1
575,11,1037.03,427.76,104.43,268.52,0.5015,-1,-1,-1
576,9,1676.26,397.46,245.15,677.14,0.8990,-1,-1,-1
576,13,1157.74,438.16,138.12,277.51,0.7313,-1,-1,-1
576,14,956.45,434.21,111.16,248.33,0.6239,-1,-1,-1
576,11,1041.50,426.96,99.54,269.16,0.6160,-1,-1,-1
577,9,1675.47,398.40,245.63,676.70,0.9090,-1,-1,-1
577,13,1157.78,436.89,138.35,278.66,0.7444,-1,-1,-1
577,14,957.90,434.05,112.02,247.23,0.6654,-1,-1,-1
577,11,1048.28,424.47,92.45,270.68,0.6266,-1,-1,-1
578,9,1673.93,399.09,246.81,676.63,0.9062,-1,-1,-1
578,13,1159.22,434.52,134.12,280.38,0.7290,-1,-1,-1
578,14,958.83,438.63,104.16,237.49,0.7225,-1,-1,-1
578,11,1051.53,426.70,88.90,266.89,0.6184,-1,-1,-1
579,9,1673.39,400.37,247.26,676.07,0.8991,-1,-1,-1
579,13,1159.91,434.93,132.43,279.18,0.6914,-1,-1,-1
579,14,959.09,439.47,102.35,234.40,0.7530,-1,-1,-1
579,11,1055.66,431.66,86.06,262.87,0.6589,-1,-1,-1
580,9,1673.19,401.99,247.13,675.03,0.9084,-1,-1,-1
580,13,1158.90,440.16,133.62,275.09,0.7501,-1,-1,-1
580,14,959.66,437.47,102.07,236.76,0.7574,-1,-1,-1
580,11,1054.36,436.85,88.52,257.78,0.6679,-1,-1,-1
581,9,1673.08,402.49,247.12,674.84,0.9082,-1,-1,-1
581,13,1159.76,440.48,134.73,275.95,0.6988,-1,-1,-1
581,14,959.62,435.69,102.87,237.53,0.7612,-1,-1,-1
581,11,1055.76,438.81,92.53,256.19,0.6864,-1,-1,-1
582,9,1673.24,402.15,246.78,676.07,0.9087,-1,-1,-1
582,13,1180.57,439.68,117.01,275.48,0.6911,-1,-1,-1
582,14,957.89,435.77,109.85,236.85,0.7487,-1,-1,-1
582,11,1065.48,438.19,86.89,260.55,0.6228,-1,-1,-1
583,9,1674.23,399.42,245.66,678.99,0.9097,-1,-1,-1
583,13,1192.87,439.75,107.21,274.28,0.7224,-1,-1,-1
583,14,962.41,436.03,108.76,235.81,0.7284,-1,-1,-1
583,11,1076.66,434.52,78.72,263.59,0.6306,-1,-1,-1
584,9,1676.00,395.69,243.88,681.98,0.9116,-1,-1,-1
584,13,1201.78,440.62,99.99,271.89,0.7219,-1,-1,-1
584,14,966.13,436.75,107.40,235.94,0.7421,-1,-1,-1
584,11,1083.97,435.48,75.53,261.67,0.6622,-1,-1,-1
585,9,1677.75,394.56,242.17,682.79,0.8981,-1,-1,-1
585,13,1204.83,441.08,100.32,267.38,0.7487,-1,-1,-1
585,14,969.33,436.55,105.70,235.61,0.7611,-1,-1,-1
585,11,1087.81,438.92,74.84,257.20,0.6347,-1,-1,-1
586,9,1681.25,393.20,238.97,683.07,0.8962,-1,-1,-1
586,13,1212.28,438.20,100.49,272.17,0.7543,-1,-1,-1
586,14,976.16,440.50,100.83,233.22,0.7689,-1,-1,-1
586,11,1089.64,436.61,72.98,260.45,0.6900,-1,-1,-1
587,9,1685.02,390.10,235.24,685.52,0.8696,-1,-1,-1
587,13,1216.54,434.52,99.58,276.22,0.6133,-1,-1,-1
587,14,981.41,443.46,96.76,227.96,0.7384,-1,-1,-1
587,11,1090.80,429.93,73.36,267.36,0.7207,-1,-1,-1
588,9,1692.34,387.71,227.70,687.84,0.8556,-1,-1,-1
588,13,1215.35,434.55,102.55,277.68,0.7923,-1,-1,-1
588,14,987.82,445.51,91.13,223.85,0.7007,-1,-1,-1
588,11,1092.07,423.58,77.96,273.48,0.7357,-1,-1,-1
589,9,1700.61,390.34,219.23,683.63,0.7506,-1,-1,-1
589,13,1217.60,434.64,101.26,275.92,0.7782,-1,-1,-1
589,14,995.82,446.15,85.07,222.89,0.7049,-1,-1,-1
589,11,1092.97,420.60,86.14,276.34,0.7102,-1,-1,-1
590,9,1711.83,410.24,207.98,663.61,0.7422,-1,-1,-1
590,13,1220.21,433.87,101.21,277.04,0.7844,-1,-1,-1
590,14,1005.22,447.01,79.20,221.38,0.7378,-1,-1,-1
590,11,1092.68,426.67,88.04,270.53,0.6569,-1,-1,-1
591,9,1731.34,461.58,188.40,612.81,0.5609,-1,-1,-1
591,13,1223.09,434.36,103.65,276.76,0.7447,-1,-1,-1
591,14,1011.02,444.76,78.30,222.68,0.7133,-1,-1,-1
591,11,1091.55,418.69,92.22,278.05,0.6515,-1,-1,-1
592,9,1753.41,490.33,166.25,582.64,0.6787,-1,-1,-1
592,13,1226.70,436.88,108.07,274.46,0.7289,-1,-1,-1
592,14,1013.16,443.96,77.61,222.10,0.7368,-1,-1,-1
592,11,1091.54,416.87,102.14,279.78,0.6756,-1,-1,-1
593,9,1777.18,500.31,142.42,572.98,0.3909,-1,-1,-1
593,13,1231.03,439.27,110.43,273.69,0.7524,-1,-1,-1
593,14,1014.60,439.84,79.31,226.28,0.6586,-1,-1,-1
593,11,1092.20,413.46,101.35,282.99,0.6912,-1,-1,-1
594,9,1809.99,520.59,109.55,557.22,0.3168,-1,-1,-1
594,13,1234.41,441.88,112.76,270.85,0.7830,-1,-1,-1
594,14,1020.67,436.70,76.87,229.01,0.6276,-1,-1,-1
594,11,1092.30,412.58,101.77,285.34,0.7000,-1,-1,-1
595,13,1239.42,439.18,112.19,273.31,0.8186,-1,-1,-1
595,14,1023.12,436.20,76.04,228.83,0.6711,-1,-1,-1
595,11,1094.28,413.65,101.13,283.23,0.7179,-1,-1,-1
596,13,1242.52,437.42,112.89,275.37,0.8099,-1,-1,-1
596,14,1024.83,440.08,76.57,224.74,0.7104,-1,-1,-1
596,11,1095.78,418.91,100.42,278.96,0.7370,-1,-1,-1
597,13,1244.58,437.64,113.11,275.73,0.8036,-1,-1,-1
597,14,1026.35,441.78,76.63,223.91,0.7388,-1,-1,-1
597,11,1097.57,422.08,98.42,275.96,0.7587,-1,-1,-1
598,13,1248.10,437.71,111.21,275.60,0.8137,-1,-1,-1
598,14,1026.53,441.73,79.37,224.45,0.7390,-1,-1,-1
598,11,1099.13,427.40,98.02,270.27,0.7210,-1,-1,-1
599,13,1252.35,437.25,107.74,275.83,0.7813,-1,-1,-1
599,14,1027.54,442.22,85.05,224.71,0.7388,-1,-1,-1
599,11,1101.67,430.55,97.23,265.61,0.6999,-1,-1,-1
600,13,1256.33,437.16,104.91,275.83,0.8175,-1,-1,-1
600,14,1028.52,441.84,88.09,223.95,0.7547,-1,-1,-1
600,11,1106.76,431.03,94.17,263.56,0.7021,-1,-1,-1
