1,1,118.00,157.54,79.99,171.14,0.8484,-1,-1,-1
1,2,16.01,148.76,74.71,190.85,0.8159,-1,-1,-1
2,1,118.40,155.04,81.52,174.37,0.8474,-1,-1,-1
2,2,16.78,145.53,76.07,194.44,0.8564,-1,-1,-1
3,1,116.82,153.84,82.21,177.00,0.7125,-1,-1,-1
3,2,18.76,138.31,79.12,202.68,0.8289,-1,-1,-1
4,1,125.77,154.02,83.13,179.11,0.8467,-1,-1,-1
4,2,23.56,141.75,78.31,201.12,0.8197,-1,-1,-1
5,1,134.17,156.33,83.75,180.29,0.8143,-1,-1,-1
5,2,29.99,139.99,80.23,206.94,0.8698,-1,-1,-1
6,1,140.62,155.31,85.43,183.78,0.8338,-1,-1,-1
6,2,33.03,140.40,81.05,209.23,0.8531,-1,-1,-1
6,3,223.00,197.95,20.70,66.94,0.6154,-1,-1,-1
7,1,144.79,153.06,86.98,187.04,0.8595,-1,-1,-1
7,2,36.67,140.15,81.18,210.28,0.8357,-1,-1,-1
7,3,227.15,198.34,20.53,66.09,0.6563,-1,-1,-1
8,1,151.32,152.68,88.49,190.28,0.8705,-1,-1,-1
8,2,40.27,139.95,82.10,213.32,0.8246,-1,-1,-1
8,3,235.04,199.88,20.48,65.54,0.6827,-1,-1,-1
9,1,155.79,151.84,89.62,193.06,0.8672,-1,-1,-1
9,2,44.94,139.97,82.12,214.12,0.8304,-1,-1,-1
9,3,242.34,202.97,19.95,63.19,0.5636,-1,-1,-1
10,1,162.12,148.92,91.32,197.37,0.8699,-1,-1,-1
10,2,48.73,136.35,84.36,219.70,0.8570,-1,-1,-1
10,3,251.10,198.76,21.35,67.09,0.6476,-1,-1,-1
10,6,294.82,201.13,24.85,64.97,0.6351,-1,-1,-1
11,1,168.39,147.51,92.57,200.78,0.8611,-1,-1,-1
11,2,53.92,135.44,85.27,222.05,0.8677,-1,-1,-1
11,3,256.47,200.48,20.79,65.11,0.4890,-1,-1,-1
11,6,302.48,201.08,24.67,64.67,0.6469,-1,-1,-1
12,1,178.39,147.40,94.25,204.83,0.8704,-1,-1,-1
12,2,60.54,131.65,88.12,230.75,0.8809,-1,-1,-1
12,3,268.17,199.94,21.72,67.51,0.6251,-1,-1,-1
13,1,183.68,147.09,96.18,208.83,0.8587,-1,-1,-1
13,2,66.74,138.56,86.58,226.46,0.8563,-1,-1,-1
13,3,276.09,200.21,22.02,68.09,0.5106,-1,-1,-1
14,1,194.15,145.51,97.28,211.99,0.8290,-1,-1,-1
14,2,76.11,131.23,89.30,235.87,0.8715,-1,-1,-1
14,3,286.75,202.99,21.09,64.50,0.5899,-1,-1,-1
15,1,205.44,145.08,98.69,215.80,0.8599,-1,-1,-1
15,2,83.38,135.79,88.67,234.53,0.8602,-1,-1,-1
15,3,296.62,202.71,21.66,66.10,0.5773,-1,-1,-1
16,1,212.16,144.45,99.36,217.00,0.8458,-1,-1,-1
16,2,82.72,127.49,92.39,243.50,0.8776,-1,-1,-1
16,3,302.74,199.87,21.98,66.56,0.6868,-1,-1,-1
16,9,185.45,194.26,28.88,71.54,0.6426,-1,-1,-1
17,1,216.99,141.07,102.29,222.22,0.7738,-1,-1,-1
17,2,85.53,124.80,93.77,247.42,0.8982,-1,-1,-1
17,3,308.07,197.17,22.80,68.78,0.5980,-1,-1,-1
17,9,188.16,193.22,28.92,71.64,0.6422,-1,-1,-1
18,1,219.96,138.45,105.69,228.58,0.8572,-1,-1,-1
18,2,86.08,124.11,95.63,252.01,0.9013,-1,-1,-1
18,3,312.75,195.69,23.23,70.51,0.7058,-1,-1,-1
18,9,192.49,194.51,28.32,70.21,0.5464,-1,-1,-1
19,1,221.67,134.34,108.56,233.97,0.8666,-1,-1,-1
19,2,84.47,120.05,97.50,256.85,0.9064,-1,-1,-1
19,3,314.72,193.40,23.59,71.06,0.6221,-1,-1,-1
19,9,194.48,193.25,28.26,69.99,0.5145,-1,-1,-1
20,1,219.53,129.98,111.49,239.87,0.8877,-1,-1,-1
20,2,80.13,114.88,99.94,263.65,0.9029,-1,-1,-1
20,9,193.29,188.86,29.05,72.01,0.5803,-1,-1,-1
21,1,218.12,127.03,114.65,246.36,0.8791,-1,-1,-1
21,2,75.79,109.15,103.10,272.48,0.8988,-1,-1,-1
21,9,192.31,186.63,29.68,73.84,0.6602,-1,-1,-1
22,1,217.28,123.56,117.53,252.58,0.8829,-1,-1,-1
22,2,71.43,104.63,105.73,279.57,0.8850,-1,-1,-1
22,9,193.17,185.63,29.46,73.67,0.3509,-1,-1,-1
23,1,216.38,122.76,120.56,259.73,0.8812,-1,-1,-1
23,2,68.99,103.72,108.66,287.99,0.8965,-1,-1,-1
23,9,195.97,188.55,29.17,73.49,0.5789,-1,-1,-1
24,1,218.50,121.19,122.26,265.10,0.7988,-1,-1,-1
24,2,67.03,103.19,111.06,294.18,0.8602,-1,-1,-1
25,1,223.28,120.22,124.59,273.79,0.8810,-1,-1,-1
25,2,63.95,102.29,114.34,302.50,0.8911,-1,-1,-1
26,1,224.29,117.02,126.06,280.75,0.8712,-1,-1,-1
26,2,60.52,100.30,116.99,309.02,0.8826,-1,-1,-1
27,1,228.20,113.75,127.40,287.72,0.8809,-1,-1,-1
27,2,57.70,96.53,119.63,315.49,0.8972,-1,-1,-1
28,1,231.82,111.33,128.36,294.25,0.8851,-1,-1,-1
28,2,55.64,94.27,122.38,322.53,0.9022,-1,-1,-1
29,1,231.26,106.57,131.03,302.05,0.8659,-1,-1,-1
29,2,52.52,88.07,127.13,335.23,0.8817,-1,-1,-1
30,1,231.44,103.58,133.24,309.39,0.8839,-1,-1,-1
30,2,49.62,84.42,130.66,344.27,0.8888,-1,-1,-1
31,1,236.58,99.33,135.70,319.26,0.8790,-1,-1,-1
31,2,46.17,80.72,134.41,352.69,0.8946,-1,-1,-1
32,1,243.14,96.63,138.25,329.98,0.8769,-1,-1,-1
32,2,45.07,77.76,138.34,362.84,0.8790,-1,-1,-1
32,3,408.47,190.77,25.17,75.36,0.6674,-1,-1,-1
33,1,250.52,91.27,140.33,338.20,0.8614,-1,-1,-1
33,2,48.75,71.94,141.63,372.89,0.8887,-1,-1,-1
33,3,417.90,189.45,25.39,75.29,0.6739,-1,-1,-1
34,1,260.10,88.78,143.58,349.57,0.8579,-1,-1,-1
34,2,54.76,69.99,144.28,380.95,0.8851,-1,-1,-1
34,3,425.79,188.04,26.33,77.91,0.6605,-1,-1,-1
34,6,368.50,187.02,29.44,76.93,0.6828,-1,-1,-1
35,1,267.42,87.53,147.57,359.43,0.8551,-1,-1,-1
35,2,60.01,69.38,146.15,387.57,0.9042,-1,-1,-1
35,3,434.83,189.52,26.72,78.31,0.6581,-1,-1,-1
35,6,374.91,188.52,29.28,77.14,0.7054,-1,-1,-1
36,1,273.95,82.25,152.57,369.00,0.8937,-1,-1,-1
36,2,66.41,63.73,149.79,398.50,0.8947,-1,-1,-1
36,3,446.31,189.60,26.90,78.22,0.6636,-1,-1,-1
36,6,383.98,188.91,28.85,76.51,0.5824,-1,-1,-1
37,1,277.04,78.54,157.34,377.98,0.8908,-1,-1,-1
37,2,69.33,61.03,152.14,405.80,0.9014,-1,-1,-1
37,3,452.91,189.98,26.99,78.55,0.6192,-1,-1,-1
37,6,390.14,189.13,28.78,76.44,0.6547,-1,-1,-1
38,1,283.75,76.18,162.77,387.65,0.8878,-1,-1,-1
38,2,69.81,58.58,155.42,415.23,0.8759,-1,-1,-1
38,3,458.52,189.71,27.71,80.22,0.7279,-1,-1,-1
38,6,397.12,192.82,28.11,74.08,0.4970,-1,-1,-1
39,1,288.94,71.39,167.86,397.22,0.8902,-1,-1,-1
39,2,69.67,54.25,158.65,424.09,0.8789,-1,-1,-1
39,3,463.57,188.13,28.72,81.58,0.6727,-1,-1,-1
39,6,402.90,194.90,27.11,71.37,0.5582,-1,-1,-1
40,1,291.81,66.73,174.52,410.16,0.8876,-1,-1,-1
40,2,69.41,52.20,160.71,428.93,0.8847,-1,-1,-1
40,3,467.64,188.21,29.43,82.98,0.7032,-1,-1,-1
40,6,407.99,198.36,26.28,70.20,0.4654,-1,-1,-1
40,9,176.15,64.15,74.61,199.26,0.6957,-1,-1,-1
41,1,295.90,63.23,178.94,417.38,0.8832,-1,-1,-1
41,2,67.50,48.88,162.74,433.16,0.8903,-1,-1,-1
41,3,474.33,188.63,23.08,59.52,0.6164,-1,-1,-1
41,9,176.31,60.32,72.89,202.27,0.7385,-1,-1,-1
42,1,294.05,57.50,183.69,424.56,0.8999,-1,-1,-1
42,2,58.71,43.16,165.83,439.08,0.8915,-1,-1,-1
42,9,173.22,54.66,73.12,209.21,0.6336,-1,-1,-1
43,1,293.26,53.52,187.64,428.93,0.9045,-1,-1,-1
43,2,52.78,37.35,168.60,444.75,0.8963,-1,-1,-1
43,9,170.79,49.73,71.62,210.37,0.6478,-1,-1,-1
44,1,292.47,50.30,191.22,432.13,0.9040,-1,-1,-1
44,2,48.41,31.82,171.28,449.80,0.8976,-1,-1,-1
44,9,169.70,46.44,71.26,214.09,0.6433,-1,-1,-1
45,1,294.26,46.74,194.69,435.13,0.8964,-1,-1,-1
45,2,45.68,27.83,173.11,452.76,0.8951,-1,-1,-1
45,9,170.71,44.71,71.12,217.42,0.6476,-1,-1,-1
46,1,292.46,42.97,199.19,438.94,0.9094,-1,-1,-1
46,2,41.25,21.29,176.59,459.48,0.8836,-1,-1,-1
46,9,170.44,42.76,71.06,220.32,0.6942,-1,-1,-1
47,1,294.12,38.52,203.27,443.27,0.9064,-1,-1,-1
47,2,37.42,15.80,179.42,464.71,0.8725,-1,-1,-1
47,9,170.16,39.61,70.13,220.33,0.6582,-1,-1,-1
48,1,296.93,31.46,207.79,449.69,0.8999,-1,-1,-1
48,2,35.18,11.78,182.35,469.16,0.8636,-1,-1,-1
48,9,172.16,36.78,70.59,224.23,0.6428,-1,-1,-1
49,1,297.31,28.55,211.32,452.74,0.8895,-1,-1,-1
49,2,34.59,9.10,184.47,469.82,0.8603,-1,-1,-1
49,9,173.05,34.69,71.15,227.86,0.6405,-1,-1,-1
50,1,296.12,23.51,215.31,457.11,0.8995,-1,-1,-1
50,2,29.65,3.75,188.44,475.51,0.8585,-1,-1,-1
50,9,171.45,32.78,72.88,235.73,0.6500,-1,-1,-1
51,1,296.09,19.65,219.21,460.83,0.9086,-1,-1,-1
51,2,27.96,0.92,190.26,476.98,0.8588,-1,-1,-1
51,9,172.24,31.46,73.73,239.37,0.7362,-1,-1,-1
52,1,298.44,16.03,222.41,463.95,0.9019,-1,-1,-1
52,2,24.05,-0.61,192.41,478.92,0.8464,-1,-1,-1
52,9,171.97,28.92,74.18,241.78,0.5960,-1,-1,-1
53,1,299.54,13.59,226.05,466.32,0.9044,-1,-1,-1
53,2,21.58,-1.25,194.96,480.76,0.8605,-1,-1,-1
53,9,171.89,26.96,74.01,242.28,0.6318,-1,-1,-1
54,1,300.77,11.64,229.47,468.80,0.9116,-1,-1,-1
54,2,20.88,-0.86,196.01,479.13,0.8424,-1,-1,-1
54,9,172.01,26.55,74.03,243.08,0.5766,-1,-1,-1
55,1,304.75,8.16,233.05,470.80,0.8858,-1,-1,-1
55,2,19.33,-0.56,198.05,479.79,0.8571,-1,-1,-1
55,9,173.28,24.94,74.40,245.17,0.5491,-1,-1,-1
56,1,304.09,5.49,237.05,473.36,0.8457,-1,-1,-1
56,2,19.48,-0.89,199.86,479.96,0.8620,-1,-1,-1
56,9,174.16,23.58,74.84,247.78,0.5890,-1,-1,-1
57,1,309.39,2.57,241.10,476.98,0.9115,-1,-1,-1
57,2,17.60,-0.30,201.20,478.12,0.8578,-1,-1,-1
57,9,171.62,22.04,82.17,276.31,0.6122,-1,-1,-1
58,1,312.02,1.44,244.19,478.71,0.8997,-1,-1,-1
58,2,16.30,-0.00,202.81,477.57,0.8594,-1,-1,-1
58,9,164.26,19.99,99.02,343.85,0.4966,-1,-1,-1
59,1,315.51,0.40,247.47,479.53,0.9035,-1,-1,-1
59,2,15.07,0.23,204.67,477.29,0.8447,-1,-1,-1
59,9,166.51,19.18,96.56,342.22,0.7051,-1,-1,-1
60,1,318.34,-0.81,250.69,479.34,0.9006,-1,-1,-1
60,2,14.08,-0.03,206.79,477.73,0.8185,-1,-1,-1
60,9,161.81,18.02,106.13,387.57,0.5711,-1,-1,-1
61,1,321.87,-1.23,254.41,480.30,0.8971,-1,-1,-1
61,2,11.49,0.43,208.30,476.76,0.8556,-1,-1,-1
61,9,161.51,17.10,107.09,402.09,0.6077,-1,-1,-1
62,1,326.53,-1.22,256.14,477.26,0.8307,-1,-1,-1
62,2,9.64,0.56,209.88,476.59,0.8611,-1,-1,-1
62,9,162.98,15.71,107.51,415.15,0.7277,-1,-1,-1
63,1,327.04,-1.09,260.22,479.79,0.8857,-1,-1,-1
63,2,8.06,0.86,211.37,476.47,0.7896,-1,-1,-1
63,9,163.90,14.34,106.77,422.65,0.7196,-1,-1,-1
64,1,329.32,-1.06,263.24,480.75,0.8757,-1,-1,-1
64,2,7.96,1.45,213.05,476.68,0.8099,-1,-1,-1
64,9,165.53,14.01,104.24,420.62,0.5741,-1,-1,-1
64,6,500.19,191.82,28.37,77.40,0.6102,-1,-1,-1
65,1,329.53,-0.97,265.81,481.02,0.8766,-1,-1,-1
65,2,9.76,1.25,214.88,475.66,0.7657,-1,-1,-1
65,9,172.44,13.41,93.45,378.36,0.5247,-1,-1,-1
65,6,502.03,192.50,27.79,76.89,0.6443,-1,-1,-1
66,1,327.40,-0.71,268.44,480.88,0.8839,-1,-1,-1
66,2,8.32,1.15,215.80,474.08,0.8418,-1,-1,-1
66,9,176.87,12.53,86.44,348.25,0.6341,-1,-1,-1
66,6,503.10,192.12,27.57,76.91,0.6824,-1,-1,-1
67,1,326.40,-0.71,271.46,480.78,0.8852,-1,-1,-1
67,2,5.62,1.04,217.58,476.08,0.8087,-1,-1,-1
67,9,173.28,11.28,96.09,394.28,0.7479,-1,-1,-1
67,6,503.86,192.37,27.01,76.65,0.6490,-1,-1,-1
68,1,327.66,-0.32,273.58,480.47,0.8942,-1,-1,-1
68,2,4.17,2.17,218.08,475.38,0.7487,-1,-1,-1
68,9,171.22,10.51,100.83,421.57,0.6779,-1,-1,-1
68,6,505.21,192.58,26.50,76.86,0.6037,-1,-1,-1
69,1,327.58,-0.03,275.28,480.20,0.8915,-1,-1,-1
69,2,3.36,2.56,218.86,475.59,0.7380,-1,-1,-1
69,9,171.06,9.53,101.92,433.40,0.6036,-1,-1,-1
69,6,505.55,193.16,25.66,75.96,0.6365,-1,-1,-1
70,1,326.77,0.03,276.93,480.12,0.8924,-1,-1,-1
70,2,1.79,1.63,220.13,477.74,0.8235,-1,-1,-1
70,9,174.28,8.77,99.86,431.25,0.8348,-1,-1,-1
70,6,506.13,193.07,25.32,76.01,0.6172,-1,-1,-1
71,1,325.38,-0.26,278.45,480.40,0.8761,-1,-1,-1
71,2,0.99,1.33,220.69,478.57,0.8286,-1,-1,-1
71,9,176.60,7.87,98.38,430.62,0.8365,-1,-1,-1
71,6,506.51,193.20,24.75,75.17,0.5617,-1,-1,-1
72,1,324.24,-0.02,279.87,480.15,0.8827,-1,-1,-1
72,2,0.78,1.16,221.08,478.93,0.8600,-1,-1,-1
72,9,178.35,7.32,97.17,430.51,0.8375,-1,-1,-1
72,6,506.61,192.90,24.72,75.94,0.5834,-1,-1,-1
73,1,322.57,0.05,281.53,480.06,0.8920,-1,-1,-1
73,2,0.72,1.17,221.31,478.98,0.8543,-1,-1,-1
73,9,180.44,8.99,95.89,428.16,0.8394,-1,-1,-1
73,6,505.87,192.35,24.95,77.43,0.5062,-1,-1,-1
73,13,289.96,177.15,31.02,82.99,0.6042,-1,-1,-1
74,1,320.29,-0.15,282.93,480.25,0.8500,-1,-1,-1
74,2,0.93,1.18,221.24,478.27,0.8477,-1,-1,-1
74,9,181.97,8.72,95.15,427.43,0.8486,-1,-1,-1
74,6,505.44,192.95,24.41,76.35,0.5653,-1,-1,-1
74,13,289.98,177.07,30.79,82.42,0.5464,-1,-1,-1
75,1,315.23,0.14,283.95,479.94,0.8711,-1,-1,-1
75,2,1.05,0.90,221.41,478.44,0.8279,-1,-1,-1
75,9,183.82,9.08,94.36,426.16,0.8458,-1,-1,-1
75,13,290.33,177.28,30.67,82.05,0.6049,-1,-1,-1
76,1,312.90,-0.10,284.91,479.24,0.8883,-1,-1,-1
76,2,1.14,0.76,221.44,478.38,0.8184,-1,-1,-1
76,9,184.83,9.47,93.82,425.59,0.8553,-1,-1,-1
76,13,290.31,177.02,30.47,81.52,0.6551,-1,-1,-1
77,1,310.10,-0.17,285.36,478.17,0.8744,-1,-1,-1
77,2,1.66,0.73,221.15,477.42,0.8269,-1,-1,-1
77,9,185.64,9.42,93.21,424.49,0.8452,-1,-1,-1
77,13,290.64,176.78,30.47,81.31,0.6553,-1,-1,-1
78,1,308.22,-0.18,286.09,477.30,0.8931,-1,-1,-1
78,2,1.57,0.95,221.75,478.42,0.8335,-1,-1,-1
78,9,186.31,8.98,92.55,424.22,0.8443,-1,-1,-1
78,13,289.99,177.12,30.38,80.97,0.4946,-1,-1,-1
79,1,306.42,-0.17,287.20,479.13,0.8717,-1,-1,-1
79,2,1.79,0.73,221.84,478.35,0.8325,-1,-1,-1
79,9,185.97,9.58,91.84,424.10,0.8373,-1,-1,-1
79,13,290.07,177.62,30.40,80.55,0.4671,-1,-1,-1
80,1,307.53,-0.16,286.14,479.82,0.8759,-1,-1,-1
80,2,1.76,1.05,222.20,478.67,0.8516,-1,-1,-1
80,9,185.99,10.48,91.29,424.52,0.8294,-1,-1,-1
81,1,308.04,-0.14,285.32,480.06,0.8798,-1,-1,-1
81,2,2.49,1.16,222.61,478.54,0.8432,-1,-1,-1
81,9,186.39,10.84,90.01,421.13,0.7937,-1,-1,-1
82,1,309.99,-0.13,283.73,480.14,0.8624,-1,-1,-1
82,2,3.95,1.25,222.88,477.20,0.8403,-1,-1,-1
82,9,186.61,11.69,89.30,420.27,0.7392,-1,-1,-1
83,1,308.42,-0.11,281.74,477.24,0.8782,-1,-1,-1
83,2,2.33,1.37,223.26,477.60,0.8173,-1,-1,-1
83,9,185.67,12.84,89.30,422.99,0.8172,-1,-1,-1
84,1,305.27,-0.10,281.84,478.72,0.9028,-1,-1,-1
84,2,1.54,1.47,223.05,476.73,0.7691,-1,-1,-1
84,9,183.15,12.22,89.63,426.12,0.7983,-1,-1,-1
85,1,306.61,-0.04,281.52,478.48,0.8923,-1,-1,-1
85,2,3.35,1.57,223.32,475.43,0.7584,-1,-1,-1
85,9,180.79,14.08,88.84,424.59,0.7471,-1,-1,-1
86,1,307.13,-0.00,280.61,476.98,0.8679,-1,-1,-1
86,2,3.07,1.68,224.10,476.02,0.7405,-1,-1,-1
86,9,177.59,16.29,88.32,423.70,0.7507,-1,-1,-1
87,1,307.78,0.02,281.19,478.89,0.8880,-1,-1,-1
87,2,3.77,1.75,224.66,475.37,0.7021,-1,-1,-1
87,9,174.67,16.96,86.42,414.74,0.6689,-1,-1,-1
88,1,306.86,0.57,281.26,479.07,0.8988,-1,-1,-1
88,2,1.90,1.76,224.95,475.69,0.8129,-1,-1,-1
88,9,173.08,20.55,85.52,412.01,0.7451,-1,-1,-1
89,1,308.58,0.50,280.89,479.42,0.8955,-1,-1,-1
89,2,0.97,1.74,225.36,476.38,0.8042,-1,-1,-1
89,9,171.91,22.59,84.47,406.86,0.7138,-1,-1,-1
90,1,308.05,0.60,280.76,479.42,0.8977,-1,-1,-1
90,2,-0.42,1.57,225.47,477.14,0.7954,-1,-1,-1
90,9,170.66,23.51,84.23,403.80,0.7513,-1,-1,-1
91,1,308.33,0.82,280.64,479.22,0.8943,-1,-1,-1
91,2,-0.99,1.44,225.30,477.34,0.7909,-1,-1,-1
91,9,170.08,23.93,84.62,402.82,0.7204,-1,-1,-1
92,1,306.81,0.63,280.83,479.03,0.9045,-1,-1,-1
92,2,2.48,1.46,225.69,476.32,0.7655,-1,-1,-1
92,9,170.52,24.43,85.10,400.60,0.6925,-1,-1,-1
93,1,305.78,0.45,280.59,478.87,0.8917,-1,-1,-1
93,2,0.45,1.43,225.03,475.31,0.8433,-1,-1,-1
93,9,173.28,24.05,88.03,406.63,0.7883,-1,-1,-1
94,1,305.32,0.14,280.71,479.60,0.9028,-1,-1,-1
94,2,-0.18,1.50,224.82,475.12,0.8469,-1,-1,-1
94,9,174.63,24.02,90.09,408.80,0.7889,-1,-1,-1
95,1,305.82,0.03,279.58,478.16,0.9010,-1,-1,-1
95,2,-0.39,1.49,224.63,475.08,0.8603,-1,-1,-1
95,9,175.84,22.55,91.92,411.69,0.7886,-1,-1,-1
96,1,305.18,-0.01,279.82,479.36,0.8999,-1,-1,-1
96,2,-0.38,1.60,224.22,474.54,0.8357,-1,-1,-1
96,9,176.64,22.08,92.71,411.38,0.7914,-1,-1,-1
97,1,305.99,0.01,278.67,477.75,0.9031,-1,-1,-1
97,2,-0.00,1.50,223.37,472.87,0.8640,-1,-1,-1
97,9,177.61,21.06,93.29,412.20,0.8179,-1,-1,-1
98,1,306.77,-0.02,278.44,477.96,0.9064,-1,-1,-1
98,2,0.12,1.33,223.28,472.85,0.8745,-1,-1,-1
98,9,180.56,20.42,93.14,412.55,0.8351,-1,-1,-1
99,1,307.32,-0.02,278.14,478.04,0.9089,-1,-1,-1
99,2,-0.05,1.14,223.65,473.94,0.8855,-1,-1,-1
99,9,183.40,20.74,92.72,411.78,0.8484,-1,-1,-1
100,1,307.77,-0.02,277.52,477.64,0.9027,-1,-1,-1
100,2,-0.49,1.04,223.84,474.93,0.8820,-1,-1,-1
100,9,185.61,18.97,92.72,413.17,0.8407,-1,-1,-1
101,1,308.07,-0.02,277.97,479.17,0.9086,-1,-1,-1
101,2,-0.47,0.93,223.70,475.09,0.8767,-1,-1,-1
101,9,188.61,17.57,92.74,413.60,0.8511,-1,-1,-1
102,1,309.27,0.02,276.97,478.40,0.9022,-1,-1,-1
102,2,-0.52,0.86,223.67,475.46,0.8734,-1,-1,-1
102,9,190.16,16.32,92.84,413.31,0.8479,-1,-1,-1
103,1,310.38,-0.00,276.99,479.46,0.9122,-1,-1,-1
103,2,-0.65,0.97,223.79,476.20,0.8702,-1,-1,-1
103,9,191.24,16.86,93.09,414.36,0.8402,-1,-1,-1
104,1,312.24,-0.01,276.94,479.85,0.9108,-1,-1,-1
104,2,-0.54,0.87,223.88,476.67,0.8893,-1,-1,-1
104,9,191.26,17.38,92.86,414.78,0.8419,-1,-1,-1
105,1,312.96,-0.01,276.83,480.00,0.9087,-1,-1,-1
105,2,-0.36,0.66,223.81,476.69,0.8627,-1,-1,-1
105,9,191.13,17.10,91.92,411.81,0.8375,-1,-1,-1
106,1,313.92,-0.01,276.55,479.45,0.9044,-1,-1,-1
106,2,-0.28,0.48,224.10,477.49,0.8800,-1,-1,-1
106,9,190.33,16.67,91.79,414.07,0.8269,-1,-1,-1
106,13,298.18,178.72,29.26,82.17,0.6317,-1,-1,-1
107,1,314.87,0.22,276.59,478.87,0.8953,-1,-1,-1
107,2,0.11,0.31,224.39,478.01,0.8803,-1,-1,-1
107,9,190.22,16.69,91.36,414.62,0.8186,-1,-1,-1
107,13,299.06,178.58,28.26,82.14,0.5889,-1,-1,-1
108,1,315.71,0.08,276.76,477.68,0.8996,-1,-1,-1
108,2,0.45,0.15,224.41,477.76,0.8742,-1,-1,-1
108,9,189.85,16.27,91.00,415.27,0.8234,-1,-1,-1
108,13,299.67,178.75,27.38,81.48,0.6020,-1,-1,-1
109,1,316.63,0.02,276.70,475.97,0.8313,-1,-1,-1
109,2,0.02,0.02,224.74,478.56,0.8857,-1,-1,-1
109,9,189.04,16.65,90.57,414.24,0.8310,-1,-1,-1
109,13,299.82,178.46,26.99,82.10,0.5538,-1,-1,-1
110,1,317.20,0.00,278.48,477.31,0.7599,-1,-1,-1
110,2,-0.38,0.07,224.57,478.48,0.9072,-1,-1,-1
110,9,188.71,16.79,90.60,413.94,0.8395,-1,-1,-1
110,13,299.82,178.28,26.68,82.19,0.4505,-1,-1,-1
111,1,316.91,-0.00,279.53,476.98,0.7984,-1,-1,-1
111,2,-0.80,0.07,224.61,479.01,0.8961,-1,-1,-1
111,9,188.90,17.10,90.88,414.21,0.8444,-1,-1,-1
112,1,324.09,-0.01,279.83,478.70,0.7949,-1,-1,-1
112,2,-0.86,0.09,224.55,479.27,0.9072,-1,-1,-1
112,9,189.54,16.97,91.61,415.46,0.8493,-1,-1,-1
113,1,317.32,0.12,280.58,479.19,0.8647,-1,-1,-1
113,2,-0.80,0.08,224.29,479.04,0.9028,-1,-1,-1
113,9,189.14,17.70,92.04,416.45,0.8531,-1,-1,-1
114,1,314.14,0.04,281.44,479.32,0.8970,-1,-1,-1
114,2,-0.86,0.01,223.96,478.74,0.8955,-1,-1,-1
114,9,189.08,18.97,91.90,414.33,0.8538,-1,-1,-1
115,1,311.79,0.01,281.05,478.02,0.8815,-1,-1,-1
115,2,-0.84,0.03,223.91,478.99,0.8898,-1,-1,-1
115,9,189.46,19.87,92.31,415.05,0.8666,-1,-1,-1
116,1,308.80,0.00,282.11,479.10,0.8949,-1,-1,-1
116,2,-0.93,-0.01,223.58,478.71,0.8794,-1,-1,-1
116,9,191.09,20.42,92.47,415.56,0.8595,-1,-1,-1
117,1,306.72,-0.00,282.16,479.06,0.8835,-1,-1,-1
117,2,-0.43,0.13,223.36,478.28,0.8703,-1,-1,-1
117,9,192.81,20.38,92.91,416.54,0.8547,-1,-1,-1
118,1,303.65,-0.00,281.47,478.42,0.8898,-1,-1,-1
118,2,0.14,0.30,223.61,478.60,0.8679,-1,-1,-1
118,9,193.55,20.19,93.15,417.57,0.8588,-1,-1,-1
119,1,301.91,-0.00,281.81,479.46,0.9113,-1,-1,-1
119,2,1.40,0.42,224.36,479.23,0.8854,-1,-1,-1
119,9,196.12,19.96,92.47,414.78,0.8164,-1,-1,-1
120,1,301.07,-0.00,281.89,479.85,0.9103,-1,-1,-1
120,2,2.69,0.54,225.12,479.36,0.8727,-1,-1,-1
120,9,198.35,20.86,91.49,412.18,0.8094,-1,-1,-1
120,15,498.54,193.16,30.09,78.85,0.7203,-1,-1,-1
121,1,301.78,0.37,281.67,479.63,0.8873,-1,-1,-1
121,2,4.34,0.49,226.28,479.53,0.8772,-1,-1,-1
121,9,198.60,21.14,91.64,414.45,0.8196,-1,-1,-1
121,15,498.55,192.86,30.31,79.45,0.6617,-1,-1,-1
122,1,305.27,0.30,281.02,478.30,0.8887,-1,-1,-1
122,2,6.16,0.30,227.68,479.76,0.8574,-1,-1,-1
122,9,198.71,21.79,91.22,416.62,0.8232,-1,-1,-1
122,15,498.83,193.80,29.84,78.25,0.6640,-1,-1,-1
123,1,303.23,0.72,281.41,478.79,0.8961,-1,-1,-1
123,2,7.56,0.93,228.95,479.14,0.8722,-1,-1,-1
123,9,199.23,21.46,90.32,415.25,0.8338,-1,-1,-1
123,15,499.45,194.15,29.71,77.82,0.6804,-1,-1,-1
124,1,303.25,0.38,281.36,479.14,0.9043,-1,-1,-1
124,2,8.49,0.92,230.34,478.49,0.8645,-1,-1,-1
124,9,200.08,22.24,88.63,410.31,0.8398,-1,-1,-1
124,15,499.76,194.30,29.65,77.67,0.6531,-1,-1,-1
125,1,303.21,0.56,280.87,478.97,0.9025,-1,-1,-1
125,2,8.86,0.85,231.95,478.18,0.8533,-1,-1,-1
125,9,200.48,22.65,87.33,407.00,0.8189,-1,-1,-1
125,15,500.17,193.91,29.55,77.56,0.6406,-1,-1,-1
126,1,303.17,0.56,280.45,479.09,0.8998,-1,-1,-1
126,2,10.75,0.76,230.14,469.25,0.7892,-1,-1,-1
126,9,200.92,22.65,86.51,406.24,0.7895,-1,-1,-1
126,15,500.31,194.05,29.49,77.68,0.6269,-1,-1,-1
127,1,304.24,0.45,280.14,479.28,0.8968,-1,-1,-1
127,2,9.28,0.91,233.54,473.07,0.8428,-1,-1,-1
127,9,201.88,22.76,85.70,406.02,0.8087,-1,-1,-1
127,15,501.21,193.40,29.29,77.63,0.5878,-1,-1,-1
128,1,304.58,0.54,279.71,479.02,0.9036,-1,-1,-1
128,2,9.47,0.78,235.49,473.10,0.8329,-1,-1,-1
128,9,202.32,22.75,85.19,406.43,0.7369,-1,-1,-1
128,15,501.71,193.88,28.82,76.85,0.6020,-1,-1,-1
129,1,304.98,0.34,279.13,478.77,0.8964,-1,-1,-1
129,2,8.84,0.83,237.35,473.53,0.8553,-1,-1,-1
129,9,202.47,22.94,84.75,407.02,0.7420,-1,-1,-1
129,15,501.91,193.99,28.66,76.93,0.5890,-1,-1,-1
130,1,305.02,0.31,278.92,478.86,0.9090,-1,-1,-1
130,2,7.93,0.82,238.09,472.87,0.8327,-1,-1,-1
130,9,202.66,23.66,84.20,406.89,0.7662,-1,-1,-1
130,15,502.81,193.73,28.46,76.88,0.6022,-1,-1,-1
130,16,0.68,80.28,47.68,399.72,0.6942,-1,-1,-1
131,1,304.79,0.44,278.57,478.78,0.8997,-1,-1,-1
131,2,11.13,0.89,237.14,471.06,0.8096,-1,-1,-1
131,9,202.73,23.39,83.54,405.19,0.7974,-1,-1,-1
131,15,502.07,193.64,28.59,77.39,0.6511,-1,-1,-1
131,16,8.26,80.18,32.73,270.29,0.3753,-1,-1,-1
132,1,304.43,0.21,278.22,479.09,0.8961,-1,-1,-1
132,2,11.02,0.70,237.10,471.28,0.7880,-1,-1,-1
132,9,201.67,23.07,83.46,405.50,0.8254,-1,-1,-1
132,15,501.86,192.98,28.57,77.64,0.6410,-1,-1,-1
133,1,304.55,0.06,276.84,477.27,0.8985,-1,-1,-1
133,2,9.16,0.60,238.15,473.82,0.8360,-1,-1,-1
133,9,201.00,22.81,83.54,406.30,0.8321,-1,-1,-1
133,15,501.75,192.90,28.72,78.22,0.5934,-1,-1,-1
134,1,303.40,0.20,275.92,476.59,0.9034,-1,-1,-1
134,2,8.12,0.70,238.82,476.28,0.8550,-1,-1,-1
134,9,200.24,22.81,83.92,409.69,0.8371,-1,-1,-1
134,15,501.25,192.71,29.00,79.00,0.6285,-1,-1,-1
135,1,302.99,0.07,276.40,478.77,0.8891,-1,-1,-1
135,2,6.28,0.80,238.91,477.43,0.8785,-1,-1,-1
135,9,200.49,22.82,83.95,411.52,0.8360,-1,-1,-1
135,15,500.63,192.83,28.87,78.87,0.6259,-1,-1,-1
136,1,302.53,0.08,276.13,479.53,0.8891,-1,-1,-1
136,2,3.71,0.89,238.19,477.47,0.8581,-1,-1,-1
136,9,199.91,23.51,83.74,410.69,0.8288,-1,-1,-1
136,15,500.32,192.62,28.99,79.30,0.6364,-1,-1,-1
137,1,302.58,0.02,275.68,479.88,0.8920,-1,-1,-1
137,2,1.62,0.83,237.20,478.05,0.8566,-1,-1,-1
137,9,198.00,23.16,84.08,409.74,0.8276,-1,-1,-1
137,15,500.49,193.04,28.82,78.89,0.6001,-1,-1,-1
138,1,302.45,-0.00,275.38,479.96,0.9059,-1,-1,-1
138,2,-0.56,0.55,236.24,479.17,0.8711,-1,-1,-1
138,9,195.82,23.34,85.13,411.39,0.8408,-1,-1,-1
138,15,501.17,192.93,28.73,78.88,0.5734,-1,-1,-1
138,13,295.43,178.47,28.55,80.96,0.6002,-1,-1,-1
139,1,303.21,-0.01,275.17,480.03,0.9105,-1,-1,-1
139,2,-1.84,0.44,235.14,479.59,0.8713,-1,-1,-1
139,9,194.51,22.76,85.80,410.63,0.8469,-1,-1,-1
139,15,501.54,193.39,28.42,78.23,0.5509,-1,-1,-1
139,13,294.16,178.25,30.13,81.12,0.6246,-1,-1,-1
140,1,304.48,0.41,274.75,479.34,0.9103,-1,-1,-1
140,2,-3.52,0.58,233.63,479.31,0.8797,-1,-1,-1
140,9,193.54,22.47,86.66,410.49,0.8525,-1,-1,-1
140,15,502.18,192.95,28.43,78.42,0.5436,-1,-1,-1
140,13,293.62,177.42,30.69,81.86,0.6005,-1,-1,-1
141,1,305.54,0.15,273.39,476.19,0.8997,-1,-1,-1
141,2,-4.70,0.71,231.94,478.87,0.8872,-1,-1,-1
141,9,192.25,21.45,87.88,411.75,0.8562,-1,-1,-1
141,15,501.94,192.90,28.29,78.30,0.5853,-1,-1,-1
141,13,293.71,178.09,30.62,80.73,0.4768,-1,-1,-1
142,1,305.25,0.26,274.73,478.15,0.9093,-1,-1,-1
142,2,-5.59,0.88,230.49,479.05,0.8836,-1,-1,-1
142,9,191.39,20.88,88.98,413.06,0.8585,-1,-1,-1
142,15,502.02,192.46,28.32,78.76,0.5656,-1,-1,-1
142,13,293.55,178.17,30.06,80.32,0.4528,-1,-1,-1
143,1,306.18,0.09,275.61,479.25,0.9058,-1,-1,-1
143,2,-5.91,0.96,229.16,479.10,0.8861,-1,-1,-1
143,9,190.17,20.42,90.14,413.88,0.8618,-1,-1,-1
143,15,502.49,192.11,27.87,78.49,0.5970,-1,-1,-1
143,13,292.90,178.18,30.67,81.03,0.5429,-1,-1,-1
144,1,307.20,0.03,276.48,479.77,0.9140,-1,-1,-1
144,2,-5.63,1.02,227.84,478.71,0.8927,-1,-1,-1
144,9,189.35,20.46,91.01,413.59,0.8556,-1,-1,-1
144,15,502.64,191.55,27.53,78.68,0.5340,-1,-1,-1
144,13,292.94,178.20,30.37,80.44,0.5565,-1,-1,-1
145,1,310.03,0.00,277.56,479.96,0.9005,-1,-1,-1
145,2,-5.56,1.06,226.51,478.35,0.9011,-1,-1,-1
145,9,187.92,20.24,92.04,413.24,0.8542,-1,-1,-1
145,15,503.53,191.95,26.91,78.09,0.5526,-1,-1,-1
145,13,293.25,178.36,30.06,80.02,0.5813,-1,-1,-1
146,1,311.57,-0.01,278.29,479.84,0.8601,-1,-1,-1
146,2,-5.10,1.21,225.23,477.76,0.8963,-1,-1,-1
146,9,187.22,20.25,92.91,412.69,0.8512,-1,-1,-1
146,13,294.00,178.20,29.69,80.19,0.6026,-1,-1,-1
147,1,321.49,-0.01,277.77,478.10,0.8399,-1,-1,-1
147,2,-4.24,1.35,224.08,477.06,0.8911,-1,-1,-1
147,9,186.88,20.36,93.64,412.62,0.8538,-1,-1,-1
147,13,293.90,177.57,29.64,82.11,0.3723,-1,-1,-1
148,1,322.86,-0.01,278.76,477.08,0.8729,-1,-1,-1
148,2,-3.04,1.13,223.71,477.78,0.8647,-1,-1,-1
148,9,187.57,20.34,94.02,412.51,0.8583,-1,-1,-1
148,13,295.06,177.79,29.26,83.05,0.3982,-1,-1,-1
149,1,323.58,-0.01,280.50,477.26,0.8849,-1,-1,-1
149,2,-0.64,0.72,224.00,478.93,0.8584,-1,-1,-1
149,9,188.93,20.64,93.91,411.62,0.8564,-1,-1,-1
149,13,296.59,178.34,28.80,84.12,0.4503,-1,-1,-1
150,1,323.51,-0.01,282.89,478.57,0.8775,-1,-1,-1
150,2,1.05,0.85,223.93,478.85,0.8666,-1,-1,-1
150,9,189.78,21.32,94.08,412.56,0.8526,-1,-1,-1
151,1,322.80,-0.01,284.41,479.27,0.8437,-1,-1,-1
151,2,3.01,0.79,224.02,478.92,0.8561,-1,-1,-1
151,9,190.91,21.76,94.00,413.89,0.8591,-1,-1,-1
152,1,320.36,-0.01,284.73,479.07,0.7839,-1,-1,-1
152,2,6.24,0.63,224.07,479.31,0.8586,-1,-1,-1
152,9,191.64,21.87,93.52,413.49,0.8665,-1,-1,-1
153,1,316.69,-0.00,284.48,477.33,0.8181,-1,-1,-1
153,2,8.89,0.64,223.25,476.96,0.8399,-1,-1,-1
153,9,191.92,21.68,92.99,412.56,0.8636,-1,-1,-1
154,1,310.78,0.41,285.53,478.63,0.8766,-1,-1,-1
154,2,8.88,0.62,223.22,475.66,0.8284,-1,-1,-1
154,9,191.90,21.57,92.97,413.57,0.8523,-1,-1,-1
154,15,502.48,188.76,27.17,79.47,0.6720,-1,-1,-1
155,1,306.71,0.45,285.77,479.24,0.8916,-1,-1,-1
155,2,9.33,0.63,223.76,476.31,0.8269,-1,-1,-1
155,9,191.64,21.85,92.85,414.27,0.8441,-1,-1,-1
155,15,501.61,191.41,26.70,77.46,0.6320,-1,-1,-1
156,1,303.77,0.17,285.52,479.77,0.9024,-1,-1,-1
156,2,8.77,0.68,224.64,477.42,0.8638,-1,-1,-1
156,9,191.28,21.80,92.56,414.11,0.8660,-1,-1,-1
156,15,500.65,193.84,26.39,75.60,0.5653,-1,-1,-1
157,1,295.93,0.06,283.31,479.96,0.9151,-1,-1,-1
157,2,8.77,0.50,224.23,475.95,0.8367,-1,-1,-1
157,9,190.26,21.19,92.50,415.39,0.8651,-1,-1,-1
157,15,499.55,194.34,26.99,76.36,0.5832,-1,-1,-1
158,1,286.38,0.02,278.39,480.03,0.9172,-1,-1,-1
158,2,7.17,0.27,224.85,477.26,0.8401,-1,-1,-1
158,9,189.66,19.99,92.70,417.92,0.8586,-1,-1,-1
158,15,499.23,195.54,27.10,75.56,0.5185,-1,-1,-1
159,1,277.41,0.00,272.69,480.05,0.9095,-1,-1,-1
159,2,5.56,0.25,225.36,477.93,0.8463,-1,-1,-1
159,9,189.99,19.16,92.70,418.20,0.8466,-1,-1,-1
159,15,497.45,187.98,30.09,83.98,0.7013,-1,-1,-1
160,1,273.20,0.39,263.88,476.18,0.9183,-1,-1,-1
160,2,2.88,0.75,225.73,478.08,0.8645,-1,-1,-1
160,9,189.48,18.90,92.78,419.33,0.8495,-1,-1,-1
160,15,496.93,185.81,31.02,86.27,0.7204,-1,-1,-1
161,1,269.17,0.14,259.56,478.60,0.9106,-1,-1,-1
161,2,1.69,0.78,226.28,478.85,0.8620,-1,-1,-1
161,9,188.65,18.33,92.87,420.32,0.8480,-1,-1,-1
161,15,496.45,185.77,31.22,86.42,0.6946,-1,-1,-1
162,1,268.61,0.44,253.83,475.88,0.9057,-1,-1,-1
162,2,1.44,0.60,226.47,478.56,0.8341,-1,-1,-1
162,9,188.53,16.39,93.30,421.58,0.8529,-1,-1,-1
162,15,496.67,184.53,31.78,87.86,0.7159,-1,-1,-1
163,1,269.05,0.44,249.76,475.35,0.9063,-1,-1,-1
163,2,1.47,0.48,225.58,476.02,0.8299,-1,-1,-1
163,9,187.71,15.60,94.00,425.03,0.8500,-1,-1,-1
163,15,497.16,183.79,32.19,88.50,0.7191,-1,-1,-1
164,1,270.71,0.64,245.81,474.64,0.9039,-1,-1,-1
164,2,0.38,0.62,225.19,475.30,0.8047,-1,-1,-1
164,9,186.65,14.17,94.48,427.59,0.8366,-1,-1,-1
164,15,496.19,182.82,32.61,89.65,0.7221,-1,-1,-1
165,1,273.76,0.23,243.61,478.06,0.9196,-1,-1,-1
165,2,-0.46,0.52,225.03,475.29,0.8194,-1,-1,-1
165,9,186.45,13.64,94.51,428.29,0.8456,-1,-1,-1
165,15,496.33,182.85,32.70,89.67,0.7144,-1,-1,-1
166,1,276.65,0.08,240.65,479.35,0.9216,-1,-1,-1
166,2,-1.12,0.23,225.18,476.19,0.8165,-1,-1,-1
166,9,185.65,12.40,94.95,430.33,0.8412,-1,-1,-1
166,15,496.43,182.57,32.80,89.84,0.7192,-1,-1,-1
167,1,278.23,0.02,237.67,479.84,0.9166,-1,-1,-1
167,2,-1.21,0.39,223.86,473.88,0.7956,-1,-1,-1
167,9,184.62,11.07,95.25,432.05,0.8182,-1,-1,-1
167,15,496.58,183.13,32.76,89.31,0.7212,-1,-1,-1
168,1,279.14,-0.00,234.88,480.02,0.9129,-1,-1,-1
168,2,-1.48,0.41,223.70,474.19,0.8193,-1,-1,-1
168,9,183.69,10.56,95.32,432.56,0.8436,-1,-1,-1
168,15,496.53,182.76,32.99,89.58,0.7227,-1,-1,-1
169,1,278.34,0.75,231.33,475.97,0.9026,-1,-1,-1
169,2,-1.50,0.35,223.39,474.15,0.7547,-1,-1,-1
169,9,183.29,10.34,95.59,433.58,0.8432,-1,-1,-1
169,15,496.63,183.39,32.98,89.40,0.7323,-1,-1,-1
170,1,276.40,0.84,229.69,474.54,0.8991,-1,-1,-1
170,2,-1.26,0.29,222.39,472.48,0.7600,-1,-1,-1
170,9,182.91,9.91,96.02,435.43,0.8438,-1,-1,-1
170,15,496.57,182.85,33.21,89.91,0.7139,-1,-1,-1
171,1,275.46,0.76,228.87,474.57,0.9022,-1,-1,-1
171,2,-1.61,0.10,222.42,473.31,0.7945,-1,-1,-1
171,9,182.47,9.69,96.43,437.13,0.8462,-1,-1,-1
172,1,276.07,0.81,228.19,475.18,0.8971,-1,-1,-1
172,2,-1.97,0.19,222.78,475.00,0.8448,-1,-1,-1
172,9,182.38,9.70,96.62,437.98,0.8467,-1,-1,-1
173,1,276.82,0.76,227.49,476.23,0.8991,-1,-1,-1
173,2,-2.10,0.14,222.93,476.31,0.8155,-1,-1,-1
173,9,182.12,9.77,96.67,437.50,0.8485,-1,-1,-1
174,1,277.14,0.87,226.62,476.76,0.9030,-1,-1,-1
174,2,-2.01,0.12,222.50,476.21,0.8274,-1,-1,-1
174,9,181.74,9.94,96.77,437.34,0.8488,-1,-1,-1
175,1,276.71,0.90,226.01,477.21,0.8518,-1,-1,-1
175,2,-1.99,0.08,222.36,476.80,0.8592,-1,-1,-1
175,9,180.98,10.49,97.83,441.18,0.8492,-1,-1,-1
176,1,277.68,0.32,225.52,478.51,0.8983,-1,-1,-1
176,2,-1.77,0.02,222.07,476.89,0.8271,-1,-1,-1
176,9,181.29,10.97,97.83,440.24,0.8400,-1,-1,-1
177,1,278.51,0.51,223.80,476.43,0.8925,-1,-1,-1
177,2,-1.34,-0.01,221.13,475.35,0.7940,-1,-1,-1
177,9,181.14,11.39,97.73,439.58,0.8551,-1,-1,-1
178,1,279.02,0.17,223.86,477.66,0.9043,-1,-1,-1
178,2,-1.61,0.06,221.42,476.78,0.8280,-1,-1,-1
178,9,181.11,11.17,97.62,437.97,0.8604,-1,-1,-1
178,15,496.51,183.39,33.30,89.48,0.7167,-1,-1,-1
179,1,273.62,0.45,224.63,477.24,0.8599,-1,-1,-1
179,2,-1.35,0.09,220.87,476.17,0.8366,-1,-1,-1
179,9,181.01,11.21,98.00,439.62,0.8657,-1,-1,-1
179,15,496.55,183.32,33.39,89.56,0.7313,-1,-1,-1
180,1,277.53,0.15,224.49,478.58,0.9031,-1,-1,-1
180,2,-1.41,0.14,221.02,477.13,0.8417,-1,-1,-1
180,9,180.91,11.30,97.91,438.63,0.8560,-1,-1,-1
180,15,496.39,183.29,33.35,89.48,0.7044,-1,-1,-1
181,1,278.68,0.04,224.43,479.51,0.9067,-1,-1,-1
181,2,-1.29,0.08,220.67,476.90,0.8206,-1,-1,-1
181,9,181.45,11.56,97.67,437.87,0.8607,-1,-1,-1
181,15,496.38,183.44,33.24,89.35,0.7025,-1,-1,-1
182,1,280.74,0.42,223.01,476.77,0.9032,-1,-1,-1
182,2,-0.94,0.19,219.72,475.17,0.8315,-1,-1,-1
182,9,181.35,11.28,97.34,436.35,0.8435,-1,-1,-1
182,15,496.43,183.63,32.99,88.78,0.7112,-1,-1,-1
183,1,281.84,0.51,222.60,476.19,0.9035,-1,-1,-1
183,2,-0.72,0.36,219.85,475.73,0.8451,-1,-1,-1
183,9,181.51,11.53,97.21,436.12,0.8514,-1,-1,-1
183,15,496.45,184.29,32.56,88.06,0.7189,-1,-1,-1
184,1,283.70,0.75,222.16,475.54,0.9052,-1,-1,-1
184,2,-0.46,0.45,219.48,475.12,0.8220,-1,-1,-1
184,9,181.30,11.57,97.10,435.56,0.8483,-1,-1,-1
184,15,496.60,184.21,32.34,88.34,0.7044,-1,-1,-1
185,1,286.29,0.79,221.62,474.96,0.8970,-1,-1,-1
185,2,-0.45,0.40,219.45,475.27,0.8311,-1,-1,-1
185,9,181.02,11.56,97.09,435.30,0.8490,-1,-1,-1
185,15,497.12,184.40,31.84,87.78,0.7017,-1,-1,-1
186,1,290.13,1.05,220.74,474.49,0.9137,-1,-1,-1
186,2,-0.54,0.39,219.69,476.06,0.8593,-1,-1,-1
186,9,181.13,11.49,97.17,435.66,0.8525,-1,-1,-1
186,15,497.46,185.18,31.13,86.51,0.6988,-1,-1,-1
187,1,291.88,1.08,220.26,474.57,0.9097,-1,-1,-1
187,2,-0.40,0.32,219.54,475.91,0.8708,-1,-1,-1
187,9,181.58,11.47,97.07,435.72,0.8491,-1,-1,-1
187,15,497.98,185.56,30.54,85.67,0.6706,-1,-1,-1
188,1,293.18,1.04,219.54,474.24,0.9124,-1,-1,-1
188,2,-0.35,0.38,219.45,475.89,0.8590,-1,-1,-1
188,9,181.33,11.39,97.07,435.60,0.8515,-1,-1,-1
188,15,498.45,185.38,30.43,86.11,0.6809,-1,-1,-1
189,1,293.99,0.96,218.80,473.90,0.9132,-1,-1,-1
189,2,-0.24,0.32,219.26,475.58,0.8383,-1,-1,-1
189,9,181.21,11.08,97.07,435.77,0.8536,-1,-1,-1
189,15,498.55,184.79,30.44,86.72,0.6820,-1,-1,-1
190,1,294.28,0.87,218.45,474.33,0.9129,-1,-1,-1
190,2,-0.22,0.32,219.12,475.41,0.8498,-1,-1,-1
190,9,181.41,11.06,96.86,435.01,0.8423,-1,-1,-1
190,15,498.63,185.33,30.11,86.07,0.6711,-1,-1,-1
191,1,294.48,0.93,217.96,474.45,0.9146,-1,-1,-1
191,2,-0.25,0.40,219.12,475.58,0.8552,-1,-1,-1
191,9,181.38,10.93,96.93,435.52,0.8468,-1,-1,-1
191,15,498.52,184.97,30.30,86.91,0.6865,-1,-1,-1
192,1,294.29,0.96,217.56,474.36,0.9103,-1,-1,-1
192,2,-0.26,0.40,219.04,475.56,0.8473,-1,-1,-1
192,9,181.17,11.03,97.01,435.64,0.8523,-1,-1,-1
192,15,498.54,184.65,30.23,86.95,0.6716,-1,-1,-1
193,1,293.88,0.81,217.36,474.45,0.9086,-1,-1,-1
193,2,-0.17,0.38,218.61,474.73,0.8335,-1,-1,-1
193,9,181.27,11.11,97.08,436.10,0.8511,-1,-1,-1
193,15,498.54,184.73,30.22,87.28,0.6919,-1,-1,-1
194,1,291.88,0.58,217.86,475.27,0.8972,-1,-1,-1
194,2,-0.44,0.37,218.76,475.44,0.8347,-1,-1,-1
194,9,180.77,11.02,97.23,436.58,0.8552,-1,-1,-1
194,15,498.69,184.66,30.18,87.55,0.6949,-1,-1,-1
195,1,289.14,0.48,218.62,475.82,0.8812,-1,-1,-1
195,2,-0.48,0.50,218.65,475.56,0.8490,-1,-1,-1
195,9,180.36,10.99,97.29,436.77,0.8556,-1,-1,-1
195,15,498.30,184.34,30.20,88.17,0.6763,-1,-1,-1
196,1,286.89,0.48,219.47,476.11,0.8901,-1,-1,-1
196,2,-0.31,0.45,218.09,474.61,0.7973,-1,-1,-1
196,9,179.82,10.96,97.45,436.85,0.8553,-1,-1,-1
196,15,498.72,183.86,30.27,88.83,0.6643,-1,-1,-1
197,1,285.53,0.49,220.50,476.50,0.8978,-1,-1,-1
197,2,-0.14,0.45,217.90,474.35,0.8443,-1,-1,-1
197,9,179.14,10.54,97.72,437.34,0.8517,-1,-1,-1
197,15,498.75,184.28,29.98,88.17,0.6447,-1,-1,-1
198,1,284.70,0.62,221.09,476.14,0.9113,-1,-1,-1
198,2,-0.36,0.50,217.82,474.53,0.8636,-1,-1,-1
198,9,178.11,10.45,97.98,438.15,0.8590,-1,-1,-1
198,15,499.12,184.59,29.90,87.85,0.6915,-1,-1,-1
199,1,283.42,0.66,222.04,476.48,0.9094,-1,-1,-1
199,2,-0.22,1.21,217.41,473.74,0.8072,-1,-1,-1
199,9,176.75,11.06,97.99,437.92,0.8502,-1,-1,-1
199,15,498.89,184.65,29.71,86.89,0.6871,-1,-1,-1
200,1,281.84,0.72,222.76,475.98,0.9050,-1,-1,-1
200,2,0.25,3.90,216.07,470.61,0.7861,-1,-1,-1
200,9,174.77,11.69,97.83,437.80,0.8485,-1,-1,-1
200,15,498.70,185.03,29.88,87.13,0.7191,-1,-1,-1
201,1,279.10,0.25,224.85,478.64,0.9075,-1,-1,-1
201,2,0.22,3.52,216.15,470.76,0.7750,-1,-1,-1
201,9,171.44,12.53,98.08,438.43,0.8344,-1,-1,-1
201,15,498.00,185.16,29.96,87.33,0.7009,-1,-1,-1
202,1,277.38,0.07,226.07,479.65,0.9087,-1,-1,-1
202,2,0.58,6.02,215.66,469.35,0.7269,-1,-1,-1
202,9,167.16,14.44,97.98,436.66,0.8103,-1,-1,-1
202,15,497.50,185.30,29.92,87.25,0.6884,-1,-1,-1
203,1,276.49,0.00,226.48,479.07,0.8960,-1,-1,-1
203,2,1.02,11.87,213.39,463.88,0.6432,-1,-1,-1
203,9,161.70,16.19,98.25,433.80,0.7759,-1,-1,-1
203,15,496.93,184.97,30.09,87.86,0.7030,-1,-1,-1
204,1,276.33,0.53,225.84,476.09,0.8902,-1,-1,-1
204,2,0.01,5.32,214.97,467.68,0.6962,-1,-1,-1
204,9,159.24,18.17,96.79,424.46,0.8094,-1,-1,-1
204,15,495.67,185.88,29.88,87.30,0.7610,-1,-1,-1
205,1,276.13,0.86,226.01,474.46,0.8818,-1,-1,-1
205,2,-0.44,2.55,215.43,469.08,0.6692,-1,-1,-1
205,9,156.28,20.23,95.24,416.17,0.8102,-1,-1,-1
205,15,495.71,186.33,29.49,86.40,0.7396,-1,-1,-1
206,1,274.74,0.80,226.89,474.07,0.8896,-1,-1,-1
206,2,-1.31,2.10,215.65,470.45,0.6222,-1,-1,-1
206,9,154.42,22.55,93.83,409.07,0.7806,-1,-1,-1
206,15,495.35,186.49,29.28,85.71,0.7051,-1,-1,-1
207,1,274.77,0.91,227.59,474.03,0.8838,-1,-1,-1
207,2,-1.45,2.08,215.03,469.86,0.5666,-1,-1,-1
207,9,155.43,24.53,91.76,399.49,0.7154,-1,-1,-1
207,15,494.98,186.19,29.30,86.01,0.7399,-1,-1,-1
208,1,271.47,0.72,229.35,474.62,0.8869,-1,-1,-1
208,2,-2.15,0.88,215.71,472.58,0.7748,-1,-1,-1
208,9,162.25,28.63,87.52,381.42,0.7922,-1,-1,-1
208,15,494.06,186.53,29.56,86.72,0.7037,-1,-1,-1
209,1,269.08,0.80,231.13,475.09,0.8913,-1,-1,-1
209,2,-2.91,0.46,215.57,473.83,0.7688,-1,-1,-1
209,9,166.54,32.53,84.35,368.78,0.7931,-1,-1,-1
209,15,494.08,186.19,29.52,86.74,0.7292,-1,-1,-1
210,1,265.31,0.79,233.19,476.00,0.8626,-1,-1,-1
210,2,-4.26,0.76,214.69,474.34,0.8731,-1,-1,-1
210,9,170.72,41.54,81.33,356.02,0.8382,-1,-1,-1
210,15,493.09,185.83,29.91,87.76,0.7283,-1,-1,-1
211,1,267.71,1.09,233.70,476.36,0.8113,-1,-1,-1
211,2,-5.54,1.14,213.78,475.31,0.8799,-1,-1,-1
211,9,173.09,46.90,80.23,349.20,0.8474,-1,-1,-1
211,15,492.29,184.33,30.46,89.10,0.7399,-1,-1,-1
212,1,267.12,1.11,234.38,476.45,0.8355,-1,-1,-1
212,2,-6.12,0.85,211.47,473.40,0.8260,-1,-1,-1
212,9,175.25,52.97,80.44,344.30,0.8593,-1,-1,-1
212,15,491.23,185.36,30.52,89.43,0.7197,-1,-1,-1
213,1,261.65,1.22,236.12,476.84,0.8697,-1,-1,-1
213,2,-8.64,1.89,209.36,473.67,0.7969,-1,-1,-1
213,9,177.18,54.54,82.21,342.49,0.8614,-1,-1,-1
213,15,490.00,184.94,30.42,89.48,0.6653,-1,-1,-1
214,1,259.17,0.96,236.97,476.80,0.8787,-1,-1,-1
214,2,-10.83,1.03,207.82,476.10,0.8096,-1,-1,-1
214,9,173.19,56.66,87.07,348.35,0.8709,-1,-1,-1
214,15,489.03,184.79,30.37,89.90,0.7140,-1,-1,-1
215,1,258.30,0.77,236.96,475.79,0.8978,-1,-1,-1
215,2,-10.90,0.45,205.55,476.39,0.7638,-1,-1,-1
215,9,174.80,57.48,89.21,344.91,0.8818,-1,-1,-1
215,15,487.20,184.94,30.55,89.64,0.7066,-1,-1,-1
216,1,256.91,0.45,237.29,476.09,0.8769,-1,-1,-1
216,2,-10.97,0.34,202.52,475.00,0.7176,-1,-1,-1
216,9,178.18,59.51,90.66,340.90,0.8860,-1,-1,-1
216,15,486.76,184.55,30.43,89.97,0.7329,-1,-1,-1
217,1,268.44,0.90,234.99,477.92,0.8183,-1,-1,-1
217,2,-10.71,0.22,200.86,476.54,0.8026,-1,-1,-1
217,9,180.68,61.93,92.36,338.44,0.8841,-1,-1,-1
217,15,485.83,183.08,30.90,91.22,0.7294,-1,-1,-1
218,1,262.86,1.00,234.46,478.67,0.7992,-1,-1,-1
218,2,-9.49,0.28,199.44,477.83,0.7906,-1,-1,-1
218,9,183.41,67.59,92.96,332.39,0.8689,-1,-1,-1
218,15,482.97,182.09,31.70,93.82,0.7213,-1,-1,-1
219,1,271.71,0.41,230.88,479.45,0.8272,-1,-1,-1
219,2,-7.79,0.31,197.51,476.82,0.8156,-1,-1,-1
219,9,188.13,73.42,93.13,326.46,0.8703,-1,-1,-1
219,15,481.30,180.92,31.78,94.32,0.7533,-1,-1,-1
220,1,276.11,6.60,224.14,472.33,0.7502,-1,-1,-1
220,2,-5.70,0.26,196.38,476.49,0.8105,-1,-1,-1
220,9,192.13,79.09,92.31,318.57,0.8613,-1,-1,-1
220,15,479.77,180.34,32.10,95.60,0.7701,-1,-1,-1
221,1,271.46,17.30,219.36,461.93,0.8683,-1,-1,-1
221,2,-2.87,0.71,195.89,475.96,0.7595,-1,-1,-1
221,9,196.20,86.25,90.09,305.22,0.8713,-1,-1,-1
221,15,480.43,181.11,31.17,94.48,0.7413,-1,-1,-1
222,1,277.50,25.32,215.17,454.01,0.9130,-1,-1,-1
222,2,-0.27,1.83,196.58,477.07,0.5482,-1,-1,-1
222,9,202.44,90.51,88.09,292.99,0.8688,-1,-1,-1
222,15,482.53,182.25,29.99,92.71,0.6505,-1,-1,-1
222,17,506.81,182.78,30.01,86.19,0.6739,-1,-1,-1
223,1,284.49,31.10,212.09,448.73,0.8906,-1,-1,-1
223,2,4.90,1.11,196.92,473.85,0.7694,-1,-1,-1
223,9,208.27,93.34,84.77,277.33,0.8623,-1,-1,-1
223,15,483.68,182.41,30.15,96.07,0.4524,-1,-1,-1
223,17,506.09,183.51,30.50,87.69,0.4495,-1,-1,-1
224,1,288.25,34.79,209.96,445.22,0.9124,-1,-1,-1
224,2,7.20,1.00,198.98,474.54,0.6642,-1,-1,-1
224,9,212.45,95.73,83.67,270.64,0.8636,-1,-1,-1
224,15,485.01,182.50,29.48,95.91,0.5208,-1,-1,-1
224,17,506.41,185.32,30.10,86.95,0.3165,-1,-1,-1
225,1,290.22,38.48,207.40,440.87,0.9179,-1,-1,-1
225,2,8.37,0.33,201.83,476.85,0.8392,-1,-1,-1
225,9,216.89,101.08,82.63,265.16,0.8740,-1,-1,-1
225,15,485.48,183.62,29.24,95.18,0.6243,-1,-1,-1
226,1,290.62,42.77,204.43,437.04,0.9127,-1,-1,-1
226,2,10.71,1.55,203.53,474.90,0.8229,-1,-1,-1
226,9,221.53,106.91,81.35,259.69,0.8761,-1,-1,-1
226,15,484.62,181.35,29.95,97.48,0.6673,-1,-1,-1
227,1,291.56,48.46,200.09,431.52,0.9026,-1,-1,-1
227,2,10.75,1.31,205.98,475.45,0.8159,-1,-1,-1
227,9,225.88,111.15,79.35,250.54,0.8699,-1,-1,-1
227,15,482.86,180.59,30.80,99.54,0.7179,-1,-1,-1
228,1,292.57,54.02,194.92,425.33,0.9124,-1,-1,-1
228,2,11.30,1.36,208.48,475.69,0.9135,-1,-1,-1
228,9,232.61,112.50,78.19,245.01,0.8428,-1,-1,-1
228,15,482.68,180.37,31.76,101.93,0.7388,-1,-1,-1
229,1,292.52,60.34,189.00,419.46,0.9038,-1,-1,-1
229,2,9.62,1.49,210.17,475.86,0.9023,-1,-1,-1
229,9,240.61,111.81,75.71,233.52,0.8608,-1,-1,-1
229,15,483.95,182.54,31.68,101.60,0.6981,-1,-1,-1
230,1,293.89,65.58,183.19,413.96,0.8855,-1,-1,-1
230,2,7.22,1.47,211.90,477.13,0.8908,-1,-1,-1
230,9,244.40,111.70,75.10,228.66,0.8486,-1,-1,-1
230,15,485.17,182.81,32.02,102.71,0.6962,-1,-1,-1
231,1,293.74,67.33,179.25,412.53,0.8866,-1,-1,-1
231,2,6.72,3.79,211.21,472.66,0.7200,-1,-1,-1
231,9,248.80,111.68,75.29,226.95,0.8647,-1,-1,-1
231,15,487.03,183.28,31.90,103.18,0.7233,-1,-1,-1
231,18,455.02,166.03,34.16,125.81,0.7728,-1,-1,-1
231,19,551.21,199.51,21.21,59.04,0.6640,-1,-1,-1
232,1,302.23,67.34,174.79,411.94,0.8691,-1,-1,-1
232,2,5.78,5.12,212.23,472.76,0.8021,-1,-1,-1
232,9,254.09,113.82,75.34,225.52,0.8517,-1,-1,-1
232,15,490.01,183.21,31.02,102.32,0.6563,-1,-1,-1
232,18,458.40,163.48,35.26,129.39,0.7573,-1,-1,-1
232,19,554.42,199.61,21.70,60.13,0.5282,-1,-1,-1
232,20,573.64,155.69,69.91,190.57,0.6592,-1,-1,-1
233,1,310.05,66.41,171.06,413.11,0.8699,-1,-1,-1
233,2,5.20,3.52,212.50,471.19,0.5810,-1,-1,-1
233,9,259.85,118.13,74.62,222.10,0.8270,-1,-1,-1
233,15,495.91,180.28,29.27,99.76,0.3929,-1,-1,-1
233,18,466.01,160.64,36.23,132.78,0.6889,-1,-1,-1
233,19,558.45,199.02,22.18,61.21,0.6117,-1,-1,-1
233,20,573.50,161.77,69.77,190.53,0.3391,-1,-1,-1
234,1,317.45,69.96,169.24,409.90,0.8999,-1,-1,-1
234,2,5.32,2.28,213.30,470.68,0.6604,-1,-1,-1
234,9,266.54,121.30,73.10,216.76,0.8079,-1,-1,-1
234,15,491.39,168.35,34.43,119.94,0.3091,-1,-1,-1
234,18,475.76,160.05,36.29,132.83,0.5218,-1,-1,-1
234,19,565.21,201.91,21.24,58.58,0.5038,-1,-1,-1
234,20,573.68,166.66,76.14,209.85,0.4554,-1,-1,-1
235,1,329.84,74.15,167.62,405.76,0.8958,-1,-1,-1
235,2,7.00,1.30,215.68,475.22,0.8443,-1,-1,-1
235,9,272.51,122.41,72.21,212.55,0.8104,-1,-1,-1
235,18,484.09,158.87,35.83,130.92,0.3937,-1,-1,-1
235,19,571.50,199.43,22.77,62.19,0.4993,-1,-1,-1
236,1,341.03,78.69,166.15,401.31,0.8977,-1,-1,-1
236,2,9.31,0.93,217.01,476.58,0.8866,-1,-1,-1
236,9,279.59,119.85,70.45,206.37,0.7916,-1,-1,-1
236,19,576.40,193.40,25.03,67.87,0.5551,-1,-1,-1
237,1,357.20,86.16,163.19,393.56,0.9058,-1,-1,-1
237,2,13.76,4.99,217.34,473.63,0.8752,-1,-1,-1
237,9,287.72,119.78,69.85,203.27,0.8394,-1,-1,-1
237,19,583.97,192.46,25.69,69.37,0.5668,-1,-1,-1
237,20,576.94,200.34,94.04,269.72,0.6431,-1,-1,-1
238,1,369.86,87.04,162.83,392.88,0.9026,-1,-1,-1
238,2,17.03,6.57,218.89,473.05,0.8706,-1,-1,-1
238,9,293.42,120.51,69.90,201.38,0.8212,-1,-1,-1
238,19,590.45,193.97,25.84,69.01,0.5369,-1,-1,-1
239,1,384.79,89.05,161.32,390.63,0.8984,-1,-1,-1
239,2,17.92,11.72,219.80,468.00,0.8337,-1,-1,-1
239,9,302.56,123.81,68.39,198.10,0.7860,-1,-1,-1
239,19,597.03,197.88,24.97,65.56,0.3590,-1,-1,-1
240,1,398.05,87.60,156.63,377.83,0.8860,-1,-1,-1
240,2,26.41,14.32,220.75,464.79,0.7606,-1,-1,-1
240,9,306.78,125.11,67.22,194.07,0.7561,-1,-1,-1
240,19,599.65,192.13,27.14,70.52,0.5210,-1,-1,-1
241,1,408.68,85.48,155.42,375.32,0.8927,-1,-1,-1
241,2,23.14,14.98,223.80,461.74,0.7141,-1,-1,-1
241,9,312.91,124.45,67.68,192.78,0.7989,-1,-1,-1
241,19,602.89,196.03,24.60,61.98,0.3109,-1,-1,-1
242,1,412.93,87.12,154.86,375.67,0.8769,-1,-1,-1
242,2,39.50,11.49,226.28,467.38,0.8343,-1,-1,-1
242,9,307.29,123.23,69.75,191.44,0.8221,-1,-1,-1
242,20,566.40,175.77,102.11,309.22,0.7150,-1,-1,-1
243,1,413.86,88.94,154.79,378.02,0.8920,-1,-1,-1
243,2,47.98,8.62,227.10,469.68,0.8378,-1,-1,-1
243,9,309.49,122.55,69.68,188.82,0.8472,-1,-1,-1
243,20,547.42,74.50,127.95,410.11,0.7338,-1,-1,-1
244,1,419.27,90.57,153.29,377.54,0.8873,-1,-1,-1
244,2,62.25,7.53,224.80,469.05,0.7835,-1,-1,-1
244,9,314.61,121.37,69.10,188.25,0.7005,-1,-1,-1
244,20,531.21,30.44,137.09,454.66,0.8332,-1,-1,-1
244,22,16.27,168.04,45.91,85.97,0.7447,-1,-1,-1
245,1,421.40,89.12,152.86,381.74,0.8594,-1,-1,-1
245,2,68.59,8.99,218.47,456.04,0.8552,-1,-1,-1
245,9,314.03,121.43,69.98,190.30,0.7877,-1,-1,-1
245,20,520.98,9.52,139.74,474.52,0.7258,-1,-1,-1
246,1,422.25,87.79,149.40,381.19,0.8571,-1,-1,-1
246,2,70.89,9.07,221.06,463.68,0.9022,-1,-1,-1
246,9,311.74,121.32,70.23,189.50,0.8129,-1,-1,-1
246,20,518.48,0.92,138.80,482.62,0.7496,-1,-1,-1
246,22,-4.25,163.15,47.87,90.39,0.7542,-1,-1,-1
247,1,426.33,86.49,142.22,369.31,0.8353,-1,-1,-1
247,2,74.64,9.72,220.34,465.25,0.9034,-1,-1,-1
247,9,310.22,122.10,70.24,189.06,0.8134,-1,-1,-1
247,20,507.79,-1.82,139.10,484.31,0.8081,-1,-1,-1
247,24,407.15,171.15,38.40,107.31,0.7496,-1,-1,-1
247,22,-13.45,164.66,45.96,88.97,0.6918,-1,-1,-1
248,1,432.93,87.71,137.11,357.54,0.8476,-1,-1,-1
248,2,79.01,9.14,219.72,468.05,0.8323,-1,-1,-1
248,9,309.39,122.65,70.48,189.02,0.8410,-1,-1,-1
248,20,511.26,-2.55,137.29,485.61,0.8615,-1,-1,-1
248,24,405.90,171.79,38.46,107.72,0.7694,-1,-1,-1
248,25,385.01,174.85,26.56,86.72,0.6754,-1,-1,-1
249,1,439.22,87.22,135.86,358.06,0.7634,-1,-1,-1
249,2,86.12,7.83,218.56,470.45,0.8886,-1,-1,-1
249,9,312.66,122.22,69.98,186.83,0.8361,-1,-1,-1
249,20,503.38,-2.78,137.64,484.47,0.8527,-1,-1,-1
249,24,407.57,170.55,39.23,110.25,0.7719,-1,-1,-1
249,25,386.75,174.16,26.91,87.72,0.6865,-1,-1,-1
250,1,450.10,87.72,135.97,362.42,0.6550,-1,-1,-1
250,2,96.49,7.89,216.24,470.54,0.9175,-1,-1,-1
250,9,318.58,122.93,68.85,182.95,0.8530,-1,-1,-1
250,20,501.97,-2.71,137.91,485.09,0.8216,-1,-1,-1
250,24,410.77,171.48,39.95,112.80,0.7797,-1,-1,-1
250,25,390.46,174.75,27.80,90.39,0.6790,-1,-1,-1
251,2,106.60,9.38,213.52,470.18,0.9128,-1,-1,-1
251,9,323.16,123.73,68.30,181.79,0.8604,-1,-1,-1
251,20,504.66,-2.73,137.18,485.17,0.8438,-1,-1,-1
251,24,412.64,170.82,40.79,115.71,0.7772,-1,-1,-1
251,25,393.76,175.02,28.09,91.45,0.6133,-1,-1,-1
252,2,116.13,14.53,209.40,465.44,0.8903,-1,-1,-1
252,9,326.70,127.18,67.78,180.96,0.8593,-1,-1,-1
252,20,509.59,-0.59,134.24,479.04,0.8710,-1,-1,-1
252,24,413.97,173.34,41.02,117.15,0.7352,-1,-1,-1
252,25,396.61,176.69,28.32,92.38,0.5378,-1,-1,-1
253,2,127.59,23.83,203.58,456.19,0.8998,-1,-1,-1
253,9,332.39,129.76,67.92,181.37,0.8574,-1,-1,-1
253,20,513.82,1.82,131.40,473.84,0.8819,-1,-1,-1
253,24,417.26,174.08,41.68,119.88,0.6896,-1,-1,-1
253,25,399.85,174.97,28.98,94.87,0.5319,-1,-1,-1
253,28,64.77,180.04,52.45,93.12,0.7021,-1,-1,-1
253,1,458.43,134.02,76.27,206.59,0.7376,-1,-1,-1
254,2,137.61,27.64,199.96,452.10,0.8914,-1,-1,-1
254,9,336.70,132.79,66.96,179.83,0.8497,-1,-1,-1
254,20,517.46,2.00,129.93,475.69,0.8783,-1,-1,-1
254,24,419.19,172.43,42.43,122.97,0.6798,-1,-1,-1
254,25,403.24,175.42,28.99,95.49,0.4111,-1,-1,-1
254,28,64.35,179.96,52.31,93.15,0.6662,-1,-1,-1
254,1,456.57,140.94,66.49,183.20,0.7379,-1,-1,-1
255,2,138.84,35.06,198.32,444.87,0.8651,-1,-1,-1
255,9,339.85,136.13,65.87,178.51,0.8388,-1,-1,-1
255,20,518.80,2.16,128.68,477.47,0.8989,-1,-1,-1
255,24,417.81,172.14,43.02,125.80,0.6404,-1,-1,-1
255,28,55.05,180.40,53.73,96.39,0.6410,-1,-1,-1
255,1,447.12,143.09,66.80,182.26,0.8488,-1,-1,-1
256,2,156.12,36.13,196.57,443.40,0.8960,-1,-1,-1
256,9,342.09,135.36,64.69,177.09,0.7647,-1,-1,-1
256,20,518.89,0.25,127.77,479.26,0.9070,-1,-1,-1
256,24,414.39,169.51,43.73,129.64,0.5564,-1,-1,-1
256,28,38.68,178.73,55.38,99.89,0.6230,-1,-1,-1
256,1,438.00,143.06,69.32,184.68,0.8100,-1,-1,-1
257,2,164.01,36.75,194.90,441.84,0.8837,-1,-1,-1
257,9,342.16,134.03,63.16,176.01,0.7822,-1,-1,-1
257,20,518.67,-0.65,126.99,480.72,0.9039,-1,-1,-1
257,28,22.44,178.77,56.72,101.60,0.6379,-1,-1,-1
257,1,432.96,141.17,72.36,190.02,0.8734,-1,-1,-1
257,30,66.11,132.13,75.83,175.04,0.7949,-1,-1,-1
257,15,493.30,167.52,43.73,143.40,0.6823,-1,-1,-1
258,2,159.62,31.31,197.37,446.44,0.8612,-1,-1,-1
258,9,341.25,133.79,63.05,177.95,0.7985,-1,-1,-1
258,20,503.61,-0.72,130.05,481.50,0.8379,-1,-1,-1
258,28,4.09,181.90,54.73,98.17,0.3842,-1,-1,-1
258,1,417.95,135.52,76.17,200.15,0.8205,-1,-1,-1
258,30,48.58,132.28,77.91,178.88,0.8589,-1,-1,-1
258,15,488.80,165.21,46.60,147.47,0.6868,-1,-1,-1
259,2,156.25,29.89,198.35,448.31,0.8737,-1,-1,-1
259,9,340.87,135.84,61.60,177.00,0.7992,-1,-1,-1
259,20,493.06,-1.05,133.77,482.01,0.8553,-1,-1,-1
259,28,-5.52,177.98,54.53,99.04,0.4509,-1,-1,-1
259,1,400.69,130.98,78.24,207.70,0.8711,-1,-1,-1
259,30,29.67,129.89,80.97,183.89,0.8813,-1,-1,-1
259,15,485.92,163.87,49.20,149.44,0.6150,-1,-1,-1
260,2,148.76,28.61,199.20,450.78,0.9072,-1,-1,-1
260,9,336.29,139.72,60.05,174.48,0.7811,-1,-1,-1
260,20,497.99,-0.28,134.35,481.24,0.8915,-1,-1,-1
260,1,388.72,128.69,81.07,218.45,0.7486,-1,-1,-1
260,30,11.65,127.72,84.87,191.08,0.8999,-1,-1,-1
260,15,477.40,149.36,55.37,168.33,0.6934,-1,-1,-1
261,2,138.30,27.58,199.19,452.26,0.8995,-1,-1,-1
261,9,328.00,144.21,59.19,172.25,0.8075,-1,-1,-1
261,20,496.19,0.23,135.71,480.06,0.9111,-1,-1,-1
261,1,371.18,129.07,85.75,227.62,0.8355,-1,-1,-1
261,30,-3.05,124.89,86.45,195.45,0.8625,-1,-1,-1
261,15,467.28,147.02,56.16,175.92,0.6191,-1,-1,-1
262,2,123.69,24.01,200.08,455.61,0.8415,-1,-1,-1
262,9,320.53,146.33,58.08,169.48,0.6457,-1,-1,-1
262,20,484.14,0.75,139.58,478.15,0.8910,-1,-1,-1
262,1,348.98,128.57,91.04,236.26,0.8337,-1,-1,-1
263,2,111.36,15.98,202.83,463.94,0.8953,-1,-1,-1
263,20,472.19,0.36,145.18,478.60,0.9250,-1,-1,-1
263,1,328.13,123.58,96.88,250.68,0.8725,-1,-1,-1
264,2,102.65,12.15,203.19,467.01,0.8477,-1,-1,-1
264,20,464.26,0.08,150.89,479.61,0.9050,-1,-1,-1
264,1,319.11,119.23,100.99,260.22,0.8487,-1,-1,-1
265,2,86.41,9.10,206.01,470.37,0.8510,-1,-1,-1
265,20,457.71,0.21,156.08,478.38,0.9102,-1,-1,-1
265,1,286.98,111.47,103.51,274.13,0.7723,-1,-1,-1
266,2,82.97,8.79,206.76,470.74,0.8523,-1,-1,-1
266,20,451.54,0.25,161.46,477.46,0.8698,-1,-1,-1
266,1,268.47,103.12,103.05,284.26,0.7699,-1,-1,-1
266,31,370.89,156.98,47.99,159.11,0.7845,-1,-1,-1
266,9,329.41,147.74,52.89,158.58,0.7443,-1,-1,-1
267,2,71.46,7.07,209.31,471.76,0.8257,-1,-1,-1
267,20,447.09,0.39,166.72,477.24,0.9143,-1,-1,-1
267,1,249.64,93.14,103.56,291.93,0.7856,-1,-1,-1
267,31,367.47,149.27,49.69,163.87,0.7855,-1,-1,-1
267,9,318.99,142.75,52.55,158.15,0.8247,-1,-1,-1
268,2,56.56,2.56,214.89,477.04,0.7727,-1,-1,-1
268,20,444.34,0.28,171.39,476.91,0.9181,-1,-1,-1
268,1,235.71,82.03,104.74,299.57,0.5002,-1,-1,-1
268,31,363.89,142.25,50.88,166.32,0.7798,-1,-1,-1
268,9,312.02,136.89,53.29,160.09,0.8494,-1,-1,-1
269,2,52.20,0.32,220.48,479.56,0.8081,-1,-1,-1
269,20,440.96,0.47,175.65,475.41,0.9117,-1,-1,-1
269,31,353.79,136.03,52.44,170.45,0.7764,-1,-1,-1
269,9,308.90,132.14,52.96,158.97,0.8000,-1,-1,-1
270,2,50.41,-0.04,223.99,479.90,0.8814,-1,-1,-1
270,20,432.88,0.45,181.61,476.37,0.9088,-1,-1,-1
270,31,341.78,119.39,54.20,175.81,0.7991,-1,-1,-1
270,9,306.14,117.44,51.85,159.60,0.7387,-1,-1,-1
271,2,47.19,-0.22,226.27,477.15,0.8834,-1,-1,-1
271,20,426.37,0.41,187.87,478.60,0.9133,-1,-1,-1
271,31,331.73,94.20,56.07,181.20,0.7889,-1,-1,-1
272,2,46.16,-0.14,218.76,453.88,0.7821,-1,-1,-1
272,20,421.14,0.11,193.48,479.72,0.9158,-1,-1,-1
272,31,320.40,59.25,59.17,189.75,0.8086,-1,-1,-1
273,2,39.91,0.20,219.17,448.37,0.6985,-1,-1,-1
273,20,418.17,0.01,198.25,480.07,0.9118,-1,-1,-1
273,31,313.19,42.23,61.06,194.80,0.7510,-1,-1,-1
274,2,51.40,-0.29,223.81,468.05,0.7080,-1,-1,-1
274,20,416.25,0.18,200.95,475.85,0.9034,-1,-1,-1
274,31,307.94,45.20,62.90,199.19,0.7752,-1,-1,-1
274,33,254.09,76.86,59.76,143.37,0.7571,-1,-1,-1
275,2,36.94,-0.29,225.85,473.59,0.8454,-1,-1,-1
275,20,412.66,0.15,204.74,475.63,0.8676,-1,-1,-1
275,31,298.91,58.98,64.34,203.33,0.7900,-1,-1,-1
275,33,255.42,95.26,58.11,140.31,0.6510,-1,-1,-1
276,2,33.89,0.02,222.80,469.63,0.8090,-1,-1,-1
276,20,414.27,0.23,208.25,477.44,0.9043,-1,-1,-1
276,33,256.44,127.16,54.94,133.19,0.4930,-1,-1,-1
276,9,294.54,101.90,66.17,201.47,0.8094,-1,-1,-1
277,2,38.23,-0.24,211.59,447.66,0.8311,-1,-1,-1
277,20,414.38,0.20,211.35,479.07,0.9186,-1,-1,-1
277,33,253.16,141.83,54.85,134.73,0.3699,-1,-1,-1
277,9,287.09,107.47,68.53,208.36,0.7238,-1,-1,-1
278,2,23.38,-0.31,219.42,467.51,0.8500,-1,-1,-1
278,20,407.46,0.11,212.41,479.75,0.9041,-1,-1,-1
278,9,275.37,110.17,71.19,216.37,0.7791,-1,-1,-1
279,2,10.03,14.18,214.75,459.29,0.8796,-1,-1,-1
279,20,391.17,0.00,212.96,479.61,0.8974,-1,-1,-1
279,9,260.97,121.52,73.41,222.69,0.7787,-1,-1,-1
280,2,-6.25,18.84,211.11,457.35,0.8899,-1,-1,-1
280,20,371.61,-0.07,213.48,478.69,0.8895,-1,-1,-1
280,9,284.76,139.01,58.77,175.84,0.8051,-1,-1,-1
280,35,573.22,61.28,61.53,314.72,0.8290,-1,-1,-1
280,36,175.13,144.51,66.19,200.50,0.8066,-1,-1,-1
280,33,226.40,132.69,88.13,219.20,0.7875,-1,-1,-1
281,2,-25.12,8.88,210.13,470.15,0.9054,-1,-1,-1
281,20,348.45,0.24,215.65,479.35,0.9069,-1,-1,-1
281,9,274.09,138.73,51.90,154.22,0.8328,-1,-1,-1
281,35,559.21,59.11,60.88,309.01,0.8293,-1,-1,-1
281,36,151.23,135.32,66.41,200.70,0.8363,-1,-1,-1
281,33,200.42,119.59,95.10,239.79,0.7881,-1,-1,-1
282,2,-36.90,10.39,200.45,467.97,0.8910,-1,-1,-1
282,20,339.78,0.42,217.89,479.52,0.9030,-1,-1,-1
282,9,261.22,143.36,48.65,146.37,0.8065,-1,-1,-1
282,35,544.96,88.62,59.02,296.22,0.4127,-1,-1,-1
282,36,128.78,134.18,62.70,191.66,0.6079,-1,-1,-1
282,33,169.60,113.39,100.17,255.97,0.8023,-1,-1,-1
283,2,-37.31,17.84,189.65,460.13,0.8595,-1,-1,-1
283,20,348.65,0.11,219.64,479.96,0.8830,-1,-1,-1
283,9,258.02,154.05,46.77,144.26,0.7235,-1,-1,-1
283,35,538.45,128.08,56.89,281.58,0.3848,-1,-1,-1
283,36,109.89,158.44,51.86,158.99,0.6085,-1,-1,-1
283,33,149.63,115.80,104.13,268.34,0.8316,-1,-1,-1
284,2,-33.25,17.77,184.07,461.19,0.8169,-1,-1,-1
284,20,369.98,0.44,220.19,479.67,0.8913,-1,-1,-1
284,9,266.20,159.15,45.89,143.59,0.7296,-1,-1,-1
284,36,110.29,164.71,49.03,151.19,0.7253,-1,-1,-1
284,33,142.69,115.30,106.57,276.92,0.8489,-1,-1,-1
284,40,317.89,130.30,77.21,286.16,0.7438,-1,-1,-1
285,2,-27.86,18.05,179.45,461.58,0.8868,-1,-1,-1
285,20,398.65,0.54,220.66,479.58,0.9175,-1,-1,-1
285,9,279.24,159.98,44.39,141.60,0.7029,-1,-1,-1
285,36,114.53,163.01,49.80,154.24,0.6721,-1,-1,-1
285,33,145.04,110.23,107.49,283.04,0.8549,-1,-1,-1
285,40,333.01,95.74,86.70,321.42,0.8513,-1,-1,-1
286,2,-21.07,25.79,173.38,454.36,0.9024,-1,-1,-1
286,20,421.55,0.62,218.23,479.04,0.9100,-1,-1,-1
286,36,119.88,165.21,50.09,156.93,0.6712,-1,-1,-1
286,33,149.91,108.01,108.37,288.91,0.8644,-1,-1,-1
286,40,352.54,78.08,95.64,353.82,0.8755,-1,-1,-1
286,41,318.56,72.73,70.08,283.73,0.6261,-1,-1,-1
287,2,-15.15,34.07,168.08,446.24,0.8947,-1,-1,-1
287,20,441.74,0.20,213.53,479.30,0.8892,-1,-1,-1
287,36,125.81,164.38,50.79,161.80,0.6259,-1,-1,-1
287,33,156.37,106.35,109.68,294.42,0.8161,-1,-1,-1
287,40,372.30,65.10,103.64,381.02,0.8855,-1,-1,-1
287,41,329.27,72.38,72.14,291.46,0.7646,-1,-1,-1
288,2,-10.92,38.51,164.88,441.82,0.8996,-1,-1,-1
288,20,462.19,0.04,206.33,479.57,0.8587,-1,-1,-1
288,36,131.64,162.28,51.02,163.77,0.6094,-1,-1,-1
288,33,160.05,102.38,111.96,304.72,0.8313,-1,-1,-1
288,40,394.48,54.24,111.54,404.71,0.8844,-1,-1,-1
288,41,341.88,66.36,74.86,301.30,0.8195,-1,-1,-1
289,2,-4.40,47.95,161.29,432.16,0.9024,-1,-1,-1
289,20,493.03,3.96,192.60,474.36,0.8151,-1,-1,-1
289,36,143.18,160.28,53.61,170.78,0.6040,-1,-1,-1
289,33,169.03,102.15,114.93,316.90,0.8151,-1,-1,-1
289,40,417.71,47.63,118.69,424.22,0.8817,-1,-1,-1
289,41,357.85,61.37,77.99,312.72,0.7690,-1,-1,-1
289,9,258.88,158.85,53.32,173.18,0.6808,-1,-1,-1
290,2,3.14,56.70,159.57,423.29,0.8948,-1,-1,-1
290,36,151.07,158.10,54.32,175.13,0.6925,-1,-1,-1
290,33,180.30,100.53,117.75,328.64,0.8002,-1,-1,-1
290,40,443.99,36.93,126.42,443.49,0.8745,-1,-1,-1
290,41,374.96,53.66,83.42,333.50,0.8410,-1,-1,-1
291,2,8.42,57.86,160.95,422.29,0.8691,-1,-1,-1
291,36,159.91,154.16,54.74,178.03,0.7067,-1,-1,-1
291,33,193.28,95.18,121.50,343.98,0.8386,-1,-1,-1
291,40,468.69,24.75,133.19,455.68,0.8856,-1,-1,-1
291,41,395.66,44.67,88.50,349.83,0.8330,-1,-1,-1
291,20,533.78,44.72,156.35,414.06,0.6427,-1,-1,-1
292,2,15.28,56.42,163.04,423.35,0.8850,-1,-1,-1
292,36,168.19,155.90,54.59,177.01,0.7101,-1,-1,-1
292,33,206.30,90.97,126.30,361.67,0.8385,-1,-1,-1
292,40,486.55,11.94,139.67,470.34,0.8920,-1,-1,-1
292,41,413.26,37.86,94.27,368.39,0.8805,-1,-1,-1
292,42,322.82,165.97,50.18,174.95,0.7875,-1,-1,-1
293,2,17.99,49.96,166.97,430.07,0.9074,-1,-1,-1
293,36,170.49,152.32,56.51,181.35,0.5395,-1,-1,-1
293,33,216.50,82.10,128.86,374.14,0.8477,-1,-1,-1
293,40,497.13,-0.34,144.27,483.56,0.8871,-1,-1,-1
293,41,426.76,27.97,102.26,394.77,0.8619,-1,-1,-1
293,42,335.29,167.89,50.20,174.09,0.8566,-1,-1,-1
294,2,25.76,48.06,168.68,432.05,0.8777,-1,-1,-1
294,33,225.71,73.02,133.39,392.07,0.8386,-1,-1,-1
294,40,509.84,-3.75,143.72,486.00,0.8183,-1,-1,-1
294,41,440.79,18.95,109.92,418.18,0.8433,-1,-1,-1
294,42,353.00,167.01,50.96,175.28,0.8115,-1,-1,-1
295,2,38.18,47.92,169.60,432.04,0.7477,-1,-1,-1
295,33,233.13,62.90,138.15,411.03,0.8833,-1,-1,-1
295,40,528.19,39.34,129.50,443.35,0.8526,-1,-1,-1
295,41,455.01,10.03,117.37,439.09,0.8817,-1,-1,-1
295,42,372.12,165.60,50.69,173.14,0.7780,-1,-1,-1
295,36,206.34,183.67,40.67,129.68,0.7580,-1,-1,-1
296,2,30.37,53.25,172.24,425.69,0.8221,-1,-1,-1
296,33,239.59,54.19,141.24,425.32,0.8884,-1,-1,-1
296,40,541.72,53.17,122.18,429.50,0.7014,-1,-1,-1
296,41,466.94,2.16,124.84,458.31,0.8690,-1,-1,-1
296,42,387.13,164.29,51.75,176.02,0.8128,-1,-1,-1
296,36,219.67,193.17,37.09,116.84,0.7645,-1,-1,-1
297,2,28.44,55.07,176.36,423.31,0.8672,-1,-1,-1
297,33,241.38,41.16,145.06,440.86,0.8809,-1,-1,-1
297,41,478.56,-1.66,130.84,468.90,0.8799,-1,-1,-1
297,42,396.69,162.48,52.68,176.23,0.8627,-1,-1,-1
297,36,224.60,195.94,35.49,111.18,0.4856,-1,-1,-1
297,43,2.05,126.72,68.55,206.77,0.7810,-1,-1,-1
298,2,46.62,55.45,177.26,423.31,0.7866,-1,-1,-1
298,33,237.43,25.38,150.22,458.74,0.8797,-1,-1,-1
298,41,487.25,-2.84,137.47,481.19,0.9150,-1,-1,-1
298,42,412.89,164.82,53.68,172.94,0.8573,-1,-1,-1
298,43,-3.17,122.47,65.35,197.74,0.8388,-1,-1,-1
299,2,59.32,54.71,177.68,423.59,0.8572,-1,-1,-1
299,33,234.75,12.99,153.23,472.24,0.8843,-1,-1,-1
299,41,491.11,-2.93,141.39,485.80,0.9084,-1,-1,-1
299,42,421.52,167.26,55.03,170.30,0.8671,-1,-1,-1
299,43,-6.71,117.88,65.82,200.46,0.8598,-1,-1,-1
300,2,70.27,52.34,177.68,427.09,0.8131,-1,-1,-1
300,33,226.51,2.87,155.31,481.26,0.8594,-1,-1,-1
300,41,496.97,-2.99,142.89,487.28,0.8959,-1,-1,-1
300,42,427.53,165.50,57.14,170.99,0.8894,-1,-1,-1
300,43,-4.61,131.08,64.95,198.54,0.8118,-1,-1,-1
301,2,75.66,49.57,175.98,429.56,0.8624,-1,-1,-1
301,33,218.90,-0.98,157.98,485.55,0.9034,-1,-1,-1
301,41,501.49,-2.81,142.96,486.18,0.9061,-1,-1,-1
301,42,432.18,164.06,58.93,171.89,0.8430,-1,-1,-1
301,43,-0.11,144.83,59.81,182.22,0.7264,-1,-1,-1
301,44,368.21,166.55,49.87,139.03,0.7594,-1,-1,-1
302,2,80.07,44.73,172.99,431.60,0.7945,-1,-1,-1
302,33,197.77,-2.30,160.44,485.77,0.8283,-1,-1,-1
302,41,508.30,-2.47,141.91,486.30,0.9075,-1,-1,-1
302,42,443.65,161.31,59.52,172.76,0.7802,-1,-1,-1
302,43,-0.44,146.34,56.29,171.97,0.6397,-1,-1,-1
302,44,370.35,165.13,51.15,141.47,0.6599,-1,-1,-1
303,2,103.59,15.30,188.51,463.35,0.6799,-1,-1,-1
303,41,516.41,-2.26,139.40,486.00,0.9000,-1,-1,-1
303,42,454.77,159.45,60.54,173.58,0.7804,-1,-1,-1
303,43,6.01,146.94,54.94,168.42,0.6055,-1,-1,-1
303,44,381.14,163.36,51.87,143.03,0.6279,-1,-1,-1
303,45,56.01,103.21,77.21,307.30,0.6893,-1,-1,-1
304,2,107.43,4.31,191.83,472.94,0.7526,-1,-1,-1
304,41,525.16,-0.28,135.32,483.72,0.8459,-1,-1,-1
304,42,463.66,158.04,60.78,173.23,0.8056,-1,-1,-1
304,44,385.81,160.78,51.38,141.37,0.6639,-1,-1,-1
304,45,30.35,94.72,76.05,299.26,0.8245,-1,-1,-1
304,46,343.38,191.72,32.64,121.59,0.6366,-1,-1,-1
305,2,94.40,0.56,191.14,472.26,0.3601,-1,-1,-1
305,41,535.45,2.23,129.75,480.18,0.7596,-1,-1,-1
305,42,468.71,160.16,60.81,171.97,0.8322,-1,-1,-1
305,44,386.08,160.23,53.14,146.63,0.7339,-1,-1,-1
305,45,29.28,90.97,78.41,301.08,0.8745,-1,-1,-1
305,46,345.92,189.84,34.16,125.50,0.7112,-1,-1,-1
306,2,51.77,-0.67,195.16,469.52,0.3534,-1,-1,-1
306,41,530.90,88.01,91.84,326.97,0.8043,-1,-1,-1
306,42,472.73,160.84,61.18,170.20,0.8049,-1,-1,-1
306,44,386.52,159.10,53.97,148.52,0.7649,-1,-1,-1
306,45,14.75,86.34,65.82,248.92,0.3057,-1,-1,-1
306,46,350.70,188.67,34.42,125.77,0.5545,-1,-1,-1
307,2,22.62,-1.28,199.26,475.73,0.3875,-1,-1,-1
307,41,528.81,120.32,78.60,265.48,0.8132,-1,-1,-1
307,42,472.37,163.11,61.09,169.71,0.7173,-1,-1,-1
307,44,390.13,158.41,54.94,149.30,0.7865,-1,-1,-1
307,46,348.84,187.25,35.36,127.68,0.5542,-1,-1,-1
307,49,304.60,152.95,52.42,165.71,0.7663,-1,-1,-1
307,33,174.77,90.10,115.22,353.02,0.6156,-1,-1,-1
308,41,521.55,125.21,80.22,256.49,0.8262,-1,-1,-1
308,42,479.89,170.17,57.75,159.21,0.3117,-1,-1,-1
308,44,393.32,158.44,56.07,148.89,0.8040,-1,-1,-1
308,46,353.22,185.77,35.82,129.39,0.7032,-1,-1,-1
308,49,306.36,151.47,53.05,167.84,0.7903,-1,-1,-1
308,33,155.43,67.42,130.72,400.09,0.8631,-1,-1,-1
309,41,515.65,123.00,89.07,270.96,0.8728,-1,-1,-1
309,44,395.99,158.08,57.67,150.54,0.8140,-1,-1,-1
309,46,361.42,184.92,35.92,129.52,0.6370,-1,-1,-1
309,49,314.89,150.85,54.00,169.37,0.8433,-1,-1,-1
309,33,139.02,62.31,139.74,413.50,0.8760,-1,-1,-1
310,41,516.11,122.76,96.88,283.13,0.8440,-1,-1,-1
310,44,397.14,158.45,58.92,153.24,0.7615,-1,-1,-1
310,46,369.46,185.32,37.48,131.37,0.6415,-1,-1,-1
310,49,317.52,151.81,55.60,171.48,0.8537,-1,-1,-1
310,33,129.50,78.86,141.31,400.15,0.8673,-1,-1,-1
310,50,466.85,174.31,32.67,118.44,0.6793,-1,-1,-1
310,2,50.11,70.37,138.98,345.73,0.6474,-1,-1,-1
311,41,512.84,119.53,107.44,304.67,0.8847,-1,-1,-1
311,44,397.50,158.78,60.18,156.64,0.7741,-1,-1,-1
311,46,373.12,186.53,39.15,133.06,0.6605,-1,-1,-1
311,49,313.89,152.50,57.55,173.55,0.8541,-1,-1,-1
311,33,128.01,82.88,143.52,397.29,0.8417,-1,-1,-1
311,50,463.64,176.65,32.31,116.70,0.7471,-1,-1,-1
311,2,28.37,73.65,141.61,362.22,0.8240,-1,-1,-1
312,41,506.19,112.09,116.37,322.90,0.8926,-1,-1,-1
312,44,397.27,155.29,62.09,162.07,0.7224,-1,-1,-1
312,46,372.49,188.18,40.62,134.15,0.6159,-1,-1,-1
312,49,308.84,151.37,60.27,177.35,0.8819,-1,-1,-1
312,33,122.24,70.80,149.24,408.49,0.8811,-1,-1,-1
312,50,457.08,177.54,32.25,116.04,0.7328,-1,-1,-1
312,2,0.18,66.57,145.66,379.98,0.8998,-1,-1,-1
313,41,497.35,102.19,124.28,339.89,0.8804,-1,-1,-1
313,44,397.51,155.86,62.26,163.02,0.7334,-1,-1,-1
313,46,368.03,188.47,42.34,137.02,0.6820,-1,-1,-1
313,49,306.67,150.42,62.55,180.29,0.8425,-1,-1,-1
313,33,116.85,70.45,151.36,408.86,0.8785,-1,-1,-1
313,50,450.18,178.23,31.96,114.14,0.7120,-1,-1,-1
313,2,-18.64,57.63,147.40,399.99,0.8864,-1,-1,-1
314,41,490.83,91.84,131.73,355.89,0.8714,-1,-1,-1
314,44,398.39,155.60,62.54,164.52,0.7813,-1,-1,-1
314,46,367.67,186.18,43.52,139.73,0.7039,-1,-1,-1
314,49,308.05,149.31,64.63,183.11,0.8190,-1,-1,-1
314,33,114.78,68.38,154.29,411.70,0.8714,-1,-1,-1
314,50,445.51,177.84,32.02,113.91,0.6567,-1,-1,-1
314,2,-30.85,45.72,148.11,422.87,0.8191,-1,-1,-1
315,41,487.13,83.48,142.72,382.15,0.8983,-1,-1,-1
315,44,405.84,158.05,62.75,163.83,0.7406,-1,-1,-1
315,46,374.51,188.40,45.02,143.90,0.6789,-1,-1,-1
315,49,311.90,151.02,65.74,186.83,0.8029,-1,-1,-1
315,33,118.59,69.65,155.91,410.72,0.8883,-1,-1,-1
315,43,15.92,149.73,63.05,181.35,0.7585,-1,-1,-1
316,41,484.03,72.68,151.37,404.23,0.9018,-1,-1,-1
316,44,413.48,157.09,62.50,163.24,0.7188,-1,-1,-1
316,46,383.19,188.55,47.77,145.49,0.8180,-1,-1,-1
316,49,316.72,147.81,67.39,191.69,0.7824,-1,-1,-1
316,33,123.20,67.14,158.92,413.29,0.8936,-1,-1,-1
316,43,19.32,147.12,63.09,180.40,0.8003,-1,-1,-1
317,41,483.96,58.78,157.40,422.44,0.9216,-1,-1,-1
317,44,422.16,156.33,63.24,166.47,0.7290,-1,-1,-1
317,46,394.89,188.58,50.97,147.93,0.5474,-1,-1,-1
317,49,325.11,144.99,69.79,196.25,0.8410,-1,-1,-1
317,33,128.96,66.50,160.83,413.25,0.8970,-1,-1,-1
317,43,25.94,146.12,61.90,179.37,0.8410,-1,-1,-1
318,41,484.61,46.62,161.01,436.10,0.9193,-1,-1,-1
318,44,430.62,156.40,63.08,167.10,0.7450,-1,-1,-1
318,46,404.25,186.27,53.87,151.17,0.7631,-1,-1,-1
318,49,330.62,142.76,72.15,200.02,0.8617,-1,-1,-1
318,33,135.45,67.52,162.93,412.61,0.8459,-1,-1,-1
318,43,30.21,146.04,61.62,179.64,0.8350,-1,-1,-1
319,41,486.94,25.12,165.37,456.69,0.9129,-1,-1,-1
319,44,439.09,151.97,63.84,170.40,0.6665,-1,-1,-1
319,46,413.24,184.52,55.88,152.37,0.5634,-1,-1,-1
319,49,336.85,131.58,77.85,211.79,0.8664,-1,-1,-1
319,33,141.87,70.40,163.06,408.52,0.8765,-1,-1,-1
319,43,35.83,145.76,61.22,178.19,0.8264,-1,-1,-1
320,41,492.57,7.38,167.13,475.22,0.8849,-1,-1,-1
320,44,451.91,147.51,64.75,174.47,0.4718,-1,-1,-1
320,46,421.58,176.50,58.85,159.52,0.6893,-1,-1,-1
320,49,342.72,131.37,79.91,211.28,0.8862,-1,-1,-1
320,33,151.60,73.67,163.35,405.67,0.8649,-1,-1,-1
320,43,38.32,143.95,62.38,177.71,0.8178,-1,-1,-1
321,44,452.93,162.93,59.94,166.70,0.5411,-1,-1,-1
321,49,350.53,126.76,83.27,215.32,0.8861,-1,-1,-1
321,33,164.16,60.44,168.41,419.16,0.8705,-1,-1,-1
321,43,45.44,138.14,63.70,179.17,0.8634,-1,-1,-1
322,44,468.43,161.36,61.34,169.64,0.6780,-1,-1,-1
322,49,361.04,119.33,86.36,219.17,0.8588,-1,-1,-1
322,33,176.85,50.13,172.25,429.87,0.8802,-1,-1,-1
322,43,55.34,132.11,63.72,178.53,0.8230,-1,-1,-1
322,42,574.17,62.92,85.43,260.47,0.7488,-1,-1,-1
323,44,469.65,163.90,46.91,130.03,0.7130,-1,-1,-1
323,49,379.62,114.76,88.85,224.49,0.8612,-1,-1,-1
323,33,191.27,42.87,175.03,437.27,0.9011,-1,-1,-1
323,43,68.27,127.10,62.85,177.03,0.8201,-1,-1,-1
323,51,142.63,104.94,75.50,213.65,0.8354,-1,-1,-1
324,44,473.31,163.47,40.42,113.24,0.6748,-1,-1,-1
324,49,394.75,109.50,89.85,229.20,0.8248,-1,-1,-1
324,33,201.95,34.95,178.18,445.23,0.9034,-1,-1,-1
324,43,76.35,123.43,62.45,176.69,0.7950,-1,-1,-1
324,51,139.72,99.15,78.25,221.16,0.8335,-1,-1,-1
324,41,504.99,136.75,81.48,215.13,0.7861,-1,-1,-1
325,49,409.90,102.46,91.16,236.42,0.8089,-1,-1,-1
325,33,213.65,32.72,179.19,447.46,0.9066,-1,-1,-1
325,43,75.99,122.11,63.93,176.73,0.7950,-1,-1,-1
325,51,129.23,92.87,84.23,237.96,0.8381,-1,-1,-1
325,41,520.61,152.11,70.79,180.03,0.7680,-1,-1,-1
325,50,382.37,144.41,49.53,174.80,0.7265,-1,-1,-1
326,49,421.58,98.54,91.96,242.94,0.8656,-1,-1,-1
326,33,219.01,34.33,179.09,445.82,0.8993,-1,-1,-1
326,43,77.08,122.88,66.51,177.96,0.7127,-1,-1,-1
326,51,119.87,89.15,87.84,247.87,0.8178,-1,-1,-1
326,41,531.93,153.47,69.75,175.63,0.6981,-1,-1,-1
326,50,383.09,142.15,50.55,178.42,0.6698,-1,-1,-1
327,49,430.41,94.41,93.25,248.06,0.8880,-1,-1,-1
327,33,224.29,35.90,178.95,443.01,0.8833,-1,-1,-1
327,43,77.67,123.11,66.53,176.89,0.6387,-1,-1,-1
327,51,105.45,82.61,91.70,258.24,0.8709,-1,-1,-1
327,41,522.90,125.06,76.32,190.71,0.7679,-1,-1,-1
327,50,388.65,139.74,51.32,180.14,0.7289,-1,-1,-1
328,49,434.84,92.87,95.13,251.25,0.8788,-1,-1,-1
328,33,224.79,38.80,179.96,438.22,0.8396,-1,-1,-1
328,51,89.92,78.26,97.12,274.47,0.7852,-1,-1,-1
328,41,554.22,137.41,74.97,188.78,0.7823,-1,-1,-1
328,53,1.21,125.26,29.45,159.55,0.7583,-1,-1,-1
329,49,433.63,91.52,97.42,254.62,0.8939,-1,-1,-1
329,33,229.58,39.22,181.83,439.74,0.8232,-1,-1,-1
329,51,65.26,69.84,102.89,289.39,0.8753,-1,-1,-1
329,41,564.17,143.79,74.34,187.14,0.8077,-1,-1,-1
329,53,7.07,125.10,29.52,158.06,0.7695,-1,-1,-1
330,49,430.11,92.19,99.87,259.29,0.8873,-1,-1,-1
330,33,238.53,36.06,183.05,443.63,0.8506,-1,-1,-1
330,51,47.16,63.02,108.32,304.91,0.8381,-1,-1,-1
330,41,565.24,148.72,75.00,187.64,0.7780,-1,-1,-1
330,53,9.19,129.60,29.74,156.40,0.6365,-1,-1,-1
330,44,504.72,138.91,57.07,158.80,0.6628,-1,-1,-1
331,49,430.35,92.83,101.43,263.36,0.8693,-1,-1,-1
331,33,241.90,33.46,184.00,446.50,0.8659,-1,-1,-1
331,51,27.44,55.41,113.23,318.47,0.8639,-1,-1,-1
331,41,555.36,123.37,82.31,213.99,0.7401,-1,-1,-1
331,53,8.96,131.98,30.56,157.48,0.6217,-1,-1,-1
331,44,504.08,137.17,59.13,162.94,0.5724,-1,-1,-1
331,50,396.07,141.38,56.96,190.93,0.6657,-1,-1,-1
332,49,440.95,89.35,101.78,265.88,0.8648,-1,-1,-1
332,33,242.49,29.03,185.68,450.93,0.9126,-1,-1,-1
332,51,4.78,44.46,118.70,335.98,0.8851,-1,-1,-1
332,41,557.37,112.13,82.35,217.01,0.7998,-1,-1,-1
332,50,405.50,138.13,58.11,195.98,0.6836,-1,-1,-1
333,49,448.52,87.60,100.66,266.85,0.8395,-1,-1,-1
333,33,243.43,26.04,186.45,454.01,0.8930,-1,-1,-1
333,51,-10.27,35.69,121.94,350.51,0.9165,-1,-1,-1
333,41,558.69,109.00,84.21,223.31,0.8702,-1,-1,-1
333,50,414.28,133.95,59.20,202.98,0.8001,-1,-1,-1
334,49,456.92,83.93,101.35,271.11,0.8788,-1,-1,-1
334,33,241.95,27.87,185.33,452.21,0.8954,-1,-1,-1
334,51,-25.66,25.91,122.50,366.04,0.8868,-1,-1,-1
334,41,557.04,107.80,84.42,222.93,0.9007,-1,-1,-1
334,50,416.70,131.28,60.86,209.02,0.8473,-1,-1,-1
335,49,460.49,83.53,100.93,272.79,0.8360,-1,-1,-1
335,33,241.12,28.42,184.00,449.84,0.9059,-1,-1,-1
335,51,-33.74,35.96,115.84,363.75,0.8330,-1,-1,-1
335,41,554.92,108.86,84.72,221.79,0.8956,-1,-1,-1
335,50,415.11,131.84,61.31,212.30,0.6963,-1,-1,-1
335,53,42.94,122.45,37.42,179.72,0.7376,-1,-1,-1
336,49,464.84,79.04,101.53,274.59,0.8487,-1,-1,-1
336,33,239.80,24.25,184.62,453.15,0.9050,-1,-1,-1
336,41,554.73,105.08,85.88,224.64,0.8826,-1,-1,-1
336,50,416.75,129.47,64.71,217.45,0.6553,-1,-1,-1
336,53,41.34,117.75,39.32,179.84,0.7521,-1,-1,-1
337,49,470.56,73.33,103.10,275.39,0.8443,-1,-1,-1
337,33,238.88,16.33,187.76,462.73,0.9129,-1,-1,-1
337,41,562.11,99.08,84.01,224.26,0.8723,-1,-1,-1
337,50,419.66,123.14,69.92,225.85,0.7624,-1,-1,-1
337,53,40.04,112.75,40.27,177.60,0.8423,-1,-1,-1
338,49,473.75,69.73,106.51,282.52,0.8408,-1,-1,-1
338,33,240.96,17.93,187.17,461.29,0.9027,-1,-1,-1
338,41,573.82,96.72,80.14,223.85,0.8011,-1,-1,-1
338,50,423.72,118.46,70.39,227.17,0.7688,-1,-1,-1
338,53,38.10,112.67,42.53,179.60,0.8275,-1,-1,-1
339,49,473.00,68.18,109.43,287.97,0.8681,-1,-1,-1
339,33,241.27,16.72,187.79,463.04,0.9062,-1,-1,-1
339,41,578.69,94.14,78.02,227.95,0.8486,-1,-1,-1
339,50,430.29,116.10,69.84,224.44,0.7680,-1,-1,-1
339,53,35.80,112.59,44.73,181.61,0.8276,-1,-1,-1
340,49,476.80,66.98,112.25,290.31,0.8770,-1,-1,-1
340,33,243.14,13.30,189.47,466.65,0.8863,-1,-1,-1
340,41,584.24,93.51,74.53,229.59,0.8175,-1,-1,-1
340,50,427.89,111.59,63.52,206.65,0.7668,-1,-1,-1
340,53,36.68,112.59,49.37,182.96,0.8413,-1,-1,-1
341,49,492.35,65.30,114.32,294.59,0.8618,-1,-1,-1
341,33,247.73,13.70,189.02,466.32,0.8715,-1,-1,-1
341,41,591.94,110.17,66.39,216.17,0.6625,-1,-1,-1
341,50,429.00,108.66,63.23,209.30,0.7800,-1,-1,-1
341,53,33.36,115.27,54.97,183.04,0.8640,-1,-1,-1
341,56,471.51,119.76,56.10,222.35,0.7191,-1,-1,-1
342,49,509.75,61.06,115.97,299.32,0.8154,-1,-1,-1
342,33,253.00,13.39,189.69,466.66,0.8401,-1,-1,-1
342,50,431.58,105.07,65.05,215.43,0.7182,-1,-1,-1
342,53,29.10,116.17,60.16,182.77,0.8865,-1,-1,-1
342,56,483.33,114.56,58.86,233.22,0.8003,-1,-1,-1
342,57,3.33,113.98,28.25,176.76,0.7069,-1,-1,-1
342,58,232.01,170.84,27.67,86.30,0.6955,-1,-1,-1
343,49,528.72,59.31,116.29,306.52,0.8511,-1,-1,-1
343,33,258.87,15.25,191.58,464.80,0.8245,-1,-1,-1
343,50,443.66,103.64,65.17,218.69,0.7998,-1,-1,-1
343,53,35.69,118.41,61.21,177.50,0.8432,-1,-1,-1
343,56,499.18,116.15,60.77,239.47,0.7783,-1,-1,-1
343,57,9.38,118.35,29.34,180.86,0.7693,-1,-1,-1
343,58,228.71,172.89,28.50,88.28,0.7600,-1,-1,-1
344,49,539.86,58.01,115.68,314.32,0.8875,-1,-1,-1
344,33,265.85,14.64,193.97,465.41,0.8382,-1,-1,-1
344,50,451.93,102.96,66.24,225.89,0.7392,-1,-1,-1
344,53,40.56,119.33,62.49,177.97,0.8142,-1,-1,-1
344,56,509.43,119.35,61.76,240.36,0.8537,-1,-1,-1
344,57,13.05,121.49,29.81,178.91,0.7613,-1,-1,-1
344,58,224.38,173.11,29.34,90.21,0.7700,-1,-1,-1
345,49,550.90,55.65,112.83,320.36,0.8783,-1,-1,-1
345,33,277.51,7.82,198.05,470.98,0.8087,-1,-1,-1
345,50,456.95,99.01,66.33,232.52,0.4731,-1,-1,-1
345,53,51.75,116.88,62.10,179.93,0.8050,-1,-1,-1
345,56,521.85,118.10,63.17,242.67,0.8285,-1,-1,-1
345,57,18.42,123.20,30.42,173.52,0.8403,-1,-1,-1
345,58,216.73,170.79,31.01,93.66,0.7456,-1,-1,-1
346,33,292.27,5.48,199.10,474.09,0.7968,-1,-1,-1
346,50,457.30,101.33,67.64,241.82,0.4935,-1,-1,-1
346,53,64.05,122.25,61.04,180.07,0.7773,-1,-1,-1
346,56,545.53,116.64,66.73,252.88,0.7942,-1,-1,-1
346,57,22.69,130.68,32.09,170.85,0.8447,-1,-1,-1
346,58,215.05,174.51,32.39,95.61,0.7929,-1,-1,-1
346,44,566.62,60.16,102.24,326.38,0.7633,-1,-1,-1
347,33,304.00,2.24,201.13,477.62,0.8326,-1,-1,-1
347,53,80.09,126.73,60.81,178.63,0.8375,-1,-1,-1
347,56,566.56,114.20,69.18,262.30,0.8130,-1,-1,-1
347,57,28.83,131.75,34.81,173.23,0.8244,-1,-1,-1
347,58,217.17,175.92,33.43,96.88,0.7566,-1,-1,-1
348,33,313.17,1.01,201.98,478.96,0.7764,-1,-1,-1
348,53,90.45,128.24,61.48,175.46,0.8690,-1,-1,-1
348,56,579.07,109.34,68.28,261.78,0.8473,-1,-1,-1
348,57,37.92,128.85,36.53,173.63,0.7701,-1,-1,-1
348,58,216.67,172.67,34.71,99.51,0.6570,-1,-1,-1
349,33,320.60,0.85,202.32,478.01,0.8062,-1,-1,-1
349,53,96.88,131.81,62.48,171.35,0.8357,-1,-1,-1
349,56,588.59,111.32,66.39,261.21,0.7199,-1,-1,-1
349,57,54.13,129.25,37.81,174.18,0.7852,-1,-1,-1
349,58,212.45,171.46,36.05,101.88,0.5479,-1,-1,-1
350,33,323.37,0.48,203.27,479.11,0.8556,-1,-1,-1
350,53,97.86,131.64,65.17,173.26,0.8514,-1,-1,-1
350,56,597.39,126.44,60.87,248.02,0.6293,-1,-1,-1
350,57,61.15,130.56,38.51,171.75,0.7859,-1,-1,-1
350,58,207.83,170.62,37.26,104.02,0.6748,-1,-1,-1
350,50,493.47,81.17,79.00,293.47,0.7982,-1,-1,-1
351,33,326.42,0.43,204.22,479.44,0.8401,-1,-1,-1
351,53,110.73,128.93,63.36,171.37,0.8051,-1,-1,-1
351,57,71.03,129.75,41.60,170.35,0.8459,-1,-1,-1
351,58,203.20,168.74,37.95,104.25,0.6916,-1,-1,-1
351,50,501.77,68.82,83.14,318.00,0.7698,-1,-1,-1
352,33,325.35,0.54,203.06,478.18,0.8305,-1,-1,-1
352,53,124.55,126.64,61.95,170.65,0.8240,-1,-1,-1
352,57,78.83,130.37,45.32,166.87,0.8871,-1,-1,-1
352,58,198.48,166.29,39.57,107.25,0.7718,-1,-1,-1
352,50,509.14,61.80,88.37,337.90,0.5611,-1,-1,-1
353,33,329.72,0.44,203.50,479.01,0.8403,-1,-1,-1
353,53,137.83,122.94,61.46,171.35,0.8178,-1,-1,-1
353,57,81.97,131.11,48.26,163.17,0.8760,-1,-1,-1
353,58,196.89,162.19,40.56,109.38,0.5693,-1,-1,-1
353,50,517.17,52.77,95.30,360.94,0.8688,-1,-1,-1
354,33,333.80,0.66,204.19,478.69,0.8394,-1,-1,-1
354,53,150.06,125.16,61.69,171.69,0.8322,-1,-1,-1
354,57,85.44,133.28,51.36,162.80,0.8426,-1,-1,-1
354,58,195.77,163.51,39.86,107.85,0.6842,-1,-1,-1
354,50,527.21,45.75,101.34,378.88,0.9041,-1,-1,-1
354,59,3.49,88.28,35.31,262.57,0.7611,-1,-1,-1
355,33,337.44,0.38,205.72,477.41,0.7049,-1,-1,-1
355,53,162.21,131.57,63.13,168.21,0.8619,-1,-1,-1
355,57,102.07,134.00,53.21,162.66,0.8368,-1,-1,-1
355,50,538.29,36.33,105.04,399.44,0.8924,-1,-1,-1
355,59,12.37,74.93,39.63,290.39,0.8493,-1,-1,-1
356,33,341.42,0.22,207.12,473.44,0.6621,-1,-1,-1
356,53,164.10,131.06,65.17,166.61,0.8628,-1,-1,-1
356,57,114.02,129.96,53.85,163.10,0.7902,-1,-1,-1
356,50,545.51,20.76,106.69,417.08,0.8952,-1,-1,-1
356,59,16.70,49.79,43.81,313.82,0.8704,-1,-1,-1
357,33,339.72,0.21,211.27,477.45,0.7511,-1,-1,-1
357,53,166.29,129.00,66.35,166.24,0.8381,-1,-1,-1
357,57,125.41,127.47,53.50,161.48,0.7951,-1,-1,-1
357,50,552.03,13.13,110.49,453.17,0.7955,-1,-1,-1
357,59,26.65,38.59,46.39,315.64,0.9116,-1,-1,-1
358,33,340.58,0.39,214.28,478.78,0.7974,-1,-1,-1
358,53,171.53,129.96,65.48,165.19,0.7143,-1,-1,-1
358,57,130.88,130.75,54.10,161.61,0.8413,-1,-1,-1
358,50,565.08,43.04,96.66,413.58,0.7906,-1,-1,-1
358,59,30.28,39.48,48.97,313.71,0.9061,-1,-1,-1
359,33,341.96,11.01,211.31,466.36,0.8331,-1,-1,-1
359,53,178.98,146.01,63.37,164.38,0.7842,-1,-1,-1
359,57,131.71,150.44,55.24,158.72,0.8435,-1,-1,-1
359,50,575.27,71.52,86.42,388.19,0.7897,-1,-1,-1
359,59,27.56,63.82,51.12,309.95,0.9116,-1,-1,-1
359,60,533.00,38.27,81.79,385.48,0.8600,-1,-1,-1
360,33,344.35,22.78,208.54,454.54,0.8131,-1,-1,-1
360,53,184.92,156.76,61.48,164.77,0.8011,-1,-1,-1
360,57,130.37,159.30,58.09,162.07,0.8403,-1,-1,-1
360,59,23.76,77.43,53.72,310.04,0.9074,-1,-1,-1
360,60,539.78,41.18,85.36,401.14,0.8534,-1,-1,-1
361,33,343.53,20.88,210.37,455.34,0.8067,-1,-1,-1
361,53,186.05,158.38,60.13,164.62,0.8306,-1,-1,-1
361,57,127.14,161.66,58.81,161.00,0.8033,-1,-1,-1
361,59,18.75,75.65,56.72,315.33,0.9181,-1,-1,-1
361,60,539.20,26.38,89.82,419.04,0.8875,-1,-1,-1
362,33,341.23,15.34,214.05,461.83,0.8219,-1,-1,-1
362,53,183.82,156.69,59.19,163.11,0.8650,-1,-1,-1
362,57,132.10,157.76,56.59,157.11,0.7194,-1,-1,-1
362,59,16.73,68.90,60.00,321.31,0.8995,-1,-1,-1
362,60,536.74,5.94,95.01,440.08,0.8871,-1,-1,-1
363,33,343.44,13.80,214.97,462.74,0.8706,-1,-1,-1
363,53,183.26,157.85,59.29,162.59,0.8109,-1,-1,-1
363,57,136.40,156.52,55.38,156.06,0.7851,-1,-1,-1
363,59,17.21,67.41,63.63,326.14,0.8985,-1,-1,-1
363,60,537.65,-1.00,98.31,453.70,0.8737,-1,-1,-1
364,33,349.15,16.91,212.95,459.74,0.8308,-1,-1,-1
364,53,184.48,162.78,59.48,163.33,0.8289,-1,-1,-1
364,57,142.54,161.60,54.76,156.64,0.8068,-1,-1,-1
364,59,18.22,72.82,67.29,328.87,0.8798,-1,-1,-1
364,60,540.84,-1.64,102.28,474.57,0.8256,-1,-1,-1
364,61,93.12,178.85,49.17,137.59,0.7116,-1,-1,-1
365,33,349.55,20.19,211.52,458.64,0.8641,-1,-1,-1
365,53,188.68,167.65,57.82,161.32,0.8368,-1,-1,-1
365,57,144.06,167.17,54.68,156.86,0.8375,-1,-1,-1
365,59,17.62,80.47,69.90,326.93,0.8847,-1,-1,-1
365,60,545.19,21.96,98.40,457.64,0.8246,-1,-1,-1
365,61,83.51,178.36,51.34,143.77,0.3854,-1,-1,-1
366,33,347.39,18.81,211.26,460.85,0.8090,-1,-1,-1
366,53,190.64,160.20,56.61,160.31,0.8535,-1,-1,-1
366,57,144.86,163.76,56.73,154.51,0.8549,-1,-1,-1
366,59,16.20,75.29,72.18,324.62,0.8833,-1,-1,-1
366,60,554.82,26.45,95.67,453.04,0.8544,-1,-1,-1
367,33,351.58,15.03,212.00,464.93,0.7831,-1,-1,-1
367,53,197.31,152.39,55.59,159.19,0.8118,-1,-1,-1
367,57,144.01,156.68,57.85,152.29,0.8683,-1,-1,-1
367,59,18.14,67.32,75.49,323.27,0.6887,-1,-1,-1
367,60,582.40,30.94,67.50,326.72,0.6350,-1,-1,-1
368,33,363.20,14.56,210.64,462.67,0.7972,-1,-1,-1
368,53,209.00,150.47,55.56,159.00,0.8367,-1,-1,-1
368,57,148.83,155.89,58.86,151.24,0.8737,-1,-1,-1
368,59,20.18,65.98,79.76,324.16,0.9084,-1,-1,-1
369,33,376.35,14.84,211.01,464.19,0.7992,-1,-1,-1
369,53,222.81,154.46,56.70,159.30,0.8792,-1,-1,-1
369,57,160.82,158.91,59.94,152.09,0.8360,-1,-1,-1
369,59,24.36,72.95,82.97,315.71,0.9081,-1,-1,-1
370,33,394.13,12.37,209.56,467.34,0.7041,-1,-1,-1
370,53,226.41,159.73,57.27,157.69,0.8730,-1,-1,-1
370,57,172.06,161.12,59.00,150.11,0.8049,-1,-1,-1
370,59,24.83,75.91,86.27,309.30,0.9045,-1,-1,-1
371,33,390.96,8.68,213.11,470.82,0.7239,-1,-1,-1
371,53,227.60,160.30,57.95,157.28,0.8603,-1,-1,-1
371,57,181.83,158.65,58.76,151.98,0.8103,-1,-1,-1
371,59,23.27,75.15,90.55,308.73,0.8934,-1,-1,-1
372,33,400.06,3.13,216.58,473.31,0.7739,-1,-1,-1
372,53,232.93,159.92,57.79,155.70,0.8309,-1,-1,-1
372,57,190.55,158.89,57.79,151.38,0.8387,-1,-1,-1
372,59,25.87,74.08,94.22,308.20,0.8884,-1,-1,-1
373,33,403.83,1.01,221.00,476.50,0.7730,-1,-1,-1
373,53,245.17,158.27,57.92,156.85,0.8102,-1,-1,-1
373,57,202.34,159.34,57.28,150.68,0.7865,-1,-1,-1
373,59,34.40,77.79,97.59,308.09,0.8768,-1,-1,-1
374,33,406.54,0.34,224.10,478.78,0.8052,-1,-1,-1
374,53,258.24,158.57,56.78,157.09,0.8150,-1,-1,-1
374,57,212.60,163.48,56.66,147.94,0.8291,-1,-1,-1
374,59,40.56,82.78,101.40,309.99,0.9135,-1,-1,-1
375,33,414.57,-0.02,224.42,479.75,0.8331,-1,-1,-1
375,53,267.24,158.13,55.68,157.21,0.8192,-1,-1,-1
375,57,217.57,164.47,56.68,146.99,0.8252,-1,-1,-1
375,59,41.49,80.97,105.62,316.35,0.9087,-1,-1,-1
375,62,0.90,103.04,48.81,279.93,0.8408,-1,-1,-1
376,33,421.55,0.15,223.33,479.81,0.8702,-1,-1,-1
376,53,274.00,159.30,54.03,155.05,0.8114,-1,-1,-1
376,57,222.02,163.37,56.99,148.43,0.8276,-1,-1,-1
376,59,45.51,80.43,107.32,314.23,0.8995,-1,-1,-1
376,62,4.60,100.68,49.20,280.88,0.8471,-1,-1,-1
377,33,436.83,11.81,214.81,467.58,0.8271,-1,-1,-1
377,53,278.18,160.65,53.14,154.08,0.8217,-1,-1,-1
377,57,227.25,161.09,55.46,146.35,0.8411,-1,-1,-1
377,59,48.63,75.76,110.32,314.91,0.9036,-1,-1,-1
377,62,7.11,97.51,50.81,287.67,0.8691,-1,-1,-1
377,64,446.96,192.67,37.15,89.43,0.6946,-1,-1,-1
378,33,454.27,21.83,205.13,456.56,0.7827,-1,-1,-1
378,53,281.19,160.23,53.00,155.16,0.7886,-1,-1,-1
378,57,231.03,159.94,54.69,147.00,0.8088,-1,-1,-1
378,59,53.78,73.59,110.52,308.96,0.9042,-1,-1,-1
378,62,7.97,96.19,51.91,290.67,0.8417,-1,-1,-1
378,64,448.39,192.99,37.84,91.01,0.7469,-1,-1,-1
379,33,472.87,35.11,193.61,444.35,0.8235,-1,-1,-1
379,53,286.27,157.27,52.33,154.71,0.8250,-1,-1,-1
379,57,234.59,159.00,53.81,147.37,0.7581,-1,-1,-1
379,59,54.04,71.30,112.80,310.66,0.9090,-1,-1,-1
379,62,4.93,95.32,50.52,281.34,0.8316,-1,-1,-1
379,64,449.06,191.73,37.22,89.20,0.7358,-1,-1,-1
380,33,493.39,49.24,179.82,429.75,0.7982,-1,-1,-1
380,53,290.44,158.44,51.37,153.76,0.8534,-1,-1,-1
380,57,238.93,160.94,53.87,147.59,0.7777,-1,-1,-1
380,59,50.72,71.63,115.98,315.88,0.9091,-1,-1,-1
380,62,3.51,98.66,50.49,279.66,0.8308,-1,-1,-1
380,64,446.89,192.65,38.09,91.03,0.7601,-1,-1,-1
381,33,513.17,70.93,162.87,407.84,0.8514,-1,-1,-1
381,53,292.71,160.67,51.12,154.62,0.8393,-1,-1,-1
381,57,239.98,166.71,53.79,145.62,0.8033,-1,-1,-1
381,59,45.35,74.10,118.89,321.93,0.9010,-1,-1,-1
381,62,1.32,107.65,49.46,273.85,0.8099,-1,-1,-1
381,64,445.30,194.99,38.51,91.63,0.6528,-1,-1,-1
381,65,509.95,164.68,62.58,166.84,0.7992,-1,-1,-1
382,33,535.58,106.02,140.86,371.99,0.8172,-1,-1,-1
382,53,294.30,159.94,51.73,156.33,0.8302,-1,-1,-1
382,57,237.59,169.24,53.88,144.43,0.7872,-1,-1,-1
382,59,38.51,75.02,121.47,328.71,0.8928,-1,-1,-1
382,62,1.18,120.06,41.42,228.35,0.7745,-1,-1,-1
382,64,447.13,195.27,38.15,90.81,0.5538,-1,-1,-1
382,65,513.65,164.18,64.52,171.35,0.8205,-1,-1,-1
383,33,565.21,197.76,101.32,280.69,0.6736,-1,-1,-1
383,53,294.55,160.99,53.07,158.78,0.8608,-1,-1,-1
383,57,234.13,171.42,54.42,144.67,0.8325,-1,-1,-1
383,59,28.13,75.47,123.99,335.44,0.9024,-1,-1,-1
383,62,0.88,133.74,37.16,204.20,0.7271,-1,-1,-1
383,64,444.11,199.29,36.82,87.63,0.5164,-1,-1,-1
383,65,514.19,163.44,67.77,178.38,0.8430,-1,-1,-1
384,53,289.96,161.52,53.22,158.28,0.8820,-1,-1,-1
384,57,233.81,168.31,54.83,144.78,0.8165,-1,-1,-1
384,59,13.96,73.83,124.53,336.13,0.8993,-1,-1,-1
384,62,-0.12,167.55,28.37,156.46,0.5620,-1,-1,-1
384,64,438.42,197.51,37.36,87.93,0.5954,-1,-1,-1
384,65,515.12,155.42,70.92,185.54,0.8693,-1,-1,-1
385,53,287.31,160.81,53.36,158.02,0.8696,-1,-1,-1
385,57,235.11,164.62,54.79,145.70,0.8233,-1,-1,-1
385,59,5.19,69.06,124.50,335.26,0.9165,-1,-1,-1
385,64,435.59,195.58,37.32,86.90,0.7242,-1,-1,-1
385,65,515.23,149.56,73.73,192.31,0.8483,-1,-1,-1
386,53,286.68,158.33,53.40,158.11,0.8676,-1,-1,-1
386,57,236.73,161.16,55.26,148.50,0.8104,-1,-1,-1
386,59,-0.17,64.43,124.97,337.65,0.9177,-1,-1,-1
386,64,431.92,192.72,37.72,86.80,0.6964,-1,-1,-1
386,65,515.01,144.31,76.99,203.77,0.8515,-1,-1,-1
387,53,286.69,154.84,53.01,158.89,0.8399,-1,-1,-1
387,57,236.13,160.07,55.28,148.86,0.8193,-1,-1,-1
387,59,-4.14,59.60,127.20,346.62,0.9154,-1,-1,-1
387,64,425.48,191.38,38.07,86.93,0.6860,-1,-1,-1
387,65,516.17,138.34,81.41,217.75,0.8725,-1,-1,-1
388,53,286.10,154.90,52.46,159.87,0.8042,-1,-1,-1
388,57,235.03,162.57,54.53,147.59,0.8594,-1,-1,-1
388,59,-7.93,57.45,128.49,355.29,0.9080,-1,-1,-1
388,64,419.73,190.76,38.95,88.84,0.5981,-1,-1,-1
388,65,515.32,135.38,84.46,228.65,0.8618,-1,-1,-1
389,53,283.67,160.31,51.77,159.79,0.7682,-1,-1,-1
389,57,231.05,168.54,53.64,145.33,0.8681,-1,-1,-1
389,59,-10.26,58.17,127.32,358.22,0.9008,-1,-1,-1
389,64,419.69,194.93,37.38,87.93,0.4452,-1,-1,-1
389,65,515.53,134.76,87.99,241.35,0.8784,-1,-1,-1
390,53,279.59,162.30,50.82,156.28,0.8282,-1,-1,-1
390,57,225.32,167.96,54.50,147.91,0.8404,-1,-1,-1
390,59,-11.78,58.07,121.29,348.37,0.8814,-1,-1,-1
390,64,409.15,194.88,36.88,86.21,0.6970,-1,-1,-1
390,65,513.31,127.71,90.75,252.21,0.8743,-1,-1,-1
391,53,271.82,162.78,50.14,154.61,0.7900,-1,-1,-1
391,57,218.25,165.56,53.09,144.96,0.8555,-1,-1,-1
391,59,-13.21,81.38,109.99,324.42,0.8843,-1,-1,-1
391,64,398.98,193.06,36.22,84.71,0.6724,-1,-1,-1
391,65,509.24,117.85,95.48,264.66,0.8818,-1,-1,-1
392,53,266.33,159.17,50.81,156.89,0.7479,-1,-1,-1
392,57,213.31,162.55,52.66,145.37,0.8308,-1,-1,-1
392,59,-17.02,92.11,103.20,315.97,0.8573,-1,-1,-1
392,64,391.52,192.52,34.66,80.40,0.7530,-1,-1,-1
392,65,508.38,109.77,100.90,274.92,0.8903,-1,-1,-1
393,53,262.20,162.00,50.31,154.41,0.8069,-1,-1,-1
393,57,208.44,163.59,52.95,148.28,0.8187,-1,-1,-1
393,59,-20.74,100.32,97.10,311.77,0.7828,-1,-1,-1
393,64,384.47,195.24,35.33,81.63,0.7256,-1,-1,-1
393,65,507.25,106.22,111.69,295.69,0.9025,-1,-1,-1
394,53,261.12,161.92,50.36,154.33,0.7966,-1,-1,-1
394,57,208.08,164.61,52.72,149.64,0.8239,-1,-1,-1
394,59,-16.93,103.88,94.21,312.08,0.6979,-1,-1,-1
394,64,382.39,195.71,35.88,82.58,0.7380,-1,-1,-1
394,65,505.79,102.63,119.76,310.58,0.9112,-1,-1,-1
395,53,256.98,159.98,50.52,154.66,0.8398,-1,-1,-1
395,57,207.19,162.80,52.76,149.88,0.8530,-1,-1,-1
395,59,-15.44,104.86,73.22,253.92,0.6573,-1,-1,-1
395,64,378.06,194.05,36.28,83.40,0.7644,-1,-1,-1
395,65,500.12,95.26,129.51,330.74,0.9142,-1,-1,-1
396,53,253.51,160.71,50.44,155.24,0.8373,-1,-1,-1
396,57,205.20,165.22,53.15,149.81,0.8394,-1,-1,-1
396,59,-17.16,109.48,62.35,229.41,0.6883,-1,-1,-1
396,64,373.31,196.16,35.93,82.67,0.7302,-1,-1,-1
396,65,494.95,88.47,139.74,354.59,0.9193,-1,-1,-1
397,53,252.58,163.81,50.11,155.01,0.8373,-1,-1,-1
397,57,201.18,168.20,52.80,148.22,0.8517,-1,-1,-1
397,64,369.16,198.99,34.92,81.05,0.4871,-1,-1,-1
397,65,491.83,79.10,149.13,379.77,0.9147,-1,-1,-1
398,53,252.08,167.52,49.66,154.54,0.8324,-1,-1,-1
398,57,199.16,171.58,52.40,147.27,0.8325,-1,-1,-1
398,64,367.41,201.34,34.43,80.34,0.5843,-1,-1,-1
398,65,494.92,65.74,155.84,404.48,0.8971,-1,-1,-1
399,53,251.85,166.87,49.75,154.98,0.8189,-1,-1,-1
399,57,199.04,170.60,52.31,147.23,0.8104,-1,-1,-1
399,64,366.58,198.23,35.35,82.50,0.5748,-1,-1,-1
399,65,497.89,46.88,161.82,432.14,0.8849,-1,-1,-1
400,53,250.58,165.60,49.17,153.17,0.8584,-1,-1,-1
400,57,200.66,166.72,51.64,147.47,0.8163,-1,-1,-1
400,64,362.82,196.30,35.46,83.50,0.7028,-1,-1,-1
400,65,504.93,30.11,163.05,452.69,0.8502,-1,-1,-1
401,53,249.04,164.86,48.54,151.06,0.8306,-1,-1,-1
401,57,199.70,164.75,51.60,147.36,0.8370,-1,-1,-1
401,64,358.80,197.90,34.61,81.91,0.4776,-1,-1,-1
401,65,518.52,25.21,157.07,458.85,0.8554,-1,-1,-1
402,53,245.86,162.16,47.89,149.80,0.8265,-1,-1,-1
402,57,196.81,162.19,51.68,148.08,0.8397,-1,-1,-1
402,65,538.73,57.52,138.01,426.75,0.8286,-1,-1,-1
403,53,245.05,165.56,47.86,148.84,0.8471,-1,-1,-1
403,57,196.11,164.43,51.46,147.92,0.8565,-1,-1,-1
404,53,244.76,166.57,48.29,149.05,0.8152,-1,-1,-1
404,57,196.09,166.77,50.65,146.12,0.8520,-1,-1,-1
405,53,244.80,165.75,48.43,148.36,0.8255,-1,-1,-1
405,57,195.60,167.47,50.13,144.01,0.8551,-1,-1,-1
406,53,244.39,165.23,47.73,145.70,0.8270,-1,-1,-1
406,57,195.61,166.62,49.50,141.19,0.8376,-1,-1,-1
406,64,345.97,192.40,34.46,82.11,0.6692,-1,-1,-1
407,53,246.91,162.10,47.24,144.33,0.8035,-1,-1,-1
407,57,195.35,162.08,49.94,142.31,0.8292,-1,-1,-1
407,64,345.34,192.17,33.35,79.93,0.6988,-1,-1,-1
408,53,248.31,159.81,47.06,144.19,0.8270,-1,-1,-1
408,57,195.03,157.38,50.54,145.55,0.8224,-1,-1,-1
408,64,344.55,191.37,32.85,78.78,0.7891,-1,-1,-1
409,53,248.26,158.03,47.07,144.60,0.8137,-1,-1,-1
409,57,194.16,156.43,49.92,145.03,0.8380,-1,-1,-1
409,64,344.13,188.86,33.10,79.37,0.7918,-1,-1,-1
410,53,247.07,157.55,47.21,145.11,0.8264,-1,-1,-1
410,57,192.09,157.92,49.27,143.19,0.8356,-1,-1,-1
410,64,340.53,185.77,33.55,80.16,0.5613,-1,-1,-1
411,53,243.35,157.94,47.05,145.26,0.8172,-1,-1,-1
411,57,187.28,158.63,48.82,140.70,0.8485,-1,-1,-1
411,64,336.73,187.90,32.40,76.69,0.3803,-1,-1,-1
412,53,239.63,160.62,46.30,143.08,0.8009,-1,-1,-1
412,57,183.19,161.28,48.19,140.23,0.8242,-1,-1,-1
412,64,330.18,188.42,32.58,77.05,0.6979,-1,-1,-1
413,53,237.21,159.93,46.29,142.55,0.7735,-1,-1,-1
413,57,181.40,161.80,47.68,139.77,0.8220,-1,-1,-1
413,64,326.41,187.56,32.63,76.74,0.5349,-1,-1,-1
414,53,234.69,161.78,45.67,140.35,0.7848,-1,-1,-1
414,57,179.25,161.31,47.74,139.79,0.8273,-1,-1,-1
414,64,320.79,188.04,33.01,76.69,0.6138,-1,-1,-1
414,65,565.22,189.77,78.04,243.11,0.6420,-1,-1,-1
415,53,229.54,160.58,45.63,140.29,0.8078,-1,-1,-1
415,57,174.77,160.41,47.85,139.95,0.8282,-1,-1,-1
415,64,314.23,190.41,32.31,74.79,0.4624,-1,-1,-1
415,65,550.60,142.97,88.82,275.52,0.8507,-1,-1,-1
416,53,223.86,163.47,45.40,139.36,0.7812,-1,-1,-1
416,57,171.71,161.35,47.86,139.13,0.8229,-1,-1,-1
416,64,305.42,193.66,31.22,73.07,0.3410,-1,-1,-1
416,65,542.87,109.25,99.67,314.08,0.8902,-1,-1,-1
417,53,219.05,167.85,44.74,137.91,0.7351,-1,-1,-1
417,57,169.17,163.05,48.18,139.88,0.8352,-1,-1,-1
417,64,300.31,193.42,32.25,75.88,0.6706,-1,-1,-1
417,65,535.65,63.00,112.78,366.90,0.8590,-1,-1,-1
418,53,214.80,168.03,44.88,136.09,0.8222,-1,-1,-1
418,57,167.00,163.54,47.63,138.05,0.8473,-1,-1,-1
418,64,296.70,193.75,31.36,73.73,0.6019,-1,-1,-1
418,65,532.46,36.74,118.22,396.11,0.8707,-1,-1,-1
419,53,211.76,169.16,45.07,135.19,0.8021,-1,-1,-1
419,57,165.20,165.89,47.27,136.13,0.8385,-1,-1,-1
419,64,293.82,192.60,31.79,74.81,0.7494,-1,-1,-1
419,65,525.05,24.90,121.49,410.77,0.8962,-1,-1,-1
420,53,208.88,169.33,44.55,133.52,0.7918,-1,-1,-1
420,57,161.83,166.66,47.29,135.50,0.8040,-1,-1,-1
420,64,289.44,193.38,30.82,71.91,0.7500,-1,-1,-1
420,65,509.46,18.87,127.60,423.44,0.9185,-1,-1,-1
421,53,204.12,168.23,43.44,130.27,0.7574,-1,-1,-1
421,57,156.18,167.09,46.06,131.38,0.8402,-1,-1,-1
421,64,282.36,192.17,31.43,73.18,0.8138,-1,-1,-1
421,65,495.02,20.56,132.92,426.18,0.9189,-1,-1,-1
422,53,199.49,165.12,43.71,131.46,0.7857,-1,-1,-1
422,57,152.41,164.94,45.97,130.95,0.8325,-1,-1,-1
422,64,277.51,190.71,31.70,74.08,0.7364,-1,-1,-1
422,65,485.72,24.11,137.22,424.43,0.9191,-1,-1,-1
423,53,195.50,161.29,43.62,131.58,0.7961,-1,-1,-1
423,57,147.58,161.53,46.58,132.79,0.8229,-1,-1,-1
423,64,272.31,190.20,31.05,72.50,0.6319,-1,-1,-1
423,65,476.07,28.76,141.12,422.93,0.9169,-1,-1,-1
424,53,192.10,161.26,43.27,131.50,0.7994,-1,-1,-1
424,57,142.20,160.26,46.87,134.23,0.8041,-1,-1,-1
424,64,266.32,188.35,31.47,73.96,0.7524,-1,-1,-1
424,65,464.26,35.87,143.89,417.57,0.8874,-1,-1,-1
425,53,186.09,160.18,43.19,132.05,0.7889,-1,-1,-1
425,57,136.62,160.62,46.27,132.38,0.8080,-1,-1,-1
425,64,259.82,186.64,31.13,73.39,0.7063,-1,-1,-1
425,65,450.66,40.44,145.69,409.49,0.8982,-1,-1,-1
426,53,181.73,159.71,42.39,130.60,0.7942,-1,-1,-1
426,57,131.81,159.19,46.43,132.03,0.7797,-1,-1,-1
426,64,254.06,184.45,30.85,73.30,0.6914,-1,-1,-1
426,65,439.90,43.18,148.29,404.11,0.8713,-1,-1,-1
427,53,178.14,157.76,42.46,130.20,0.7679,-1,-1,-1
427,57,127.08,158.66,46.23,130.22,0.7878,-1,-1,-1
427,64,247.95,180.31,31.19,75.02,0.7291,-1,-1,-1
427,65,420.97,43.03,147.48,398.38,0.8805,-1,-1,-1
428,53,174.06,153.86,42.38,130.03,0.7951,-1,-1,-1
428,57,122.14,157.80,46.39,129.01,0.8163,-1,-1,-1
428,64,241.18,179.37,30.63,73.94,0.6687,-1,-1,-1
428,65,406.28,41.33,141.81,385.31,0.9018,-1,-1,-1
428,66,565.18,15.37,74.67,441.69,0.8489,-1,-1,-1
429,53,170.96,152.59,42.29,129.56,0.7994,-1,-1,-1
429,57,118.06,156.45,46.24,127.81,0.7954,-1,-1,-1
429,64,234.52,179.01,30.54,74.31,0.7572,-1,-1,-1
429,65,394.48,42.67,133.12,366.16,0.9054,-1,-1,-1
429,66,530.34,5.85,80.52,466.34,0.8366,-1,-1,-1
430,53,166.35,152.89,41.90,128.34,0.7855,-1,-1,-1
430,57,113.88,154.90,46.42,127.09,0.8178,-1,-1,-1
430,64,228.38,180.73,29.57,72.46,0.5696,-1,-1,-1
430,65,372.78,46.61,129.50,355.85,0.8954,-1,-1,-1
430,66,488.97,0.74,86.93,478.04,0.8965,-1,-1,-1
431,53,164.25,153.17,41.60,126.45,0.7832,-1,-1,-1
431,57,110.48,152.55,46.85,126.91,0.7934,-1,-1,-1
431,64,223.26,179.22,29.65,72.41,0.7435,-1,-1,-1
431,65,353.99,49.51,128.29,348.50,0.8956,-1,-1,-1
431,66,466.01,-0.91,93.91,482.22,0.8793,-1,-1,-1
432,53,161.24,155.08,40.66,123.40,0.6760,-1,-1,-1
432,57,109.00,151.83,46.91,125.83,0.8176,-1,-1,-1
432,64,219.76,175.59,30.70,75.31,0.7563,-1,-1,-1
432,65,341.05,52.38,120.50,325.12,0.8706,-1,-1,-1
432,66,467.21,-1.30,99.79,481.50,0.8881,-1,-1,-1
432,67,1.37,131.37,56.07,197.95,0.6872,-1,-1,-1
433,53,157.48,154.39,40.88,123.68,0.7053,-1,-1,-1
433,57,107.25,153.10,46.91,124.68,0.8293,-1,-1,-1
433,64,217.06,175.80,30.40,74.46,0.8186,-1,-1,-1
433,65,330.36,54.91,116.09,316.50,0.8565,-1,-1,-1
433,66,465.22,-1.28,106.70,482.18,0.8542,-1,-1,-1
433,67,-0.18,108.89,68.57,242.22,0.6652,-1,-1,-1
434,53,154.81,153.84,40.78,123.39,0.7952,-1,-1,-1
434,57,102.51,155.25,46.57,122.75,0.8361,-1,-1,-1
434,64,212.09,173.79,31.04,76.12,0.7606,-1,-1,-1
434,65,318.26,57.17,112.27,313.61,0.7950,-1,-1,-1
434,66,430.54,-0.90,111.25,482.24,0.7955,-1,-1,-1
434,67,-3.34,72.84,81.55,289.00,0.6242,-1,-1,-1
435,53,151.98,152.66,40.14,121.25,0.7762,-1,-1,-1
435,57,98.86,154.09,47.15,123.06,0.8350,-1,-1,-1
435,64,208.85,175.44,30.22,73.88,0.6597,-1,-1,-1
435,65,302.11,84.67,99.65,287.13,0.7107,-1,-1,-1
435,66,385.51,-0.91,114.83,481.71,0.8552,-1,-1,-1
435,67,-4.22,56.44,86.99,309.45,0.5675,-1,-1,-1
436,53,149.65,149.32,40.25,121.25,0.7938,-1,-1,-1
436,57,93.26,152.10,47.02,122.42,0.8044,-1,-1,-1
436,64,204.71,174.07,29.89,73.34,0.6914,-1,-1,-1
436,66,344.02,-0.52,119.91,481.56,0.8962,-1,-1,-1
436,68,588.68,103.58,45.39,292.97,0.7718,-1,-1,-1
437,53,148.44,149.60,40.19,120.37,0.7414,-1,-1,-1
437,57,89.15,150.13,46.84,121.98,0.8180,-1,-1,-1
437,64,201.94,172.30,30.27,74.85,0.7493,-1,-1,-1
437,66,304.25,-0.62,127.69,480.89,0.9259,-1,-1,-1
437,68,595.25,92.24,47.16,305.67,0.7321,-1,-1,-1
438,53,146.27,149.43,40.32,119.95,0.7582,-1,-1,-1
438,57,85.23,151.46,45.94,119.28,0.8289,-1,-1,-1
438,64,198.99,169.46,30.69,77.38,0.6452,-1,-1,-1
438,66,269.97,-0.60,139.34,481.23,0.9043,-1,-1,-1
438,68,576.53,72.90,51.57,327.54,0.8624,-1,-1,-1
439,53,142.64,149.11,39.87,119.10,0.8132,-1,-1,-1
439,57,81.89,149.01,46.46,120.67,0.8399,-1,-1,-1
439,66,243.74,0.55,150.12,480.17,0.8629,-1,-1,-1
439,68,561.23,73.10,54.08,329.15,0.8993,-1,-1,-1
440,57,81.06,146.61,40.28,102.51,0.4032,-1,-1,-1
440,66,183.62,-0.07,165.57,480.77,0.8433,-1,-1,-1
440,68,552.20,74.12,57.57,332.76,0.9119,-1,-1,-1
440,69,375.92,135.85,49.53,179.15,0.7038,-1,-1,-1
440,67,-11.67,51.70,96.44,351.17,0.6908,-1,-1,-1
441,66,88.81,0.23,175.65,479.68,0.8620,-1,-1,-1
441,68,550.11,76.89,60.69,333.85,0.8889,-1,-1,-1
441,69,372.24,137.50,49.45,178.61,0.7121,-1,-1,-1
441,65,272.41,66.89,115.37,333.96,0.7948,-1,-1,-1
442,66,39.60,0.56,181.66,478.93,0.7042,-1,-1,-1
442,68,549.44,77.49,61.41,324.96,0.8631,-1,-1,-1
442,69,368.17,137.46,49.38,178.23,0.7609,-1,-1,-1
442,65,262.99,66.08,117.05,334.52,0.8811,-1,-1,-1
443,66,9.00,1.45,183.02,476.48,0.7459,-1,-1,-1
443,68,542.07,75.59,62.40,315.95,0.7488,-1,-1,-1
443,69,364.55,134.21,49.25,178.09,0.7380,-1,-1,-1
443,65,256.37,63.00,118.11,335.48,0.8875,-1,-1,-1
443,64,163.90,66.31,74.45,198.47,0.6484,-1,-1,-1
444,68,554.73,77.56,64.33,316.58,0.7341,-1,-1,-1
444,69,359.09,135.07,49.57,179.53,0.7316,-1,-1,-1
444,65,250.82,63.46,116.35,328.09,0.8924,-1,-1,-1
444,53,142.88,154.29,39.24,118.46,0.7470,-1,-1,-1
445,68,577.26,83.78,56.30,278.65,0.6836,-1,-1,-1
445,69,357.49,137.58,49.57,179.36,0.7980,-1,-1,-1
445,65,247.96,62.18,114.63,322.17,0.8937,-1,-1,-1
445,71,188.99,178.99,30.13,70.80,0.7032,-1,-1,-1
445,53,143.31,156.46,38.79,116.53,0.7744,-1,-1,-1
446,68,580.71,77.59,58.02,287.99,0.8483,-1,-1,-1
446,69,351.33,139.13,50.12,178.43,0.7750,-1,-1,-1
446,65,243.50,60.32,113.77,320.92,0.8979,-1,-1,-1
446,71,191.84,178.01,30.45,71.61,0.6198,-1,-1,-1
446,53,146.41,157.40,38.61,114.92,0.7492,-1,-1,-1
446,73,100.23,153.79,33.84,118.73,0.8077,-1,-1,-1
446,67,7.83,6.72,83.09,293.31,0.7677,-1,-1,-1
447,68,579.36,79.34,58.74,289.33,0.8191,-1,-1,-1
447,69,348.03,142.25,51.24,178.98,0.7891,-1,-1,-1
447,65,236.74,60.38,115.09,325.93,0.8948,-1,-1,-1
447,71,194.01,180.63,30.04,70.62,0.5499,-1,-1,-1
447,53,148.11,159.69,38.82,114.09,0.7081,-1,-1,-1
447,73,103.04,155.17,34.19,119.01,0.7882,-1,-1,-1
447,74,468.65,85.59,159.45,316.09,0.8475,-1,-1,-1
447,67,7.21,1.15,88.76,307.52,0.7399,-1,-1,-1
448,68,577.99,81.20,59.73,291.73,0.8027,-1,-1,-1
448,69,347.00,141.70,52.28,180.20,0.7880,-1,-1,-1
448,65,231.70,60.01,115.59,330.02,0.8920,-1,-1,-1
448,71,194.78,181.22,29.62,69.31,0.5858,-1,-1,-1
448,53,148.60,158.28,39.04,113.83,0.7693,-1,-1,-1
448,73,105.14,153.01,34.29,117.94,0.8174,-1,-1,-1
448,74,461.61,84.35,157.50,313.36,0.8569,-1,-1,-1
448,67,-5.88,-0.98,118.60,421.76,0.8845,-1,-1,-1
449,68,568.21,85.31,62.64,294.21,0.5435,-1,-1,-1
449,69,346.87,142.22,52.76,179.43,0.7879,-1,-1,-1
449,65,231.45,63.37,114.57,331.31,0.8941,-1,-1,-1
449,71,197.87,182.49,29.80,69.42,0.6076,-1,-1,-1
449,53,149.52,158.36,38.64,113.03,0.7934,-1,-1,-1
449,73,109.29,156.40,33.74,114.34,0.8283,-1,-1,-1
449,74,458.41,84.26,152.32,306.30,0.8424,-1,-1,-1
449,67,-7.79,-1.97,126.76,459.05,0.8933,-1,-1,-1
450,68,564.36,86.23,62.52,279.52,0.5575,-1,-1,-1
450,69,353.23,140.27,52.66,177.87,0.8353,-1,-1,-1
450,65,233.88,65.24,112.89,329.76,0.8901,-1,-1,-1
450,71,204.54,182.75,30.12,69.96,0.6943,-1,-1,-1
450,53,156.16,158.31,38.37,112.58,0.8060,-1,-1,-1
450,73,117.64,158.44,34.03,113.57,0.7856,-1,-1,-1
450,74,467.90,82.57,152.93,311.80,0.8298,-1,-1,-1
450,67,-5.63,-1.93,130.43,476.13,0.8710,-1,-1,-1
451,68,564.39,87.90,64.25,278.38,0.6900,-1,-1,-1
451,69,358.52,139.84,53.21,178.28,0.8256,-1,-1,-1
451,65,232.91,65.21,113.54,330.58,0.8778,-1,-1,-1
451,71,208.99,183.51,30.01,69.59,0.5818,-1,-1,-1
451,53,162.97,159.99,38.22,111.81,0.7898,-1,-1,-1
451,73,124.43,159.97,34.33,112.94,0.8024,-1,-1,-1
451,74,468.34,84.26,152.94,315.84,0.8499,-1,-1,-1
451,67,-2.03,0.81,131.60,480.22,0.9075,-1,-1,-1
452,68,573.32,86.35,63.34,275.51,0.6923,-1,-1,-1
452,69,360.68,139.12,54.39,180.25,0.7613,-1,-1,-1
452,65,229.10,62.60,113.67,326.92,0.8976,-1,-1,-1
452,53,170.68,160.63,38.11,112.07,0.8049,-1,-1,-1
452,73,133.28,159.49,34.64,112.42,0.8057,-1,-1,-1
452,74,467.47,86.53,153.59,319.47,0.8439,-1,-1,-1
452,67,1.43,2.57,132.38,480.04,0.9111,-1,-1,-1
453,68,576.08,80.43,65.90,290.64,0.7390,-1,-1,-1
453,69,365.77,138.48,55.99,180.79,0.7732,-1,-1,-1
453,65,232.48,56.70,115.01,327.77,0.8821,-1,-1,-1
453,53,178.50,160.44,37.47,111.11,0.7900,-1,-1,-1
453,73,141.18,157.84,34.88,111.76,0.8193,-1,-1,-1
453,74,472.54,84.88,154.45,324.23,0.8522,-1,-1,-1
453,67,5.73,1.62,134.45,480.50,0.9064,-1,-1,-1
454,68,579.63,81.04,66.13,298.70,0.7580,-1,-1,-1
454,69,374.08,142.26,57.47,181.39,0.8145,-1,-1,-1
454,65,239.70,57.93,117.12,331.11,0.9030,-1,-1,-1
454,53,187.90,162.79,37.35,111.51,0.8000,-1,-1,-1
454,73,150.52,158.96,35.47,113.23,0.7884,-1,-1,-1
454,74,480.80,84.74,154.05,328.93,0.8654,-1,-1,-1
454,67,9.84,2.47,136.84,479.12,0.9141,-1,-1,-1
455,68,574.47,80.69,67.82,306.22,0.7521,-1,-1,-1
455,69,380.56,140.77,59.00,183.04,0.8281,-1,-1,-1
455,65,248.77,57.92,119.42,337.96,0.8962,-1,-1,-1
455,53,196.38,162.29,37.31,110.74,0.7637,-1,-1,-1
455,73,159.97,159.71,34.97,110.95,0.8077,-1,-1,-1
455,74,484.18,79.70,147.63,321.97,0.8730,-1,-1,-1
455,67,13.50,0.13,140.99,481.56,0.8871,-1,-1,-1
456,68,579.48,82.59,63.84,292.00,0.7748,-1,-1,-1
456,69,384.06,140.47,60.50,185.58,0.7731,-1,-1,-1
456,65,254.86,60.35,120.51,341.89,0.8838,-1,-1,-1
456,53,203.77,161.95,37.43,110.92,0.7777,-1,-1,-1
456,73,167.92,161.64,34.04,108.28,0.6908,-1,-1,-1
456,74,484.99,79.44,143.95,320.95,0.8724,-1,-1,-1
456,67,16.51,0.17,144.57,479.83,0.8859,-1,-1,-1
457,68,587.50,85.79,61.22,291.04,0.7489,-1,-1,-1
457,69,389.09,140.93,60.55,184.84,0.7405,-1,-1,-1
457,65,261.81,63.63,122.46,348.27,0.8821,-1,-1,-1
457,53,211.74,163.19,37.30,110.72,0.7627,-1,-1,-1
457,73,177.76,165.25,33.55,106.48,0.7366,-1,-1,-1
457,74,478.02,83.50,144.92,325.70,0.8824,-1,-1,-1
457,67,21.78,3.53,147.90,474.12,0.8834,-1,-1,-1
458,68,592.16,81.57,59.94,298.47,0.7272,-1,-1,-1
458,69,392.65,138.63,60.56,185.13,0.8172,-1,-1,-1
458,65,268.58,62.74,122.92,350.44,0.8836,-1,-1,-1
458,53,220.73,162.28,36.82,110.29,0.7653,-1,-1,-1
458,73,186.80,164.50,32.92,104.86,0.5360,-1,-1,-1
458,74,476.54,84.30,146.90,329.85,0.8930,-1,-1,-1
458,67,30.83,2.90,152.15,474.53,0.8728,-1,-1,-1
459,68,593.89,83.81,56.77,292.66,0.6145,-1,-1,-1
459,69,398.98,142.06,61.11,187.26,0.7878,-1,-1,-1
459,65,272.68,65.59,124.74,355.84,0.8803,-1,-1,-1
459,53,228.97,166.74,36.12,109.67,0.7595,-1,-1,-1
459,74,484.70,88.05,149.11,334.42,0.8957,-1,-1,-1
459,67,47.36,3.55,155.98,475.74,0.8385,-1,-1,-1
460,68,595.06,80.61,56.11,301.11,0.6392,-1,-1,-1
460,69,401.26,143.38,61.61,188.94,0.7968,-1,-1,-1
460,65,274.99,65.02,125.73,357.19,0.8956,-1,-1,-1
460,53,233.12,167.54,35.65,109.52,0.7274,-1,-1,-1
460,74,489.31,87.87,150.88,339.94,0.8785,-1,-1,-1
460,67,53.63,2.29,160.65,479.14,0.8569,-1,-1,-1
461,68,594.09,79.44,55.06,304.29,0.6704,-1,-1,-1
461,69,403.92,142.98,61.95,191.31,0.8032,-1,-1,-1
461,65,279.42,59.09,124.30,350.75,0.9053,-1,-1,-1
461,53,238.89,166.36,35.31,109.81,0.7182,-1,-1,-1
461,74,493.63,83.41,142.51,329.33,0.8676,-1,-1,-1
461,67,61.59,0.40,164.34,481.55,0.8821,-1,-1,-1
462,68,590.17,80.56,54.02,299.99,0.7029,-1,-1,-1
462,69,405.00,143.77,62.42,192.79,0.8332,-1,-1,-1
462,65,281.45,57.02,123.59,347.82,0.8935,-1,-1,-1
462,53,242.74,165.97,35.80,111.07,0.7215,-1,-1,-1
462,74,496.17,81.71,139.38,330.52,0.8476,-1,-1,-1
462,67,65.51,-0.28,166.17,479.22,0.8681,-1,-1,-1
463,68,587.34,85.88,53.64,297.04,0.6669,-1,-1,-1
463,69,405.76,145.89,62.31,195.45,0.8210,-1,-1,-1
463,65,280.30,58.75,124.32,351.18,0.8943,-1,-1,-1
463,53,244.03,166.16,35.87,111.84,0.7092,-1,-1,-1
463,74,496.54,86.74,139.52,334.65,0.8842,-1,-1,-1
463,67,67.04,1.67,168.94,479.13,0.8517,-1,-1,-1
464,68,588.03,87.94,53.30,296.97,0.7478,-1,-1,-1
464,69,405.84,145.80,61.32,194.32,0.7830,-1,-1,-1
464,65,278.08,58.21,124.77,356.48,0.8841,-1,-1,-1
464,53,243.98,168.39,34.96,109.51,0.7382,-1,-1,-1
464,74,488.86,88.65,141.12,337.74,0.8727,-1,-1,-1
464,67,64.70,0.29,172.16,481.08,0.8768,-1,-1,-1
465,68,588.59,86.64,53.98,304.74,0.7926,-1,-1,-1
465,69,406.43,143.38,60.12,191.87,0.7478,-1,-1,-1
465,65,276.01,56.56,124.38,361.30,0.8802,-1,-1,-1
465,74,481.98,90.08,141.49,337.85,0.8835,-1,-1,-1
465,67,61.73,-0.20,174.68,481.68,0.8874,-1,-1,-1
465,73,240.79,169.64,33.32,105.40,0.7135,-1,-1,-1
466,68,590.55,85.30,53.65,309.04,0.8247,-1,-1,-1
466,69,405.93,142.02,59.69,191.72,0.7612,-1,-1,-1
466,65,273.11,57.05,122.96,362.74,0.8848,-1,-1,-1
466,74,477.46,90.02,141.09,339.68,0.8833,-1,-1,-1
466,67,59.43,-0.36,176.80,481.76,0.8539,-1,-1,-1
466,73,243.72,166.52,34.65,110.01,0.6954,-1,-1,-1
467,68,587.90,83.83,54.38,314.51,0.8733,-1,-1,-1
467,69,402.81,141.79,60.73,192.72,0.7694,-1,-1,-1
467,65,268.78,58.31,122.56,364.71,0.8932,-1,-1,-1
467,74,472.34,87.49,135.22,331.94,0.8819,-1,-1,-1
467,67,58.18,-0.38,178.97,481.66,0.8861,-1,-1,-1
467,73,246.16,167.78,34.56,109.19,0.6915,-1,-1,-1
468,68,580.28,82.38,56.50,318.86,0.8729,-1,-1,-1
468,69,403.53,141.69,60.84,192.47,0.7424,-1,-1,-1
468,65,264.58,53.97,123.51,370.36,0.8778,-1,-1,-1
468,74,462.37,83.27,130.00,324.91,0.8662,-1,-1,-1
468,67,55.17,0.03,180.87,481.11,0.8912,-1,-1,-1
469,68,572.22,83.36,59.11,319.51,0.8594,-1,-1,-1
469,69,402.31,140.39,60.98,192.97,0.7109,-1,-1,-1
469,65,259.63,46.89,122.51,365.60,0.8723,-1,-1,-1
469,74,445.59,82.14,130.66,327.39,0.8494,-1,-1,-1
469,67,53.71,-0.05,181.46,475.75,0.8561,-1,-1,-1
470,68,567.02,82.87,60.14,307.33,0.8733,-1,-1,-1
470,69,402.52,140.00,60.17,189.40,0.7672,-1,-1,-1
470,65,258.41,43.20,123.55,365.02,0.8750,-1,-1,-1
470,74,434.18,84.65,131.81,329.91,0.8919,-1,-1,-1
470,67,53.65,-0.19,185.36,479.08,0.8562,-1,-1,-1
471,68,563.41,79.78,63.03,307.31,0.7523,-1,-1,-1
471,69,402.63,137.93,60.81,190.91,0.5920,-1,-1,-1
471,65,260.66,40.78,125.29,365.64,0.8792,-1,-1,-1
471,74,433.53,86.70,131.88,330.01,0.8881,-1,-1,-1
471,67,56.79,-0.17,188.25,480.23,0.8749,-1,-1,-1
472,68,564.47,75.47,66.16,315.95,0.8591,-1,-1,-1
472,69,402.36,134.44,61.87,193.09,0.6258,-1,-1,-1
472,65,262.42,36.84,127.83,369.74,0.8852,-1,-1,-1
472,74,433.96,84.36,131.83,331.81,0.8809,-1,-1,-1
472,67,61.20,-0.03,190.59,480.48,0.8802,-1,-1,-1
473,68,569.06,72.38,67.35,321.69,0.8809,-1,-1,-1
473,69,402.53,131.19,62.06,194.50,0.6296,-1,-1,-1
473,65,262.18,33.97,130.97,380.46,0.8721,-1,-1,-1
473,74,433.79,79.68,128.36,327.47,0.8927,-1,-1,-1
473,67,67.82,0.21,192.14,477.32,0.8506,-1,-1,-1
474,68,560.16,71.45,70.21,321.93,0.8477,-1,-1,-1
474,69,403.64,130.96,61.77,195.67,0.7490,-1,-1,-1
474,65,265.77,33.39,131.50,385.73,0.8807,-1,-1,-1
474,74,435.63,76.84,124.63,323.19,0.8470,-1,-1,-1
474,67,75.42,0.35,195.33,479.06,0.8411,-1,-1,-1
475,68,550.69,72.61,71.57,305.65,0.9071,-1,-1,-1
475,69,408.10,130.14,61.66,197.62,0.3909,-1,-1,-1
475,65,270.21,34.94,131.28,388.82,0.8838,-1,-1,-1
475,74,440.40,74.71,124.71,327.80,0.8482,-1,-1,-1
475,67,82.14,0.27,196.78,476.77,0.8606,-1,-1,-1
476,68,547.72,73.26,74.51,302.26,0.9005,-1,-1,-1
476,65,275.20,38.22,130.60,390.14,0.8852,-1,-1,-1
476,74,445.21,76.96,124.72,330.18,0.8854,-1,-1,-1
476,67,85.72,0.22,198.71,476.39,0.8772,-1,-1,-1
477,68,546.60,72.20,78.22,305.79,0.9026,-1,-1,-1
477,65,277.13,38.73,130.58,392.47,0.8945,-1,-1,-1
477,74,445.34,80.25,125.30,333.17,0.7883,-1,-1,-1
477,67,89.52,0.52,197.63,468.03,0.7765,-1,-1,-1
478,68,546.67,71.76,81.29,309.55,0.8894,-1,-1,-1
478,65,278.34,35.78,129.45,391.32,0.8981,-1,-1,-1
478,74,442.33,79.43,126.23,337.89,0.8136,-1,-1,-1
478,67,86.71,0.31,199.76,466.77,0.7867,-1,-1,-1
479,68,547.03,73.46,84.93,319.03,0.9091,-1,-1,-1
479,65,278.52,37.38,125.36,379.15,0.8945,-1,-1,-1
479,74,439.84,83.73,123.63,333.32,0.8517,-1,-1,-1
479,67,83.52,0.16,205.61,475.27,0.8127,-1,-1,-1
480,68,548.24,75.08,86.86,326.12,0.8300,-1,-1,-1
480,65,275.30,38.39,126.10,382.56,0.8866,-1,-1,-1
480,74,439.13,85.61,119.96,324.23,0.8708,-1,-1,-1
480,67,82.04,0.00,207.87,476.88,0.8428,-1,-1,-1
481,68,541.93,73.79,89.47,332.69,0.8480,-1,-1,-1
481,65,270.18,35.02,126.71,387.97,0.8836,-1,-1,-1
481,74,432.38,83.75,117.44,319.99,0.8625,-1,-1,-1
481,67,78.16,0.24,209.20,475.12,0.8036,-1,-1,-1
482,68,531.69,75.34,93.41,337.30,0.8402,-1,-1,-1
482,65,262.11,34.28,126.70,393.18,0.8883,-1,-1,-1
482,74,418.21,83.67,117.79,321.60,0.8689,-1,-1,-1
482,67,72.23,0.71,209.40,469.11,0.7511,-1,-1,-1
483,68,522.93,81.40,95.30,336.17,0.8815,-1,-1,-1
483,65,254.69,39.50,125.08,394.80,0.8769,-1,-1,-1
483,74,403.60,89.33,119.23,324.94,0.8719,-1,-1,-1
483,67,64.63,2.16,213.36,471.75,0.7811,-1,-1,-1
484,68,518.17,84.30,96.67,336.02,0.8762,-1,-1,-1
484,65,247.93,45.24,122.47,393.00,0.8590,-1,-1,-1
484,74,390.59,92.67,121.16,328.30,0.8438,-1,-1,-1
484,67,55.66,5.74,216.51,472.23,0.6537,-1,-1,-1
485,68,512.34,85.10,94.68,328.77,0.8384,-1,-1,-1
485,65,242.16,47.95,121.18,395.75,0.8413,-1,-1,-1
485,74,389.09,92.30,121.53,331.26,0.8089,-1,-1,-1
485,67,48.39,2.87,221.33,476.64,0.7355,-1,-1,-1
486,68,503.80,84.19,92.24,322.26,0.8733,-1,-1,-1
486,65,238.26,43.93,118.58,392.54,0.8828,-1,-1,-1
486,74,388.57,90.52,117.72,325.90,0.8709,-1,-1,-1
486,67,42.26,1.11,225.29,478.95,0.7839,-1,-1,-1
487,68,492.31,85.54,93.03,325.67,0.8850,-1,-1,-1
487,65,234.89,40.53,116.75,391.29,0.8847,-1,-1,-1
487,74,385.03,90.47,115.09,323.53,0.8712,-1,-1,-1
487,67,38.51,0.76,228.62,479.48,0.8442,-1,-1,-1
488,68,475.93,87.80,96.85,330.58,0.8519,-1,-1,-1
488,65,235.24,38.61,113.69,386.10,0.8605,-1,-1,-1
488,74,383.11,92.56,114.45,325.49,0.8520,-1,-1,-1
488,67,39.51,0.94,231.45,479.35,0.8164,-1,-1,-1
489,68,467.76,88.40,101.22,334.11,0.8952,-1,-1,-1
489,65,235.19,36.72,109.98,379.93,0.8672,-1,-1,-1
489,74,382.58,94.48,114.45,329.25,0.7843,-1,-1,-1
489,67,34.71,0.66,235.00,479.62,0.6871,-1,-1,-1
490,68,467.38,90.80,104.01,332.81,0.8814,-1,-1,-1
490,65,237.97,36.70,100.90,355.59,0.6458,-1,-1,-1
490,74,379.48,96.50,113.88,329.41,0.8306,-1,-1,-1
490,67,25.75,0.84,238.95,479.42,0.6197,-1,-1,-1
491,68,465.80,93.56,103.77,326.87,0.8676,-1,-1,-1
491,65,241.51,39.92,92.51,331.82,0.8144,-1,-1,-1
491,74,374.92,98.17,115.04,333.65,0.8504,-1,-1,-1
491,67,21.05,0.48,242.64,478.28,0.8248,-1,-1,-1
492,68,464.19,91.39,101.71,320.79,0.8140,-1,-1,-1
492,65,244.54,40.29,84.37,305.12,0.8187,-1,-1,-1
492,74,372.96,96.53,113.02,329.76,0.8687,-1,-1,-1
492,67,16.64,0.26,245.52,477.37,0.7391,-1,-1,-1
493,68,465.69,89.72,102.81,325.17,0.8350,-1,-1,-1
493,65,245.10,41.23,80.00,288.53,0.8093,-1,-1,-1
493,74,371.57,94.50,109.73,322.82,0.8681,-1,-1,-1
493,67,14.33,0.45,248.37,477.03,0.7244,-1,-1,-1
494,68,463.10,90.72,103.38,330.21,0.7724,-1,-1,-1
494,65,240.07,41.72,88.62,321.33,0.8514,-1,-1,-1
494,74,369.12,95.12,108.90,322.92,0.8321,-1,-1,-1
494,67,13.38,0.28,251.94,478.36,0.7532,-1,-1,-1
495,68,459.04,89.82,104.22,335.48,0.8356,-1,-1,-1
495,65,234.55,33.69,95.09,343.40,0.8552,-1,-1,-1
495,74,364.46,92.69,110.62,327.82,0.8764,-1,-1,-1
495,67,10.07,0.24,254.17,478.76,0.3710,-1,-1,-1
496,68,458.97,90.56,104.22,337.65,0.8447,-1,-1,-1
496,65,233.16,29.89,98.10,351.48,0.8535,-1,-1,-1
496,74,363.21,93.37,111.85,332.11,0.8892,-1,-1,-1
496,67,8.61,0.13,256.55,479.60,0.4373,-1,-1,-1
497,68,461.49,90.21,104.96,340.46,0.8033,-1,-1,-1
497,65,233.11,27.93,98.80,350.40,0.8473,-1,-1,-1
497,74,364.57,93.87,112.38,336.80,0.8469,-1,-1,-1
497,67,7.67,0.24,257.75,478.55,0.4711,-1,-1,-1
498,68,462.58,89.63,103.22,337.93,0.7976,-1,-1,-1
498,65,231.16,26.52,100.13,353.93,0.8122,-1,-1,-1
498,74,368.44,94.04,110.79,337.94,0.8278,-1,-1,-1
498,67,6.98,0.23,259.84,479.39,0.6798,-1,-1,-1
498,75,343.04,139.20,54.07,203.56,0.6500,-1,-1,-1
499,68,466.85,85.88,100.56,330.03,0.7744,-1,-1,-1
499,65,233.24,24.88,94.18,330.16,0.8391,-1,-1,-1
499,74,371.35,90.57,108.38,334.91,0.8408,-1,-1,-1
499,67,7.72,0.06,262.04,479.88,0.6286,-1,-1,-1
499,75,344.01,141.08,53.27,199.97,0.5445,-1,-1,-1
500,68,465.57,84.70,99.05,329.66,0.7345,-1,-1,-1
500,65,233.72,27.31,92.15,323.73,0.8270,-1,-1,-1
500,74,376.32,89.84,105.60,327.62,0.8534,-1,-1,-1
500,67,8.33,0.12,263.24,478.35,0.5895,-1,-1,-1
500,75,344.20,137.58,54.95,206.16,0.6925,-1,-1,-1
501,68,462.88,83.08,100.70,334.60,0.7663,-1,-1,-1
501,65,236.14,28.86,90.59,321.37,0.7993,-1,-1,-1
501,74,381.74,89.08,105.83,328.78,0.7831,-1,-1,-1
501,67,11.13,0.10,264.73,475.90,0.7232,-1,-1,-1
501,75,348.26,136.49,55.63,209.43,0.6528,-1,-1,-1
502,68,466.63,84.01,105.70,341.75,0.6835,-1,-1,-1
502,65,237.98,29.20,88.50,318.38,0.6735,-1,-1,-1
502,74,386.72,89.12,107.89,335.03,0.7962,-1,-1,-1
502,67,15.13,0.06,268.74,478.51,0.7815,-1,-1,-1
502,75,352.24,134.89,57.39,214.52,0.6760,-1,-1,-1
503,68,472.76,82.57,107.95,341.99,0.8678,-1,-1,-1
503,74,390.78,88.12,109.19,338.58,0.8464,-1,-1,-1
503,67,22.95,0.60,272.00,478.91,0.5543,-1,-1,-1
504,68,478.12,79.06,109.65,343.67,0.8774,-1,-1,-1
504,74,392.46,85.94,109.46,339.33,0.8560,-1,-1,-1
504,67,20.47,0.55,276.32,479.33,0.6561,-1,-1,-1
505,68,482.95,77.87,108.55,338.22,0.8635,-1,-1,-1
505,74,392.22,85.39,107.87,336.55,0.8393,-1,-1,-1
505,67,27.66,1.20,280.26,478.83,0.5061,-1,-1,-1
506,68,486.71,74.97,107.66,333.87,0.8743,-1,-1,-1
506,74,389.67,82.13,103.99,325.80,0.8595,-1,-1,-1
506,67,32.40,1.49,281.92,474.72,0.5653,-1,-1,-1
506,75,351.93,128.96,57.88,217.47,0.6641,-1,-1,-1
507,68,486.92,75.88,109.07,337.17,0.8488,-1,-1,-1
507,74,386.91,82.66,102.54,322.52,0.8243,-1,-1,-1
507,67,43.65,0.81,284.68,476.87,0.6286,-1,-1,-1
507,75,345.00,130.27,58.53,217.26,0.6451,-1,-1,-1
508,68,487.17,76.90,110.03,339.84,0.8543,-1,-1,-1
508,74,382.09,82.54,104.32,326.33,0.8268,-1,-1,-1
508,67,58.12,0.50,283.05,474.08,0.6250,-1,-1,-1
508,75,344.64,128.75,58.27,214.48,0.7141,-1,-1,-1
509,68,485.75,75.84,110.39,342.90,0.8492,-1,-1,-1
509,74,375.85,80.64,106.91,329.66,0.8553,-1,-1,-1
509,67,68.69,0.74,281.52,472.48,0.6205,-1,-1,-1
509,75,345.65,124.88,58.21,213.49,0.6588,-1,-1,-1
510,68,488.76,78.86,109.82,341.38,0.8117,-1,-1,-1
510,74,373.91,83.16,109.17,334.49,0.8441,-1,-1,-1
510,67,81.44,0.43,281.49,474.31,0.3890,-1,-1,-1
510,75,349.30,126.82,57.38,211.45,0.5704,-1,-1,-1
511,68,490.31,78.20,109.21,342.73,0.7718,-1,-1,-1
511,74,377.78,83.48,109.04,336.47,0.8348,-1,-1,-1
511,67,79.33,1.05,274.96,475.63,0.3711,-1,-1,-1
511,75,357.08,126.68,56.74,213.39,0.3317,-1,-1,-1
511,76,6.38,65.65,115.03,279.29,0.6792,-1,-1,-1
512,68,495.81,80.38,105.60,334.61,0.7594,-1,-1,-1
512,74,382.41,85.12,108.52,337.70,0.8622,-1,-1,-1
512,67,109.38,1.29,275.43,477.21,0.5870,-1,-1,-1
512,76,22.00,66.45,117.87,285.98,0.7095,-1,-1,-1
513,68,498.66,82.73,103.35,332.44,0.8385,-1,-1,-1
513,74,393.78,89.06,103.60,326.55,0.8337,-1,-1,-1
513,67,142.02,1.30,273.06,473.10,0.6844,-1,-1,-1
513,76,47.99,70.54,129.74,317.11,0.8416,-1,-1,-1
514,68,499.12,80.96,103.00,334.34,0.8378,-1,-1,-1
514,74,402.57,88.36,99.20,319.02,0.8662,-1,-1,-1
514,67,157.75,1.16,272.41,471.36,0.5517,-1,-1,-1
514,76,63.66,69.82,133.42,329.82,0.8856,-1,-1,-1
514,77,4.29,115.98,81.67,237.90,0.8450,-1,-1,-1
515,68,492.61,84.23,105.05,337.63,0.8417,-1,-1,-1
515,74,423.45,92.20,72.92,232.12,0.8157,-1,-1,-1
515,67,180.16,0.76,272.54,471.99,0.7153,-1,-1,-1
515,76,80.67,73.93,133.61,332.95,0.8878,-1,-1,-1
515,77,-4.65,109.60,86.03,251.56,0.8529,-1,-1,-1
516,68,493.30,87.41,108.82,342.07,0.8219,-1,-1,-1
516,67,208.00,0.48,272.95,474.21,0.7072,-1,-1,-1
516,76,90.17,77.92,133.27,333.94,0.8785,-1,-1,-1
516,77,-13.37,104.12,90.36,266.77,0.8548,-1,-1,-1
517,68,501.75,89.07,110.85,342.93,0.8859,-1,-1,-1
517,67,236.75,0.61,271.91,471.93,0.7442,-1,-1,-1
517,76,93.69,84.55,130.24,328.94,0.8725,-1,-1,-1
517,77,-17.66,99.40,89.63,268.67,0.8607,-1,-1,-1
518,68,510.53,93.02,109.97,340.39,0.8425,-1,-1,-1
518,67,259.78,0.86,273.84,474.12,0.7534,-1,-1,-1
518,76,95.65,87.03,128.16,325.74,0.8743,-1,-1,-1
518,77,-22.90,93.78,89.68,275.42,0.7934,-1,-1,-1
518,65,191.67,29.10,103.34,362.97,0.8533,-1,-1,-1
519,67,282.66,0.77,277.43,476.52,0.7190,-1,-1,-1
519,76,103.30,83.67,121.92,313.68,0.8668,-1,-1,-1
519,65,185.30,27.01,111.99,389.07,0.8749,-1,-1,-1
520,67,301.89,0.61,280.67,477.49,0.8223,-1,-1,-1
520,76,112.31,79.22,119.00,312.83,0.8340,-1,-1,-1
520,65,183.87,23.19,123.89,425.77,0.8774,-1,-1,-1
521,67,333.39,0.58,282.86,475.53,0.8640,-1,-1,-1
521,76,112.96,81.33,117.33,310.57,0.8424,-1,-1,-1
521,65,186.66,19.03,130.79,437.72,0.8792,-1,-1,-1
522,67,352.19,0.62,282.76,473.90,0.7792,-1,-1,-1
522,76,112.82,86.29,117.09,311.66,0.8236,-1,-1,-1
522,65,192.12,18.50,135.42,443.62,0.8876,-1,-1,-1
523,67,363.12,0.70,283.09,475.44,0.8149,-1,-1,-1
523,76,110.84,89.75,116.51,311.37,0.7713,-1,-1,-1
523,65,194.84,16.66,139.17,451.13,0.8998,-1,-1,-1
524,67,371.60,0.92,281.57,475.80,0.8006,-1,-1,-1
524,76,110.20,86.21,115.58,309.14,0.8325,-1,-1,-1
524,65,195.51,13.08,142.83,460.77,0.8948,-1,-1,-1
525,67,380.38,0.43,279.78,478.49,0.8934,-1,-1,-1
525,76,115.20,85.03,112.54,300.84,0.8325,-1,-1,-1
525,65,201.64,14.84,144.66,465.31,0.8895,-1,-1,-1
526,67,389.32,0.65,275.81,479.10,0.8942,-1,-1,-1
526,76,128.65,80.56,108.02,291.36,0.8529,-1,-1,-1
526,65,208.73,15.28,146.14,467.10,0.8738,-1,-1,-1
527,67,397.35,0.22,271.22,479.83,0.8698,-1,-1,-1
527,76,136.15,76.95,106.61,292.70,0.8489,-1,-1,-1
527,65,209.78,13.64,148.43,469.36,0.8661,-1,-1,-1
528,67,409.03,0.06,264.86,480.09,0.9061,-1,-1,-1
528,76,147.04,85.28,103.98,292.95,0.8614,-1,-1,-1
528,65,211.15,18.99,149.65,463.88,0.8605,-1,-1,-1
528,75,386.74,97.81,81.31,315.98,0.6934,-1,-1,-1
529,67,419.66,0.32,256.69,477.72,0.8936,-1,-1,-1
529,76,152.62,94.21,100.93,290.25,0.8438,-1,-1,-1
529,65,213.64,24.08,150.33,457.82,0.8829,-1,-1,-1
529,78,127.10,163.71,46.17,145.22,0.7924,-1,-1,-1
529,75,386.20,102.33,83.04,318.06,0.8117,-1,-1,-1
530,67,432.05,0.34,248.71,478.06,0.9025,-1,-1,-1
530,76,155.23,99.84,98.73,287.02,0.8630,-1,-1,-1
530,65,220.24,26.29,149.01,446.34,0.8749,-1,-1,-1
530,78,120.97,161.41,47.86,150.57,0.7848,-1,-1,-1
530,75,388.37,106.70,85.14,319.87,0.7385,-1,-1,-1
531,67,440.89,0.27,241.00,478.78,0.8965,-1,-1,-1
531,76,155.69,103.01,98.16,286.94,0.8511,-1,-1,-1
531,65,223.72,27.78,151.04,448.75,0.8791,-1,-1,-1
531,78,114.90,159.84,49.91,156.59,0.8114,-1,-1,-1
531,75,389.83,109.97,87.72,323.76,0.8240,-1,-1,-1
532,67,449.81,0.77,232.55,478.33,0.8852,-1,-1,-1
532,76,161.18,102.31,94.46,278.68,0.8406,-1,-1,-1
532,65,224.65,27.59,151.73,452.30,0.8936,-1,-1,-1
532,78,102.26,158.61,52.60,163.58,0.7518,-1,-1,-1
532,75,385.52,106.45,89.38,324.34,0.8402,-1,-1,-1
533,67,453.70,0.55,225.47,478.56,0.8890,-1,-1,-1
533,76,164.41,96.80,92.15,277.42,0.7978,-1,-1,-1
533,65,219.29,24.14,152.37,456.90,0.8799,-1,-1,-1
533,78,87.17,154.92,55.19,168.84,0.7949,-1,-1,-1
533,75,379.71,100.42,88.96,317.12,0.8438,-1,-1,-1
534,67,458.19,1.35,218.20,477.42,0.8880,-1,-1,-1
534,76,154.02,91.54,92.63,280.33,0.7946,-1,-1,-1
534,65,206.52,23.47,151.65,457.14,0.8854,-1,-1,-1
534,78,65.24,148.36,58.85,178.88,0.7984,-1,-1,-1
534,75,367.79,96.15,89.77,316.43,0.7876,-1,-1,-1
534,74,440.84,87.71,87.54,300.95,0.7802,-1,-1,-1
535,67,464.06,1.87,210.74,475.58,0.8779,-1,-1,-1
535,76,143.02,90.49,95.24,289.31,0.5142,-1,-1,-1
535,65,195.35,23.33,151.76,457.72,0.8782,-1,-1,-1
535,78,47.72,140.67,62.65,189.47,0.7869,-1,-1,-1
535,75,353.04,95.26,92.46,319.08,0.7805,-1,-1,-1
535,74,440.48,88.29,87.74,316.78,0.8451,-1,-1,-1
536,67,469.81,0.99,204.65,477.04,0.8810,-1,-1,-1
536,65,192.44,19.54,151.33,458.04,0.8794,-1,-1,-1
536,78,34.49,133.34,66.49,199.38,0.7968,-1,-1,-1
536,75,339.92,95.71,96.55,323.17,0.8517,-1,-1,-1
536,74,441.20,88.39,86.40,317.72,0.8429,-1,-1,-1
537,67,476.45,5.40,196.59,473.21,0.8824,-1,-1,-1
537,65,191.80,9.30,151.22,458.10,0.8817,-1,-1,-1
537,78,18.27,121.83,70.85,209.71,0.8026,-1,-1,-1
537,75,331.12,93.18,100.93,329.56,0.8493,-1,-1,-1
537,74,441.43,85.63,86.51,318.55,0.8732,-1,-1,-1
538,67,481.79,2.87,191.27,476.35,0.8789,-1,-1,-1
538,65,194.71,4.00,150.93,455.81,0.8947,-1,-1,-1
538,78,8.47,117.12,75.35,221.32,0.8456,-1,-1,-1
538,75,330.00,91.23,102.90,334.03,0.8007,-1,-1,-1
538,74,440.27,85.19,89.98,331.43,0.8513,-1,-1,-1
539,67,493.62,2.34,182.89,475.04,0.8620,-1,-1,-1
539,65,198.36,1.83,154.40,464.23,0.8856,-1,-1,-1
539,78,0.28,112.57,80.25,234.48,0.8775,-1,-1,-1
539,75,333.09,88.35,101.81,331.33,0.8634,-1,-1,-1
539,74,446.89,83.92,89.34,326.62,0.8490,-1,-1,-1
539,79,124.43,140.81,39.50,145.57,0.7932,-1,-1,-1
539,76,154.56,118.26,59.87,180.29,0.6061,-1,-1,-1
540,67,504.72,5.35,172.68,468.71,0.8122,-1,-1,-1
540,65,202.54,0.67,157.57,472.97,0.8777,-1,-1,-1
540,78,-3.19,112.57,84.19,245.11,0.8681,-1,-1,-1
540,75,337.92,88.05,100.03,327.24,0.8686,-1,-1,-1
540,74,452.07,79.75,92.63,335.45,0.8351,-1,-1,-1
540,79,126.85,138.97,41.12,150.63,0.7812,-1,-1,-1
540,80,412.18,127.82,50.48,222.23,0.7292,-1,-1,-1
540,76,162.40,120.91,74.68,229.76,0.7546,-1,-1,-1
541,65,211.88,0.18,157.91,473.39,0.8654,-1,-1,-1
541,78,-8.42,108.54,88.61,260.75,0.8601,-1,-1,-1
541,75,343.95,84.41,101.23,334.51,0.8384,-1,-1,-1
541,74,460.27,75.29,96.85,343.10,0.7461,-1,-1,-1
541,79,127.14,139.41,42.92,155.04,0.8574,-1,-1,-1
541,80,418.79,126.13,52.61,232.01,0.6711,-1,-1,-1
541,76,174.44,124.28,75.43,240.31,0.7327,-1,-1,-1
541,68,542.66,26.05,117.17,402.75,0.7544,-1,-1,-1
542,65,222.91,1.00,157.61,473.66,0.8767,-1,-1,-1
542,78,-13.52,100.07,92.44,277.94,0.8438,-1,-1,-1
542,75,351.49,83.54,101.23,339.07,0.7930,-1,-1,-1
542,74,457.86,72.25,101.94,351.98,0.6215,-1,-1,-1
542,79,122.67,139.26,45.58,160.78,0.8664,-1,-1,-1
542,76,188.07,123.96,74.02,247.36,0.4877,-1,-1,-1
543,65,232.77,5.25,157.18,471.62,0.8474,-1,-1,-1
543,78,-15.79,92.69,94.80,291.82,0.8645,-1,-1,-1
543,75,357.92,87.81,100.60,342.55,0.6886,-1,-1,-1
543,74,451.07,74.28,106.32,360.05,0.8114,-1,-1,-1
543,79,118.31,142.14,47.51,162.55,0.8755,-1,-1,-1
543,76,197.38,124.44,72.64,254.07,0.5257,-1,-1,-1
544,65,240.96,3.74,158.52,475.56,0.8633,-1,-1,-1
544,78,-20.74,86.29,94.32,301.88,0.8031,-1,-1,-1
544,75,350.54,89.87,98.16,344.82,0.3404,-1,-1,-1
544,74,454.90,75.14,110.61,366.04,0.8223,-1,-1,-1
544,79,113.90,137.98,50.64,167.97,0.8782,-1,-1,-1
544,76,206.40,130.04,68.59,248.92,0.6382,-1,-1,-1
545,65,246.26,1.39,160.35,478.61,0.8553,-1,-1,-1
545,78,-17.55,100.85,88.06,289.16,0.7935,-1,-1,-1
545,74,461.02,74.50,113.84,370.96,0.8016,-1,-1,-1
545,79,113.72,135.39,53.22,171.20,0.8726,-1,-1,-1
545,76,197.21,143.34,52.10,184.34,0.7137,-1,-1,-1
546,65,256.18,0.38,161.86,479.08,0.8985,-1,-1,-1
546,78,-17.55,112.22,83.30,282.94,0.7622,-1,-1,-1
546,74,471.38,72.05,115.10,373.43,0.7836,-1,-1,-1
546,79,115.25,131.51,56.20,176.10,0.8602,-1,-1,-1
546,76,197.89,148.61,45.94,159.49,0.7579,-1,-1,-1
547,65,260.61,0.29,165.05,479.86,0.8883,-1,-1,-1
547,74,485.63,68.09,114.33,368.57,0.7380,-1,-1,-1
547,79,115.60,124.27,59.03,183.32,0.7894,-1,-1,-1
547,76,197.79,144.53,46.45,158.10,0.8171,-1,-1,-1
547,75,383.81,83.23,96.32,341.54,0.6853,-1,-1,-1
548,65,264.11,-0.23,166.66,474.79,0.8814,-1,-1,-1
548,74,500.17,65.30,116.35,374.86,0.7096,-1,-1,-1
548,79,117.22,121.42,60.68,188.03,0.8157,-1,-1,-1
548,76,200.85,140.80,48.81,161.76,0.8394,-1,-1,-1
548,75,393.35,82.71,96.03,346.64,0.5365,-1,-1,-1
548,80,470.46,116.82,56.41,253.20,0.6141,-1,-1,-1
549,65,266.37,-0.08,168.68,472.42,0.8594,-1,-1,-1
549,74,512.62,63.22,119.73,384.76,0.7685,-1,-1,-1
549,79,118.01,118.71,62.38,192.57,0.8225,-1,-1,-1
549,76,200.94,137.14,51.43,166.45,0.8261,-1,-1,-1
549,75,410.69,87.07,89.76,335.72,0.4070,-1,-1,-1
549,80,477.74,120.73,54.87,248.12,0.6846,-1,-1,-1
550,65,269.03,-0.19,172.29,477.44,0.7731,-1,-1,-1
550,74,521.28,53.18,122.04,396.36,0.8854,-1,-1,-1
550,79,112.32,108.37,65.35,200.29,0.7353,-1,-1,-1
550,76,200.67,123.82,54.22,173.00,0.8328,-1,-1,-1
550,75,404.53,71.67,94.20,358.36,0.3738,-1,-1,-1
550,80,485.69,114.24,55.28,249.05,0.7895,-1,-1,-1
551,65,270.59,-0.03,173.21,478.32,0.7981,-1,-1,-1
551,74,526.25,46.55,122.77,404.77,0.9019,-1,-1,-1
551,79,102.87,100.38,68.67,207.66,0.8372,-1,-1,-1
551,76,198.74,115.75,56.44,178.36,0.8254,-1,-1,-1
551,75,404.18,70.85,94.11,363.83,0.5840,-1,-1,-1
551,80,491.81,110.06,56.31,250.57,0.7482,-1,-1,-1
552,65,280.34,-0.22,173.31,465.59,0.7676,-1,-1,-1
552,74,530.60,47.81,121.56,408.28,0.8940,-1,-1,-1
552,79,89.57,100.53,72.48,215.92,0.8669,-1,-1,-1
552,76,191.32,114.44,60.89,188.05,0.8695,-1,-1,-1
552,75,415.36,67.89,73.81,285.80,0.6492,-1,-1,-1
552,80,495.81,113.40,56.40,249.92,0.8078,-1,-1,-1
553,65,273.66,4.73,178.29,470.10,0.8598,-1,-1,-1
553,74,534.41,50.07,119.60,410.36,0.8766,-1,-1,-1
553,79,78.49,99.25,75.99,224.76,0.8717,-1,-1,-1
553,76,182.26,115.97,64.31,193.27,0.8716,-1,-1,-1
553,75,414.96,67.71,66.66,256.04,0.6963,-1,-1,-1
553,80,498.91,116.15,56.79,249.72,0.8039,-1,-1,-1
554,65,260.20,1.84,181.70,476.50,0.8953,-1,-1,-1
554,74,539.29,50.54,115.59,405.97,0.8936,-1,-1,-1
554,79,68.61,96.65,78.92,233.50,0.8522,-1,-1,-1
554,76,176.32,116.10,68.18,201.05,0.8604,-1,-1,-1
554,75,423.95,102.48,56.88,220.72,0.3899,-1,-1,-1
554,80,504.49,117.95,57.10,248.81,0.7678,-1,-1,-1
555,65,261.78,0.85,182.89,478.80,0.9125,-1,-1,-1
555,74,545.21,47.25,111.17,401.71,0.8912,-1,-1,-1
555,79,59.92,91.62,80.42,241.07,0.8391,-1,-1,-1
555,76,171.81,111.73,71.69,210.61,0.8783,-1,-1,-1
555,75,413.09,111.90,61.30,237.08,0.6300,-1,-1,-1
555,80,511.41,114.25,57.83,248.13,0.7635,-1,-1,-1
556,65,259.40,1.17,183.97,478.95,0.9082,-1,-1,-1
556,74,549.88,46.99,107.65,401.43,0.8629,-1,-1,-1
556,79,49.61,89.52,82.17,247.52,0.8331,-1,-1,-1
556,76,167.71,110.86,74.19,217.90,0.8762,-1,-1,-1
556,75,414.03,115.77,63.47,245.08,0.6948,-1,-1,-1
556,80,515.70,114.98,59.19,248.95,0.7722,-1,-1,-1
557,65,263.03,2.83,183.96,477.39,0.9203,-1,-1,-1
557,74,547.88,55.93,104.07,393.41,0.8320,-1,-1,-1
557,79,31.26,89.56,85.93,257.01,0.8682,-1,-1,-1
557,76,159.85,110.37,77.66,228.41,0.8789,-1,-1,-1
557,75,420.13,120.80,70.36,270.03,0.7216,-1,-1,-1
557,80,520.63,124.83,58.91,245.35,0.8214,-1,-1,-1
558,65,264.43,2.89,183.93,476.01,0.9082,-1,-1,-1
558,74,546.66,58.87,100.73,383.38,0.8451,-1,-1,-1
558,79,12.75,84.53,90.31,266.60,0.8952,-1,-1,-1
558,76,154.07,107.26,79.98,235.43,0.8721,-1,-1,-1
558,75,424.43,119.30,75.48,284.37,0.8158,-1,-1,-1
558,80,524.24,128.81,57.19,236.16,0.8128,-1,-1,-1
559,65,270.18,1.54,183.59,474.72,0.9217,-1,-1,-1
559,74,550.46,52.70,97.12,374.80,0.8579,-1,-1,-1
559,79,3.03,79.85,92.81,272.97,0.9037,-1,-1,-1
559,76,151.45,98.70,83.00,243.32,0.8667,-1,-1,-1
559,75,435.25,108.92,84.02,307.97,0.8191,-1,-1,-1
559,80,532.30,120.89,59.65,245.78,0.7421,-1,-1,-1
560,65,271.80,0.45,184.54,477.30,0.9136,-1,-1,-1
560,74,558.25,46.70,94.63,377.22,0.8585,-1,-1,-1
560,79,-2.93,76.73,94.91,280.48,0.9214,-1,-1,-1
560,76,146.67,91.79,87.83,256.88,0.8781,-1,-1,-1
560,75,446.15,97.05,91.26,330.65,0.8006,-1,-1,-1
560,80,537.81,115.82,59.07,243.74,0.7395,-1,-1,-1
561,65,263.87,1.14,186.11,478.17,0.8990,-1,-1,-1
561,74,560.32,41.47,93.66,384.63,0.8866,-1,-1,-1
561,79,-9.81,69.79,95.11,287.25,0.8848,-1,-1,-1
561,76,132.52,82.05,93.76,274.00,0.8097,-1,-1,-1
561,75,451.24,79.32,98.99,355.60,0.6572,-1,-1,-1
561,80,540.47,112.21,57.83,245.35,0.5997,-1,-1,-1
562,65,255.43,0.87,187.89,478.31,0.8985,-1,-1,-1
562,74,559.15,36.34,93.62,393.93,0.9048,-1,-1,-1
562,79,-14.06,81.06,88.01,274.36,0.8560,-1,-1,-1
562,76,117.95,74.37,97.79,285.48,0.8753,-1,-1,-1
562,75,457.84,63.60,104.79,373.78,0.7988,-1,-1,-1
563,65,249.84,1.80,190.63,478.03,0.9243,-1,-1,-1
563,74,562.79,38.69,92.40,402.75,0.8313,-1,-1,-1
563,76,102.11,66.35,105.44,308.16,0.8177,-1,-1,-1
563,75,471.84,49.88,116.48,412.68,0.6245,-1,-1,-1
564,65,245.57,1.73,193.26,478.34,0.9036,-1,-1,-1
564,74,566.23,39.70,90.27,408.75,0.6636,-1,-1,-1
564,76,90.77,59.14,111.75,325.61,0.8687,-1,-1,-1
564,75,498.50,41.24,120.33,430.18,0.5517,-1,-1,-1
564,82,411.40,79.34,75.40,278.47,0.7098,-1,-1,-1
565,65,243.48,1.09,195.11,477.95,0.9221,-1,-1,-1
565,76,76.72,50.33,118.12,345.33,0.8584,-1,-1,-1
565,75,498.42,30.15,128.75,449.31,0.8272,-1,-1,-1
565,82,414.05,75.11,79.81,294.57,0.7920,-1,-1,-1
566,65,240.02,0.84,196.90,478.52,0.9175,-1,-1,-1
566,76,62.96,40.83,124.17,362.74,0.8917,-1,-1,-1
566,75,508.97,59.84,123.56,422.84,0.5172,-1,-1,-1
566,82,418.27,65.76,85.00,314.08,0.8403,-1,-1,-1
567,65,236.47,0.85,196.63,475.87,0.9194,-1,-1,-1
567,76,45.73,27.87,131.81,385.24,0.9007,-1,-1,-1
567,75,522.84,69.42,120.01,413.51,0.8255,-1,-1,-1
567,82,422.96,54.99,90.38,334.12,0.8584,-1,-1,-1
568,65,233.14,0.72,196.00,472.65,0.9187,-1,-1,-1
568,76,28.77,17.19,138.93,405.03,0.9122,-1,-1,-1
568,75,530.12,62.38,119.86,419.84,0.6951,-1,-1,-1
568,82,427.77,44.85,96.43,354.92,0.8648,-1,-1,-1
569,65,225.46,0.53,197.32,474.50,0.9236,-1,-1,-1
569,76,6.60,4.21,149.18,435.93,0.9100,-1,-1,-1
569,75,543.26,55.32,117.31,427.62,0.4805,-1,-1,-1
569,82,429.62,28.82,104.23,378.83,0.8649,-1,-1,-1
570,65,218.27,0.46,198.90,475.73,0.9178,-1,-1,-1
570,76,-3.12,-0.50,149.31,438.55,0.9159,-1,-1,-1
570,75,551.67,49.03,105.60,393.95,0.6262,-1,-1,-1
570,82,434.31,14.27,111.41,400.56,0.8622,-1,-1,-1
571,65,208.07,0.11,202.32,477.01,0.9079,-1,-1,-1
571,76,-12.47,-2.50,149.67,447.80,0.8978,-1,-1,-1
571,75,556.65,51.59,98.55,376.28,0.8798,-1,-1,-1
571,82,441.71,2.41,119.87,425.89,0.8686,-1,-1,-1
572,65,200.07,-0.02,205.50,476.76,0.9157,-1,-1,-1
572,76,-19.50,-2.35,148.64,457.03,0.8826,-1,-1,-1
572,75,565.17,57.57,85.80,332.56,0.7341,-1,-1,-1
572,82,449.62,-2.48,127.60,447.24,0.8796,-1,-1,-1
573,65,195.27,-0.03,209.68,478.25,0.9162,-1,-1,-1
573,76,-24.53,8.83,144.49,459.78,0.8323,-1,-1,-1
573,75,575.68,67.40,79.57,321.03,0.4259,-1,-1,-1
573,82,459.36,-3.79,138.18,473.73,0.8487,-1,-1,-1
574,65,196.19,-0.06,213.52,478.19,0.9135,-1,-1,-1
574,82,470.48,-4.47,144.44,484.88,0.9044,-1,-1,-1
575,65,201.33,-0.06,216.29,477.61,0.9049,-1,-1,-1
575,82,478.59,-4.12,147.77,487.72,0.9145,-1,-1,-1
576,65,207.68,-0.06,219.36,479.07,0.9184,-1,-1,-1
576,82,486.15,-3.60,149.16,488.62,0.9071,-1,-1,-1
577,65,213.68,-0.05,221.89,479.79,0.9225,-1,-1,-1
577,82,494.02,-2.97,148.52,486.82,0.8957,-1,-1,-1
578,65,220.13,0.12,223.63,479.88,0.9245,-1,-1,-1
578,82,505.61,-2.23,146.18,486.60,0.7291,-1,-1,-1
579,65,226.66,0.20,224.73,479.88,0.9072,-1,-1,-1
580,65,235.61,0.34,224.42,477.49,0.9166,-1,-1,-1
580,82,512.99,48.79,117.50,383.36,0.8443,-1,-1,-1
581,65,251.05,0.15,225.69,478.35,0.9243,-1,-1,-1
581,83,217.37,150.30,44.79,131.70,0.7864,-1,-1,-1
581,82,504.60,65.22,102.39,339.10,0.7142,-1,-1,-1
582,65,260.40,0.17,226.31,476.91,0.9218,-1,-1,-1
582,83,215.35,150.24,46.24,135.49,0.8260,-1,-1,-1
582,82,497.38,71.04,96.96,325.10,0.6026,-1,-1,-1
583,65,270.27,0.05,229.05,477.30,0.9171,-1,-1,-1
583,83,212.40,157.61,47.46,138.05,0.7320,-1,-1,-1
583,82,494.02,80.69,93.24,318.54,0.6863,-1,-1,-1
584,65,280.95,0.00,232.89,476.94,0.9155,-1,-1,-1
584,83,208.91,159.63,49.35,142.54,0.7192,-1,-1,-1
584,82,512.97,94.82,94.79,315.17,0.5038,-1,-1,-1
585,65,290.36,0.13,236.77,475.35,0.9072,-1,-1,-1
585,83,204.09,153.10,51.89,149.43,0.7361,-1,-1,-1
585,82,533.86,113.57,76.33,257.12,0.4531,-1,-1,-1
586,65,294.54,0.03,239.93,473.70,0.9011,-1,-1,-1
586,83,199.87,147.22,55.29,158.75,0.8082,-1,-1,-1
586,82,533.62,121.75,74.73,254.01,0.7515,-1,-1,-1
587,65,291.39,0.01,241.26,472.23,0.9127,-1,-1,-1
587,83,192.54,144.08,56.59,161.60,0.8180,-1,-1,-1
587,82,525.33,121.72,73.15,250.46,0.6560,-1,-1,-1
588,65,283.66,-0.01,244.41,477.21,0.9158,-1,-1,-1
588,83,183.87,145.05,57.86,164.83,0.8345,-1,-1,-1
588,82,518.44,125.79,71.84,246.58,0.7257,-1,-1,-1
588,86,-2.44,0.00,110.51,477.95,0.6465,-1,-1,-1
589,65,262.03,-0.01,246.00,478.90,0.9051,-1,-1,-1
589,83,164.23,143.98,60.42,171.32,0.7229,-1,-1,-1
589,82,493.19,130.09,72.49,241.04,0.6394,-1,-1,-1
589,86,-5.27,0.68,109.95,476.66,0.6293,-1,-1,-1
590,65,246.11,-0.01,246.85,478.46,0.8834,-1,-1,-1
590,83,148.97,141.26,63.09,177.57,0.8216,-1,-1,-1
590,82,475.92,129.17,74.61,240.67,0.7959,-1,-1,-1
590,86,-4.36,1.80,108.35,470.87,0.3432,-1,-1,-1
591,65,222.95,-0.00,249.13,479.12,0.8733,-1,-1,-1
591,83,130.83,140.27,65.11,182.94,0.8122,-1,-1,-1
591,82,459.60,126.63,75.83,240.02,0.6489,-1,-1,-1
591,86,1.58,0.60,108.52,470.46,0.6629,-1,-1,-1
592,65,201.84,-0.01,250.13,478.68,0.8745,-1,-1,-1
592,83,112.02,142.17,68.98,193.13,0.8585,-1,-1,-1
592,82,427.80,127.61,81.89,251.75,0.7559,-1,-1,-1
592,86,-3.70,1.09,91.80,400.81,0.7696,-1,-1,-1
593,65,195.40,-0.01,250.70,479.40,0.8939,-1,-1,-1
593,83,91.39,134.99,73.44,205.15,0.8117,-1,-1,-1
593,86,-0.68,9.98,102.36,446.83,0.4038,-1,-1,-1
594,65,190.76,0.29,250.11,478.97,0.8991,-1,-1,-1
594,83,75.89,127.31,76.46,213.45,0.8333,-1,-1,-1
594,86,-2.12,23.54,102.12,447.55,0.5638,-1,-1,-1
595,65,188.24,0.32,249.48,479.49,0.9078,-1,-1,-1
595,83,54.04,120.82,81.98,226.46,0.7864,-1,-1,-1
596,65,184.82,0.29,248.15,479.72,0.9078,-1,-1,-1
596,83,39.42,113.24,86.01,236.34,0.8217,-1,-1,-1
597,65,184.50,0.11,245.31,478.90,0.9004,-1,-1,-1
597,83,26.99,107.06,89.07,245.19,0.7980,-1,-1,-1
598,65,186.27,0.04,242.50,478.35,0.9108,-1,-1,-1
598,83,13.61,105.23,91.09,252.10,0.7668,-1,-1,-1
598,87,164.35,154.15,42.76,149.18,0.7754,-1,-1,-1
599,65,188.52,0.01,240.54,477.53,0.9032,-1,-1,-1
599,83,-1.96,101.28,97.95,273.42,0.8245,-1,-1,-1
599,87,159.36,152.62,43.63,151.07,0.8051,-1,-1,-1
600,65,193.92,0.66,239.35,475.91,0.9121,-1,-1,-1
600,83,-12.64,96.76,96.81,277.40,0.8680,-1,-1,-1
600,87,153.74,153.09,46.04,157.99,0.8116,-1,-1,-1
600,88,596.20,153.20,45.90,196.18,0.6039,-1,-1,-1
601,65,194.27,0.64,240.31,478.05,0.9209,-1,-1,-1
601,87,148.01,153.07,48.05,163.07,0.8204,-1,-1,-1
601,88,592.66,138.03,50.43,216.12,0.5683,-1,-1,-1
602,65,192.80,0.23,241.51,479.34,0.9112,-1,-1,-1
602,87,143.84,151.34,49.71,167.32,0.8201,-1,-1,-1
602,88,588.17,119.78,55.39,238.31,0.5306,-1,-1,-1
603,65,190.72,0.20,241.41,479.71,0.9084,-1,-1,-1
603,87,138.03,151.78,51.92,172.69,0.8622,-1,-1,-1
603,88,585.18,109.57,58.57,253.28,0.5837,-1,-1,-1
604,65,188.59,0.07,240.59,479.96,0.9057,-1,-1,-1
604,87,136.18,148.77,54.48,178.29,0.8127,-1,-1,-1
604,88,573.65,103.92,76.54,335.98,0.4698,-1,-1,-1
604,86,1.07,218.74,50.03,217.87,0.6247,-1,-1,-1
605,65,187.50,0.02,238.23,479.59,0.9085,-1,-1,-1
605,87,133.68,145.20,56.72,183.10,0.8074,-1,-1,-1
605,86,6.88,218.98,48.46,201.29,0.4953,-1,-1,-1
606,65,187.92,-0.00,235.28,478.86,0.9110,-1,-1,-1
606,87,130.62,141.16,58.42,185.70,0.8113,-1,-1,-1
607,65,186.44,0.74,233.00,478.87,0.9039,-1,-1,-1
607,87,124.19,135.11,62.13,193.73,0.8302,-1,-1,-1
608,65,185.12,0.27,231.63,479.63,0.9086,-1,-1,-1
608,87,112.30,131.92,66.74,201.60,0.8437,-1,-1,-1
609,65,190.94,0.28,230.77,479.73,0.9003,-1,-1,-1
609,87,105.19,126.58,71.72,210.77,0.8684,-1,-1,-1
610,65,199.71,0.10,230.00,479.95,0.7993,-1,-1,-1
610,87,98.86,123.35,75.48,219.59,0.8499,-1,-1,-1
611,65,211.75,0.03,228.33,480.02,0.8659,-1,-1,-1
611,87,94.05,123.10,78.30,226.85,0.8527,-1,-1,-1
612,65,222.52,0.00,227.77,480.05,0.8847,-1,-1,-1
612,87,83.13,117.42,82.13,237.21,0.8632,-1,-1,-1
613,65,228.63,-0.01,228.10,480.05,0.8775,-1,-1,-1
613,87,68.12,110.27,85.99,244.21,0.8604,-1,-1,-1
613,90,156.36,163.34,38.76,124.43,0.7298,-1,-1,-1
614,65,241.85,-0.01,227.57,478.71,0.8816,-1,-1,-1
614,87,52.89,101.83,91.91,261.33,0.8848,-1,-1,-1
614,90,146.29,159.33,40.50,129.53,0.7537,-1,-1,-1
614,91,-0.73,27.98,76.38,307.45,0.7064,-1,-1,-1
614,82,176.10,106.43,86.29,260.78,0.8665,-1,-1,-1
615,65,253.24,0.04,226.63,478.22,0.8894,-1,-1,-1
615,87,45.29,96.25,94.91,272.17,0.8384,-1,-1,-1
615,90,140.03,157.28,41.72,132.67,0.7917,-1,-1,-1
615,91,-9.22,22.60,91.14,368.69,0.7938,-1,-1,-1
615,82,174.63,106.07,86.56,263.87,0.8633,-1,-1,-1
616,65,266.97,0.01,226.72,479.36,0.8924,-1,-1,-1
616,87,41.81,90.51,93.03,271.42,0.7537,-1,-1,-1
616,90,133.80,152.71,43.77,138.05,0.8220,-1,-1,-1
616,91,-14.32,11.07,105.64,430.85,0.6317,-1,-1,-1
616,82,176.33,106.64,86.21,268.07,0.8400,-1,-1,-1
617,65,275.88,-0.00,226.63,479.35,0.8881,-1,-1,-1
617,87,42.91,80.25,79.42,230.09,0.6213,-1,-1,-1
617,90,130.30,146.27,45.69,142.61,0.7973,-1,-1,-1
617,91,-14.09,3.07,112.22,461.58,0.4682,-1,-1,-1
617,82,176.48,103.14,85.72,270.16,0.8541,-1,-1,-1
618,65,278.39,-0.00,226.82,479.11,0.8937,-1,-1,-1
618,90,119.49,140.10,48.65,148.83,0.7921,-1,-1,-1
618,91,-13.59,-1.06,117.00,485.93,0.8149,-1,-1,-1
618,82,172.34,99.01,84.80,272.03,0.8549,-1,-1,-1
618,92,252.70,97.72,71.87,243.83,0.7249,-1,-1,-1
619,65,277.42,-0.01,227.43,479.70,0.9010,-1,-1,-1
619,90,107.19,136.71,49.89,151.92,0.8066,-1,-1,-1
619,91,-11.01,-2.28,117.69,492.89,0.8445,-1,-1,-1
619,82,166.22,96.90,82.95,269.66,0.8632,-1,-1,-1
619,92,250.93,94.59,75.43,257.13,0.7926,-1,-1,-1
620,65,276.14,-0.01,227.48,479.92,0.8565,-1,-1,-1
620,90,98.28,135.02,52.23,157.12,0.8081,-1,-1,-1
620,91,-7.15,-1.61,116.82,491.64,0.8455,-1,-1,-1
620,82,162.80,95.02,80.49,265.16,0.8336,-1,-1,-1
620,92,250.81,92.19,77.60,265.86,0.8104,-1,-1,-1
621,65,281.84,0.19,224.29,478.27,0.8909,-1,-1,-1
621,90,94.94,137.81,54.38,161.64,0.7955,-1,-1,-1
621,91,-5.86,-0.38,116.14,491.62,0.8804,-1,-1,-1
621,82,163.29,100.85,79.35,265.14,0.7976,-1,-1,-1
621,92,253.27,98.98,77.10,265.45,0.8151,-1,-1,-1
621,93,235.84,132.65,42.12,175.84,0.7010,-1,-1,-1
622,65,291.77,0.39,221.15,479.06,0.9047,-1,-1,-1
622,90,93.50,140.73,55.41,163.22,0.8021,-1,-1,-1
622,91,-1.14,-1.40,116.57,492.19,0.8905,-1,-1,-1
622,82,166.63,108.57,78.57,265.97,0.8545,-1,-1,-1
622,92,256.06,108.35,77.20,268.48,0.8253,-1,-1,-1
622,93,238.81,141.67,40.61,170.04,0.6811,-1,-1,-1
623,65,295.64,0.56,217.88,479.26,0.9139,-1,-1,-1
623,90,93.18,141.34,52.06,152.22,0.7316,-1,-1,-1
623,91,2.38,0.27,116.40,488.47,0.8239,-1,-1,-1
623,82,166.77,115.33,78.13,266.90,0.8562,-1,-1,-1
623,92,256.60,116.43,76.15,267.64,0.8259,-1,-1,-1
623,93,237.70,150.77,39.32,165.56,0.7129,-1,-1,-1
624,65,295.31,0.21,214.74,478.93,0.9197,-1,-1,-1
624,90,87.50,126.63,50.84,148.60,0.4267,-1,-1,-1
624,91,1.90,-0.40,116.72,488.63,0.6564,-1,-1,-1
624,82,165.50,120.55,77.96,266.49,0.8213,-1,-1,-1
624,92,256.05,119.90,75.30,265.97,0.8273,-1,-1,-1
624,93,235.75,155.98,38.75,164.61,0.5107,-1,-1,-1
625,65,296.42,0.07,212.39,479.43,0.9171,-1,-1,-1
625,91,-1.83,47.45,104.08,438.97,0.6965,-1,-1,-1
625,82,165.08,118.64,78.85,267.50,0.7985,-1,-1,-1
625,92,252.55,118.59,73.47,257.68,0.8592,-1,-1,-1
626,65,301.33,0.02,210.96,479.20,0.9133,-1,-1,-1
626,91,-1.06,67.03,98.81,417.42,0.6167,-1,-1,-1
626,82,164.40,115.73,80.85,266.92,0.8228,-1,-1,-1
626,92,252.86,113.87,72.78,254.54,0.8529,-1,-1,-1
627,65,309.57,0.00,211.02,478.92,0.9044,-1,-1,-1
627,91,8.80,23.61,111.58,460.96,0.6251,-1,-1,-1
627,82,171.95,109.53,79.31,261.46,0.7839,-1,-1,-1
627,92,254.17,108.69,73.08,256.62,0.8542,-1,-1,-1
628,65,322.22,-0.00,212.90,479.17,0.9194,-1,-1,-1
628,91,14.30,8.71,118.44,475.98,0.6092,-1,-1,-1
628,82,175.71,102.54,79.54,261.25,0.8363,-1,-1,-1
628,92,257.15,105.16,73.77,258.87,0.8704,-1,-1,-1
629,65,340.58,-0.01,216.41,478.06,0.8932,-1,-1,-1
629,91,18.99,3.20,123.81,481.03,0.6210,-1,-1,-1
629,82,183.44,105.35,79.86,262.10,0.8099,-1,-1,-1
629,92,265.13,109.97,73.76,258.12,0.8297,-1,-1,-1
630,65,358.86,-0.01,221.87,479.30,0.8930,-1,-1,-1
630,91,23.34,0.90,129.19,482.19,0.8124,-1,-1,-1
630,82,190.72,110.95,80.81,261.81,0.7738,-1,-1,-1
630,92,273.41,113.11,73.70,257.71,0.8099,-1,-1,-1
630,94,162.21,133.04,49.92,182.05,0.7467,-1,-1,-1
631,65,373.28,-0.01,225.64,476.84,0.8939,-1,-1,-1
631,91,28.31,-0.55,135.19,481.92,0.8903,-1,-1,-1
631,82,205.23,114.50,79.78,261.88,0.8263,-1,-1,-1
631,92,284.14,114.12,73.33,255.17,0.8256,-1,-1,-1
631,94,167.86,130.64,52.30,190.33,0.7460,-1,-1,-1
632,65,382.29,-0.01,229.34,477.27,0.9166,-1,-1,-1
632,91,29.68,-0.68,141.09,482.51,0.8934,-1,-1,-1
632,82,213.84,117.58,78.03,260.91,0.8479,-1,-1,-1
632,92,291.25,116.12,71.61,247.35,0.8495,-1,-1,-1
632,94,179.66,131.46,40.61,145.90,0.4527,-1,-1,-1
633,65,393.96,-0.01,232.47,479.02,0.9046,-1,-1,-1
633,91,39.50,-0.85,145.68,483.03,0.8634,-1,-1,-1
633,82,222.28,117.45,75.23,255.76,0.8410,-1,-1,-1
633,92,298.38,115.47,71.67,246.86,0.8505,-1,-1,-1
633,87,-16.44,91.33,79.49,254.15,0.6204,-1,-1,-1
634,65,404.10,-0.00,232.40,477.69,0.9106,-1,-1,-1
634,91,44.07,-1.10,147.90,483.25,0.7757,-1,-1,-1
634,82,229.60,114.05,73.73,253.66,0.8294,-1,-1,-1
634,92,305.72,114.45,71.81,247.62,0.8355,-1,-1,-1
634,87,-17.33,74.18,85.43,295.37,0.7632,-1,-1,-1
635,65,412.98,-0.00,231.99,479.18,0.9113,-1,-1,-1
635,91,55.69,-0.71,152.50,482.70,0.8729,-1,-1,-1
635,82,237.03,114.20,71.96,250.44,0.8128,-1,-1,-1
635,92,314.08,116.08,71.87,247.78,0.8468,-1,-1,-1
636,65,416.65,-0.00,231.02,479.11,0.9128,-1,-1,-1
636,91,61.02,0.06,157.33,481.02,0.8501,-1,-1,-1
636,82,236.92,116.22,71.09,247.77,0.7757,-1,-1,-1
636,92,316.31,116.19,71.24,245.52,0.8229,-1,-1,-1
637,65,418.50,0.59,230.02,479.12,0.9243,-1,-1,-1
637,91,66.38,-0.26,161.24,481.57,0.8326,-1,-1,-1
637,82,240.55,118.21,68.76,242.47,0.7584,-1,-1,-1
637,92,316.47,116.13,70.08,241.56,0.8094,-1,-1,-1
638,65,418.44,0.90,229.22,479.02,0.9152,-1,-1,-1
638,91,73.79,-0.58,164.17,481.88,0.8364,-1,-1,-1
638,82,245.17,118.13,65.48,232.96,0.8277,-1,-1,-1
638,92,316.11,114.80,68.51,235.28,0.8096,-1,-1,-1
639,65,413.43,0.76,229.63,478.58,0.8978,-1,-1,-1
639,91,75.87,-0.16,165.76,481.36,0.7916,-1,-1,-1
639,82,246.31,115.65,64.30,231.41,0.8172,-1,-1,-1
639,92,314.17,112.95,69.06,235.83,0.8497,-1,-1,-1
640,65,411.11,0.93,230.27,478.86,0.8852,-1,-1,-1
640,91,57.39,0.22,171.22,480.86,0.8316,-1,-1,-1
640,82,243.72,113.88,64.48,233.71,0.8113,-1,-1,-1
640,92,310.10,113.31,70.11,236.76,0.8379,-1,-1,-1
641,65,413.68,0.52,229.56,478.31,0.9248,-1,-1,-1
641,91,49.62,0.15,175.74,480.49,0.8211,-1,-1,-1
641,82,239.36,117.13,64.67,235.75,0.7443,-1,-1,-1
641,92,303.91,116.77,70.43,236.23,0.8269,-1,-1,-1
641,87,6.73,62.92,103.78,343.36,0.7208,-1,-1,-1
642,65,410.68,0.40,230.14,479.20,0.9188,-1,-1,-1
642,91,43.94,-0.23,179.54,479.22,0.8589,-1,-1,-1
642,82,237.01,120.91,64.74,237.95,0.7456,-1,-1,-1
642,92,299.67,119.67,70.61,235.03,0.8351,-1,-1,-1
642,87,6.56,52.06,100.35,338.30,0.5938,-1,-1,-1
643,65,407.39,0.35,230.40,478.95,0.9265,-1,-1,-1
643,91,44.29,1.56,181.60,478.49,0.7258,-1,-1,-1
643,82,234.65,122.41,64.21,237.19,0.7145,-1,-1,-1
643,92,297.54,120.24,70.59,233.67,0.8122,-1,-1,-1
643,87,-5.39,36.74,103.66,365.05,0.7639,-1,-1,-1
644,65,404.51,0.35,230.60,477.79,0.9290,-1,-1,-1
644,91,36.57,4.73,183.39,475.14,0.9028,-1,-1,-1
644,82,225.38,125.76,64.43,235.23,0.6474,-1,-1,-1
644,92,295.84,122.42,69.43,228.86,0.8343,-1,-1,-1
644,87,-6.38,34.67,80.91,295.34,0.6053,-1,-1,-1
645,65,402.64,0.22,231.73,477.21,0.9310,-1,-1,-1
645,91,39.83,1.79,184.35,478.50,0.8686,-1,-1,-1
645,82,221.83,126.16,62.64,230.35,0.7903,-1,-1,-1
645,92,290.85,121.06,69.77,230.23,0.8562,-1,-1,-1
646,65,399.90,0.14,232.85,475.60,0.9145,-1,-1,-1
646,91,48.81,0.47,182.45,479.95,0.8939,-1,-1,-1
646,82,220.53,125.36,58.33,215.17,0.7904,-1,-1,-1
646,92,285.42,122.04,69.40,230.19,0.7914,-1,-1,-1
647,65,397.56,0.40,234.70,475.69,0.9191,-1,-1,-1
647,91,53.83,-0.02,180.04,480.22,0.8976,-1,-1,-1
647,82,219.43,125.83,53.73,198.10,0.8153,-1,-1,-1
647,92,280.99,124.63,69.06,230.05,0.7967,-1,-1,-1
648,65,397.01,0.45,236.05,475.39,0.9144,-1,-1,-1
648,91,56.19,0.11,177.71,480.20,0.9028,-1,-1,-1
648,82,217.69,129.19,52.50,194.20,0.7353,-1,-1,-1
648,92,279.09,128.24,68.34,228.55,0.7823,-1,-1,-1
648,95,255.52,151.16,32.83,152.98,0.6552,-1,-1,-1
649,65,396.12,0.59,237.92,476.72,0.9203,-1,-1,-1
649,91,56.01,1.75,175.28,478.58,0.8980,-1,-1,-1
649,82,216.13,135.70,53.82,200.30,0.7172,-1,-1,-1
649,92,277.88,131.53,67.75,227.12,0.7799,-1,-1,-1
649,95,255.54,154.37,32.16,149.82,0.6807,-1,-1,-1
650,65,395.53,0.40,239.04,476.75,0.9206,-1,-1,-1
650,91,54.86,4.78,173.00,475.53,0.8956,-1,-1,-1
650,82,215.07,138.31,54.25,202.22,0.8070,-1,-1,-1
650,92,276.35,131.33,66.92,223.04,0.7991,-1,-1,-1
651,65,394.14,0.14,240.97,478.64,0.8969,-1,-1,-1
651,91,43.19,1.66,173.98,478.41,0.8885,-1,-1,-1
651,82,208.22,129.84,56.97,213.41,0.7679,-1,-1,-1
651,92,267.42,125.35,67.11,220.28,0.8029,-1,-1,-1
652,65,395.04,0.04,240.87,476.92,0.9023,-1,-1,-1
652,91,39.69,1.38,173.60,477.63,0.8966,-1,-1,-1
652,82,204.90,129.04,58.15,217.98,0.8175,-1,-1,-1
652,92,262.67,126.67,67.95,220.64,0.8354,-1,-1,-1
653,65,395.63,0.43,241.76,478.31,0.8966,-1,-1,-1
653,91,39.70,3.82,173.07,475.93,0.8762,-1,-1,-1
653,82,203.41,133.47,58.58,220.08,0.8145,-1,-1,-1
653,92,260.52,132.50,68.60,221.93,0.8489,-1,-1,-1
654,65,395.50,0.21,242.27,478.80,0.9116,-1,-1,-1
654,91,36.58,1.32,174.61,478.71,0.8887,-1,-1,-1
654,82,201.27,133.19,58.61,220.63,0.7886,-1,-1,-1
654,92,259.64,131.62,68.80,222.41,0.8315,-1,-1,-1
655,65,393.82,0.07,242.58,479.12,0.9175,-1,-1,-1
655,91,31.14,0.37,177.01,479.74,0.8750,-1,-1,-1
655,82,197.77,134.41,59.47,220.42,0.8414,-1,-1,-1
655,92,261.40,131.87,68.79,222.42,0.8482,-1,-1,-1
656,65,391.53,0.05,243.30,479.72,0.8977,-1,-1,-1
656,91,25.92,0.48,180.00,479.66,0.8913,-1,-1,-1
656,82,200.06,134.55,59.08,220.27,0.7752,-1,-1,-1
656,92,263.82,130.86,68.00,220.37,0.8448,-1,-1,-1
657,65,385.42,0.36,244.79,478.31,0.8913,-1,-1,-1
657,91,27.09,3.72,180.95,474.44,0.9124,-1,-1,-1
657,82,206.24,128.38,57.02,214.23,0.7780,-1,-1,-1
657,92,269.73,124.23,66.87,215.65,0.8607,-1,-1,-1
658,65,385.30,0.63,245.37,477.44,0.8927,-1,-1,-1
658,91,33.55,7.65,180.80,469.53,0.8965,-1,-1,-1
658,82,212.84,126.38,55.46,209.57,0.8042,-1,-1,-1
658,92,274.48,120.86,66.57,213.89,0.8461,-1,-1,-1
659,65,383.34,0.40,245.42,478.83,0.9049,-1,-1,-1
659,91,47.31,8.65,179.55,470.37,0.9092,-1,-1,-1
659,82,217.95,127.19,53.60,200.91,0.7765,-1,-1,-1
659,92,279.24,120.13,66.90,214.58,0.8334,-1,-1,-1
660,65,384.59,0.27,244.65,479.12,0.8985,-1,-1,-1
660,91,59.02,9.73,174.81,466.81,0.8865,-1,-1,-1
660,82,215.11,132.92,52.74,194.32,0.7545,-1,-1,-1
660,92,277.79,126.84,66.72,213.30,0.8413,-1,-1,-1
661,65,387.82,0.16,243.25,477.07,0.9184,-1,-1,-1
661,91,66.84,6.26,172.91,471.41,0.8859,-1,-1,-1
661,82,213.73,136.45,52.85,191.35,0.6222,-1,-1,-1
661,92,277.14,130.27,65.88,209.39,0.8185,-1,-1,-1
662,65,389.83,0.05,244.52,478.33,0.8988,-1,-1,-1
662,91,71.39,3.97,170.76,475.23,0.8764,-1,-1,-1
662,82,219.58,138.23,48.07,170.27,0.4958,-1,-1,-1
662,92,275.12,131.25,66.51,211.52,0.8510,-1,-1,-1
663,65,392.10,0.17,244.03,476.29,0.8743,-1,-1,-1
663,91,77.18,4.39,168.38,475.27,0.8680,-1,-1,-1
663,82,225.27,137.77,46.00,160.69,0.5902,-1,-1,-1
663,92,275.43,131.15,65.39,207.25,0.8586,-1,-1,-1
663,96,40.29,130.21,60.64,210.84,0.7919,-1,-1,-1
664,65,393.39,0.29,243.93,475.32,0.9131,-1,-1,-1
664,91,82.01,7.75,158.28,451.02,0.8857,-1,-1,-1
664,82,226.93,136.44,45.54,156.80,0.6913,-1,-1,-1
664,92,275.71,131.26,64.95,204.69,0.8644,-1,-1,-1
664,96,25.31,126.00,63.26,217.47,0.7869,-1,-1,-1
665,65,397.05,0.16,244.62,478.26,0.9056,-1,-1,-1
665,91,83.80,13.08,158.84,459.32,0.8705,-1,-1,-1
665,82,228.12,133.72,46.76,159.50,0.8041,-1,-1,-1
665,92,278.07,130.20,65.05,203.47,0.8241,-1,-1,-1
665,96,15.44,115.61,67.36,229.89,0.8364,-1,-1,-1
666,65,403.85,0.45,242.61,477.99,0.8781,-1,-1,-1
666,91,86.79,13.73,157.75,462.45,0.8391,-1,-1,-1
666,82,229.11,132.23,47.74,161.57,0.8193,-1,-1,-1
666,92,278.65,128.01,65.75,205.37,0.8209,-1,-1,-1
666,96,8.59,107.11,70.52,238.98,0.8896,-1,-1,-1
667,65,413.22,0.53,239.49,478.49,0.8947,-1,-1,-1
667,91,88.77,12.72,156.45,465.81,0.8721,-1,-1,-1
667,82,232.64,132.87,46.98,159.57,0.7241,-1,-1,-1
667,92,279.71,127.95,66.08,206.11,0.8010,-1,-1,-1
667,96,3.28,98.31,73.90,249.10,0.8918,-1,-1,-1
668,65,423.82,0.72,235.02,478.99,0.9091,-1,-1,-1
668,91,97.39,12.17,154.70,467.23,0.8669,-1,-1,-1
668,82,235.50,135.44,48.22,163.63,0.7602,-1,-1,-1
668,92,283.13,130.14,65.73,204.65,0.8484,-1,-1,-1
668,96,-1.37,94.84,76.67,258.65,0.8746,-1,-1,-1
668,97,71.56,95.67,50.18,255.45,0.7957,-1,-1,-1
669,65,432.18,0.77,230.03,479.17,0.9209,-1,-1,-1
669,91,96.42,7.09,152.00,457.89,0.8750,-1,-1,-1
669,82,237.31,132.68,47.70,158.88,0.5285,-1,-1,-1
669,92,287.24,126.85,64.16,199.20,0.8841,-1,-1,-1
669,96,-6.80,89.32,77.84,265.40,0.8560,-1,-1,-1
669,97,65.87,90.78,52.35,265.70,0.7843,-1,-1,-1
670,65,438.08,1.01,225.01,479.03,0.9158,-1,-1,-1
670,91,94.52,6.96,153.40,458.46,0.8684,-1,-1,-1
670,82,235.80,130.10,53.94,179.83,0.7521,-1,-1,-1
670,92,289.94,124.79,63.94,198.15,0.8689,-1,-1,-1
670,96,-11.75,89.41,77.17,268.62,0.8521,-1,-1,-1
670,97,58.21,84.95,56.18,282.96,0.6817,-1,-1,-1
670,98,394.56,102.96,97.44,264.57,0.8375,-1,-1,-1
671,65,442.98,1.29,219.71,477.79,0.9126,-1,-1,-1
671,91,89.39,15.29,155.18,455.35,0.8384,-1,-1,-1
671,82,238.67,134.20,55.34,187.91,0.7359,-1,-1,-1
671,92,291.34,129.26,64.18,198.20,0.8549,-1,-1,-1
671,96,-13.80,108.02,72.19,257.82,0.8169,-1,-1,-1
671,97,49.65,84.09,60.99,303.12,0.7928,-1,-1,-1
671,98,391.56,111.38,98.09,266.51,0.7815,-1,-1,-1
672,65,446.57,1.23,215.32,478.02,0.8930,-1,-1,-1
672,91,98.79,32.34,151.65,443.73,0.7667,-1,-1,-1
672,82,243.08,143.79,53.56,186.42,0.7239,-1,-1,-1
672,92,291.51,138.24,64.59,199.81,0.8583,-1,-1,-1
672,96,-20.56,121.84,69.53,260.73,0.6564,-1,-1,-1
672,97,38.35,83.24,66.87,325.22,0.8464,-1,-1,-1
672,98,392.10,124.20,99.06,270.29,0.8368,-1,-1,-1
673,65,446.26,0.44,212.38,479.32,0.8639,-1,-1,-1
673,91,104.99,32.06,151.51,446.62,0.8710,-1,-1,-1
673,82,248.13,142.06,51.39,182.08,0.7724,-1,-1,-1
673,92,294.13,136.03,64.06,198.44,0.8404,-1,-1,-1
673,97,24.77,66.09,73.84,347.90,0.8679,-1,-1,-1
673,98,396.45,116.60,100.17,274.52,0.8543,-1,-1,-1
674,65,447.55,1.07,208.98,478.89,0.8838,-1,-1,-1
674,91,94.60,27.35,153.86,452.42,0.7765,-1,-1,-1
674,82,247.81,137.66,51.09,182.85,0.7834,-1,-1,-1
674,92,292.28,130.71,63.33,197.58,0.8566,-1,-1,-1
674,97,15.87,46.52,80.63,370.80,0.8913,-1,-1,-1
674,98,393.71,107.50,98.66,272.42,0.8356,-1,-1,-1
675,65,457.37,1.01,203.91,479.01,0.9052,-1,-1,-1
675,91,91.91,24.19,153.51,455.96,0.8820,-1,-1,-1
675,82,240.09,138.49,52.16,183.63,0.6282,-1,-1,-1
675,92,289.02,134.23,60.87,190.64,0.8597,-1,-1,-1
675,97,4.03,33.18,85.48,392.03,0.8869,-1,-1,-1
675,98,388.60,108.51,96.31,268.07,0.8354,-1,-1,-1
676,65,459.07,1.45,199.96,478.60,0.8279,-1,-1,-1
676,91,92.53,23.81,150.53,449.93,0.8958,-1,-1,-1
676,82,237.90,140.61,52.39,187.17,0.8134,-1,-1,-1
676,92,284.22,137.55,60.16,189.33,0.8510,-1,-1,-1
676,97,-6.72,21.82,88.20,410.43,0.8588,-1,-1,-1
676,98,382.46,113.80,95.17,265.83,0.7587,-1,-1,-1
677,65,460.91,1.20,196.46,478.60,0.8987,-1,-1,-1
677,91,93.75,21.00,150.01,449.17,0.8886,-1,-1,-1
677,82,238.85,140.59,51.77,187.26,0.8188,-1,-1,-1
677,92,284.23,138.69,59.97,189.20,0.8241,-1,-1,-1
677,97,-15.65,22.60,86.53,415.28,0.7165,-1,-1,-1
677,98,382.64,115.61,95.54,268.64,0.7805,-1,-1,-1
678,65,461.17,0.94,193.34,477.68,0.9060,-1,-1,-1
678,91,96.33,18.57,150.10,454.61,0.8651,-1,-1,-1
678,82,237.89,140.30,50.25,184.15,0.8256,-1,-1,-1
678,92,281.97,137.74,60.36,190.53,0.8527,-1,-1,-1
678,98,381.47,114.40,96.37,273.01,0.8410,-1,-1,-1
679,65,460.10,0.83,191.56,478.68,0.8952,-1,-1,-1
679,91,98.19,25.56,147.35,452.07,0.8280,-1,-1,-1
679,82,235.78,145.57,51.74,192.81,0.7142,-1,-1,-1
679,92,280.86,140.82,60.49,191.40,0.8565,-1,-1,-1
679,98,380.00,117.53,96.78,274.93,0.7720,-1,-1,-1
680,65,459.94,0.93,189.78,478.91,0.9085,-1,-1,-1
680,91,101.78,34.74,139.50,429.05,0.8177,-1,-1,-1
680,82,234.71,150.64,52.36,197.43,0.7467,-1,-1,-1
680,92,279.86,143.57,60.60,192.15,0.8632,-1,-1,-1
680,98,378.02,120.03,97.50,277.78,0.7584,-1,-1,-1
681,65,460.55,1.06,188.02,478.91,0.9140,-1,-1,-1
681,91,102.04,40.24,137.75,424.94,0.7966,-1,-1,-1
681,82,234.50,150.64,48.77,184.65,0.7857,-1,-1,-1
681,92,277.88,143.41,59.66,188.41,0.8541,-1,-1,-1
681,98,373.94,118.82,97.73,279.88,0.8328,-1,-1,-1
682,65,463.74,1.00,185.70,478.53,0.9115,-1,-1,-1
682,91,99.03,36.65,141.67,438.15,0.8531,-1,-1,-1
682,82,231.41,148.04,48.09,182.47,0.7967,-1,-1,-1
682,92,276.30,141.56,59.49,188.04,0.8667,-1,-1,-1
682,98,370.36,115.78,95.92,275.75,0.8198,-1,-1,-1
682,99,52.93,128.65,62.90,210.93,0.7842,-1,-1,-1
683,65,468.39,1.08,182.67,477.46,0.9110,-1,-1,-1
683,91,98.05,36.67,142.82,441.49,0.8583,-1,-1,-1
683,82,232.02,147.27,47.21,181.69,0.7650,-1,-1,-1
683,92,275.53,141.38,58.79,185.95,0.8635,-1,-1,-1
683,98,357.73,114.15,96.29,274.76,0.6908,-1,-1,-1
683,99,46.93,126.19,66.30,222.35,0.7948,-1,-1,-1
684,65,473.65,0.97,179.84,478.51,0.9155,-1,-1,-1
684,91,95.74,29.86,141.97,438.28,0.8657,-1,-1,-1
684,82,228.24,144.85,47.71,183.97,0.6547,-1,-1,-1
684,92,272.56,139.23,59.61,187.99,0.8640,-1,-1,-1
684,98,352.74,110.36,98.18,280.11,0.7305,-1,-1,-1
684,99,38.06,115.65,71.33,238.46,0.7714,-1,-1,-1
685,65,478.41,1.11,176.52,478.72,0.9132,-1,-1,-1
685,91,90.26,26.15,144.32,441.73,0.8815,-1,-1,-1
685,82,219.61,142.62,52.25,197.20,0.7062,-1,-1,-1
685,92,272.86,137.58,60.05,189.08,0.8616,-1,-1,-1
685,98,350.90,110.99,98.91,280.91,0.7595,-1,-1,-1
685,99,26.01,107.91,75.58,250.46,0.5748,-1,-1,-1
686,65,481.13,1.08,173.34,478.41,0.8968,-1,-1,-1
686,91,84.33,26.21,148.04,449.50,0.8909,-1,-1,-1
686,82,220.05,142.82,52.04,195.60,0.4229,-1,-1,-1
686,92,271.13,136.37,60.01,189.15,0.8212,-1,-1,-1
686,98,352.27,111.05,99.16,283.50,0.7943,-1,-1,-1
686,99,17.29,95.46,80.01,264.34,0.7964,-1,-1,-1
687,65,483.05,0.82,170.69,479.01,0.9104,-1,-1,-1
687,91,83.13,29.95,148.87,448.73,0.8834,-1,-1,-1
687,92,271.55,135.98,58.94,185.70,0.8404,-1,-1,-1
687,98,353.64,109.22,99.62,287.94,0.8427,-1,-1,-1
687,99,4.97,84.35,84.63,278.70,0.8851,-1,-1,-1
688,65,482.73,0.91,168.54,478.89,0.9203,-1,-1,-1
688,91,75.18,31.82,150.42,447.97,0.8681,-1,-1,-1
688,92,268.14,132.39,58.76,185.02,0.7832,-1,-1,-1
688,98,353.98,105.26,99.25,288.36,0.8473,-1,-1,-1
688,99,-3.40,74.62,87.48,289.62,0.8248,-1,-1,-1
689,65,477.25,0.31,168.07,478.87,0.8965,-1,-1,-1
689,91,80.53,33.13,149.12,447.05,0.8262,-1,-1,-1
689,92,265.41,132.12,58.85,185.06,0.8241,-1,-1,-1
689,98,353.61,104.76,97.07,284.14,0.8437,-1,-1,-1
689,99,-9.37,68.31,88.09,295.61,0.7674,-1,-1,-1
689,82,221.24,141.75,47.35,179.40,0.7151,-1,-1,-1
690,65,462.19,0.08,171.15,479.60,0.8623,-1,-1,-1
690,91,79.93,32.39,148.96,447.91,0.8663,-1,-1,-1
690,92,262.16,132.95,58.86,185.74,0.8410,-1,-1,-1
690,98,352.59,103.14,94.82,280.39,0.8486,-1,-1,-1
690,99,-13.00,72.96,87.24,298.46,0.6837,-1,-1,-1
690,100,308.32,151.95,45.69,139.10,0.7234,-1,-1,-1
690,82,219.07,140.94,47.11,179.10,0.6364,-1,-1,-1
691,65,459.37,-0.00,172.70,479.11,0.8517,-1,-1,-1
691,91,90.33,31.22,145.77,444.36,0.8914,-1,-1,-1
691,92,260.71,135.99,59.09,186.47,0.8256,-1,-1,-1
691,98,349.56,102.32,94.91,282.94,0.8244,-1,-1,-1
691,100,309.36,153.21,45.86,139.54,0.8004,-1,-1,-1
691,82,214.96,143.39,51.93,201.01,0.4540,-1,-1,-1
692,65,475.85,1.09,168.98,476.32,0.8479,-1,-1,-1
692,91,98.03,30.48,141.95,438.07,0.8958,-1,-1,-1
692,92,259.95,139.55,58.70,184.98,0.8394,-1,-1,-1
692,98,348.36,102.91,95.07,286.01,0.8502,-1,-1,-1
692,100,311.59,152.28,46.93,142.58,0.7730,-1,-1,-1
692,101,54.04,135.27,57.73,181.86,0.7586,-1,-1,-1
693,65,484.80,1.06,166.12,477.14,0.8814,-1,-1,-1
693,91,104.28,26.06,142.22,444.41,0.8834,-1,-1,-1
693,92,261.29,134.44,59.02,185.81,0.8407,-1,-1,-1
693,98,350.29,101.59,96.04,288.74,0.7831,-1,-1,-1
693,100,315.75,146.95,48.07,146.04,0.6527,-1,-1,-1
693,101,46.80,130.19,60.59,190.33,0.7319,-1,-1,-1
694,65,459.11,1.34,170.35,475.32,0.8623,-1,-1,-1
694,91,107.70,25.41,140.54,446.89,0.8489,-1,-1,-1
694,92,262.18,130.79,58.41,182.56,0.8173,-1,-1,-1
694,98,348.23,97.67,96.44,291.07,0.7774,-1,-1,-1
694,100,319.39,139.00,43.29,130.86,0.4944,-1,-1,-1
694,101,32.56,125.74,62.88,195.78,0.7819,-1,-1,-1
695,65,450.53,1.17,174.72,477.61,0.8935,-1,-1,-1
695,91,115.99,26.52,140.88,450.80,0.8025,-1,-1,-1
695,92,261.80,128.20,57.64,179.35,0.8311,-1,-1,-1
695,98,341.05,95.38,97.13,292.69,0.7088,-1,-1,-1
695,100,323.67,134.25,38.97,115.49,0.4509,-1,-1,-1
695,101,19.09,121.03,67.23,207.92,0.8250,-1,-1,-1
695,102,96.75,141.57,36.63,149.13,0.7334,-1,-1,-1
696,65,452.86,1.27,176.54,478.31,0.8511,-1,-1,-1
696,91,119.56,35.71,139.13,443.51,0.7958,-1,-1,-1
696,92,262.52,131.11,58.15,179.48,0.7891,-1,-1,-1
696,98,340.03,96.94,96.10,290.73,0.7924,-1,-1,-1
696,101,9.84,116.61,71.80,221.35,0.8270,-1,-1,-1
696,102,96.23,143.49,37.71,153.15,0.7723,-1,-1,-1
697,65,463.57,1.05,175.51,478.60,0.9058,-1,-1,-1
697,91,124.24,38.83,138.51,441.10,0.8707,-1,-1,-1
697,92,264.59,132.18,58.86,181.40,0.8406,-1,-1,-1
697,98,341.03,96.66,93.46,284.21,0.8335,-1,-1,-1
697,101,3.52,114.52,74.00,228.07,0.8294,-1,-1,-1
697,102,95.00,142.92,38.94,157.74,0.7263,-1,-1,-1
698,65,463.42,0.88,175.56,478.34,0.9108,-1,-1,-1
698,91,133.85,35.84,135.83,435.39,0.8733,-1,-1,-1
698,92,265.31,134.01,58.44,179.98,0.8059,-1,-1,-1
698,98,334.29,93.74,93.97,284.11,0.8187,-1,-1,-1
698,101,-1.93,108.01,76.90,237.17,0.8074,-1,-1,-1
698,102,89.86,140.25,39.80,160.45,0.5224,-1,-1,-1
699,65,461.58,0.81,176.28,478.94,0.9091,-1,-1,-1
699,91,141.21,37.67,130.39,419.10,0.8985,-1,-1,-1
699,92,265.80,138.72,57.81,179.38,0.8272,-1,-1,-1
699,98,332.66,96.43,94.29,286.03,0.8345,-1,-1,-1
699,101,-5.29,107.02,78.61,243.72,0.8453,-1,-1,-1
699,102,100.16,161.20,44.82,179.84,0.7133,-1,-1,-1
700,65,459.88,1.44,176.86,478.50,0.9097,-1,-1,-1
700,91,140.46,43.36,129.78,411.91,0.8784,-1,-1,-1
700,92,269.23,144.93,55.91,175.58,0.8006,-1,-1,-1
700,98,330.78,103.27,94.94,289.54,0.8484,-1,-1,-1
700,101,-10.48,108.29,81.85,258.18,0.7408,-1,-1,-1
700,102,96.99,170.94,48.97,194.41,0.6921,-1,-1,-1
701,65,460.28,1.21,176.97,477.62,0.9211,-1,-1,-1
701,91,139.12,38.48,133.39,417.92,0.8668,-1,-1,-1
701,92,270.58,140.57,51.33,162.20,0.7944,-1,-1,-1
701,98,326.10,102.28,95.23,291.84,0.8336,-1,-1,-1
701,101,10.01,134.87,61.25,195.16,0.6822,-1,-1,-1
701,102,86.37,164.14,53.21,209.13,0.6796,-1,-1,-1
702,65,457.00,1.19,177.85,476.49,0.9250,-1,-1,-1
702,91,136.46,40.17,136.27,421.64,0.8602,-1,-1,-1
702,92,268.85,138.70,49.31,156.30,0.7785,-1,-1,-1
702,98,317.91,101.16,97.51,294.18,0.7966,-1,-1,-1
702,101,12.35,143.25,53.94,170.74,0.7361,-1,-1,-1
702,102,73.12,160.84,56.29,219.39,0.7356,-1,-1,-1
703,65,452.10,2.27,179.58,475.36,0.9266,-1,-1,-1
703,91,132.53,46.53,139.54,425.65,0.8437,-1,-1,-1
703,92,268.84,139.91,46.43,146.97,0.7071,-1,-1,-1
703,98,315.18,102.12,96.76,293.51,0.8208,-1,-1,-1
703,101,8.12,147.45,51.29,160.08,0.7033,-1,-1,-1
703,102,59.08,159.07,61.12,234.20,0.8088,-1,-1,-1
704,65,447.31,1.63,182.27,476.29,0.9201,-1,-1,-1
704,91,129.90,50.68,140.69,424.41,0.8545,-1,-1,-1
704,92,265.62,142.14,47.11,149.80,0.6489,-1,-1,-1
704,98,312.06,101.40,94.35,289.04,0.8292,-1,-1,-1
704,101,2.06,150.38,51.58,160.48,0.7208,-1,-1,-1
704,102,41.72,156.34,66.29,250.30,0.7251,-1,-1,-1
705,65,441.56,1.24,185.66,477.61,0.9228,-1,-1,-1
705,91,130.33,49.47,141.42,426.71,0.8726,-1,-1,-1
705,92,261.43,141.98,48.92,156.67,0.6724,-1,-1,-1
705,98,309.64,98.37,92.07,283.21,0.8502,-1,-1,-1
705,101,-1.52,167.47,46.17,144.65,0.3344,-1,-1,-1
705,102,21.48,151.53,72.88,269.18,0.8042,-1,-1,-1
705,103,380.80,111.19,67.09,219.32,0.6807,-1,-1,-1
705,104,86.42,116.32,62.28,235.80,0.7979,-1,-1,-1
706,65,434.09,1.38,189.48,477.71,0.9200,-1,-1,-1
706,91,133.73,44.60,139.97,425.98,0.8629,-1,-1,-1
706,92,260.54,141.21,42.37,133.63,0.7361,-1,-1,-1
706,98,301.13,96.55,92.77,286.67,0.8324,-1,-1,-1
706,102,5.96,146.03,77.47,285.88,0.8798,-1,-1,-1
706,103,373.72,103.92,70.12,230.15,0.5083,-1,-1,-1
706,104,73.17,108.93,66.02,248.85,0.8448,-1,-1,-1
707,65,423.52,1.31,194.50,477.18,0.8951,-1,-1,-1
707,91,134.88,42.26,135.57,413.58,0.8941,-1,-1,-1
707,92,259.16,141.99,37.93,117.11,0.6436,-1,-1,-1
707,98,295.84,97.96,92.94,289.10,0.8565,-1,-1,-1
707,102,-5.25,141.30,80.00,300.79,0.8315,-1,-1,-1
707,103,369.61,101.94,72.24,238.03,0.6344,-1,-1,-1
707,104,54.80,103.69,71.23,265.55,0.7726,-1,-1,-1
708,65,402.09,1.35,203.08,477.27,0.8693,-1,-1,-1
708,91,131.01,37.77,134.87,413.44,0.8754,-1,-1,-1
708,92,255.86,141.61,37.51,113.80,0.6235,-1,-1,-1
708,98,288.45,99.80,93.53,292.05,0.8378,-1,-1,-1
708,102,-15.66,132.92,80.30,314.73,0.7599,-1,-1,-1
708,104,32.66,98.36,75.53,276.34,0.7046,-1,-1,-1
709,65,398.32,0.79,208.54,478.74,0.8650,-1,-1,-1
709,91,128.41,35.82,135.22,415.70,0.8689,-1,-1,-1
709,92,252.30,139.94,39.80,119.34,0.7152,-1,-1,-1
709,98,283.13,100.18,93.95,294.55,0.8033,-1,-1,-1
709,104,9.73,91.65,90.90,330.83,0.7109,-1,-1,-1
710,65,374.31,0.46,215.05,478.32,0.8939,-1,-1,-1
710,91,125.36,37.15,137.25,424.11,0.8648,-1,-1,-1
710,92,250.76,139.03,39.78,117.32,0.7431,-1,-1,-1
710,98,278.27,97.98,94.91,296.92,0.7581,-1,-1,-1
710,104,-2.23,81.61,100.87,367.16,0.6758,-1,-1,-1
711,65,349.53,0.48,221.91,478.90,0.8860,-1,-1,-1
711,91,123.29,37.99,133.87,413.80,0.8207,-1,-1,-1
711,92,247.50,138.41,39.41,116.10,0.6849,-1,-1,-1
711,98,273.51,93.57,95.76,300.86,0.7810,-1,-1,-1
711,104,-3.96,64.84,96.20,348.25,0.8855,-1,-1,-1
712,65,332.20,0.36,227.63,477.27,0.8948,-1,-1,-1
712,91,118.82,39.89,136.80,425.38,0.8869,-1,-1,-1
712,92,244.92,140.91,38.52,112.93,0.6085,-1,-1,-1
712,98,269.07,89.70,94.36,296.38,0.8236,-1,-1,-1
712,104,-15.58,47.89,99.33,367.21,0.7077,-1,-1,-1
713,65,341.88,0.53,230.28,476.31,0.9166,-1,-1,-1
713,91,115.93,37.89,137.61,428.99,0.9004,-1,-1,-1
713,92,243.81,141.37,37.15,109.24,0.6945,-1,-1,-1
713,98,265.72,87.67,93.48,294.05,0.8166,-1,-1,-1
713,104,-26.03,33.83,107.20,409.88,0.7371,-1,-1,-1
714,65,353.59,0.47,236.84,475.62,0.9015,-1,-1,-1
714,91,113.90,36.37,136.48,422.85,0.8968,-1,-1,-1
714,92,246.50,141.90,35.27,103.21,0.7459,-1,-1,-1
714,98,265.94,88.36,93.86,295.03,0.8158,-1,-1,-1
715,65,357.47,0.52,243.00,473.84,0.9130,-1,-1,-1
715,91,114.55,33.51,133.87,408.14,0.9022,-1,-1,-1
715,92,249.64,139.94,35.47,103.52,0.6351,-1,-1,-1
715,98,269.02,89.05,94.47,297.18,0.8309,-1,-1,-1
715,104,-11.25,68.45,77.95,296.96,0.7394,-1,-1,-1
716,65,359.25,0.35,249.29,475.25,0.8857,-1,-1,-1
716,91,113.12,33.93,135.39,404.99,0.8984,-1,-1,-1
716,92,253.89,141.30,35.11,102.14,0.6748,-1,-1,-1
716,98,270.93,90.76,96.98,305.48,0.8401,-1,-1,-1
716,104,20.71,83.00,69.76,261.07,0.8297,-1,-1,-1
717,65,363.53,0.20,253.78,476.85,0.8714,-1,-1,-1
717,91,112.13,39.16,136.97,400.98,0.8878,-1,-1,-1
717,92,259.60,142.26,35.19,101.06,0.7287,-1,-1,-1
717,98,275.86,93.00,97.42,305.96,0.8474,-1,-1,-1
717,104,20.26,82.66,72.12,260.91,0.8884,-1,-1,-1
718,65,372.21,0.40,254.86,476.12,0.8972,-1,-1,-1
718,91,110.63,47.32,141.88,407.33,0.8917,-1,-1,-1
718,92,264.28,147.05,36.47,104.34,0.7652,-1,-1,-1
718,98,283.20,95.57,97.93,307.60,0.8125,-1,-1,-1
718,104,14.44,81.60,79.03,278.95,0.8838,-1,-1,-1
719,65,379.26,0.57,255.00,475.93,0.9051,-1,-1,-1
719,91,108.98,53.86,144.31,409.54,0.8880,-1,-1,-1
719,92,269.85,149.86,37.06,106.40,0.7071,-1,-1,-1
719,98,289.64,96.18,96.95,306.43,0.5796,-1,-1,-1
719,104,12.98,79.63,84.09,288.12,0.9004,-1,-1,-1
720,65,383.88,0.60,255.10,476.80,0.9164,-1,-1,-1
720,91,110.04,55.32,145.08,406.94,0.8886,-1,-1,-1
720,92,273.68,150.13,38.93,112.98,0.6706,-1,-1,-1
720,98,295.88,96.15,94.80,301.03,0.8466,-1,-1,-1
720,104,11.89,76.21,89.98,302.09,0.8962,-1,-1,-1
721,65,388.16,0.69,254.39,477.25,0.9261,-1,-1,-1
721,91,113.46,53.09,141.16,394.19,0.8911,-1,-1,-1
721,92,280.38,148.62,37.27,107.85,0.6122,-1,-1,-1
721,98,301.54,95.26,93.68,298.08,0.8501,-1,-1,-1
721,104,6.17,64.29,97.70,325.27,0.9202,-1,-1,-1
722,65,392.18,0.61,253.00,477.12,0.9253,-1,-1,-1
722,91,119.57,52.77,136.87,381.97,0.9016,-1,-1,-1
722,92,286.27,148.52,35.13,101.95,0.5995,-1,-1,-1
722,98,305.43,95.37,94.25,300.17,0.8776,-1,-1,-1
722,104,2.38,55.26,102.77,341.13,0.9217,-1,-1,-1
723,65,392.37,0.77,252.76,478.47,0.9147,-1,-1,-1
723,91,127.70,53.25,136.08,383.13,0.8952,-1,-1,-1
723,92,292.45,152.04,34.15,99.61,0.6303,-1,-1,-1
723,98,311.41,98.46,94.84,303.67,0.6778,-1,-1,-1
723,104,-0.08,48.13,107.32,356.50,0.9252,-1,-1,-1
724,65,391.03,1.01,252.40,478.59,0.9033,-1,-1,-1
724,91,133.82,55.12,135.28,385.85,0.8978,-1,-1,-1
724,92,296.69,154.11,34.10,100.34,0.6612,-1,-1,-1
724,98,314.86,101.15,94.75,304.16,0.8461,-1,-1,-1
724,104,-2.41,40.63,110.93,370.24,0.9165,-1,-1,-1
725,65,392.14,0.93,251.81,479.00,0.8764,-1,-1,-1
725,91,138.31,56.36,134.83,390.86,0.8947,-1,-1,-1
725,92,299.64,153.08,34.13,101.44,0.4268,-1,-1,-1
725,98,315.86,100.26,95.24,304.99,0.8198,-1,-1,-1
725,104,-7.34,26.95,114.49,388.44,0.9011,-1,-1,-1
726,65,399.56,0.60,249.30,478.78,0.9232,-1,-1,-1
726,91,143.21,60.66,133.19,394.19,0.8776,-1,-1,-1
726,92,303.79,153.39,33.50,100.03,0.5472,-1,-1,-1
726,98,317.50,99.50,94.55,304.01,0.8232,-1,-1,-1
726,104,-12.81,13.09,117.71,409.91,0.8918,-1,-1,-1
726,107,263.52,155.85,43.06,152.11,0.7930,-1,-1,-1
727,65,399.87,0.38,247.83,478.70,0.9251,-1,-1,-1
727,91,147.89,61.16,130.46,393.82,0.8886,-1,-1,-1
727,92,306.07,151.10,32.29,97.51,0.4999,-1,-1,-1
727,98,318.02,95.59,93.27,300.95,0.8264,-1,-1,-1
727,104,-17.74,4.32,117.31,423.03,0.8778,-1,-1,-1
727,107,265.40,153.44,42.96,151.85,0.8132,-1,-1,-1
727,108,90.52,187.30,28.64,70.70,0.6394,-1,-1,-1
728,65,395.15,0.36,247.46,478.10,0.9283,-1,-1,-1
728,91,150.10,60.30,127.50,391.82,0.8867,-1,-1,-1
728,92,306.68,149.15,30.12,90.79,0.5175,-1,-1,-1
728,98,319.14,93.09,92.02,294.58,0.8062,-1,-1,-1
728,104,-21.69,23.56,108.44,409.45,0.7280,-1,-1,-1
728,107,265.38,151.98,42.97,152.03,0.8363,-1,-1,-1
728,108,88.06,187.45,28.36,70.31,0.5425,-1,-1,-1
729,65,390.43,0.52,247.52,476.40,0.9302,-1,-1,-1
729,91,152.58,57.93,122.61,381.56,0.8967,-1,-1,-1
729,92,306.24,148.98,28.16,85.28,0.5704,-1,-1,-1
729,98,316.40,90.70,92.66,297.15,0.8494,-1,-1,-1
729,107,265.30,152.03,42.60,150.73,0.8542,-1,-1,-1
729,108,82.06,186.42,28.53,70.98,0.5962,-1,-1,-1
730,65,385.03,0.52,249.20,476.62,0.9263,-1,-1,-1
730,91,154.91,61.44,118.03,370.41,0.9013,-1,-1,-1
730,92,306.28,154.26,27.83,84.13,0.4539,-1,-1,-1
730,98,315.10,96.69,93.41,300.13,0.8134,-1,-1,-1
730,107,265.92,158.29,42.25,149.33,0.8182,-1,-1,-1
730,108,80.88,191.13,28.49,71.56,0.5884,-1,-1,-1
731,65,381.50,0.59,250.91,476.61,0.9268,-1,-1,-1
731,91,156.38,66.25,116.70,368.52,0.9013,-1,-1,-1
731,92,308.39,159.19,27.89,82.84,0.4402,-1,-1,-1
731,98,314.37,100.13,95.60,308.06,0.8346,-1,-1,-1
731,107,267.31,163.50,41.37,146.36,0.7877,-1,-1,-1
731,108,79.38,193.67,29.54,74.67,0.6459,-1,-1,-1
732,65,380.30,0.53,252.31,476.46,0.9189,-1,-1,-1
732,91,153.69,71.72,117.62,371.83,0.9002,-1,-1,-1
732,92,309.01,162.36,28.70,84.15,0.4093,-1,-1,-1
732,98,314.56,106.86,95.65,308.65,0.8605,-1,-1,-1
732,107,268.30,165.52,40.53,143.50,0.7782,-1,-1,-1
732,108,75.31,194.59,30.25,76.82,0.6470,-1,-1,-1
733,65,382.69,0.70,252.99,476.86,0.9095,-1,-1,-1
733,91,147.82,80.19,118.45,375.37,0.8711,-1,-1,-1
733,92,310.73,164.17,29.75,87.66,0.3410,-1,-1,-1
733,98,314.51,110.34,94.94,307.55,0.8630,-1,-1,-1
733,107,267.13,166.01,40.12,141.88,0.7992,-1,-1,-1
733,108,67.57,194.90,31.51,79.91,0.6059,-1,-1,-1
734,65,386.23,0.70,252.97,477.35,0.9101,-1,-1,-1
734,91,140.75,88.06,118.69,376.74,0.8832,-1,-1,-1
734,98,314.80,115.04,93.51,303.80,0.8352,-1,-1,-1
734,107,267.33,169.39,38.75,136.19,0.7529,-1,-1,-1
734,108,62.48,199.91,31.48,79.49,0.6115,-1,-1,-1
735,65,390.00,0.53,252.34,477.96,0.9140,-1,-1,-1
735,91,134.14,86.79,118.39,374.61,0.8492,-1,-1,-1
735,98,316.16,111.27,91.04,295.65,0.8269,-1,-1,-1
735,107,266.70,167.13,39.63,138.79,0.7550,-1,-1,-1
735,108,58.60,197.26,31.97,81.02,0.6094,-1,-1,-1
736,65,392.97,0.45,251.01,477.73,0.8931,-1,-1,-1
736,91,142.78,82.29,114.71,365.37,0.8249,-1,-1,-1
736,98,315.90,106.80,90.79,294.98,0.8301,-1,-1,-1
736,107,265.55,166.17,40.02,139.86,0.7888,-1,-1,-1
736,108,55.40,193.84,32.33,82.31,0.5817,-1,-1,-1
737,65,395.29,0.29,249.04,476.04,0.9134,-1,-1,-1
737,91,146.37,77.66,110.63,351.96,0.8490,-1,-1,-1
737,98,314.88,106.39,91.15,296.68,0.8279,-1,-1,-1
737,107,262.99,166.22,40.65,141.43,0.7946,-1,-1,-1
737,108,47.99,191.06,32.81,83.91,0.6170,-1,-1,-1
737,109,111.74,138.73,52.29,182.59,0.8012,-1,-1,-1
738,65,395.96,0.58,248.12,476.10,0.9189,-1,-1,-1
738,91,145.05,75.29,110.15,350.58,0.8390,-1,-1,-1
738,98,313.91,108.04,91.67,298.26,0.8234,-1,-1,-1
738,107,260.71,165.18,41.45,143.20,0.7887,-1,-1,-1
738,108,42.56,187.74,33.41,85.77,0.7076,-1,-1,-1
738,109,106.20,135.23,54.24,189.45,0.7934,-1,-1,-1
739,65,395.54,0.58,247.71,476.59,0.9141,-1,-1,-1
739,91,140.48,76.00,109.72,353.01,0.8661,-1,-1,-1
739,98,311.22,110.42,92.36,300.66,0.8409,-1,-1,-1
739,107,258.52,163.97,42.08,143.28,0.7621,-1,-1,-1
739,108,36.12,185.81,33.79,87.42,0.6077,-1,-1,-1
739,109,97.35,132.21,56.16,195.61,0.8093,-1,-1,-1
740,65,394.32,0.92,247.52,476.71,0.9144,-1,-1,-1
740,91,139.99,81.56,109.74,355.16,0.8775,-1,-1,-1
740,98,310.28,111.67,92.29,300.85,0.8469,-1,-1,-1
740,107,259.45,162.85,43.23,143.66,0.7522,-1,-1,-1
740,108,30.77,184.17,34.51,89.38,0.7123,-1,-1,-1
740,109,87.85,130.57,60.12,208.56,0.8337,-1,-1,-1
741,65,391.60,1.03,248.17,477.39,0.8986,-1,-1,-1
741,91,139.95,84.32,109.15,355.83,0.8789,-1,-1,-1
741,98,307.84,108.32,92.95,302.72,0.8238,-1,-1,-1
741,107,259.07,161.15,44.09,143.96,0.7427,-1,-1,-1
741,108,25.84,181.12,35.02,91.00,0.6871,-1,-1,-1
741,109,82.34,124.53,63.16,216.95,0.8391,-1,-1,-1
742,65,393.50,0.96,248.10,478.53,0.9148,-1,-1,-1
742,91,140.56,87.63,106.67,349.09,0.8837,-1,-1,-1
742,98,307.48,106.16,90.96,296.46,0.8308,-1,-1,-1
742,107,260.64,161.20,44.12,143.12,0.7660,-1,-1,-1
742,108,21.52,179.62,35.13,92.52,0.6921,-1,-1,-1
742,109,76.91,117.35,66.64,227.04,0.8039,-1,-1,-1
743,65,394.37,1.05,247.49,478.84,0.9028,-1,-1,-1
743,91,139.09,86.49,106.32,347.68,0.8710,-1,-1,-1
743,98,308.34,105.33,87.97,288.38,0.8061,-1,-1,-1
743,107,261.16,161.21,44.28,142.47,0.7626,-1,-1,-1
743,108,14.51,177.08,35.11,92.84,0.6172,-1,-1,-1
743,109,63.32,107.74,71.42,238.03,0.6873,-1,-1,-1
744,65,388.94,0.56,246.60,478.70,0.8927,-1,-1,-1
744,91,145.90,84.29,102.53,337.04,0.8639,-1,-1,-1
744,98,306.45,104.26,88.44,290.59,0.8315,-1,-1,-1
744,107,261.88,161.69,44.88,141.83,0.7107,-1,-1,-1
744,108,8.96,174.35,36.29,96.26,0.6039,-1,-1,-1
744,109,52.54,99.49,76.48,251.16,0.8556,-1,-1,-1
745,65,391.78,0.29,244.78,478.20,0.9241,-1,-1,-1
745,91,151.40,80.98,99.28,327.82,0.8715,-1,-1,-1
745,98,308.27,101.12,90.48,296.53,0.8308,-1,-1,-1
745,107,265.17,159.98,44.31,139.16,0.6853,-1,-1,-1
745,108,2.04,172.34,44.25,120.73,0.3438,-1,-1,-1
745,109,35.84,94.59,82.60,263.74,0.8609,-1,-1,-1
746,65,391.80,0.36,245.09,478.49,0.9070,-1,-1,-1
746,91,157.16,82.29,99.03,327.84,0.8748,-1,-1,-1
746,98,312.44,136.70,83.07,267.07,0.7880,-1,-1,-1
746,107,269.92,159.07,44.78,138.99,0.5444,-1,-1,-1
746,109,17.29,90.92,90.59,283.76,0.8704,-1,-1,-1
746,110,120.94,130.73,47.49,183.86,0.8577,-1,-1,-1
747,65,391.94,0.33,245.21,477.87,0.8958,-1,-1,-1
747,91,161.18,83.32,99.34,329.52,0.8695,-1,-1,-1
747,98,311.61,117.40,90.10,289.88,0.8522,-1,-1,-1
747,107,270.56,158.33,45.70,139.36,0.6905,-1,-1,-1
747,109,7.26,85.35,96.50,298.57,0.8907,-1,-1,-1
747,110,119.74,127.77,49.30,189.81,0.8143,-1,-1,-1
748,65,392.43,0.32,245.24,477.15,0.9182,-1,-1,-1
748,91,164.28,87.05,100.31,332.34,0.8671,-1,-1,-1
748,98,313.27,111.35,92.04,297.16,0.8376,-1,-1,-1
748,107,272.79,159.71,46.46,139.89,0.6604,-1,-1,-1
748,109,-3.44,77.03,100.74,314.06,0.8873,-1,-1,-1
748,110,118.05,124.59,51.53,197.36,0.8248,-1,-1,-1
749,65,393.25,0.39,245.54,477.63,0.9216,-1,-1,-1
749,91,165.65,91.93,101.44,335.16,0.8559,-1,-1,-1
749,98,317.25,109.78,92.58,298.51,0.7947,-1,-1,-1
749,107,275.77,164.51,46.63,138.36,0.6499,-1,-1,-1
749,109,-10.91,67.11,103.79,329.27,0.8910,-1,-1,-1
749,110,114.27,121.46,54.52,207.24,0.8597,-1,-1,-1
750,65,398.13,0.69,244.32,477.22,0.9138,-1,-1,-1
750,91,170.97,92.71,100.33,330.02,0.8716,-1,-1,-1
750,98,323.01,107.09,90.37,291.56,0.8413,-1,-1,-1
750,107,281.99,164.66,47.38,138.79,0.7167,-1,-1,-1
750,109,-17.99,52.70,109.81,358.48,0.8683,-1,-1,-1
750,110,111.70,115.38,57.18,215.54,0.8609,-1,-1,-1
751,65,403.46,1.02,242.96,478.26,0.9109,-1,-1,-1
751,91,173.17,90.10,97.61,325.50,0.8299,-1,-1,-1
751,98,330.56,100.69,89.89,290.92,0.8020,-1,-1,-1
751,107,289.75,161.77,46.56,135.00,0.7352,-1,-1,-1
751,109,-21.32,38.25,109.50,369.24,0.7760,-1,-1,-1
751,110,111.21,107.92,60.11,222.22,0.8683,-1,-1,-1
751,112,262.90,147.98,40.46,142.63,0.7272,-1,-1,-1
752,65,407.60,0.92,240.67,477.74,0.9181,-1,-1,-1
752,91,184.70,87.17,94.14,311.00,0.8927,-1,-1,-1
752,98,334.96,100.32,90.71,293.78,0.8463,-1,-1,-1
752,107,297.15,160.84,45.31,128.99,0.6204,-1,-1,-1
752,109,-21.23,15.58,112.68,391.12,0.7358,-1,-1,-1
752,110,107.28,100.77,64.34,232.83,0.8732,-1,-1,-1
752,112,269.56,147.26,38.48,135.44,0.6895,-1,-1,-1
753,65,407.03,0.85,239.62,478.01,0.9175,-1,-1,-1
753,91,189.11,84.54,93.97,308.44,0.8964,-1,-1,-1
753,98,339.33,101.58,91.63,296.16,0.8253,-1,-1,-1
753,107,303.86,159.50,44.66,125.98,0.4401,-1,-1,-1
753,109,-15.33,49.63,100.67,354.92,0.4421,-1,-1,-1
753,110,102.63,95.09,69.02,244.59,0.8760,-1,-1,-1
753,112,275.49,149.93,36.59,128.47,0.7602,-1,-1,-1
754,65,407.16,1.14,238.63,478.33,0.9170,-1,-1,-1
754,91,195.19,84.24,95.13,311.36,0.8752,-1,-1,-1
754,98,344.50,104.43,92.54,298.87,0.7776,-1,-1,-1
754,107,316.65,159.98,39.71,111.59,0.4926,-1,-1,-1
754,110,93.24,90.21,75.81,261.58,0.8934,-1,-1,-1
754,112,282.56,149.68,38.27,134.27,0.7254,-1,-1,-1
755,65,413.47,1.73,235.88,477.84,0.9132,-1,-1,-1
755,91,200.28,85.54,95.03,311.99,0.8680,-1,-1,-1
755,98,347.72,103.53,92.49,298.45,0.8358,-1,-1,-1
755,107,324.25,160.78,37.93,107.45,0.4144,-1,-1,-1
755,110,86.31,84.93,81.02,272.41,0.9013,-1,-1,-1
755,112,286.96,151.83,37.77,132.04,0.7343,-1,-1,-1
756,65,430.71,1.89,230.00,477.76,0.9046,-1,-1,-1
756,91,206.88,88.39,95.10,314.46,0.8665,-1,-1,-1
756,98,349.40,100.20,94.46,304.09,0.7098,-1,-1,-1
756,107,328.88,161.39,38.58,109.80,0.3900,-1,-1,-1
756,110,78.84,79.36,88.18,290.93,0.9019,-1,-1,-1
756,112,291.40,151.96,37.71,132.34,0.7325,-1,-1,-1
757,65,447.39,1.33,222.40,477.36,0.8990,-1,-1,-1
757,91,209.40,89.80,95.17,313.25,0.8620,-1,-1,-1
757,98,352.10,96.51,94.01,302.51,0.8005,-1,-1,-1
757,107,330.35,159.49,39.13,111.70,0.3950,-1,-1,-1
757,110,68.91,68.99,95.07,309.19,0.8918,-1,-1,-1
757,112,296.22,149.99,37.25,130.89,0.7432,-1,-1,-1
757,113,-2.46,154.36,28.33,123.93,0.6022,-1,-1,-1
758,91,214.04,87.45,94.95,314.56,0.8683,-1,-1,-1
758,98,352.35,93.63,93.51,299.32,0.7836,-1,-1,-1
758,107,328.09,158.45,40.21,112.78,0.3655,-1,-1,-1
758,110,56.18,55.41,102.00,328.34,0.8994,-1,-1,-1
758,112,298.38,147.37,36.52,129.67,0.5493,-1,-1,-1
759,91,212.43,87.65,93.47,304.98,0.8737,-1,-1,-1
759,98,353.39,94.46,93.60,298.60,0.7820,-1,-1,-1
759,110,38.24,43.41,109.91,347.67,0.9100,-1,-1,-1
759,112,301.62,148.99,36.90,131.88,0.5954,-1,-1,-1
760,91,210.16,84.47,93.96,300.80,0.8690,-1,-1,-1
760,98,352.31,92.38,95.23,302.48,0.8157,-1,-1,-1
760,110,17.83,29.48,117.91,367.26,0.9174,-1,-1,-1
760,112,303.59,146.53,36.42,131.39,0.5633,-1,-1,-1
761,91,212.29,82.68,95.28,300.91,0.8702,-1,-1,-1
761,98,352.47,94.35,96.31,305.42,0.8525,-1,-1,-1
761,110,1.80,14.02,123.68,387.47,0.9314,-1,-1,-1
761,112,307.75,151.67,34.47,124.82,0.5042,-1,-1,-1
761,114,131.53,179.98,22.74,68.26,0.6497,-1,-1,-1
761,65,466.77,1.11,211.93,477.37,0.8353,-1,-1,-1
762,91,203.22,80.42,99.93,304.01,0.8691,-1,-1,-1
762,98,353.68,94.12,96.75,307.39,0.8558,-1,-1,-1
762,110,-9.09,2.55,126.13,402.31,0.9147,-1,-1,-1
762,112,308.54,148.27,33.85,124.76,0.6123,-1,-1,-1
762,114,130.46,176.73,23.17,69.39,0.6015,-1,-1,-1
762,65,466.76,1.14,204.92,478.38,0.8897,-1,-1,-1
763,91,201.97,77.24,103.10,306.34,0.8897,-1,-1,-1
763,98,354.32,87.70,96.11,305.81,0.8545,-1,-1,-1
763,110,-15.84,13.86,119.84,393.00,0.8858,-1,-1,-1
763,112,308.53,140.12,32.69,121.28,0.5861,-1,-1,-1
763,114,126.50,168.33,23.91,71.52,0.6715,-1,-1,-1
763,65,457.72,1.45,201.74,478.43,0.8769,-1,-1,-1
763,115,167.92,145.45,40.61,125.19,0.6870,-1,-1,-1
763,116,83.61,162.51,36.29,83.47,0.7076,-1,-1,-1
764,91,208.50,80.66,104.23,307.76,0.8786,-1,-1,-1
764,98,357.04,88.87,94.00,299.88,0.8285,-1,-1,-1
764,110,-23.27,18.51,115.78,396.15,0.7995,-1,-1,-1
764,112,309.60,139.59,32.65,121.27,0.6086,-1,-1,-1
764,114,125.00,168.85,24.01,71.68,0.6330,-1,-1,-1
764,65,455.68,1.07,193.23,460.23,0.7884,-1,-1,-1
764,115,162.78,148.24,40.40,124.61,0.7258,-1,-1,-1
764,116,84.38,163.21,37.40,85.99,0.6895,-1,-1,-1
765,91,215.68,84.88,103.47,304.84,0.8756,-1,-1,-1
765,98,360.78,90.96,92.82,295.24,0.8495,-1,-1,-1
765,112,311.71,143.10,32.49,119.87,0.6781,-1,-1,-1
765,114,124.68,172.93,24.38,72.84,0.6320,-1,-1,-1
765,65,452.30,1.27,196.10,471.95,0.8616,-1,-1,-1
765,115,153.76,154.02,40.79,124.81,0.7887,-1,-1,-1
765,116,89.27,167.60,37.28,86.14,0.6545,-1,-1,-1
765,117,197.67,154.71,33.66,115.14,0.6044,-1,-1,-1
766,91,220.54,85.87,102.61,304.11,0.8897,-1,-1,-1
766,98,361.62,91.63,92.43,293.51,0.7676,-1,-1,-1
766,112,310.73,146.15,32.33,120.14,0.6250,-1,-1,-1
766,114,122.64,174.09,24.71,74.01,0.6199,-1,-1,-1
766,65,451.15,1.26,196.21,476.31,0.8785,-1,-1,-1
766,115,146.72,155.43,41.88,126.74,0.8329,-1,-1,-1
766,116,90.49,167.59,38.16,89.02,0.6897,-1,-1,-1
766,117,197.80,155.76,34.63,118.51,0.6893,-1,-1,-1
766,118,61.17,163.94,40.17,94.74,0.6267,-1,-1,-1
767,91,224.19,82.15,98.66,294.92,0.8882,-1,-1,-1
767,98,358.74,91.24,93.66,296.27,0.7946,-1,-1,-1
767,112,311.73,146.90,32.25,119.34,0.4052,-1,-1,-1
767,65,451.38,1.31,195.14,477.43,0.9012,-1,-1,-1
767,115,137.15,155.40,42.59,126.58,0.8246,-1,-1,-1
767,116,87.82,165.98,38.17,90.39,0.4919,-1,-1,-1
767,117,192.12,152.47,36.39,124.08,0.8009,-1,-1,-1
767,118,56.10,161.16,40.74,96.34,0.6079,-1,-1,-1
768,91,224.38,81.88,96.72,291.17,0.8781,-1,-1,-1
768,98,354.97,93.21,95.39,301.14,0.7889,-1,-1,-1
768,65,451.65,1.31,194.17,478.36,0.8853,-1,-1,-1
768,115,128.69,157.60,43.24,126.17,0.8013,-1,-1,-1
768,116,88.77,165.94,38.73,92.22,0.4582,-1,-1,-1
768,117,188.00,154.15,37.37,126.82,0.8359,-1,-1,-1
768,118,49.75,161.22,41.38,98.24,0.6304,-1,-1,-1
769,91,223.91,82.99,96.53,293.29,0.8834,-1,-1,-1
769,98,352.59,96.39,96.00,303.70,0.7860,-1,-1,-1
769,65,454.49,1.78,192.32,478.24,0.8713,-1,-1,-1
769,115,118.71,156.37,44.18,128.72,0.7337,-1,-1,-1
769,116,85.73,166.91,38.44,92.73,0.4928,-1,-1,-1
769,117,185.93,154.58,38.63,130.09,0.8511,-1,-1,-1
769,118,48.22,160.96,41.70,99.98,0.6622,-1,-1,-1
770,91,224.22,83.98,96.83,295.74,0.8878,-1,-1,-1
770,98,351.11,95.00,96.40,305.20,0.7881,-1,-1,-1
770,65,461.14,1.37,189.41,478.38,0.8335,-1,-1,-1
770,115,110.66,154.64,44.22,129.36,0.5490,-1,-1,-1
770,116,82.91,165.66,38.04,93.81,0.4093,-1,-1,-1
770,117,183.49,153.33,39.84,132.78,0.8408,-1,-1,-1
770,118,48.64,160.56,41.79,100.88,0.6276,-1,-1,-1
771,91,221.07,87.80,97.27,298.69,0.8731,-1,-1,-1
771,98,347.37,93.86,95.24,303.24,0.8294,-1,-1,-1
771,65,474.98,0.96,183.12,475.33,0.8518,-1,-1,-1
771,115,99.31,153.44,44.73,132.49,0.5528,-1,-1,-1
771,116,79.09,163.06,38.90,97.17,0.4974,-1,-1,-1
771,117,174.66,150.69,42.11,138.63,0.8298,-1,-1,-1
771,118,45.53,159.73,42.33,102.97,0.6868,-1,-1,-1
772,91,216.05,89.22,97.27,297.62,0.8952,-1,-1,-1
772,98,344.31,93.00,93.08,297.06,0.8171,-1,-1,-1
772,65,477.81,0.31,179.40,475.20,0.8111,-1,-1,-1
772,115,87.19,152.44,45.33,133.26,0.7168,-1,-1,-1
772,117,168.71,146.52,43.59,141.56,0.8314,-1,-1,-1
772,118,43.27,157.07,42.59,104.31,0.6339,-1,-1,-1
773,91,214.66,89.53,96.54,294.82,0.8925,-1,-1,-1
773,98,341.47,89.21,92.33,293.08,0.8604,-1,-1,-1
773,65,479.48,0.07,176.09,474.88,0.7822,-1,-1,-1
773,115,75.52,151.94,45.46,133.11,0.7890,-1,-1,-1
773,117,159.09,141.87,46.21,146.40,0.8454,-1,-1,-1
773,118,41.10,155.73,42.19,103.91,0.6626,-1,-1,-1
774,91,217.82,88.30,94.73,289.34,0.8911,-1,-1,-1
774,98,338.41,88.08,93.06,294.10,0.8504,-1,-1,-1
774,65,481.60,3.09,172.58,473.22,0.8451,-1,-1,-1
774,115,67.32,150.95,46.14,134.30,0.6661,-1,-1,-1
774,117,155.07,137.86,48.48,152.90,0.8336,-1,-1,-1
774,118,42.84,157.25,39.51,97.22,0.4199,-1,-1,-1
775,91,218.78,87.58,92.85,281.08,0.8734,-1,-1,-1
775,98,337.33,88.12,94.27,298.09,0.7957,-1,-1,-1
775,65,460.75,13.35,159.64,446.98,0.7887,-1,-1,-1
775,115,62.57,152.97,45.60,133.57,0.4781,-1,-1,-1
775,117,152.05,137.50,50.33,158.37,0.8539,-1,-1,-1
775,118,41.01,155.54,42.73,106.07,0.4440,-1,-1,-1
776,91,217.84,87.91,93.53,279.92,0.8759,-1,-1,-1
776,98,337.04,92.00,94.93,301.10,0.8507,-1,-1,-1
776,65,476.52,4.75,164.54,468.17,0.8021,-1,-1,-1
776,115,49.05,152.48,46.66,135.23,0.6142,-1,-1,-1
776,117,146.85,138.17,51.70,161.89,0.8230,-1,-1,-1
776,116,87.78,172.31,36.70,92.17,0.6757,-1,-1,-1
777,91,215.99,90.32,94.86,279.89,0.8754,-1,-1,-1
777,98,335.81,94.39,94.83,301.94,0.8432,-1,-1,-1
777,65,482.31,1.70,164.90,475.77,0.7787,-1,-1,-1
777,115,40.32,151.51,47.94,137.90,0.5961,-1,-1,-1
777,117,142.58,137.73,53.31,166.67,0.8225,-1,-1,-1
777,119,406.22,30.40,162.52,409.49,0.7582,-1,-1,-1
777,116,90.18,171.42,36.52,93.34,0.6623,-1,-1,-1
778,91,216.15,95.35,97.09,281.36,0.8375,-1,-1,-1
778,98,337.90,95.61,94.04,301.38,0.8534,-1,-1,-1
778,65,493.21,0.52,161.11,476.24,0.7306,-1,-1,-1
778,115,31.74,152.56,49.58,139.36,0.7983,-1,-1,-1
778,117,136.49,135.31,56.25,174.01,0.8301,-1,-1,-1
778,119,402.58,27.34,166.69,420.61,0.8357,-1,-1,-1
778,116,91.93,167.47,38.69,98.90,0.6739,-1,-1,-1
779,91,227.60,103.27,96.14,279.24,0.8142,-1,-1,-1
779,98,346.61,97.41,87.64,279.46,0.6228,-1,-1,-1
779,65,495.42,3.54,157.99,475.45,0.7734,-1,-1,-1
779,115,25.99,156.09,50.33,139.01,0.8344,-1,-1,-1
779,117,135.85,133.67,58.50,180.90,0.8356,-1,-1,-1
779,119,400.17,26.17,175.74,445.80,0.8538,-1,-1,-1
779,116,98.72,168.29,38.53,101.11,0.7602,-1,-1,-1
779,120,205.60,140.87,52.89,178.53,0.7213,-1,-1,-1
780,91,233.74,106.51,94.57,274.95,0.8387,-1,-1,-1
780,98,348.88,96.24,88.51,283.36,0.5688,-1,-1,-1
780,65,491.33,1.98,157.48,477.85,0.8530,-1,-1,-1
780,115,22.01,156.62,51.63,139.67,0.7970,-1,-1,-1
780,117,133.62,130.85,60.69,185.69,0.8558,-1,-1,-1
780,119,393.53,21.78,176.63,453.61,0.7414,-1,-1,-1
780,116,103.08,167.37,38.75,103.96,0.7846,-1,-1,-1
780,120,207.29,137.08,54.97,186.14,0.7475,-1,-1,-1
780,121,73.01,160.86,29.15,111.25,0.6269,-1,-1,-1
781,91,238.21,104.68,92.90,269.69,0.8506,-1,-1,-1
781,98,344.27,90.13,105.16,345.47,0.3393,-1,-1,-1
781,65,479.77,1.70,158.83,477.23,0.8815,-1,-1,-1
781,115,18.63,154.88,52.99,141.49,0.7575,-1,-1,-1
781,117,129.15,126.95,64.30,195.33,0.8483,-1,-1,-1
781,119,375.37,17.43,176.30,457.52,0.7426,-1,-1,-1
781,116,104.57,166.07,37.43,104.14,0.6567,-1,-1,-1
781,120,205.91,131.11,58.08,197.70,0.7598,-1,-1,-1
781,121,74.87,160.18,29.82,112.82,0.6690,-1,-1,-1
782,91,242.46,103.99,91.09,265.21,0.8662,-1,-1,-1
782,65,468.79,1.82,161.94,477.94,0.8590,-1,-1,-1
782,115,13.40,153.13,54.20,143.93,0.8251,-1,-1,-1
782,117,122.21,125.58,67.45,200.92,0.8544,-1,-1,-1
782,119,366.19,22.95,168.55,445.50,0.6725,-1,-1,-1
782,116,105.60,167.75,35.52,102.48,0.3540,-1,-1,-1
782,120,201.70,126.31,60.49,206.12,0.8035,-1,-1,-1
782,121,78.50,160.05,30.55,113.86,0.7204,-1,-1,-1
783,91,247.59,104.15,88.14,258.99,0.8780,-1,-1,-1
783,65,464.70,1.64,164.44,478.25,0.7669,-1,-1,-1
783,115,7.44,151.70,54.52,145.69,0.7800,-1,-1,-1
783,117,116.25,124.72,71.21,208.90,0.8766,-1,-1,-1
783,119,363.12,26.76,165.26,445.50,0.6799,-1,-1,-1
783,120,199.21,122.16,62.27,212.60,0.8241,-1,-1,-1
783,121,81.76,160.95,31.19,114.20,0.7132,-1,-1,-1
784,91,252.36,106.80,86.25,256.37,0.8734,-1,-1,-1
784,65,464.28,1.25,166.12,478.14,0.8213,-1,-1,-1
784,115,3.78,152.52,54.73,147.96,0.7225,-1,-1,-1
784,117,109.92,123.09,74.55,217.93,0.8514,-1,-1,-1
784,119,348.49,31.27,157.02,427.26,0.7996,-1,-1,-1
784,120,196.51,119.92,64.43,219.45,0.8474,-1,-1,-1
784,121,81.66,159.16,32.63,118.49,0.6716,-1,-1,-1
785,91,251.75,109.18,84.84,256.44,0.8594,-1,-1,-1
785,65,470.36,1.32,159.79,454.00,0.6834,-1,-1,-1
785,115,-4.86,155.31,52.94,146.85,0.6694,-1,-1,-1
785,117,97.93,117.98,78.97,229.01,0.8836,-1,-1,-1
785,119,340.53,32.49,159.63,439.52,0.8155,-1,-1,-1
785,120,188.75,115.78,67.95,229.33,0.8657,-1,-1,-1
786,91,250.41,115.45,82.25,251.11,0.8585,-1,-1,-1
786,65,477.89,1.12,157.74,447.70,0.6983,-1,-1,-1
786,117,80.15,111.59,83.73,238.39,0.8669,-1,-1,-1
786,119,336.75,34.20,153.77,427.09,0.5779,-1,-1,-1
786,120,174.60,113.26,72.03,240.24,0.8595,-1,-1,-1
787,91,250.59,119.40,80.16,247.83,0.8670,-1,-1,-1
787,65,482.79,0.75,162.10,466.27,0.6920,-1,-1,-1
787,117,65.45,106.81,88.05,246.67,0.8493,-1,-1,-1
787,119,340.25,34.14,153.35,423.54,0.7760,-1,-1,-1
787,120,163.73,111.57,75.76,248.69,0.8752,-1,-1,-1
788,91,250.23,119.99,79.53,248.30,0.8296,-1,-1,-1
788,65,488.01,0.47,161.77,473.13,0.7230,-1,-1,-1
788,117,49.16,101.56,94.85,262.25,0.8611,-1,-1,-1
788,119,343.85,34.26,158.44,429.96,0.8444,-1,-1,-1
788,120,149.98,106.92,82.38,266.96,0.8488,-1,-1,-1
789,91,249.02,118.96,76.96,241.66,0.8372,-1,-1,-1
789,65,490.23,0.93,160.17,475.19,0.8182,-1,-1,-1
789,117,29.77,98.22,101.14,275.35,0.8860,-1,-1,-1
789,119,386.56,30.16,154.20,430.17,0.7556,-1,-1,-1
789,120,134.82,101.65,87.77,284.03,0.8426,-1,-1,-1
789,98,319.32,49.01,127.59,426.61,0.6937,-1,-1,-1
790,91,245.51,121.26,75.30,234.97,0.8173,-1,-1,-1
790,65,494.09,1.37,151.07,449.67,0.7144,-1,-1,-1
790,117,10.24,96.55,108.07,293.71,0.8844,-1,-1,-1
790,119,404.23,34.91,149.18,428.01,0.7757,-1,-1,-1
790,120,120.30,95.67,92.46,301.70,0.8757,-1,-1,-1
790,98,327.85,48.30,134.84,431.47,0.8287,-1,-1,-1
791,91,239.87,123.56,74.53,229.51,0.8097,-1,-1,-1
791,65,488.69,0.89,156.30,468.43,0.8337,-1,-1,-1
791,117,-1.68,91.66,115.77,316.53,0.8881,-1,-1,-1
791,119,409.88,40.72,145.33,428.10,0.7950,-1,-1,-1
791,120,105.71,88.03,96.36,316.16,0.8661,-1,-1,-1
791,98,320.44,53.22,135.35,426.99,0.8423,-1,-1,-1
792,91,233.00,128.52,77.14,235.77,0.7870,-1,-1,-1
792,65,488.66,3.10,156.26,471.50,0.7421,-1,-1,-1
792,117,-13.38,84.33,119.41,335.45,0.8759,-1,-1,-1
792,119,408.52,47.10,141.78,425.01,0.8233,-1,-1,-1
792,120,86.08,81.63,102.21,334.49,0.8885,-1,-1,-1
792,98,317.37,58.98,135.90,420.78,0.7619,-1,-1,-1
793,91,226.05,129.92,79.45,239.70,0.7209,-1,-1,-1
793,65,493.40,2.36,155.21,475.40,0.8545,-1,-1,-1
793,117,-22.83,69.71,121.15,354.36,0.8356,-1,-1,-1
793,119,410.54,44.99,134.41,406.31,0.8426,-1,-1,-1
793,120,49.34,71.09,114.39,363.88,0.8861,-1,-1,-1
793,98,322.38,59.35,137.40,403.39,0.6981,-1,-1,-1
794,91,222.66,126.56,78.76,236.09,0.7994,-1,-1,-1
794,65,500.52,2.19,152.33,476.71,0.8624,-1,-1,-1
794,117,-28.67,70.70,115.39,355.07,0.7249,-1,-1,-1
794,119,407.05,35.39,135.08,408.99,0.8679,-1,-1,-1
794,120,22.45,55.11,124.53,388.21,0.8853,-1,-1,-1
794,98,304.45,54.02,132.96,391.16,0.6651,-1,-1,-1
795,91,221.86,126.72,73.73,218.96,0.7973,-1,-1,-1
795,65,503.64,1.28,149.54,476.86,0.7903,-1,-1,-1
795,119,403.36,33.39,133.79,405.77,0.8396,-1,-1,-1
795,120,-0.69,38.62,135.66,427.50,0.8590,-1,-1,-1
795,98,296.95,57.79,132.53,389.77,0.8345,-1,-1,-1
795,116,127.61,171.77,34.28,99.41,0.7748,-1,-1,-1
796,91,220.65,128.64,74.08,218.57,0.8279,-1,-1,-1
796,65,508.74,0.92,146.10,476.64,0.7078,-1,-1,-1
796,119,404.55,38.05,132.72,405.43,0.8704,-1,-1,-1
796,120,-12.82,25.09,137.56,441.73,0.6842,-1,-1,-1
796,98,304.15,64.17,136.95,390.42,0.6589,-1,-1,-1
796,116,126.16,175.19,35.08,99.51,0.7288,-1,-1,-1
797,91,222.35,123.68,74.12,221.00,0.8223,-1,-1,-1
797,65,517.72,1.47,141.14,475.32,0.7933,-1,-1,-1
797,119,401.33,36.94,132.95,408.51,0.8409,-1,-1,-1
797,120,-23.58,7.09,133.72,445.01,0.4557,-1,-1,-1
797,98,288.10,63.96,137.01,394.08,0.6521,-1,-1,-1
797,116,119.61,172.34,37.02,100.63,0.7061,-1,-1,-1
798,91,223.12,121.78,74.21,224.45,0.8258,-1,-1,-1
798,65,510.79,0.84,140.22,476.85,0.8714,-1,-1,-1
798,119,400.53,37.82,133.12,413.01,0.8138,-1,-1,-1
798,98,281.30,65.08,137.89,397.60,0.5834,-1,-1,-1
798,116,115.46,171.98,38.70,102.49,0.7269,-1,-1,-1
798,114,66.94,160.06,38.91,121.67,0.7028,-1,-1,-1
799,91,223.72,122.30,73.20,224.99,0.7990,-1,-1,-1
799,65,495.59,1.28,141.96,475.43,0.8824,-1,-1,-1
799,119,394.45,38.97,126.36,385.80,0.7046,-1,-1,-1
799,98,280.14,64.88,138.12,399.37,0.5653,-1,-1,-1
799,116,111.91,170.37,40.66,105.49,0.7088,-1,-1,-1
799,114,65.71,159.50,38.56,123.62,0.7396,-1,-1,-1
800,91,222.35,123.18,71.03,221.91,0.8194,-1,-1,-1
800,65,480.69,1.47,145.94,475.01,0.8551,-1,-1,-1
800,119,396.70,33.85,124.43,385.63,0.8385,-1,-1,-1
800,98,291.45,58.96,135.82,376.04,0.8002,-1,-1,-1
800,116,104.29,165.57,42.48,108.52,0.7176,-1,-1,-1
800,114,62.04,156.75,38.33,124.56,0.7689,-1,-1,-1
801,91,221.25,127.62,70.06,223.63,0.8157,-1,-1,-1
801,65,470.75,1.37,150.85,476.77,0.5281,-1,-1,-1
801,119,392.81,33.33,126.77,400.62,0.7888,-1,-1,-1
801,98,295.09,57.34,142.78,381.71,0.7666,-1,-1,-1
801,116,94.46,165.60,41.67,110.79,0.6878,-1,-1,-1
801,114,58.36,158.05,37.95,125.44,0.7564,-1,-1,-1
801,125,154.02,176.98,43.44,103.62,0.6909,-1,-1,-1
802,91,223.40,130.66,67.02,217.36,0.7730,-1,-1,-1
802,65,469.49,1.54,153.65,475.35,0.6798,-1,-1,-1
802,119,391.81,32.29,125.31,402.81,0.7722,-1,-1,-1
802,98,277.12,57.07,140.63,380.34,0.6433,-1,-1,-1
802,116,86.97,164.10,41.70,114.88,0.6542,-1,-1,-1
802,114,56.71,158.65,37.74,126.12,0.7427,-1,-1,-1
802,125,155.62,176.51,44.85,106.98,0.6891,-1,-1,-1
803,91,227.10,131.47,60.63,199.11,0.8261,-1,-1,-1
803,65,470.11,1.55,156.60,477.49,0.6630,-1,-1,-1
803,119,391.62,33.26,123.47,402.35,0.7495,-1,-1,-1
803,98,270.00,58.18,139.60,382.86,0.5338,-1,-1,-1
803,116,84.50,164.99,39.67,112.90,0.5836,-1,-1,-1
803,114,56.72,159.20,38.30,127.94,0.7008,-1,-1,-1
803,125,154.20,178.23,45.37,108.70,0.6215,-1,-1,-1
803,127,200.90,188.78,30.96,83.17,0.7220,-1,-1,-1
804,91,231.17,132.79,60.86,200.82,0.7565,-1,-1,-1
804,65,476.22,1.43,157.32,478.41,0.7691,-1,-1,-1
804,119,405.30,33.17,125.71,408.94,0.7165,-1,-1,-1
804,98,292.04,61.32,146.37,387.55,0.8300,-1,-1,-1
804,116,84.99,166.40,39.28,115.56,0.4926,-1,-1,-1
804,114,59.44,161.09,38.61,129.01,0.7036,-1,-1,-1
804,125,155.56,181.13,45.43,109.85,0.5422,-1,-1,-1
804,127,203.25,189.65,31.40,84.53,0.5799,-1,-1,-1
805,91,236.24,130.74,61.70,203.30,0.7941,-1,-1,-1
805,65,488.44,0.68,148.32,450.33,0.6383,-1,-1,-1
805,119,411.06,32.87,127.25,418.79,0.8363,-1,-1,-1
805,98,305.29,60.10,155.46,398.79,0.7458,-1,-1,-1
805,116,75.19,161.00,43.66,125.44,0.4996,-1,-1,-1
805,125,156.84,178.85,45.78,112.07,0.5983,-1,-1,-1
805,127,206.92,186.55,32.16,86.67,0.7204,-1,-1,-1
806,91,242.26,130.38,63.09,205.00,0.8300,-1,-1,-1
806,119,421.53,34.89,128.96,426.29,0.8649,-1,-1,-1
806,98,316.89,61.68,163.69,406.31,0.7816,-1,-1,-1
806,116,73.64,159.60,45.96,129.38,0.7621,-1,-1,-1
806,125,161.67,177.03,46.37,114.69,0.4664,-1,-1,-1
806,127,211.91,185.73,32.75,88.65,0.7030,-1,-1,-1
807,91,248.68,131.37,63.47,201.15,0.8392,-1,-1,-1
807,119,434.27,37.85,128.70,425.77,0.7887,-1,-1,-1
807,98,327.38,59.86,169.82,409.27,0.6314,-1,-1,-1
807,116,75.42,157.63,47.31,131.63,0.7757,-1,-1,-1
807,125,168.40,175.45,47.40,117.79,0.7469,-1,-1,-1
807,127,216.07,186.41,32.73,89.02,0.6867,-1,-1,-1
807,128,30.77,144.46,50.90,151.37,0.6950,-1,-1,-1
808,91,256.78,131.55,62.86,194.91,0.8165,-1,-1,-1
808,119,446.86,36.22,128.45,424.03,0.8551,-1,-1,-1
808,98,337.77,55.38,174.05,409.58,0.8345,-1,-1,-1
808,116,77.46,155.12,47.80,132.58,0.7695,-1,-1,-1
808,125,175.04,172.22,48.26,119.97,0.7062,-1,-1,-1
808,127,219.54,184.42,33.06,90.76,0.7183,-1,-1,-1
808,128,36.01,141.38,51.45,153.62,0.6280,-1,-1,-1
808,65,558.56,75.21,78.13,234.23,0.8135,-1,-1,-1
809,91,266.20,135.02,64.49,196.48,0.8218,-1,-1,-1
809,119,466.90,33.40,129.23,421.73,0.8561,-1,-1,-1
809,98,353.41,51.75,175.24,400.12,0.5774,-1,-1,-1
809,116,83.20,156.22,46.78,132.44,0.7443,-1,-1,-1
809,125,183.09,172.06,49.64,123.41,0.8301,-1,-1,-1
809,127,228.64,185.38,33.08,91.51,0.7442,-1,-1,-1
809,128,47.69,142.84,50.16,150.93,0.6197,-1,-1,-1
810,91,275.95,137.56,65.99,200.01,0.8347,-1,-1,-1
810,119,478.95,31.50,129.92,416.30,0.8274,-1,-1,-1
810,98,343.58,50.17,172.67,397.66,0.6038,-1,-1,-1
810,116,88.90,157.10,46.78,135.66,0.7163,-1,-1,-1
810,125,189.35,173.40,50.87,126.33,0.7030,-1,-1,-1
810,127,235.43,187.30,33.02,92.12,0.7074,-1,-1,-1
810,128,57.14,145.04,51.02,154.94,0.7106,-1,-1,-1
811,91,283.10,134.67,68.68,209.44,0.8327,-1,-1,-1
811,119,490.09,26.15,133.32,423.72,0.8636,-1,-1,-1
811,98,337.71,45.95,169.67,403.86,0.6247,-1,-1,-1
811,116,93.13,154.06,46.87,138.71,0.5747,-1,-1,-1
811,125,190.93,171.97,52.08,129.20,0.7867,-1,-1,-1
811,127,240.38,185.10,33.25,93.38,0.7311,-1,-1,-1
811,128,63.24,146.99,49.68,151.88,0.4997,-1,-1,-1
812,91,290.35,131.75,68.27,209.37,0.8550,-1,-1,-1
812,119,496.26,25.03,136.83,431.53,0.8059,-1,-1,-1
812,98,349.86,43.39,170.58,414.66,0.5674,-1,-1,-1
812,116,95.83,151.32,47.32,142.60,0.7204,-1,-1,-1
812,125,192.11,171.40,53.55,132.62,0.8084,-1,-1,-1
812,127,242.81,182.23,34.34,96.87,0.6973,-1,-1,-1
812,128,64.86,146.45,50.34,155.59,0.6795,-1,-1,-1
812,129,270.98,191.94,21.62,86.59,0.6399,-1,-1,-1
813,91,295.05,131.12,67.78,210.16,0.8461,-1,-1,-1
813,119,502.98,28.11,138.52,438.48,0.8331,-1,-1,-1
813,98,357.42,41.01,171.61,426.13,0.8385,-1,-1,-1
813,116,97.90,151.90,47.16,143.70,0.6552,-1,-1,-1
813,125,190.80,169.45,55.25,136.29,0.8112,-1,-1,-1
813,127,242.86,180.51,35.66,100.64,0.6363,-1,-1,-1
813,128,59.07,145.88,50.33,154.78,0.6669,-1,-1,-1
813,129,269.26,194.70,21.69,86.20,0.6112,-1,-1,-1
814,91,300.01,130.43,67.41,210.45,0.8486,-1,-1,-1
814,119,507.54,29.65,138.62,441.98,0.8383,-1,-1,-1
814,98,358.00,36.50,174.94,439.54,0.5977,-1,-1,-1
814,116,98.90,149.73,46.86,145.58,0.7003,-1,-1,-1
814,125,189.29,164.64,57.45,141.34,0.8208,-1,-1,-1
814,127,241.59,177.95,36.97,103.77,0.7299,-1,-1,-1
814,128,54.87,141.22,52.08,158.97,0.7062,-1,-1,-1
814,129,271.19,195.14,21.74,85.79,0.6238,-1,-1,-1
815,91,304.17,132.91,67.16,211.22,0.8165,-1,-1,-1
815,119,511.44,30.22,137.57,443.27,0.8574,-1,-1,-1
815,98,382.64,28.55,183.20,450.86,0.6108,-1,-1,-1
815,116,98.34,148.38,47.36,149.09,0.6529,-1,-1,-1
815,125,186.97,162.43,59.35,145.52,0.7415,-1,-1,-1
815,127,241.37,178.29,37.44,105.53,0.6979,-1,-1,-1
815,128,52.66,141.88,52.92,160.91,0.6794,-1,-1,-1
815,129,271.99,194.68,22.49,88.19,0.6751,-1,-1,-1
816,91,307.75,135.08,66.06,210.73,0.7723,-1,-1,-1
816,119,515.63,27.86,133.15,432.65,0.8741,-1,-1,-1
816,98,370.14,25.46,179.59,454.64,0.6105,-1,-1,-1
816,116,97.81,148.53,46.73,148.70,0.6948,-1,-1,-1
816,125,181.67,159.83,61.33,149.52,0.7006,-1,-1,-1
816,127,238.84,175.81,38.44,109.09,0.7413,-1,-1,-1
816,128,56.13,139.77,52.37,160.77,0.5149,-1,-1,-1
816,129,271.15,192.57,23.12,90.24,0.6536,-1,-1,-1
817,91,311.26,134.90,65.45,210.43,0.8088,-1,-1,-1
817,119,517.56,23.99,131.85,433.12,0.8914,-1,-1,-1
817,98,375.39,11.86,179.18,457.16,0.7703,-1,-1,-1
817,116,96.04,147.60,46.13,149.01,0.7003,-1,-1,-1
817,125,175.39,157.43,63.58,153.71,0.7469,-1,-1,-1
817,127,236.95,173.83,38.61,110.33,0.6601,-1,-1,-1
817,128,56.69,137.01,53.55,166.34,0.4928,-1,-1,-1
817,129,269.95,192.17,22.73,88.45,0.6615,-1,-1,-1
818,91,315.85,133.16,65.03,210.31,0.8177,-1,-1,-1
818,119,519.85,15.54,131.72,439.79,0.8185,-1,-1,-1
818,98,375.82,8.79,176.85,459.15,0.7861,-1,-1,-1
818,116,93.99,146.13,46.02,151.00,0.7058,-1,-1,-1
818,125,173.38,156.61,65.97,159.82,0.7518,-1,-1,-1
818,127,233.26,170.24,39.84,114.33,0.7655,-1,-1,-1
818,128,55.39,134.52,54.48,170.85,0.3471,-1,-1,-1
818,129,268.25,188.73,24.18,93.63,0.6999,-1,-1,-1
819,91,318.67,131.05,63.90,207.21,0.8327,-1,-1,-1
819,119,524.08,11.00,131.24,448.78,0.8776,-1,-1,-1
819,98,386.28,6.95,173.94,461.60,0.8688,-1,-1,-1
819,116,91.78,145.67,46.11,153.41,0.7341,-1,-1,-1
819,125,170.19,156.95,67.80,163.94,0.7696,-1,-1,-1
819,127,230.10,168.26,40.96,117.92,0.7896,-1,-1,-1
819,129,267.15,188.35,25.21,96.91,0.6747,-1,-1,-1
819,130,288.33,178.76,30.02,92.21,0.6379,-1,-1,-1
819,131,5.03,137.92,55.07,168.12,0.7192,-1,-1,-1
820,91,317.12,131.14,64.18,207.23,0.8128,-1,-1,-1
820,119,529.00,10.67,130.94,462.46,0.8741,-1,-1,-1
820,98,399.67,7.30,175.04,468.64,0.8326,-1,-1,-1
820,116,84.60,146.00,47.05,157.89,0.7490,-1,-1,-1
820,125,159.48,155.01,71.69,171.88,0.7142,-1,-1,-1
820,127,224.65,169.45,42.32,122.06,0.7659,-1,-1,-1
820,129,263.23,189.38,26.29,100.46,0.7275,-1,-1,-1
820,130,284.14,181.93,29.97,92.04,0.6394,-1,-1,-1
820,131,-0.82,142.52,54.52,166.80,0.7159,-1,-1,-1
821,91,314.00,129.66,64.21,205.69,0.8151,-1,-1,-1
821,119,533.63,10.23,128.11,467.98,0.8854,-1,-1,-1
821,98,400.71,4.65,174.82,474.42,0.8161,-1,-1,-1
821,116,77.90,143.80,47.15,158.67,0.7889,-1,-1,-1
821,125,150.02,150.00,74.38,178.35,0.7663,-1,-1,-1
821,127,217.94,167.07,43.32,125.36,0.7414,-1,-1,-1
821,129,256.95,187.89,27.07,103.06,0.6725,-1,-1,-1
821,130,278.70,178.62,30.94,95.06,0.6405,-1,-1,-1
821,131,-7.75,138.53,55.20,170.50,0.7424,-1,-1,-1
821,128,35.04,129.55,57.88,184.35,0.7396,-1,-1,-1
822,91,313.83,130.30,65.84,206.11,0.8356,-1,-1,-1
822,119,540.99,11.08,123.31,469.03,0.8535,-1,-1,-1
822,98,407.11,4.18,173.46,476.05,0.8657,-1,-1,-1
822,116,68.64,141.87,47.96,161.92,0.7520,-1,-1,-1
822,125,139.09,145.54,77.47,185.93,0.8066,-1,-1,-1
822,127,210.68,166.36,44.21,128.27,0.7998,-1,-1,-1
822,129,250.81,188.51,27.67,104.85,0.7227,-1,-1,-1
822,130,272.40,177.48,31.62,96.92,0.6780,-1,-1,-1
823,91,313.87,135.38,67.50,206.42,0.8052,-1,-1,-1
823,119,548.57,12.91,117.54,467.85,0.7656,-1,-1,-1
823,98,418.69,2.67,170.67,474.16,0.8634,-1,-1,-1
823,116,64.00,141.99,48.79,165.70,0.8119,-1,-1,-1
823,125,131.11,144.19,80.10,192.05,0.8536,-1,-1,-1
823,127,206.68,167.19,45.69,132.77,0.7768,-1,-1,-1
823,129,248.65,185.59,29.73,112.42,0.7212,-1,-1,-1
823,130,270.85,175.71,33.64,103.16,0.6376,-1,-1,-1
824,91,313.92,136.74,68.43,206.84,0.7841,-1,-1,-1
824,119,551.90,9.03,111.58,461.64,0.7304,-1,-1,-1
824,98,435.00,0.77,171.31,478.50,0.8450,-1,-1,-1
824,116,57.83,141.52,49.04,167.63,0.7654,-1,-1,-1
824,125,119.96,139.84,83.82,201.12,0.8518,-1,-1,-1
824,127,199.45,164.60,47.16,137.89,0.7686,-1,-1,-1
824,129,244.58,181.21,31.01,116.62,0.7711,-1,-1,-1
824,130,266.10,174.78,33.88,103.66,0.7262,-1,-1,-1
825,91,314.68,136.65,69.07,206.46,0.7868,-1,-1,-1
825,98,452.92,-0.39,173.11,480.55,0.8730,-1,-1,-1
825,116,50.65,138.93,49.98,171.55,0.7612,-1,-1,-1
825,125,105.07,136.94,89.48,211.83,0.8595,-1,-1,-1
825,127,191.51,160.44,48.81,143.02,0.7697,-1,-1,-1
825,129,240.40,180.85,32.42,119.97,0.7782,-1,-1,-1
825,130,262.37,173.74,34.55,105.70,0.6912,-1,-1,-1
825,132,388.32,113.27,68.86,240.97,0.6582,-1,-1,-1
826,91,314.57,132.54,69.17,205.50,0.8166,-1,-1,-1
826,98,464.15,-0.61,173.40,480.84,0.9123,-1,-1,-1
826,116,43.89,133.61,51.25,176.44,0.7049,-1,-1,-1
826,125,93.65,131.74,95.62,223.37,0.8859,-1,-1,-1
826,127,183.67,154.36,50.37,147.67,0.8043,-1,-1,-1
826,129,234.96,176.59,34.17,125.12,0.7521,-1,-1,-1
826,130,259.89,171.74,34.38,105.41,0.6679,-1,-1,-1
826,132,387.17,107.87,74.13,258.57,0.5910,-1,-1,-1
827,91,312.37,131.64,68.74,204.19,0.8229,-1,-1,-1
827,98,471.03,-0.41,172.84,480.84,0.8848,-1,-1,-1
827,125,74.21,125.91,101.47,237.71,0.8609,-1,-1,-1
827,127,168.80,154.87,53.40,153.47,0.8150,-1,-1,-1
827,129,225.19,178.29,35.96,130.10,0.7613,-1,-1,-1
827,130,252.75,173.12,35.14,108.00,0.6817,-1,-1,-1
827,132,382.65,110.62,77.54,268.85,0.8236,-1,-1,-1
827,128,26.26,129.97,55.93,182.33,0.6745,-1,-1,-1
828,91,312.02,131.53,68.62,204.34,0.8255,-1,-1,-1
828,98,478.86,-0.04,170.76,480.10,0.9011,-1,-1,-1
828,125,61.89,118.83,105.55,249.10,0.8611,-1,-1,-1
828,127,159.60,153.66,56.06,157.85,0.7980,-1,-1,-1
828,129,219.65,177.74,37.39,134.56,0.7917,-1,-1,-1
828,130,248.90,172.92,35.88,110.17,0.7179,-1,-1,-1
828,132,380.96,112.85,79.61,273.70,0.7755,-1,-1,-1
828,128,26.14,130.33,56.74,183.76,0.6804,-1,-1,-1
829,91,314.33,130.93,68.50,205.67,0.8097,-1,-1,-1
829,98,489.74,-0.04,167.20,480.34,0.8759,-1,-1,-1
829,125,52.68,112.04,109.36,261.04,0.8514,-1,-1,-1
829,127,153.57,150.16,59.05,166.32,0.8736,-1,-1,-1
829,129,215.52,175.72,38.95,138.65,0.7384,-1,-1,-1
829,130,246.11,169.55,37.62,114.79,0.6903,-1,-1,-1
829,132,385.57,113.28,81.80,277.48,0.7912,-1,-1,-1
829,128,22.02,128.33,56.77,186.01,0.7467,-1,-1,-1
829,133,289.48,172.87,29.62,101.31,0.6963,-1,-1,-1
830,91,317.53,136.35,67.47,203.97,0.8561,-1,-1,-1
830,98,499.46,-0.52,162.76,480.88,0.8586,-1,-1,-1
830,125,32.42,108.66,115.91,275.03,0.8581,-1,-1,-1
830,127,149.19,150.48,61.16,172.79,0.8621,-1,-1,-1
830,129,211.54,175.65,40.93,144.57,0.7117,-1,-1,-1
830,130,245.70,173.48,37.55,114.23,0.6786,-1,-1,-1
830,132,388.94,117.46,82.53,275.99,0.8317,-1,-1,-1
830,133,292.51,174.95,29.89,102.03,0.7839,-1,-1,-1
831,91,317.77,138.46,67.11,205.36,0.8277,-1,-1,-1
831,98,508.10,-0.53,157.27,479.72,0.8642,-1,-1,-1
831,125,15.21,104.84,122.09,289.26,0.8527,-1,-1,-1
831,127,141.22,146.08,63.74,180.88,0.8517,-1,-1,-1
831,129,206.35,172.02,43.03,151.55,0.7437,-1,-1,-1
831,130,241.66,171.38,38.59,118.26,0.7144,-1,-1,-1
831,132,387.75,116.57,84.48,278.60,0.8370,-1,-1,-1
831,133,290.67,174.63,30.06,101.98,0.7749,-1,-1,-1
832,91,313.78,135.61,66.76,205.36,0.8395,-1,-1,-1
832,98,520.70,-0.08,150.31,478.86,0.8524,-1,-1,-1
832,125,-4.34,91.83,131.30,316.60,0.8791,-1,-1,-1
832,127,126.80,136.52,67.06,189.89,0.8307,-1,-1,-1
832,129,193.80,164.80,45.79,161.42,0.7894,-1,-1,-1
832,130,233.56,165.11,40.57,123.52,0.7619,-1,-1,-1
832,132,381.20,111.01,84.85,277.18,0.8540,-1,-1,-1
832,133,284.71,168.44,30.83,103.68,0.7869,-1,-1,-1
833,91,311.99,134.01,66.55,205.79,0.8310,-1,-1,-1
833,98,529.98,0.14,143.37,478.34,0.8372,-1,-1,-1
833,125,-13.39,84.08,131.41,324.14,0.8577,-1,-1,-1
833,127,114.39,131.38,70.85,200.26,0.8619,-1,-1,-1
833,129,184.42,162.40,47.65,166.36,0.8043,-1,-1,-1
833,130,227.65,162.77,41.66,127.01,0.8047,-1,-1,-1
833,132,376.60,107.99,84.67,273.84,0.8535,-1,-1,-1
833,133,279.02,166.45,31.49,104.67,0.7796,-1,-1,-1
834,91,313.38,130.70,65.61,202.30,0.8309,-1,-1,-1
834,125,-20.54,78.91,127.69,325.76,0.8878,-1,-1,-1
834,127,104.15,127.43,73.95,207.72,0.8691,-1,-1,-1
834,129,176.49,160.33,50.23,174.48,0.8355,-1,-1,-1
834,130,223.99,159.29,43.36,132.23,0.7557,-1,-1,-1
834,132,375.65,105.17,85.04,273.29,0.8748,-1,-1,-1
834,133,275.63,166.73,31.74,104.23,0.8086,-1,-1,-1
835,91,313.93,127.60,65.64,201.56,0.7938,-1,-1,-1
835,127,91.98,122.79,79.81,223.93,0.8828,-1,-1,-1
835,129,168.94,156.99,53.87,184.57,0.8136,-1,-1,-1
835,130,220.88,158.13,44.90,136.24,0.7634,-1,-1,-1
835,132,375.17,104.36,86.39,275.98,0.8716,-1,-1,-1
835,133,275.95,167.04,31.64,102.31,0.7934,-1,-1,-1
835,128,-7.66,109.90,84.51,287.78,0.7039,-1,-1,-1
836,91,318.81,125.43,64.92,197.71,0.8521,-1,-1,-1
836,127,82.00,117.12,85.19,238.10,0.8688,-1,-1,-1
836,129,164.59,152.20,56.66,194.17,0.8416,-1,-1,-1
836,130,221.00,154.90,46.69,140.36,0.8356,-1,-1,-1
836,132,376.84,104.77,87.68,278.30,0.8711,-1,-1,-1
836,133,275.91,167.17,31.70,100.25,0.7786,-1,-1,-1
836,116,-3.85,108.20,60.72,215.03,0.7720,-1,-1,-1
837,91,326.78,127.23,63.51,191.01,0.8317,-1,-1,-1
837,127,74.01,112.58,89.96,250.65,0.8547,-1,-1,-1
837,129,160.16,146.93,59.68,205.48,0.8648,-1,-1,-1
837,130,222.23,151.87,49.07,146.73,0.8130,-1,-1,-1
837,132,381.10,108.08,88.60,279.29,0.8626,-1,-1,-1
837,133,277.70,167.63,32.69,100.81,0.8119,-1,-1,-1
837,116,-8.66,109.12,57.99,217.64,0.6788,-1,-1,-1
